{
"type": "FeatureCollection",
"name": "situacion_ambiental_conflictiva",
"crs": { "type": "name", "properties": { "name": "urn:ogc:def:crs:EPSG::4686" } },
"features": [
{ "type": "Feature", "properties": { "categoria": "Vertimientos aguas residuales domesticas", "localidad": "USAQUÉN", "direccion": "CL 237 CRA 7", "cod_locali": 1.0, "grupo_sac": "Estructura ecológica principal y espacios del agua", "sac": "Contaminación Hídrica", "codigo_sac": "EH003", "gestor": "SERGIO SANTOS", "cord_x": 105264.938048, "cord_y": 123824.029456 }, "geometry": { "type": "Point", "coordinates": [ -74.03007759999997, 4.811576 ] } },
{ "type": "Feature", "properties": { "categoria": "Vertimientos aguas residuales domesticas", "localidad": "USAQUÉN", "direccion": "CL 193 ENTRE CRA 7 Y 9", "cod_locali": 1.0, "grupo_sac": "Estructura ecológica principal y espacios del agua", "sac": "Contaminación Hídrica", "codigo_sac": "EH003", "gestor": "SERGIO SANTOS", "cord_x": 105604.28377, "cord_y": 119192.15762300001 }, "geometry": { "type": "Point", "coordinates": [ -74.027027, 4.769706 ] } },
{ "type": "Feature", "properties": { "categoria": "Disposición ilegal de Residuos de Construcción y Demolición", "localidad": "USAQUÉN", "direccion": "CL 193 KRA 7", "cod_locali": 1.0, "grupo_sac": "Contaminación", "sac": "Manejo inadecuado de residuos sólidos", "codigo_sac": "CR002", "gestor": "SERGIO SANTOS", "cord_x": 105605.060427, "cord_y": 119193.374648 }, "geometry": { "type": "Point", "coordinates": [ -74.02702, 4.769717 ] } },
{ "type": "Feature", "properties": { "categoria": "Acumulación de residuos orgánicos e inorgánicos en cuerpo de agua", "localidad": "USAQUÉN", "direccion": "CL 200 CON AUNTONORTE", "cod_locali": 1.0, "grupo_sac": "Estructura ecológica principal y espacios del agua", "sac": "Contaminación Hídrica", "codigo_sac": "EH001", "gestor": "SERGIO SANTOS", "cord_x": 103988.121367, "cord_y": 120282.22774 }, "geometry": { "type": "Point", "coordinates": [ -74.041588, 4.779562 ] } },
{ "type": "Feature", "properties": { "categoria": "Deficiencias en la prestación del servicio de aseo", "localidad": "USAQUÉN", "direccion": "CRA 7 #212-39", "cod_locali": 1.0, "grupo_sac": "Contaminación", "sac": "Manejo inadecuado de residuos sólidos", "codigo_sac": "CR001", "gestor": "SERGIO SANTOS", "cord_x": 105392.665215, "cord_y": 121654.444384 }, "geometry": { "type": "Point", "coordinates": [ -74.02893, 4.791964 ] } },
{ "type": "Feature", "properties": { "categoria": "Deficiencias en la prestación del servicio de aseo", "localidad": "USAQUÉN", "direccion": "CRA 7 #222-99", "cod_locali": 1.0, "grupo_sac": "Contaminación", "sac": "Manejo inadecuado de residuos sólidos", "codigo_sac": "CR001", "gestor": "SERGIO SANTOS", "cord_x": 105290.43001900001, "cord_y": 123102.52764499999 }, "geometry": { "type": "Point", "coordinates": [ -74.029849, 4.805054 ] } },
{ "type": "Feature", "properties": { "categoria": "Actividades extractivas", "localidad": "USAQUÉN", "direccion": "CL 200 CON CRA 7", "cod_locali": 1.0, "grupo_sac": "Minería SAC", "sac": "Minería", "codigo_sac": "MM001", "gestor": "SERGIO SANTOS", "cord_x": 105458.751875, "cord_y": 121335.298388 }, "geometry": { "type": "Point", "coordinates": [ -74.028335, 4.789079 ] } },
{ "type": "Feature", "properties": { "categoria": "Ruido por música estridente", "localidad": "USAQUÉN", "direccion": "CL 242# 48", "cod_locali": 1.0, "grupo_sac": "Contaminación", "sac": "Contaminación por ruido", "codigo_sac": "CR002", "gestor": "SERGIO SANTOS", "cord_x": 104696.157789, "cord_y": 124456.275754 }, "geometry": { "type": "Point", "coordinates": [ -74.035202, 4.817292 ] } },
{ "type": "Feature", "properties": { "categoria": "Vertimientos aguas residuales domesticas", "localidad": "USAQUÉN", "direccion": "CL 182 CR 7", "cod_locali": 1.0, "grupo_sac": "Estructura ecológica principal y espacios del agua", "sac": "Contaminación Hídrica", "codigo_sac": "EH003", "gestor": "SERGIO SANTOS", "cord_x": 105748.439308, "cord_y": 117976.50932500001 }, "geometry": { "type": "Point", "coordinates": [ -74.02573, 4.758717 ] } },
{ "type": "Feature", "properties": { "categoria": "Vertimientos aguas residuales domesticas", "localidad": "USAQUÉN", "direccion": "CL 181 CR 15", "cod_locali": 1.0, "grupo_sac": "Estructura ecológica principal y espacios del agua", "sac": "Contaminación Hídrica", "codigo_sac": "EH003", "gestor": "SERGIO SANTOS", "cord_x": 104490.450238, "cord_y": 117963.57747400001 }, "geometry": { "type": "Point", "coordinates": [ -74.037065, 4.758602 ] } },
{ "type": "Feature", "properties": { "categoria": "Vectores", "localidad": "USAQUÉN", "direccion": "CL 190 CRA 15", "cod_locali": 1.0, "grupo_sac": "Fauna", "sac": "Presencia de vectores", "codigo_sac": "FV001", "gestor": "SERGIO SANTOS", "cord_x": 104548.11169600001, "cord_y": 118831.671581 }, "geometry": { "type": "Point", "coordinates": [ -74.03654419999998, 4.766449 ] } },
{ "type": "Feature", "properties": { "categoria": "Vertimientos aguas residuales domesticas", "localidad": "USAQUÉN", "direccion": "CL 182 CRA 7", "cod_locali": 1.0, "grupo_sac": "Estructura ecológica principal y espacios del agua", "sac": "Contaminación Hídrica", "codigo_sac": "EH003", "gestor": "SERGIO SANTOS", "cord_x": 105748.439308, "cord_y": 117976.50932500001 }, "geometry": { "type": "Point", "coordinates": [ -74.02573, 4.758717 ] } },
{ "type": "Feature", "properties": { "categoria": "Vertimientos aguas residuales domesticas", "localidad": "USAQUÉN", "direccion": "CL 183 CRA 6", "cod_locali": 1.0, "grupo_sac": "Estructura ecológica principal y espacios del agua", "sac": "Contaminación Hídrica", "codigo_sac": "EH003", "gestor": "SERGIO SANTOS", "cord_x": 105778.26184799999, "cord_y": 118158.16306599999 }, "geometry": { "type": "Point", "coordinates": [ -74.025461, 4.760359 ] } },
{ "type": "Feature", "properties": { "categoria": "Disposición inadecuada de residuos sólidos", "localidad": "USAQUÉN", "direccion": "CL 186 CRA 7", "cod_locali": 1.0, "grupo_sac": "Contaminación", "sac": "Manejo inadecuado de residuos sólidos", "codigo_sac": "CR004", "gestor": "SERGIO SANTOS", "cord_x": 105585.330221, "cord_y": 118411.242616 }, "geometry": { "type": "Point", "coordinates": [ -74.027199, 4.762647 ] } },
{ "type": "Feature", "properties": { "categoria": "Tenencia inadecuada de animales de compañía", "localidad": "USAQUÉN", "direccion": "CL 191 CRA 8", "cod_locali": 1.0, "grupo_sac": "Fauna", "sac": "Fauna doméstica y animales de compañía", "codigo_sac": "FD001", "gestor": "SERGIO SANTOS", "cord_x": 105478.03453800001, "cord_y": 118916.786716 }, "geometry": { "type": "Point", "coordinates": [ -74.028165, 4.767217 ] } },
{ "type": "Feature", "properties": { "categoria": "Tenencia inadecuada de animales de compañía", "localidad": "USAQUÉN", "direccion": "CL 183 CRA 5", "cod_locali": 1.0, "grupo_sac": "Fauna", "sac": "Fauna doméstica y animales de compañía", "codigo_sac": "FD001", "gestor": "SERGIO SANTOS", "cord_x": 105699.432805, "cord_y": 118337.917149 }, "geometry": { "type": "Point", "coordinates": [ -74.026171, 4.761984 ] } },
{ "type": "Feature", "properties": { "categoria": "Tenencia inadecuada de animales de compañía", "localidad": "USAQUÉN", "direccion": "CL 184 CRA 5", "cod_locali": 1.0, "grupo_sac": "Fauna", "sac": "Fauna doméstica y animales de compañía", "codigo_sac": "FD001", "gestor": "SERGIO SANTOS", "cord_x": 105643.703114, "cord_y": 118433.046136 }, "geometry": { "type": "Point", "coordinates": [ -74.026673, 4.762844 ] } },
{ "type": "Feature", "properties": { "categoria": "Tenencia inadecuada de animales de compañía", "localidad": "USAQUÉN", "direccion": "CL 185 CRA 5", "cod_locali": 1.0, "grupo_sac": "Fauna", "sac": "Fauna doméstica y animales de compañía", "codigo_sac": "FD001", "gestor": "SERGIO SANTOS", "cord_x": 105590.411756, "cord_y": 118547.867082 }, "geometry": { "type": "Point", "coordinates": [ -74.027153, 4.763882 ] } },
{ "type": "Feature", "properties": { "categoria": "Tenencia inadecuada de animales de compañía", "localidad": "USAQUÉN", "direccion": "CL 187 CRA 5", "cod_locali": 1.0, "grupo_sac": "Fauna", "sac": "Fauna doméstica y animales de compañía", "codigo_sac": "FD001", "gestor": "SERGIO SANTOS", "cord_x": 105644.57266599999, "cord_y": 118538.362608 }, "geometry": { "type": "Point", "coordinates": [ -74.026665, 4.763796 ] } },
{ "type": "Feature", "properties": { "categoria": "Tenencia inadecuada de animales de compañía", "localidad": "USAQUÉN", "direccion": "CL 190 CRA 5", "cod_locali": 1.0, "grupo_sac": "Fauna", "sac": "Fauna doméstica y animales de compañía", "codigo_sac": "FD001", "gestor": "SERGIO SANTOS", "cord_x": 105606.253849, "cord_y": 118711.375631 }, "geometry": { "type": "Point", "coordinates": [ -74.02701, 4.76536 ] } },
{ "type": "Feature", "properties": { "categoria": "Tenencia inadecuada de animales de compañía", "localidad": "USAQUÉN", "direccion": "CL 193 CRA 5", "cod_locali": 1.0, "grupo_sac": "Fauna", "sac": "Fauna doméstica y animales de compañía", "codigo_sac": "FD001", "gestor": "SERGIO SANTOS", "cord_x": 105668.59405499999, "cord_y": 118892.703132 }, "geometry": { "type": "Point", "coordinates": [ -74.026448, 4.766999 ] } },
{ "type": "Feature", "properties": { "categoria": "Disposición inadecuada de residuos sólidos", "localidad": "USAQUÉN", "direccion": "CL 186 CRA 7", "cod_locali": 1.0, "grupo_sac": "Contaminación", "sac": "Manejo inadecuado de residuos sólidos", "codigo_sac": "CR004", "gestor": "SERGIO SANTOS", "cord_x": 105585.330221, "cord_y": 118411.242616 }, "geometry": { "type": "Point", "coordinates": [ -74.027199, 4.762647 ] } },
{ "type": "Feature", "properties": { "categoria": "Tenencia inadecuada de animales de compañía", "localidad": "USAQUÉN", "direccion": "CL 183 CRA 5", "cod_locali": 1.0, "grupo_sac": "Fauna", "sac": "Fauna doméstica y animales de compañía", "codigo_sac": "FD001", "gestor": "SERGIO SANTOS", "cord_x": 105644.57266599999, "cord_y": 118538.362608 }, "geometry": { "type": "Point", "coordinates": [ -74.026665, 4.763796 ] } },
{ "type": "Feature", "properties": { "categoria": "Disposición ilegal de Residuos de Construcción y Demolición", "localidad": "USAQUÉN", "direccion": "CL 184 CRA 1", "cod_locali": 1.0, "grupo_sac": "Contaminación", "sac": "Manejo inadecuado de residuos sólidos", "codigo_sac": "CR002", "gestor": "SERGIO SANTOS", "cord_x": 106144.491604, "cord_y": 118230.467234 }, "geometry": { "type": "Point", "coordinates": [ -74.022161, 4.761012 ] } },
{ "type": "Feature", "properties": { "categoria": "Disposición ilegal de Residuos de Construcción y Demolición", "localidad": "USAQUÉN", "direccion": "CL 184 CRA 2", "cod_locali": 1.0, "grupo_sac": "Contaminación", "sac": "Manejo inadecuado de residuos sólidos", "codigo_sac": "CR002", "gestor": "SERGIO SANTOS", "cord_x": 106056.04312, "cord_y": 118204.675392 }, "geometry": { "type": "Point", "coordinates": [ -74.022958, 4.760779 ] } },
{ "type": "Feature", "properties": { "categoria": "Ruido por perifoneo y emisiones sonoras", "localidad": "USAQUÉN", "direccion": "CL 187 CRA 15", "cod_locali": 1.0, "grupo_sac": "Contaminación", "sac": "Contaminación por ruido", "codigo_sac": "CR003", "gestor": "SERGIO SANTOS", "cord_x": 104722.855853, "cord_y": 118603.919991 }, "geometry": { "type": "Point", "coordinates": [ -74.03497, 4.76439 ] } },
{ "type": "Feature", "properties": { "categoria": "Ruido por perifoneo y emisiones sonoras", "localidad": "USAQUÉN", "direccion": "CL 187 CRA 20", "cod_locali": 1.0, "grupo_sac": "Contaminación", "sac": "Contaminación por ruido", "codigo_sac": "CR003", "gestor": "SERGIO SANTOS", "cord_x": 103927.132862, "cord_y": 118487.305842 }, "geometry": { "type": "Point", "coordinates": [ -74.04214, 4.763337 ] } },
{ "type": "Feature", "properties": { "categoria": "Vertimientos aguas residuales domesticas", "localidad": "USAQUÉN", "direccion": "CL 181 CRA 11", "cod_locali": 1.0, "grupo_sac": "Estructura ecológica principal y espacios del agua", "sac": "Contaminación Hídrica", "codigo_sac": "EH003", "gestor": "SERGIO SANTOS", "cord_x": 104549.60535300001, "cord_y": 117955.843034 }, "geometry": { "type": "Point", "coordinates": [ -74.036532, 4.758532 ] } },
{ "type": "Feature", "properties": { "categoria": "Vertimientos aguas residuales domesticas", "localidad": "USAQUÉN", "direccion": "CL 161 CRA 15", "cod_locali": 1.0, "grupo_sac": "Estructura ecológica principal y espacios del agua", "sac": "Contaminación Hídrica", "codigo_sac": "EH003", "gestor": "SERGIO SANTOS", "cord_x": 104474.02254000001, "cord_y": 115871.07838200001 }, "geometry": { "type": "Point", "coordinates": [ -74.037216, 4.739687 ] } },
{ "type": "Feature", "properties": { "categoria": "Acumulación de residuos orgánicos e inorgánicos en cuerpo de agua", "localidad": "USAQUÉN", "direccion": "CL 170 CRA 15", "cod_locali": 1.0, "grupo_sac": "Estructura ecológica principal y espacios del agua", "sac": "Contaminación Hídrica", "codigo_sac": "EH001", "gestor": "SERGIO SANTOS", "cord_x": 104441.78692499999, "cord_y": 116891.490154 }, "geometry": { "type": "Point", "coordinates": [ -74.037505, 4.748911 ] } },
{ "type": "Feature", "properties": { "categoria": "Disposición inadecuada de residuos sólidos", "localidad": "USAQUÉN", "direccion": "CL 166 CRA 15", "cod_locali": 1.0, "grupo_sac": "Contaminación", "sac": "Manejo inadecuado de residuos sólidos", "codigo_sac": "CR004", "gestor": "SERGIO SANTOS", "cord_x": 104506.337732, "cord_y": 116456.84964099999 }, "geometry": { "type": "Point", "coordinates": [ -74.036924, 4.744982 ] } },
{ "type": "Feature", "properties": { "categoria": "Vectores", "localidad": "USAQUÉN", "direccion": "CL 169 CRA 20", "cod_locali": 1.0, "grupo_sac": "Fauna", "sac": "Presencia de vectores", "codigo_sac": "FV001", "gestor": "SERGIO SANTOS", "cord_x": 103781.540251, "cord_y": 116893.49082000001 }, "geometry": { "type": "Point", "coordinates": [ -74.043454, 4.74893 ] } },
{ "type": "Feature", "properties": { "categoria": "Disposición inadecuada de residuos sólidos", "localidad": "USAQUÉN", "direccion": "CL 163A CRA 13B", "cod_locali": 1.0, "grupo_sac": "Contaminación", "sac": "Manejo inadecuado de residuos sólidos", "codigo_sac": "CR004", "gestor": "SERGIO SANTOS", "cord_x": 104869.439312, "cord_y": 116031.10738 }, "geometry": { "type": "Point", "coordinates": [ -74.033653, 4.741133 ] } },
{ "type": "Feature", "properties": { "categoria": "Afectación por presencia de antenas de telecomunicaciones", "localidad": "USAQUÉN", "direccion": "CL 163A CRA 13B", "cod_locali": 1.0, "grupo_sac": "Contaminación", "sac": "Contaminación electromagnética", "codigo_sac": "CE002", "gestor": "SERGIO SANTOS", "cord_x": 104869.439312, "cord_y": 116031.10738 }, "geometry": { "type": "Point", "coordinates": [ -74.033653, 4.741133 ] } },
{ "type": "Feature", "properties": { "categoria": "Emisión de material particulado", "localidad": "USAQUÉN", "direccion": "CL 163A CRA 13B", "cod_locali": 1.0, "grupo_sac": "Contaminación", "sac": "Contaminación del aire", "codigo_sac": "CA002", "gestor": "SERGIO SANTOS", "cord_x": 104869.439312, "cord_y": 116031.10738 }, "geometry": { "type": "Point", "coordinates": [ -74.033653, 4.741133 ] } },
{ "type": "Feature", "properties": { "categoria": "Saturación paisajística por publicidad exterior visual", "localidad": "USAQUÉN", "direccion": "CL 161 CRA 8", "cod_locali": 1.0, "grupo_sac": "Contaminación", "sac": "Contaminación visual", "codigo_sac": "CV001", "gestor": "SERGIO SANTOS", "cord_x": 105577.831162, "cord_y": 115560.068612 }, "geometry": { "type": "Point", "coordinates": [ -74.027271, 4.736874 ] } },
{ "type": "Feature", "properties": { "categoria": "Acumulación de residuos orgánicos e inorgánicos en cuerpo de agua", "localidad": "USAQUÉN", "direccion": "CL 153 CRA 15", "cod_locali": 1.0, "grupo_sac": "Estructura ecológica principal y espacios del agua", "sac": "Contaminación Hídrica", "codigo_sac": "EH001", "gestor": "SERGIO SANTOS", "cord_x": 104259.123339, "cord_y": 115351.212006 }, "geometry": { "type": "Point", "coordinates": [ -74.039153, 4.734988 ] } },
{ "type": "Feature", "properties": { "categoria": "Ruido por perifoneo y emisiones sonoras", "localidad": "USAQUÉN", "direccion": "CL 162 CRA 7", "cod_locali": 1.0, "grupo_sac": "Contaminación", "sac": "Contaminación por ruido", "codigo_sac": "CR003", "gestor": "SERGIO SANTOS", "cord_x": 106017.19446100001, "cord_y": 115739.581315 }, "geometry": { "type": "Point", "coordinates": [ -74.023312, 4.738496 ] } },
{ "type": "Feature", "properties": { "categoria": "Acumulación de residuos orgánicos e inorgánicos en cuerpo de agua", "localidad": "USAQUÉN", "direccion": "CL 163 CRA 1", "cod_locali": 1.0, "grupo_sac": "Estructura ecológica principal y espacios del agua", "sac": "Contaminación Hídrica", "codigo_sac": "EH001", "gestor": "SERGIO SANTOS", "cord_x": 106355.379938, "cord_y": 115681.231464 }, "geometry": { "type": "Point", "coordinates": [ -74.020265, 4.737968 ] } },
{ "type": "Feature", "properties": { "categoria": "Acumulación de residuos orgánicos e inorgánicos en cuerpo de agua", "localidad": "USAQUÉN", "direccion": "CL 163 CRA 4", "cod_locali": 1.0, "grupo_sac": "Estructura ecológica principal y espacios del agua", "sac": "Contaminación Hídrica", "codigo_sac": "EH001", "gestor": "SERGIO SANTOS", "cord_x": 106280.467665, "cord_y": 115662.190129 }, "geometry": { "type": "Point", "coordinates": [ -74.02094, 4.737796 ] } },
{ "type": "Feature", "properties": { "categoria": "Acumulación de residuos orgánicos e inorgánicos en cuerpo de agua", "localidad": "USAQUÉN", "direccion": "CL 163B CRA 5", "cod_locali": 1.0, "grupo_sac": "Estructura ecológica principal y espacios del agua", "sac": "Contaminación Hídrica", "codigo_sac": "EH001", "gestor": "SERGIO SANTOS", "cord_x": 106215.544243, "cord_y": 115642.48691000001 }, "geometry": { "type": "Point", "coordinates": [ -74.021525, 4.737618 ] } },
{ "type": "Feature", "properties": { "categoria": "Disposición inadecuada de residuos sólidos", "localidad": "USAQUÉN", "direccion": "CL 155 CRA 9", "cod_locali": 1.0, "grupo_sac": "Contaminación", "sac": "Manejo inadecuado de residuos sólidos", "codigo_sac": "CR004", "gestor": "SERGIO SANTOS", "cord_x": 105064.91736599999, "cord_y": 115164.82505100001 }, "geometry": { "type": "Point", "coordinates": [ -74.031893, 4.733302 ] } },
{ "type": "Feature", "properties": { "categoria": "Tenencia inadecuada de animales de compañía", "localidad": "USAQUÉN", "direccion": "CL 153 CRA8", "cod_locali": 1.0, "grupo_sac": "Fauna", "sac": "Fauna doméstica y animales de compañía", "codigo_sac": "FD001", "gestor": "SERGIO SANTOS", "cord_x": 105216.91422399999, "cord_y": 114831.422727 }, "geometry": { "type": "Point", "coordinates": [ -74.030524, 4.730288 ] } },
{ "type": "Feature", "properties": { "categoria": "Acumulación de residuos orgánicos e inorgánicos en cuerpo de agua", "localidad": "CHAPINERO", "direccion": "Tv. 5 Este # 58-16", "cod_locali": 2.0, "grupo_sac": "Estructura ecológica principal y espacios del agua", "sac": "Contaminación Hídrica", "codigo_sac": "EH001", "gestor": "ÁNYELA MARÍA GONZÁLEZ RICO", "cord_x": 102528.72289, "cord_y": 104836.072772 }, "geometry": { "type": "Point", "coordinates": [ -74.05475648099997, 4.639939038000023 ] } },
{ "type": "Feature", "properties": { "categoria": "Ocupación por habitante de calle y cambuches", "localidad": "CHAPINERO", "direccion": "Tv. 5 Este # 58-16", "cod_locali": 2.0, "grupo_sac": "Estructura ecológica principal y espacios del agua", "sac": "Invasión EEP", "codigo_sac": "EI003", "gestor": "ÁNYELA MARÍA GONZÁLEZ RICO", "cord_x": 102528.72289, "cord_y": 104836.072772 }, "geometry": { "type": "Point", "coordinates": [ -74.05475648099997, 4.639939038000023 ] } },
{ "type": "Feature", "properties": { "categoria": "Vertimientos aguas residuales domesticas", "localidad": "CHAPINERO", "direccion": "Tv. 5 Este # 58-16", "cod_locali": 2.0, "grupo_sac": "Estructura ecológica principal y espacios del agua", "sac": "Contaminación Hídrica", "codigo_sac": "EH003", "gestor": "ÁNYELA MARÍA GONZÁLEZ RICO", "cord_x": 102528.72289, "cord_y": 104836.072772 }, "geometry": { "type": "Point", "coordinates": [ -74.05475648099997, 4.639939038000023 ] } },
{ "type": "Feature", "properties": { "categoria": "Ruido por música estridente", "localidad": "CHAPINERO", "direccion": "Cra. 13 # 63-2", "cod_locali": 2.0, "grupo_sac": "Contaminación", "sac": "Contaminación por ruido", "codigo_sac": "CR002", "gestor": "ÁNYELA MARÍA GONZÁLEZ RICO", "cord_x": 101585.074177, "cord_y": 105922.69472499999 }, "geometry": { "type": "Point", "coordinates": [ -74.063256545999934, 4.649762585000076 ] } },
{ "type": "Feature", "properties": { "categoria": "Disposición inadecuada de residuos sólidos", "localidad": "CHAPINERO", "direccion": "Cra. 13 # 63-2", "cod_locali": 2.0, "grupo_sac": "Contaminación", "sac": "Manejo inadecuado de residuos sólidos", "codigo_sac": "CR004", "gestor": "ÁNYELA MARÍA GONZÁLEZ RICO", "cord_x": 101585.074177, "cord_y": 105922.69472499999 }, "geometry": { "type": "Point", "coordinates": [ -74.063256545999934, 4.649762585000076 ] } },
{ "type": "Feature", "properties": { "categoria": "Vectores", "localidad": "CHAPINERO", "direccion": "Cra. 13 # 63-2", "cod_locali": 2.0, "grupo_sac": "Fauna", "sac": "Presencia de vectores", "codigo_sac": "FV001", "gestor": "ÁNYELA MARÍA GONZÁLEZ RICO", "cord_x": 101585.074177, "cord_y": 105922.69472499999 }, "geometry": { "type": "Point", "coordinates": [ -74.063256545999934, 4.649762585000076 ] } },
{ "type": "Feature", "properties": { "categoria": "Vectores", "localidad": "CHAPINERO", "direccion": "Cra. 13 # 72-20", "cod_locali": 2.0, "grupo_sac": "Fauna", "sac": "Presencia de vectores", "codigo_sac": "FV001", "gestor": "ÁNYELA MARÍA GONZÁLEZ RICO", "cord_x": 101939.760029, "cord_y": 106940.28170799999 }, "geometry": { "type": "Point", "coordinates": [ -74.060060055999941, 4.658960649000051 ] } },
{ "type": "Feature", "properties": { "categoria": "Disposición inadecuada de residuos sólidos", "localidad": "CHAPINERO", "direccion": "Cra. 13 # 72-20", "cod_locali": 2.0, "grupo_sac": "Contaminación", "sac": "Manejo inadecuado de residuos sólidos", "codigo_sac": "CR004", "gestor": "ÁNYELA MARÍA GONZÁLEZ RICO", "cord_x": 101939.760029, "cord_y": 106940.28170799999 }, "geometry": { "type": "Point", "coordinates": [ -74.060060055999941, 4.658960649000051 ] } },
{ "type": "Feature", "properties": { "categoria": "Acumulación de residuos orgánicos e inorgánicos en cuerpo de agua", "localidad": "CHAPINERO", "direccion": "Cra. 9 Este # 95a50", "cod_locali": 2.0, "grupo_sac": "Estructura ecológica principal y espacios del agua", "sac": "Contaminación Hídrica", "codigo_sac": "EH001", "gestor": "ÁNYELA MARÍA GONZÁLEZ RICO", "cord_x": 106202.57427899999, "cord_y": 107801.218144 }, "geometry": { "type": "Point", "coordinates": [ -74.021654489999946, 4.666737273000024 ] } },
{ "type": "Feature", "properties": { "categoria": "Ocupación por habitante de calle y cambuches", "localidad": "CHAPINERO", "direccion": "Cra. 9 Este # 95a50", "cod_locali": 2.0, "grupo_sac": "Estructura ecológica principal y espacios del agua", "sac": "Invasión EEP", "codigo_sac": "EI003", "gestor": "ÁNYELA MARÍA GONZÁLEZ RICO", "cord_x": 106202.57427899999, "cord_y": 107801.218144 }, "geometry": { "type": "Point", "coordinates": [ -74.021654489999946, 4.666737273000024 ] } },
{ "type": "Feature", "properties": { "categoria": "Desbordamientos de canales y quebradas", "localidad": "CHAPINERO", "direccion": "Cra. 9 Este # 95a50", "cod_locali": 2.0, "grupo_sac": "Gestión de riesgos", "sac": "Inundaciones", "codigo_sac": "GIN003", "gestor": "ÁNYELA MARÍA GONZÁLEZ RICO", "cord_x": 106202.57427899999, "cord_y": 107801.218144 }, "geometry": { "type": "Point", "coordinates": [ -74.021654489999946, 4.666737273000024 ] } },
{ "type": "Feature", "properties": { "categoria": "Tenencia inadecuada de animales de compañía", "localidad": "CHAPINERO", "direccion": "Cra. 1 # 73 - 42", "cod_locali": 2.0, "grupo_sac": "Fauna", "sac": "Fauna doméstica y animales de compañía", "codigo_sac": "FD001", "gestor": "ÁNYELA MARÍA GONZÁLEZ RICO", "cord_x": 103078.33010200001, "cord_y": 106452.188607 }, "geometry": { "type": "Point", "coordinates": [ -74.049803143999952, 4.654547210000032 ] } },
{ "type": "Feature", "properties": { "categoria": null, "localidad": "CHAPINERO", "direccion": "Tv. 11a E # 95 – 98", "cod_locali": 2.0, "grupo_sac": "Fauna", "sac": "Manejo de animales relacionados con actividades productivas", "codigo_sac": "FM001", "gestor": "ÁNYELA MARÍA GONZÁLEZ RICO", "cord_x": 106228.394025, "cord_y": 107395.96348799999 }, "geometry": { "type": "Point", "coordinates": [ -74.021422522999956, 4.663073949000022 ] } },
{ "type": "Feature", "properties": { "categoria": "Areas que requieren de restauración ecológica", "localidad": "CHAPINERO", "direccion": "Tv. 11a E # 95 – 98", "cod_locali": 2.0, "grupo_sac": "Estructura ecológica principal y espacios del agua", "sac": "Mantenimiento silvicultural", "codigo_sac": "ES001", "gestor": "ÁNYELA MARÍA GONZÁLEZ RICO", "cord_x": 106228.394025, "cord_y": 107395.96348799999 }, "geometry": { "type": "Point", "coordinates": [ -74.021422522999956, 4.663073949000022 ] } },
{ "type": "Feature", "properties": { "categoria": "Cortes ilegales de arboles", "localidad": "CHAPINERO", "direccion": "Tv. 11a E # 95 – 98", "cod_locali": 2.0, "grupo_sac": "Estructura ecológica principal y espacios del agua", "sac": "Mantenimiento silvicultural", "codigo_sac": "ES002", "gestor": "ÁNYELA MARÍA GONZÁLEZ RICO", "cord_x": 106228.394025, "cord_y": 107395.96348799999 }, "geometry": { "type": "Point", "coordinates": [ -74.021422522999956, 4.663073949000022 ] } },
{ "type": "Feature", "properties": { "categoria": "Especies vegetales invasoras", "localidad": "CHAPINERO", "direccion": "Tv. 11a E # 95 – 98", "cod_locali": 2.0, "grupo_sac": "Estructura ecológica principal y espacios del agua", "sac": "Mantenimiento silvicultural", "codigo_sac": "ES004", "gestor": "ÁNYELA MARÍA GONZÁLEZ RICO", "cord_x": 106228.394025, "cord_y": 107395.96348799999 }, "geometry": { "type": "Point", "coordinates": [ -74.021422522999956, 4.663073949000022 ] } },
{ "type": "Feature", "properties": { "categoria": "Acumulación de residuos orgánicos e inorgánicos en cuerpo de agua", "localidad": "CHAPINERO", "direccion": "Tv. 5 Este # 58-16", "cod_locali": 2.0, "grupo_sac": "Estructura ecológica principal y espacios del agua", "sac": "Contaminación Hídrica", "codigo_sac": "EH001", "gestor": "ÁNYELA MARÍA GONZÁLEZ RICO", "cord_x": 102528.72289, "cord_y": 104836.072772 }, "geometry": { "type": "Point", "coordinates": [ -74.05475648099997, 4.639939038000023 ] } },
{ "type": "Feature", "properties": { "categoria": "Ocupación por habitante de calle y cambuches", "localidad": "CHAPINERO", "direccion": "Tv. 5 Este # 58-16", "cod_locali": 2.0, "grupo_sac": "Estructura ecológica principal y espacios del agua", "sac": "Invasión EEP", "codigo_sac": "EI003", "gestor": "ÁNYELA MARÍA GONZÁLEZ RICO", "cord_x": 102528.72289, "cord_y": 104836.072772 }, "geometry": { "type": "Point", "coordinates": [ -74.05475648099997, 4.639939038000023 ] } },
{ "type": "Feature", "properties": { "categoria": "Vertimientos aguas residuales domesticas", "localidad": "CHAPINERO", "direccion": "Tv. 5 Este # 58-16", "cod_locali": 2.0, "grupo_sac": "Estructura ecológica principal y espacios del agua", "sac": "Contaminación Hídrica", "codigo_sac": "EH003", "gestor": "ÁNYELA MARÍA GONZÁLEZ RICO", "cord_x": 102528.72289, "cord_y": 104836.072772 }, "geometry": { "type": "Point", "coordinates": [ -74.05475648099997, 4.639939038000023 ] } },
{ "type": "Feature", "properties": { "categoria": "Ruido por música estridente", "localidad": "CHAPINERO", "direccion": "Cra. 13 # 63-2", "cod_locali": 2.0, "grupo_sac": "Contaminación", "sac": "Contaminación por ruido", "codigo_sac": "CR002", "gestor": "ÁNYELA MARÍA GONZÁLEZ RICO", "cord_x": 101585.074177, "cord_y": 105922.69472499999 }, "geometry": { "type": "Point", "coordinates": [ -74.063256545999934, 4.649762585000076 ] } },
{ "type": "Feature", "properties": { "categoria": "Disposición inadecuada de residuos sólidos", "localidad": "CHAPINERO", "direccion": "Cra. 13 # 63-2", "cod_locali": 2.0, "grupo_sac": "Contaminación", "sac": "Manejo inadecuado de residuos sólidos", "codigo_sac": "CR004", "gestor": "ÁNYELA MARÍA GONZÁLEZ RICO", "cord_x": 101585.074177, "cord_y": 105922.69472499999 }, "geometry": { "type": "Point", "coordinates": [ -74.063256545999934, 4.649762585000076 ] } },
{ "type": "Feature", "properties": { "categoria": "Vectores", "localidad": "CHAPINERO", "direccion": "Cra. 13 # 63-2", "cod_locali": 2.0, "grupo_sac": "Fauna", "sac": "Presencia de vectores", "codigo_sac": "FV001", "gestor": "ÁNYELA MARÍA GONZÁLEZ RICO", "cord_x": 101585.074177, "cord_y": 105922.69472499999 }, "geometry": { "type": "Point", "coordinates": [ -74.063256545999934, 4.649762585000076 ] } },
{ "type": "Feature", "properties": { "categoria": "Vectores", "localidad": "CHAPINERO", "direccion": "Cra. 13 # 72-20", "cod_locali": 2.0, "grupo_sac": "Fauna", "sac": "Presencia de vectores", "codigo_sac": "FV001", "gestor": "ÁNYELA MARÍA GONZÁLEZ RICO", "cord_x": 101939.760029, "cord_y": 106940.28170799999 }, "geometry": { "type": "Point", "coordinates": [ -74.060060055999941, 4.658960649000051 ] } },
{ "type": "Feature", "properties": { "categoria": "Disposición inadecuada de residuos sólidos", "localidad": "CHAPINERO", "direccion": "Cra. 13 # 72-20", "cod_locali": 2.0, "grupo_sac": "Contaminación", "sac": "Manejo inadecuado de residuos sólidos", "codigo_sac": "CR004", "gestor": "ÁNYELA MARÍA GONZÁLEZ RICO", "cord_x": 101939.760029, "cord_y": 106940.28170799999 }, "geometry": { "type": "Point", "coordinates": [ -74.060060055999941, 4.658960649000051 ] } },
{ "type": "Feature", "properties": { "categoria": "Acumulación de residuos orgánicos e inorgánicos en cuerpo de agua", "localidad": "CHAPINERO", "direccion": "Cra. 9 Este # 95a50", "cod_locali": 2.0, "grupo_sac": "Estructura ecológica principal y espacios del agua", "sac": "Contaminación Hídrica", "codigo_sac": "EH001", "gestor": "ÁNYELA MARÍA GONZÁLEZ RICO", "cord_x": 106202.57427899999, "cord_y": 107801.218144 }, "geometry": { "type": "Point", "coordinates": [ -74.021654489999946, 4.666737273000024 ] } },
{ "type": "Feature", "properties": { "categoria": "Ocupación por habitante de calle y cambuches", "localidad": "CHAPINERO", "direccion": "Cra. 9 Este # 95a50", "cod_locali": 2.0, "grupo_sac": "Estructura ecológica principal y espacios del agua", "sac": "Invasión EEP", "codigo_sac": "EI003", "gestor": "ÁNYELA MARÍA GONZÁLEZ RICO", "cord_x": 106202.57427899999, "cord_y": 107801.218144 }, "geometry": { "type": "Point", "coordinates": [ -74.021654489999946, 4.666737273000024 ] } },
{ "type": "Feature", "properties": { "categoria": "Desbordamientos de canales y quebradas", "localidad": "CHAPINERO", "direccion": "Cra. 9 Este # 95a50", "cod_locali": 2.0, "grupo_sac": "Gestión de riesgos", "sac": "Inundaciones", "codigo_sac": "GIN003", "gestor": "ÁNYELA MARÍA GONZÁLEZ RICO", "cord_x": 106202.57427899999, "cord_y": 107801.218144 }, "geometry": { "type": "Point", "coordinates": [ -74.021654489999946, 4.666737273000024 ] } },
{ "type": "Feature", "properties": { "categoria": "Tenencia inadecuada de animales de compañía", "localidad": "CHAPINERO", "direccion": "Cra. 1 # 73 - 42", "cod_locali": 2.0, "grupo_sac": "Fauna", "sac": "Fauna doméstica y animales de compañía", "codigo_sac": "FD001", "gestor": "ÁNYELA MARÍA GONZÁLEZ RICO", "cord_x": 103078.33010200001, "cord_y": 106452.188607 }, "geometry": { "type": "Point", "coordinates": [ -74.049803143999952, 4.654547210000032 ] } },
{ "type": "Feature", "properties": { "categoria": null, "localidad": "CHAPINERO", "direccion": "Tv. 11a E # 95 – 98", "cod_locali": 2.0, "grupo_sac": "Fauna", "sac": "Manejo de animales relacionados con actividades productivas", "codigo_sac": "FM001", "gestor": "ÁNYELA MARÍA GONZÁLEZ RICO", "cord_x": 106228.394025, "cord_y": 107395.96348799999 }, "geometry": { "type": "Point", "coordinates": [ -74.021422522999956, 4.663073949000022 ] } },
{ "type": "Feature", "properties": { "categoria": "Areas que requieren de restauración ecológica", "localidad": "CHAPINERO", "direccion": "Tv. 11a E # 95 – 98", "cod_locali": 2.0, "grupo_sac": "Estructura ecológica principal y espacios del agua", "sac": "Mantenimiento silvicultural", "codigo_sac": "ES001", "gestor": "ÁNYELA MARÍA GONZÁLEZ RICO", "cord_x": 106228.394025, "cord_y": 107395.96348799999 }, "geometry": { "type": "Point", "coordinates": [ -74.021422522999956, 4.663073949000022 ] } },
{ "type": "Feature", "properties": { "categoria": "Cortes ilegales de arboles", "localidad": "CHAPINERO", "direccion": "Tv. 11a E # 95 – 98", "cod_locali": 2.0, "grupo_sac": "Estructura ecológica principal y espacios del agua", "sac": "Mantenimiento silvicultural", "codigo_sac": "ES002", "gestor": "ÁNYELA MARÍA GONZÁLEZ RICO", "cord_x": 106228.394025, "cord_y": 107395.96348799999 }, "geometry": { "type": "Point", "coordinates": [ -74.021422522999956, 4.663073949000022 ] } },
{ "type": "Feature", "properties": { "categoria": "Especies vegetales invasoras", "localidad": "CHAPINERO", "direccion": "Tv. 11a E # 95 – 98", "cod_locali": 2.0, "grupo_sac": "Estructura ecológica principal y espacios del agua", "sac": "Mantenimiento silvicultural", "codigo_sac": "ES004", "gestor": "ÁNYELA MARÍA GONZÁLEZ RICO", "cord_x": 106228.394025, "cord_y": 107395.96348799999 }, "geometry": { "type": "Point", "coordinates": [ -74.021422522999956, 4.663073949000022 ] } },
{ "type": "Feature", "properties": { "categoria": "Quemas ilegales", "localidad": "CHAPINERO", "direccion": "Tv. 11a E # 95 – 98", "cod_locali": 2.0, "grupo_sac": "Contaminación", "sac": "Contaminación del aire", "codigo_sac": "CA005", "gestor": "ÁNYELA MARÍA GONZÁLEZ RICO", "cord_x": 106228.394025, "cord_y": 107395.96348799999 }, "geometry": { "type": "Point", "coordinates": [ -74.021422522999956, 4.663073949000022 ] } },
{ "type": "Feature", "properties": { "categoria": "Disposición inadecuada de residuos sólidos", "localidad": "CHAPINERO", "direccion": "Cll 62 Kr 1 a 3", "cod_locali": 2.0, "grupo_sac": "Contaminación", "sac": "Manejo inadecuado de residuos sólidos", "codigo_sac": "CR004", "gestor": "ANYELA MARIA GONZALEZ RICO", "cord_x": 102426.869284, "cord_y": 105264.45374300001 }, "geometry": { "type": "Point", "coordinates": [ -74.055673571999989, 4.643811495000023 ] } },
{ "type": "Feature", "properties": { "categoria": "Disposición inadecuada de residuos sólidos", "localidad": "CHAPINERO", "direccion": "Cra. 11 #64-50", "cod_locali": 2.0, "grupo_sac": "Contaminación", "sac": "Manejo inadecuado de residuos sólidos", "codigo_sac": "CR004", "gestor": "ANYELA MARIA GONZALEZ RICO", "cord_x": 101697.46131699999, "cord_y": 106036.437806 }, "geometry": { "type": "Point", "coordinates": [ -74.06224392699994, 4.650790642000061 ] } },
{ "type": "Feature", "properties": { "categoria": "Disposición inadecuada de residuos sólidos", "localidad": "CHAPINERO", "direccion": "Cl. 60 #13-69", "cod_locali": 2.0, "grupo_sac": "Contaminación", "sac": "Manejo inadecuado de residuos sólidos", "codigo_sac": "CR004", "gestor": "ANYELA MARIA GONZALEZ RICO", "cord_x": 101472.783706, "cord_y": 105608.014516 }, "geometry": { "type": "Point", "coordinates": [ -74.064268501999948, 4.646918160000041 ] } },
{ "type": "Feature", "properties": { "categoria": "Disposición inadecuada de residuos sólidos", "localidad": "CHAPINERO", "direccion": "Cra. 13 # 72-20", "cod_locali": 2.0, "grupo_sac": "Contaminación", "sac": "Manejo inadecuado de residuos sólidos", "codigo_sac": "CR004", "gestor": "ANYELA MARIA GONZALEZ RICO", "cord_x": 101917.001992, "cord_y": 106908.110737 }, "geometry": { "type": "Point", "coordinates": [ -74.060265120999986, 4.658669866000025 ] } },
{ "type": "Feature", "properties": { "categoria": "Disposición inadecuada de residuos sólidos", "localidad": "CHAPINERO", "direccion": "cra 45 # 93-15", "cod_locali": 2.0, "grupo_sac": "Contaminación", "sac": "Manejo inadecuado de residuos sólidos", "codigo_sac": "CR004", "gestor": "ANYELA MARIA GONZALEZ RICO", "cord_x": 102106.673436, "cord_y": 109169.12117 }, "geometry": { "type": "Point", "coordinates": [ -74.05855380099996, 4.679107986000076 ] } },
{ "type": "Feature", "properties": { "categoria": "Disposición inadecuada de residuos sólidos", "localidad": "CHAPINERO", "direccion": "Av. Caracas #61A-18", "cod_locali": 2.0, "grupo_sac": "Contaminación", "sac": "Manejo inadecuado de residuos sólidos", "codigo_sac": "CR004", "gestor": "ANYELA MARIA GONZALEZ RICO", "cord_x": 101439.770542, "cord_y": 105831.615114 }, "geometry": { "type": "Point", "coordinates": [ -74.064565681999966, 4.648939427000073 ] } },
{ "type": "Feature", "properties": { "categoria": "Disposición inadecuada de residuos sólidos", "localidad": "CHAPINERO", "direccion": "Cl. 62 #9A-05", "cod_locali": 2.0, "grupo_sac": "Contaminación", "sac": "Manejo inadecuado de residuos sólidos", "codigo_sac": "CR004", "gestor": "ANYELA MARIA GONZALEZ RICO", "cord_x": 101709.181864, "cord_y": 105776.982708 }, "geometry": { "type": "Point", "coordinates": [ -74.06213861599997, 4.648445292000076 ] } },
{ "type": "Feature", "properties": { "categoria": "Disposición inadecuada de residuos sólidos", "localidad": "CHAPINERO", "direccion": "Tv 4 a bis este # 61 - 53", "cod_locali": 2.0, "grupo_sac": "Contaminación", "sac": "Manejo inadecuado de residuos sólidos", "codigo_sac": "CR004", "gestor": "ANYELA MARIA GONZALEZ RICO", "cord_x": 102641.160602, "cord_y": 105004.03077100001 }, "geometry": { "type": "Point", "coordinates": [ -74.053743344999987, 4.641457157000048 ] } },
{ "type": "Feature", "properties": { "categoria": "Disposición inadecuada de residuos sólidos", "localidad": "CHAPINERO", "direccion": "Cra. 1 Bis #65C-45", "cod_locali": 2.0, "grupo_sac": "Contaminación", "sac": "Manejo inadecuado de residuos sólidos", "codigo_sac": "CR004", "gestor": "ANYELA MARIA GONZALEZ RICO", "cord_x": 102611.116467, "cord_y": 105696.485537 }, "geometry": { "type": "Point", "coordinates": [ -74.054013192999946, 4.64771661900005 ] } },
{ "type": "Feature", "properties": { "categoria": "Disposición inadecuada de residuos sólidos", "localidad": "CHAPINERO", "direccion": "Cl. 46 #13-9", "cod_locali": 2.0, "grupo_sac": "Contaminación", "sac": "Manejo inadecuado de residuos sólidos", "codigo_sac": "CR004", "gestor": "ANYELA MARIA GONZALEZ RICO", "cord_x": 101230.31320600001, "cord_y": 104077.832847 }, "geometry": { "type": "Point", "coordinates": [ -74.066454470999986, 4.633086369000068 ] } },
{ "type": "Feature", "properties": { "categoria": "Disposición inadecuada de residuos sólidos", "localidad": "CHAPINERO", "direccion": "Cl. 40C #13-59", "cod_locali": 2.0, "grupo_sac": "Contaminación", "sac": "Manejo inadecuado de residuos sólidos", "codigo_sac": "CR004", "gestor": "ANYELA MARIA GONZALEZ RICO", "cord_x": 101072.388884, "cord_y": 103603.15395000001 }, "geometry": { "type": "Point", "coordinates": [ -74.067877652999982, 4.628795679000064 ] } },
{ "type": "Feature", "properties": { "categoria": "Disposición inadecuada de residuos sólidos", "localidad": "CHAPINERO", "direccion": "Cl. 45b Bis #1a-83", "cod_locali": 2.0, "grupo_sac": "Contaminación", "sac": "Manejo inadecuado de residuos sólidos", "codigo_sac": "CR004", "gestor": "ANYELA MARIA GONZALEZ RICO", "cord_x": 101852.07826900001, "cord_y": 103933.398438 }, "geometry": { "type": "Point", "coordinates": [ -74.060853273999953, 4.631780100000071 ] } },
{ "type": "Feature", "properties": { "categoria": "Disposición inadecuada de residuos sólidos", "localidad": "CHAPINERO", "direccion": "Cra. 4 Este #100b-2", "cod_locali": 2.0, "grupo_sac": "Contaminación", "sac": "Manejo inadecuado de residuos sólidos", "codigo_sac": "CR004", "gestor": "ANYELA MARIA GONZALEZ RICO", "cord_x": 106138.65783500001, "cord_y": 108475.944601 }, "geometry": { "type": "Point", "coordinates": [ -74.022229252999978, 4.672836537000023 ] } },
{ "type": "Feature", "properties": { "categoria": "Disposición inadecuada de residuos sólidos", "localidad": "CHAPINERO", "direccion": "Autopista Nte. #76-27", "cod_locali": 2.0, "grupo_sac": "Contaminación", "sac": "Manejo inadecuado de residuos sólidos", "codigo_sac": "CR004", "gestor": "ANYELA MARIA GONZALEZ RICO", "cord_x": 101876.55265500001, "cord_y": 107577.79492 }, "geometry": { "type": "Point", "coordinates": [ -74.060628797999982, 4.664723501000026 ] } },
{ "type": "Feature", "properties": { "categoria": "Disposición inadecuada de residuos sólidos", "localidad": "CHAPINERO", "direccion": "Cl. 57 #9-2", "cod_locali": 2.0, "grupo_sac": "Contaminación", "sac": "Manejo inadecuado de residuos sólidos", "codigo_sac": "CR004", "gestor": "ANYELA MARIA GONZALEZ RICO", "cord_x": 101547.200429, "cord_y": 105264.019585 }, "geometry": { "type": "Point", "coordinates": [ -74.063598446999947, 4.643808548000038 ] } },
{ "type": "Feature", "properties": { "categoria": "Disposición inadecuada de residuos sólidos", "localidad": "CHAPINERO", "direccion": "Cl. 97 #13-55", "cod_locali": 2.0, "grupo_sac": "Contaminación", "sac": "Manejo inadecuado de residuos sólidos", "codigo_sac": "CR004", "gestor": "ANYELA MARIA GONZALEZ RICO", "cord_x": 103305.24512000001, "cord_y": 109437.79624 }, "geometry": { "type": "Point", "coordinates": [ -74.047755075999987, 4.681535223000026 ] } },
{ "type": "Feature", "properties": { "categoria": "Disposición inadecuada de residuos sólidos", "localidad": "CHAPINERO", "direccion": "Cra. 13 # 72-20", "cod_locali": 2.0, "grupo_sac": "Contaminación", "sac": "Manejo inadecuado de residuos sólidos", "codigo_sac": "CR004", "gestor": "ANYELA MARIA GONZALEZ RICO", "cord_x": 101921.100049, "cord_y": 106919.840912 }, "geometry": { "type": "Point", "coordinates": [ -74.06022818799994, 4.658775896000066 ] } },
{ "type": "Feature", "properties": { "categoria": "Tenencia inadecuada de animales de compañía", "localidad": "SANTA FE", "direccion": "Cra 4 # 1 F - 24", "cod_locali": 3.0, "grupo_sac": "Fauna", "sac": "Fauna doméstica y animales de compañía", "codigo_sac": "FD001", "gestor": "JEAN PAUL TOLOSA", "cord_x": 99972.853269900006, "cord_y": 98984.218588200005 }, "geometry": { "type": "Point", "coordinates": [ -74.077787099999966, 4.587043900000026 ] } },
{ "type": "Feature", "properties": { "categoria": "Disposición ilegal de Residuos de Construcción y Demolición", "localidad": "SANTA FE", "direccion": "Cll 2 A # 4 - 12", "cod_locali": 3.0, "grupo_sac": "Contaminación", "sac": "Manejo inadecuado de residuos sólidos", "codigo_sac": "CR002", "gestor": "JEAN PAUL TOLOSA", "cord_x": 99996.663427099993, "cord_y": 99114.327730200006 }, "geometry": { "type": "Point", "coordinates": [ -74.077572499999974, 4.58822 ] } },
{ "type": "Feature", "properties": { "categoria": "Desbordamientos de canales y quebradas", "localidad": "SANTA FE", "direccion": "Cra 7 Este # 6 - 19", "cod_locali": 3.0, "grupo_sac": "Gestión de riesgos", "sac": "Inundaciones", "codigo_sac": "GIN003", "gestor": "JEAN PAUL TOLOSA", "cord_x": 101249.40651099999, "cord_y": 99115.221632999994 }, "geometry": { "type": "Point", "coordinates": [ -74.066287499999987, 4.588226900000052 ] } },
{ "type": "Feature", "properties": { "categoria": "Disposición inadecuada de residuos sólidos", "localidad": "SANTA FE", "direccion": "Cll 2 A # 4 - 12", "cod_locali": 3.0, "grupo_sac": "Contaminación", "sac": "Manejo inadecuado de residuos sólidos", "codigo_sac": "CR004", "gestor": "JEAN PAUL TOLOSA", "cord_x": 99996.663427099993, "cord_y": 99114.327730200006 }, "geometry": { "type": "Point", "coordinates": [ -74.077572499999974, 4.58822 ] } },
{ "type": "Feature", "properties": { "categoria": "Tenencia inadecuada de animales de compañía", "localidad": "SANTA FE", "direccion": "Cll 2 A # 4 - 12", "cod_locali": 3.0, "grupo_sac": "Fauna", "sac": "Fauna doméstica y animales de compañía", "codigo_sac": "FD001", "gestor": "JEAN PAUL TOLOSA", "cord_x": 99996.663427099993, "cord_y": 99114.327730200006 }, "geometry": { "type": "Point", "coordinates": [ -74.077572499999974, 4.58822 ] } },
{ "type": "Feature", "properties": { "categoria": "Vectores", "localidad": "SANTA FE", "direccion": "Cll 2 A # 4 - 12", "cod_locali": 3.0, "grupo_sac": "Fauna", "sac": "Presencia de vectores", "codigo_sac": "FV001", "gestor": "JEAN PAUL TOLOSA", "cord_x": 99996.663427099993, "cord_y": 99114.327730200006 }, "geometry": { "type": "Point", "coordinates": [ -74.077572499999974, 4.58822 ] } },
{ "type": "Feature", "properties": { "categoria": "Disposición inadecuada de residuos sólidos", "localidad": "SANTA FE", "direccion": "Via Choachí", "cod_locali": 3.0, "grupo_sac": "Contaminación", "sac": "Manejo inadecuado de residuos sólidos", "codigo_sac": "CR004", "gestor": "JEAN PAUL TOLOSA", "cord_x": 101518.79121700001, "cord_y": 99903.3609784 }, "geometry": { "type": "Point", "coordinates": [ -74.06386, 4.595351 ] } },
{ "type": "Feature", "properties": { "categoria": "Disposición inadecuada de residuos sólidos", "localidad": "SANTA FE", "direccion": "Via Choachí", "cod_locali": 3.0, "grupo_sac": "Contaminación", "sac": "Manejo inadecuado de residuos sólidos", "codigo_sac": "CR004", "gestor": "JEAN PAUL TOLOSA", "cord_x": 103291.613117, "cord_y": 98984.595495600006 }, "geometry": { "type": "Point", "coordinates": [ -74.047891, 4.58704380000006 ] } },
{ "type": "Feature", "properties": { "categoria": "Disposición inadecuada de residuos sólidos", "localidad": "SANTA FE", "direccion": "km 11 Vía Choachí", "cod_locali": 3.0, "grupo_sac": "Contaminación", "sac": "Manejo inadecuado de residuos sólidos", "codigo_sac": "CR004", "gestor": "JEAN PAUL TOLOSA", "cord_x": 105001.122734, "cord_y": 99807.285983900001 }, "geometry": { "type": "Point", "coordinates": [ -74.032490199999984, 4.594478200000026 ] } },
{ "type": "Feature", "properties": { "categoria": "Cortes ilegales de arboles", "localidad": "SANTA FE", "direccion": "Via Choachí", "cod_locali": 3.0, "grupo_sac": "Estructura ecológica principal y espacios del agua", "sac": "Mantenimiento silvicultural", "codigo_sac": "ES002", "gestor": "JEAN PAUL TOLOSA", "cord_x": 101605.504227, "cord_y": 98820.013407699997 }, "geometry": { "type": "Point", "coordinates": [ -74.06308, 4.585558 ] } },
{ "type": "Feature", "properties": { "categoria": "Vectores", "localidad": "SANTA FE", "direccion": "Cra 3 Este # 3 B - 74", "cod_locali": 3.0, "grupo_sac": "Fauna", "sac": "Presencia de vectores", "codigo_sac": "FV001", "gestor": "JEAN PAUL TOLOSA", "cord_x": 100664.11075000001, "cord_y": 99199.056687599994 }, "geometry": { "type": "Point", "coordinates": [ -74.071559899999954, 4.588985300000047 ] } },
{ "type": "Feature", "properties": { "categoria": "Disposición inadecuada de residuos sólidos", "localidad": "SANTA FE", "direccion": "Cra 3 Este # 3 B - 74", "cod_locali": 3.0, "grupo_sac": "Contaminación", "sac": "Manejo inadecuado de residuos sólidos", "codigo_sac": "CR004", "gestor": "JEAN PAUL TOLOSA", "cord_x": 100664.11075000001, "cord_y": 99199.056687599994 }, "geometry": { "type": "Point", "coordinates": [ -74.071559899999954, 4.588985300000047 ] } },
{ "type": "Feature", "properties": { "categoria": "Disposición inadecuada de residuos especiales y/o peligrosos", "localidad": "SANTA FE", "direccion": "Cll 1 D # 7-03", "cod_locali": 3.0, "grupo_sac": "Contaminación", "sac": "Manejo inadecuado de residuos sólidos", "codigo_sac": "CR003", "gestor": "JEAN PAUL TOLOSA", "cord_x": 99595.453047100003, "cord_y": 99109.931429899996 }, "geometry": { "type": "Point", "coordinates": [ -74.081186699999989, 4.588180600000044 ] } },
{ "type": "Feature", "properties": { "categoria": "Tenencia inadecuada de animales de compañía", "localidad": "SANTA FE", "direccion": "Cra 3 Este # 3 B - 74", "cod_locali": 3.0, "grupo_sac": "Fauna", "sac": "Fauna doméstica y animales de compañía", "codigo_sac": "FD001", "gestor": "JEAN PAUL TOLOSA", "cord_x": 100664.11075000001, "cord_y": 99199.056687599994 }, "geometry": { "type": "Point", "coordinates": [ -74.071559899999954, 4.588985300000047 ] } },
{ "type": "Feature", "properties": { "categoria": "Disposición ilegal de Residuos de Construcción y Demolición", "localidad": "SANTA FE", "direccion": "Cra 6 # 1D - 81", "cod_locali": 3.0, "grupo_sac": "Contaminación", "sac": "Manejo inadecuado de residuos sólidos", "codigo_sac": "CR002", "gestor": "JEAN PAUL TOLOSA", "cord_x": 99740.7199272, "cord_y": 99112.566655999995 }, "geometry": { "type": "Point", "coordinates": [ -74.079878099999974, 4.588204300000029 ] } },
{ "type": "Feature", "properties": { "categoria": "Disposición ilegal de Residuos de Construcción y Demolición", "localidad": "SANTA FE", "direccion": "Cra 6 # 1 - 30", "cod_locali": 3.0, "grupo_sac": "Contaminación", "sac": "Manejo inadecuado de residuos sólidos", "codigo_sac": "CR002", "gestor": "JEAN PAUL TOLOSA", "cord_x": 99699.232525600004, "cord_y": 99026.451784599994 }, "geometry": { "type": "Point", "coordinates": [ -74.080251899999951, 4.587425900000028 ] } },
{ "type": "Feature", "properties": { "categoria": "Disposición inadecuada de residuos sólidos", "localidad": "SANTA FE", "direccion": "Cra 3 Este # 2 D - 94", "cod_locali": 3.0, "grupo_sac": "Contaminación", "sac": "Manejo inadecuado de residuos sólidos", "codigo_sac": "CR004", "gestor": "JEAN PAUL TOLOSA", "cord_x": 100714.586763, "cord_y": 99093.657835100006 }, "geometry": { "type": "Point", "coordinates": [ -74.071105299999942, 4.588032500000054 ] } },
{ "type": "Feature", "properties": { "categoria": "Colmatación", "localidad": "SANTA FE", "direccion": "Cra 1 # 1 D - 07", "cod_locali": 3.0, "grupo_sac": "Estructura ecológica principal y espacios del agua", "sac": "Invasión EEP", "codigo_sac": "EI001", "gestor": "JEAN PAUL TOLOSA", "cord_x": 100273.092081, "cord_y": 98743.460151799998 }, "geometry": { "type": "Point", "coordinates": [ -74.075082699999939, 4.584867300000042 ] } },
{ "type": "Feature", "properties": { "categoria": "Acumulación de residuos orgánicos e inorgánicos en cuerpo de agua", "localidad": "SANTA FE", "direccion": "Cra 1 # 1 D - 07", "cod_locali": 3.0, "grupo_sac": "Estructura ecológica principal y espacios del agua", "sac": "Contaminación Hídrica", "codigo_sac": "EH001", "gestor": "JEAN PAUL TOLOSA", "cord_x": 100273.092081, "cord_y": 98743.460151799998 }, "geometry": { "type": "Point", "coordinates": [ -74.075082699999939, 4.584867300000042 ] } },
{ "type": "Feature", "properties": { "categoria": "Disposición ilegal de Residuos de Construcción y Demolición", "localidad": "SANTA FE", "direccion": "Cra 1 # 1 D - 07", "cod_locali": 3.0, "grupo_sac": "Contaminación", "sac": "Manejo inadecuado de residuos sólidos", "codigo_sac": "CR002", "gestor": "JEAN PAUL TOLOSA", "cord_x": 100273.092081, "cord_y": 98743.460151799998 }, "geometry": { "type": "Point", "coordinates": [ -74.075082699999939, 4.584867300000042 ] } },
{ "type": "Feature", "properties": { "categoria": "Tenencia inadecuada de animales de compañía", "localidad": "SANTA FE", "direccion": "Cra 1 # 1 D - 07", "cod_locali": 3.0, "grupo_sac": "Fauna", "sac": "Fauna doméstica y animales de compañía", "codigo_sac": "FD001", "gestor": "JEAN PAUL TOLOSA", "cord_x": 100273.092081, "cord_y": 98743.460151799998 }, "geometry": { "type": "Point", "coordinates": [ -74.075082699999939, 4.584867300000042 ] } },
{ "type": "Feature", "properties": { "categoria": "Quemas ilegales", "localidad": "SANTA FE", "direccion": "Cra 1 # 1 D - 07", "cod_locali": 3.0, "grupo_sac": "Contaminación", "sac": "Contaminación del aire", "codigo_sac": "CA005", "gestor": "JEAN PAUL TOLOSA", "cord_x": 100273.092081, "cord_y": 98743.460151799998 }, "geometry": { "type": "Point", "coordinates": [ -74.075082699999939, 4.584867300000042 ] } },
{ "type": "Feature", "properties": { "categoria": "Riesgo por amenaza de caída de infraestructura física", "localidad": "SANTA FE", "direccion": "Cra 1 # 1 D - 07", "cod_locali": 3.0, "grupo_sac": "Gestión de riesgos", "sac": "Infraestructura", "codigo_sac": "GE004", "gestor": "JEAN PAUL TOLOSA", "cord_x": 100273.092081, "cord_y": 98743.460151799998 }, "geometry": { "type": "Point", "coordinates": [ -74.075082699999939, 4.584867300000042 ] } },
{ "type": "Feature", "properties": { "categoria": "Disposición inadecuada de residuos sólidos", "localidad": "SANTA FE", "direccion": "Cra 5 Este # 2 C - 51", "cod_locali": 3.0, "grupo_sac": "Contaminación", "sac": "Manejo inadecuado de residuos sólidos", "codigo_sac": "CR004", "gestor": "JEAN PAUL TOLOSA", "cord_x": 100688.94887599999, "cord_y": 98937.208293100004 }, "geometry": { "type": "Point", "coordinates": [ -74.07133639999995, 4.586618300000055 ] } },
{ "type": "Feature", "properties": { "categoria": "Disposición inadecuada de residuos sólidos", "localidad": "SANTA FE", "direccion": "Tv 5 Bis Este # 2 - 98", "cod_locali": 3.0, "grupo_sac": "Contaminación", "sac": "Manejo inadecuado de residuos sólidos", "codigo_sac": "CR004", "gestor": "JEAN PAUL TOLOSA", "cord_x": 100628.148161, "cord_y": 98836.753812499999 }, "geometry": { "type": "Point", "coordinates": [ -74.071884199999943, 4.585710300000073 ] } },
{ "type": "Feature", "properties": { "categoria": "Tenencia inadecuada de animales de compañía", "localidad": "SANTA FE", "direccion": "Tv 5 Bis Este # 2 - 98", "cod_locali": 3.0, "grupo_sac": "Fauna", "sac": "Fauna doméstica y animales de compañía", "codigo_sac": "FD001", "gestor": "JEAN PAUL TOLOSA", "cord_x": 100628.148161, "cord_y": 98836.753812499999 }, "geometry": { "type": "Point", "coordinates": [ -74.071884199999943, 4.585710300000073 ] } },
{ "type": "Feature", "properties": { "categoria": "Vectores", "localidad": "SANTA FE", "direccion": "Tv 5 Bis Este # 2 - 98", "cod_locali": 3.0, "grupo_sac": "Fauna", "sac": "Presencia de vectores", "codigo_sac": "FV001", "gestor": "JEAN PAUL TOLOSA", "cord_x": 100628.148161, "cord_y": 98836.753812499999 }, "geometry": { "type": "Point", "coordinates": [ -74.071884199999943, 4.585710300000073 ] } },
{ "type": "Feature", "properties": { "categoria": "Disposición ilegal de Residuos de Construcción y Demolición", "localidad": "SANTA FE", "direccion": "Cra 7 B Este # 1 - 61", "cod_locali": 3.0, "grupo_sac": "Contaminación", "sac": "Manejo inadecuado de residuos sólidos", "codigo_sac": "CR002", "gestor": "JEAN PAUL TOLOSA", "cord_x": 100472.09678399999, "cord_y": 98230.763481500006 }, "geometry": { "type": "Point", "coordinates": [ -74.073290499999985, 4.580232600000045 ] } },
{ "type": "Feature", "properties": { "categoria": "Disposición inadecuada de residuos sólidos", "localidad": "SANTA FE", "direccion": "Cra 7 B Este # 1 - 61", "cod_locali": 3.0, "grupo_sac": "Contaminación", "sac": "Manejo inadecuado de residuos sólidos", "codigo_sac": "CR004", "gestor": "JEAN PAUL TOLOSA", "cord_x": 100472.09678399999, "cord_y": 98230.763481500006 }, "geometry": { "type": "Point", "coordinates": [ -74.073290499999985, 4.580232600000045 ] } },
{ "type": "Feature", "properties": { "categoria": "Disposición ilegal de Residuos de Construcción y Demolición", "localidad": "SANTA FE", "direccion": "Cra 11 B Este # 1 - 16", "cod_locali": 3.0, "grupo_sac": "Contaminación", "sac": "Manejo inadecuado de residuos sólidos", "codigo_sac": "CR002", "gestor": "JEAN PAUL TOLOSA", "cord_x": 100830.347266, "cord_y": 98160.752715299997 }, "geometry": { "type": "Point", "coordinates": [ -74.070063399999981, 4.579599400000063 ] } },
{ "type": "Feature", "properties": { "categoria": "Disposición inadecuada de residuos sólidos", "localidad": "SANTA FE", "direccion": "Cra 11 B Este # 1 - 16", "cod_locali": 3.0, "grupo_sac": "Contaminación", "sac": "Manejo inadecuado de residuos sólidos", "codigo_sac": "CR004", "gestor": "JEAN PAUL TOLOSA", "cord_x": 100830.347266, "cord_y": 98160.752715299997 }, "geometry": { "type": "Point", "coordinates": [ -74.070063399999981, 4.579599400000063 ] } },
{ "type": "Feature", "properties": { "categoria": "Disposición ilegal de Residuos de Construcción y Demolición", "localidad": "SANTA FE", "direccion": "Tv 10 Este # 3 Sur 20", "cod_locali": 3.0, "grupo_sac": "Contaminación", "sac": "Manejo inadecuado de residuos sólidos", "codigo_sac": "CR002", "gestor": "JEAN PAUL TOLOSA", "cord_x": 100735.620729, "cord_y": 97958.895090699996 }, "geometry": { "type": "Point", "coordinates": [ -74.070916899999986, 4.577774800000043 ] } },
{ "type": "Feature", "properties": { "categoria": "Disposición inadecuada de residuos sólidos", "localidad": "SANTA FE", "direccion": "Tv 10 Este # 3 Sur 20", "cod_locali": 3.0, "grupo_sac": "Contaminación", "sac": "Manejo inadecuado de residuos sólidos", "codigo_sac": "CR004", "gestor": "JEAN PAUL TOLOSA", "cord_x": 100735.620729, "cord_y": 97958.895090699996 }, "geometry": { "type": "Point", "coordinates": [ -74.070916899999986, 4.577774800000043 ] } },
{ "type": "Feature", "properties": { "categoria": "Cortes ilegales de arboles", "localidad": "SANTA FE", "direccion": "Tv 10 Este # 3 Sur 20", "cod_locali": 3.0, "grupo_sac": "Estructura ecológica principal y espacios del agua", "sac": "Mantenimiento silvicultural", "codigo_sac": "ES002", "gestor": "JEAN PAUL TOLOSA", "cord_x": 100735.620729, "cord_y": 97958.895090699996 }, "geometry": { "type": "Point", "coordinates": [ -74.070916899999986, 4.577774800000043 ] } },
{ "type": "Feature", "properties": { "categoria": "Disposición inadecuada de residuos sólidos", "localidad": "SANTA FE", "direccion": "Cll 3 A Bis # 5 - 35 Este", "cod_locali": 3.0, "grupo_sac": "Contaminación", "sac": "Manejo inadecuado de residuos sólidos", "codigo_sac": "CR004", "gestor": "JEAN PAUL TOLOSA", "cord_x": 100807.29560100001, "cord_y": 99049.494821600005 }, "geometry": { "type": "Point", "coordinates": [ -74.070270199999982, 4.587633200000028 ] } },
{ "type": "Feature", "properties": { "categoria": "Inestabilidad de taludes y muros de contención", "localidad": "SANTA FE", "direccion": "Cll 3 A Bis # 5 - 35 Este", "cod_locali": 3.0, "grupo_sac": "Gestión de riesgos", "sac": "Infraestructura", "codigo_sac": "GE003", "gestor": "JEAN PAUL TOLOSA", "cord_x": 100807.29560100001, "cord_y": 99049.494821600005 }, "geometry": { "type": "Point", "coordinates": [ -74.070270199999982, 4.587633200000028 ] } },
{ "type": "Feature", "properties": { "categoria": "Acumulación de residuos orgánicos e inorgánicos en cuerpo de agua", "localidad": "SANTA FE", "direccion": "Cra 7 Este # 6 - 19", "cod_locali": 3.0, "grupo_sac": "Estructura ecológica principal y espacios del agua", "sac": "Contaminación Hídrica", "codigo_sac": "EH001", "gestor": "JEAN PAUL TOLOSA", "cord_x": 101249.40651099999, "cord_y": 99115.221632999994 }, "geometry": { "type": "Point", "coordinates": [ -74.066287499999987, 4.588226900000052 ] } },
{ "type": "Feature", "properties": { "categoria": "Disposición ilegal de Residuos de Construcción y Demolición", "localidad": "SANTA FE", "direccion": "Cll 2 A # 2 - 90", "cod_locali": 3.0, "grupo_sac": "Contaminación", "sac": "Manejo inadecuado de residuos sólidos", "codigo_sac": "CR002", "gestor": "JEAN PAUL TOLOSA", "cord_x": 100134.547037, "cord_y": 99015.242657299998 }, "geometry": { "type": "Point", "coordinates": [ -74.076330499999983, 4.587324200000069 ] } },
{ "type": "Feature", "properties": { "categoria": "Disposición inadecuada de residuos sólidos", "localidad": "SANTA FE", "direccion": "Cll 2 A # 2 - 90", "cod_locali": 3.0, "grupo_sac": "Contaminación", "sac": "Manejo inadecuado de residuos sólidos", "codigo_sac": "CR004", "gestor": "JEAN PAUL TOLOSA", "cord_x": 100134.547037, "cord_y": 99015.242657299998 }, "geometry": { "type": "Point", "coordinates": [ -74.076330499999983, 4.587324200000069 ] } },
{ "type": "Feature", "properties": { "categoria": "Inestabilidad de taludes y muros de contención", "localidad": "SANTA FE", "direccion": "Cll 2 A # 2 - 90", "cod_locali": 3.0, "grupo_sac": "Gestión de riesgos", "sac": "Infraestructura", "codigo_sac": "GE003", "gestor": "JEAN PAUL TOLOSA", "cord_x": 100134.547037, "cord_y": 99015.242657299998 }, "geometry": { "type": "Point", "coordinates": [ -74.076330499999983, 4.587324200000069 ] } },
{ "type": "Feature", "properties": { "categoria": "Disposición ilegal de Residuos de Construcción y Demolición", "localidad": "SANTA FE", "direccion": "Cra 5 # 3-14", "cod_locali": 3.0, "grupo_sac": "Contaminación", "sac": "Manejo inadecuado de residuos sólidos", "codigo_sac": "CR002", "gestor": "JEAN PAUL TOLOSA", "cord_x": 100013.896716, "cord_y": 99296.518818199998 }, "geometry": { "type": "Point", "coordinates": [ -74.077417099999934, 4.589866900000061 ] } },
{ "type": "Feature", "properties": { "categoria": "Disposición inadecuada de residuos sólidos", "localidad": "SANTA FE", "direccion": "Cra 5 # 3-14", "cod_locali": 3.0, "grupo_sac": "Contaminación", "sac": "Manejo inadecuado de residuos sólidos", "codigo_sac": "CR004", "gestor": "JEAN PAUL TOLOSA", "cord_x": 100013.896716, "cord_y": 99296.518818199998 }, "geometry": { "type": "Point", "coordinates": [ -74.077417099999934, 4.589866900000061 ] } },
{ "type": "Feature", "properties": { "categoria": "Vectores", "localidad": "SANTA FE", "direccion": "Cra 5 # 3-14", "cod_locali": 3.0, "grupo_sac": "Fauna", "sac": "Presencia de vectores", "codigo_sac": "FV001", "gestor": "JEAN PAUL TOLOSA", "cord_x": 100013.896716, "cord_y": 99296.518818199998 }, "geometry": { "type": "Point", "coordinates": [ -74.077417099999934, 4.589866900000061 ] } },
{ "type": "Feature", "properties": { "categoria": "Disposición ilegal de Residuos de Construcción y Demolición", "localidad": "SANTA FE", "direccion": "Cll 6 # 8 - 32", "cod_locali": 3.0, "grupo_sac": "Contaminación", "sac": "Manejo inadecuado de residuos sólidos", "codigo_sac": "CR002", "gestor": "JEAN PAUL TOLOSA", "cord_x": 99680.720801899995, "cord_y": 99456.175487300003 }, "geometry": { "type": "Point", "coordinates": [ -74.080418299999963, 4.591310400000054 ] } },
{ "type": "Feature", "properties": { "categoria": "Disposición inadecuada de residuos sólidos", "localidad": "SANTA FE", "direccion": "Cll 6 # 8 - 32", "cod_locali": 3.0, "grupo_sac": "Contaminación", "sac": "Manejo inadecuado de residuos sólidos", "codigo_sac": "CR004", "gestor": "JEAN PAUL TOLOSA", "cord_x": 99680.720801899995, "cord_y": 99456.175487300003 }, "geometry": { "type": "Point", "coordinates": [ -74.080418299999963, 4.591310400000054 ] } },
{ "type": "Feature", "properties": { "categoria": "Quemas ilegales", "localidad": "SANTA FE", "direccion": "Cra 9 # 3-22", "cod_locali": 3.0, "grupo_sac": "Contaminación", "sac": "Contaminación del aire", "codigo_sac": "CA005", "gestor": "JEAN PAUL TOLOSA", "cord_x": 99556.182858600005, "cord_y": 99543.635792200002 }, "geometry": { "type": "Point", "coordinates": [ -74.081540099999984, 4.592101100000036 ] } },
{ "type": "Feature", "properties": { "categoria": "Disposición ilegal de Residuos de Construcción y Demolición", "localidad": "SANTA FE", "direccion": "Cra 9 # 3-22", "cod_locali": 3.0, "grupo_sac": "Contaminación", "sac": "Manejo inadecuado de residuos sólidos", "codigo_sac": "CR002", "gestor": "JEAN PAUL TOLOSA", "cord_x": 99556.182858600005, "cord_y": 99543.635792200002 }, "geometry": { "type": "Point", "coordinates": [ -74.081540099999984, 4.592101100000036 ] } },
{ "type": "Feature", "properties": { "categoria": "Disposición inadecuada de residuos sólidos", "localidad": "SANTA FE", "direccion": "Cra 9 # 3-22", "cod_locali": 3.0, "grupo_sac": "Contaminación", "sac": "Manejo inadecuado de residuos sólidos", "codigo_sac": "CR004", "gestor": "JEAN PAUL TOLOSA", "cord_x": 99556.182858600005, "cord_y": 99543.635792200002 }, "geometry": { "type": "Point", "coordinates": [ -74.081540099999984, 4.592101100000036 ] } },
{ "type": "Feature", "properties": { "categoria": "Vectores", "localidad": "SANTA FE", "direccion": "Cra 9 # 3-22", "cod_locali": 3.0, "grupo_sac": "Fauna", "sac": "Presencia de vectores", "codigo_sac": "FV001", "gestor": "JEAN PAUL TOLOSA", "cord_x": 99556.182858600005, "cord_y": 99543.635792200002 }, "geometry": { "type": "Point", "coordinates": [ -74.081540099999984, 4.592101100000036 ] } },
{ "type": "Feature", "properties": { "categoria": "Disposición ilegal de Residuos de Construcción y Demolición", "localidad": "SANTA FE", "direccion": "Cra 10 # 1 B - 66", "cod_locali": 3.0, "grupo_sac": "Contaminación", "sac": "Manejo inadecuado de residuos sólidos", "codigo_sac": "CR002", "gestor": "JEAN PAUL TOLOSA", "cord_x": 99330.835086100007, "cord_y": 99412.8007736 }, "geometry": { "type": "Point", "coordinates": [ -74.08357019999994, 4.590918600000066 ] } },
{ "type": "Feature", "properties": { "categoria": "Disposición inadecuada de residuos sólidos", "localidad": "SANTA FE", "direccion": "Cra 10 # 1 B - 66", "cod_locali": 3.0, "grupo_sac": "Contaminación", "sac": "Manejo inadecuado de residuos sólidos", "codigo_sac": "CR004", "gestor": "JEAN PAUL TOLOSA", "cord_x": 99330.835086100007, "cord_y": 99412.8007736 }, "geometry": { "type": "Point", "coordinates": [ -74.08357019999994, 4.590918600000066 ] } },
{ "type": "Feature", "properties": { "categoria": "Disposición ilegal de Residuos de Construcción y Demolición", "localidad": "SANTA FE", "direccion": "Cra 10 con Cll 6", "cod_locali": 3.0, "grupo_sac": "Contaminación", "sac": "Manejo inadecuado de residuos sólidos", "codigo_sac": "CR002", "gestor": "JEAN PAUL TOLOSA", "cord_x": 99569.722148600005, "cord_y": 99829.109910400002 }, "geometry": { "type": "Point", "coordinates": [ -74.081417899999963, 4.594681630000025 ] } },
{ "type": "Feature", "properties": { "categoria": "Disposición inadecuada de residuos sólidos", "localidad": "SANTA FE", "direccion": "Cra 10 con Cll 6", "cod_locali": 3.0, "grupo_sac": "Contaminación", "sac": "Manejo inadecuado de residuos sólidos", "codigo_sac": "CR004", "gestor": "JEAN PAUL TOLOSA", "cord_x": 99569.722148600005, "cord_y": 99829.109910400002 }, "geometry": { "type": "Point", "coordinates": [ -74.081417899999963, 4.594681630000025 ] } },
{ "type": "Feature", "properties": { "categoria": "Quemas ilegales", "localidad": "SANTA FE", "direccion": "Cra 10 con Cll 6", "cod_locali": 3.0, "grupo_sac": "Contaminación", "sac": "Contaminación del aire", "codigo_sac": "CA005", "gestor": "JEAN PAUL TOLOSA", "cord_x": 99569.722148600005, "cord_y": 99829.109910400002 }, "geometry": { "type": "Point", "coordinates": [ -74.081417899999963, 4.594681630000025 ] } },
{ "type": "Feature", "properties": { "categoria": "Percepción de olores ofensivos", "localidad": "SANTA FE", "direccion": "Cra 10 con Cll 6", "cod_locali": 3.0, "grupo_sac": "Contaminación", "sac": "Contaminación del aire", "codigo_sac": "CA004", "gestor": "JEAN PAUL TOLOSA", "cord_x": 99569.722148600005, "cord_y": 99829.109910400002 }, "geometry": { "type": "Point", "coordinates": [ -74.081417899999963, 4.594681630000025 ] } },
{ "type": "Feature", "properties": { "categoria": "Disposición inadecuada de residuos especiales y/o peligrosos", "localidad": "SANTA FE", "direccion": "Cll 3 No. 10-83", "cod_locali": 3.0, "grupo_sac": "Contaminación", "sac": "Manejo inadecuado de residuos sólidos", "codigo_sac": "CR003", "gestor": "JEAN PAUL TOLOSA", "cord_x": 99394.204920400007, "cord_y": 99722.115760600005 }, "geometry": { "type": "Point", "coordinates": [ -74.082999099999938, 4.593714600000055 ] } },
{ "type": "Feature", "properties": { "categoria": "Disposición inadecuada de residuos sólidos", "localidad": "SANTA FE", "direccion": "Cll 3 No. 10-83", "cod_locali": 3.0, "grupo_sac": "Contaminación", "sac": "Manejo inadecuado de residuos sólidos", "codigo_sac": "CR004", "gestor": "JEAN PAUL TOLOSA", "cord_x": 99394.204920400007, "cord_y": 99722.115760600005 }, "geometry": { "type": "Point", "coordinates": [ -74.082999099999938, 4.593714600000055 ] } },
{ "type": "Feature", "properties": { "categoria": "Quemas ilegales", "localidad": "SANTA FE", "direccion": "Cll 3 No. 10-83", "cod_locali": 3.0, "grupo_sac": "Contaminación", "sac": "Contaminación del aire", "codigo_sac": "CA005", "gestor": "JEAN PAUL TOLOSA", "cord_x": 99394.204920400007, "cord_y": 99722.115760600005 }, "geometry": { "type": "Point", "coordinates": [ -74.082999099999938, 4.593714600000055 ] } },
{ "type": "Feature", "properties": { "categoria": "Cortes ilegales de arboles", "localidad": "SANTA FE", "direccion": "Cll 3 A No. 12 A - 36", "cod_locali": 3.0, "grupo_sac": "Estructura ecológica principal y espacios del agua", "sac": "Mantenimiento silvicultural", "codigo_sac": "ES002", "gestor": "JEAN PAUL TOLOSA", "cord_x": 99134.137866399993, "cord_y": 99803.314438500005 }, "geometry": { "type": "Point", "coordinates": [ -74.085341799999981, 4.594448800000066 ] } },
{ "type": "Feature", "properties": { "categoria": "Disposición inadecuada de residuos sólidos", "localidad": "SANTA FE", "direccion": "Cll 3 A No. 12 A - 36", "cod_locali": 3.0, "grupo_sac": "Contaminación", "sac": "Manejo inadecuado de residuos sólidos", "codigo_sac": "CR004", "gestor": "JEAN PAUL TOLOSA", "cord_x": 99134.137866399993, "cord_y": 99803.314438500005 }, "geometry": { "type": "Point", "coordinates": [ -74.085341799999981, 4.594448800000066 ] } },
{ "type": "Feature", "properties": { "categoria": "Disposición ilegal de Residuos de Construcción y Demolición", "localidad": "SANTA FE", "direccion": "Diag 2 con Av caracas", "cod_locali": 3.0, "grupo_sac": "Contaminación", "sac": "Manejo inadecuado de residuos sólidos", "codigo_sac": "CR002", "gestor": "JEAN PAUL TOLOSA", "cord_x": 98992.892929199996, "cord_y": 99774.761045899999 }, "geometry": { "type": "Point", "coordinates": [ -74.086614199999985, 4.594190800000035 ] } },
{ "type": "Feature", "properties": { "categoria": "Disposición inadecuada de residuos sólidos", "localidad": "SANTA FE", "direccion": "Diag 2 con Av caracas", "cod_locali": 3.0, "grupo_sac": "Contaminación", "sac": "Manejo inadecuado de residuos sólidos", "codigo_sac": "CR004", "gestor": "JEAN PAUL TOLOSA", "cord_x": 98992.892929199996, "cord_y": 99774.761045899999 }, "geometry": { "type": "Point", "coordinates": [ -74.086614199999985, 4.594190800000035 ] } },
{ "type": "Feature", "properties": { "categoria": "Disposición ilegal de Residuos de Construcción y Demolición", "localidad": "SANTA FE", "direccion": "Cll 4 No. 12A 25", "cod_locali": 3.0, "grupo_sac": "Contaminación", "sac": "Manejo inadecuado de residuos sólidos", "codigo_sac": "CR002", "gestor": "JEAN PAUL TOLOSA", "cord_x": 99100.337799600005, "cord_y": 99909.534325300003 }, "geometry": { "type": "Point", "coordinates": [ -74.085646199999985, 4.595409 ] } },
{ "type": "Feature", "properties": { "categoria": "Disposición inadecuada de residuos sólidos", "localidad": "SANTA FE", "direccion": "Cll 4 No. 12A 25", "cod_locali": 3.0, "grupo_sac": "Contaminación", "sac": "Manejo inadecuado de residuos sólidos", "codigo_sac": "CR004", "gestor": "JEAN PAUL TOLOSA", "cord_x": 99100.337799600005, "cord_y": 99909.534325300003 }, "geometry": { "type": "Point", "coordinates": [ -74.085646199999985, 4.595409 ] } },
{ "type": "Feature", "properties": { "categoria": "Disposición inadecuada de residuos sólidos", "localidad": "SANTA FE", "direccion": "Cra 14 No. 10-54", "cod_locali": 3.0, "grupo_sac": "Contaminación", "sac": "Manejo inadecuado de residuos sólidos", "codigo_sac": "CR004", "gestor": "JEAN PAUL TOLOSA", "cord_x": 99635.689285700006, "cord_y": 100609.986233 }, "geometry": { "type": "Point", "coordinates": [ -74.080823, 4.601740300000074 ] } },
{ "type": "Feature", "properties": { "categoria": "Disposición ilegal de Residuos de Construcción y Demolición", "localidad": "SANTA FE", "direccion": "Cra 3 D No. 33-58", "cod_locali": 3.0, "grupo_sac": "Contaminación", "sac": "Manejo inadecuado de residuos sólidos", "codigo_sac": "CR002", "gestor": "JEAN PAUL TOLOSA", "cord_x": 101501.72964400001, "cord_y": 102488.616784 }, "geometry": { "type": "Point", "coordinates": [ -74.064011, 4.618720400000029 ] } },
{ "type": "Feature", "properties": { "categoria": "Disposición inadecuada de residuos sólidos", "localidad": "SANTA FE", "direccion": "Cra 3 D No. 33-58", "cod_locali": 3.0, "grupo_sac": "Contaminación", "sac": "Manejo inadecuado de residuos sólidos", "codigo_sac": "CR004", "gestor": "JEAN PAUL TOLOSA", "cord_x": 101501.72964400001, "cord_y": 102488.616784 }, "geometry": { "type": "Point", "coordinates": [ -74.064011, 4.618720400000029 ] } },
{ "type": "Feature", "properties": { "categoria": "Vectores", "localidad": "SANTA FE", "direccion": "Cra 3 D No. 33-58", "cod_locali": 3.0, "grupo_sac": "Fauna", "sac": "Presencia de vectores", "codigo_sac": "FV001", "gestor": "JEAN PAUL TOLOSA", "cord_x": 101501.72964400001, "cord_y": 102488.616784 }, "geometry": { "type": "Point", "coordinates": [ -74.064011, 4.618720400000029 ] } },
{ "type": "Feature", "properties": { "categoria": "Disposición ilegal de Residuos de Construcción y Demolición", "localidad": "SANTA FE", "direccion": "Cra 2 No. 32-99", "cod_locali": 3.0, "grupo_sac": "Contaminación", "sac": "Manejo inadecuado de residuos sólidos", "codigo_sac": "CR002", "gestor": "JEAN PAUL TOLOSA", "cord_x": 101627.254586, "cord_y": 102388.97972800001 }, "geometry": { "type": "Point", "coordinates": [ -74.062880299999961, 4.617819600000075 ] } },
{ "type": "Feature", "properties": { "categoria": "Disposición inadecuada de residuos sólidos", "localidad": "SANTA FE", "direccion": "Cra 2 No. 32-99", "cod_locali": 3.0, "grupo_sac": "Contaminación", "sac": "Manejo inadecuado de residuos sólidos", "codigo_sac": "CR004", "gestor": "JEAN PAUL TOLOSA", "cord_x": 101627.254586, "cord_y": 102388.97972800001 }, "geometry": { "type": "Point", "coordinates": [ -74.062880299999961, 4.617819600000075 ] } },
{ "type": "Feature", "properties": { "categoria": "Vectores", "localidad": "SANTA FE", "direccion": "Cra 2 No. 32-99", "cod_locali": 3.0, "grupo_sac": "Fauna", "sac": "Presencia de vectores", "codigo_sac": "FV001", "gestor": "JEAN PAUL TOLOSA", "cord_x": 101627.254586, "cord_y": 102388.97972800001 }, "geometry": { "type": "Point", "coordinates": [ -74.062880299999961, 4.617819600000075 ] } },
{ "type": "Feature", "properties": { "categoria": "Disposición ilegal de Residuos de Construcción y Demolición", "localidad": "SANTA FE", "direccion": "Cra 1 con Cll 32", "cod_locali": 3.0, "grupo_sac": "Contaminación", "sac": "Manejo inadecuado de residuos sólidos", "codigo_sac": "CR002", "gestor": "JEAN PAUL TOLOSA", "cord_x": 101765.80138400001, "cord_y": 102191.031271 }, "geometry": { "type": "Point", "coordinates": [ -74.061632399999951, 4.616030100000046 ] } },
{ "type": "Feature", "properties": { "categoria": "Disposición inadecuada de residuos sólidos", "localidad": "SANTA FE", "direccion": "Cra 1 con Cll 32", "cod_locali": 3.0, "grupo_sac": "Contaminación", "sac": "Manejo inadecuado de residuos sólidos", "codigo_sac": "CR004", "gestor": "JEAN PAUL TOLOSA", "cord_x": 101765.80138400001, "cord_y": 102191.031271 }, "geometry": { "type": "Point", "coordinates": [ -74.061632399999951, 4.616030100000046 ] } },
{ "type": "Feature", "properties": { "categoria": "Ocupación por habitante de calle y cambuches", "localidad": "SANTA FE", "direccion": "Cra 1 con Cll 32", "cod_locali": 3.0, "grupo_sac": "Estructura ecológica principal y espacios del agua", "sac": "Invasión EEP", "codigo_sac": "EI003", "gestor": "JEAN PAUL TOLOSA", "cord_x": 101765.80138400001, "cord_y": 102191.031271 }, "geometry": { "type": "Point", "coordinates": [ -74.061632399999951, 4.616030100000046 ] } },
{ "type": "Feature", "properties": { "categoria": "Disposición ilegal de Residuos de Construcción y Demolición", "localidad": "SANTA FE", "direccion": "Cll 26 con Av Caracas (bajo el puente)", "cod_locali": 3.0, "grupo_sac": "Contaminación", "sac": "Manejo inadecuado de residuos sólidos", "codigo_sac": "CR002", "gestor": "JEAN PAUL TOLOSA", "cord_x": 100562.391686, "cord_y": 102097.274236 }, "geometry": { "type": "Point", "coordinates": [ -74.072473499999944, 4.615183800000068 ] } },
{ "type": "Feature", "properties": { "categoria": "Disposición inadecuada de residuos sólidos", "localidad": "SANTA FE", "direccion": "Cll 26 con Av Caracas (bajo el puente)", "cod_locali": 3.0, "grupo_sac": "Contaminación", "sac": "Manejo inadecuado de residuos sólidos", "codigo_sac": "CR004", "gestor": "JEAN PAUL TOLOSA", "cord_x": 100562.391686, "cord_y": 102097.274236 }, "geometry": { "type": "Point", "coordinates": [ -74.072473499999944, 4.615183800000068 ] } },
{ "type": "Feature", "properties": { "categoria": "Vectores", "localidad": "SANTA FE", "direccion": "Cll 26 con Av Caracas (bajo el puente)", "cod_locali": 3.0, "grupo_sac": "Fauna", "sac": "Presencia de vectores", "codigo_sac": "FV001", "gestor": "JEAN PAUL TOLOSA", "cord_x": 100562.391686, "cord_y": 102097.274236 }, "geometry": { "type": "Point", "coordinates": [ -74.072473499999944, 4.615183800000068 ] } },
{ "type": "Feature", "properties": { "categoria": "Quemas ilegales", "localidad": "SANTA FE", "direccion": "Cll 26 con Av Caracas (bajo el puente)", "cod_locali": 3.0, "grupo_sac": "Contaminación", "sac": "Contaminación del aire", "codigo_sac": "CA005", "gestor": "JEAN PAUL TOLOSA", "cord_x": 100562.391686, "cord_y": 102097.274236 }, "geometry": { "type": "Point", "coordinates": [ -74.072473499999944, 4.615183800000068 ] } },
{ "type": "Feature", "properties": { "categoria": "Disposición ilegal de Residuos de Construcción y Demolición", "localidad": "SANTA FE", "direccion": "Cll 26 con Cra 13 (bajo el puente)", "cod_locali": 3.0, "grupo_sac": "Contaminación", "sac": "Manejo inadecuado de residuos sólidos", "codigo_sac": "CR002", "gestor": "JEAN PAUL TOLOSA", "cord_x": 100646.39657, "cord_y": 101924.24219800001 }, "geometry": { "type": "Point", "coordinates": [ -74.071716899999956, 4.61361960000005 ] } },
{ "type": "Feature", "properties": { "categoria": "Disposición inadecuada de residuos sólidos", "localidad": "SANTA FE", "direccion": "Cll 26 con Cra 13 (bajo el puente)", "cod_locali": 3.0, "grupo_sac": "Contaminación", "sac": "Manejo inadecuado de residuos sólidos", "codigo_sac": "CR004", "gestor": "JEAN PAUL TOLOSA", "cord_x": 100646.39657, "cord_y": 101924.24219800001 }, "geometry": { "type": "Point", "coordinates": [ -74.071716899999956, 4.61361960000005 ] } },
{ "type": "Feature", "properties": { "categoria": "Vectores", "localidad": "SANTA FE", "direccion": "Cll 26 con Cra 13 (bajo el puente)", "cod_locali": 3.0, "grupo_sac": "Fauna", "sac": "Presencia de vectores", "codigo_sac": "FV001", "gestor": "JEAN PAUL TOLOSA", "cord_x": 100646.39657, "cord_y": 101924.24219800001 }, "geometry": { "type": "Point", "coordinates": [ -74.071716899999956, 4.61361960000005 ] } },
{ "type": "Feature", "properties": { "categoria": "Quemas ilegales", "localidad": "SANTA FE", "direccion": "Cll 26 con Cra 13 (bajo el puente)", "cod_locali": 3.0, "grupo_sac": "Contaminación", "sac": "Contaminación del aire", "codigo_sac": "CA005", "gestor": "JEAN PAUL TOLOSA", "cord_x": 100646.39657, "cord_y": 101924.24219800001 }, "geometry": { "type": "Point", "coordinates": [ -74.071716899999956, 4.61361960000005 ] } },
{ "type": "Feature", "properties": { "categoria": "Disposición ilegal de Residuos de Construcción y Demolición", "localidad": "SANTA FE", "direccion": "Cll 26 con Cra 10 (bajo el puente)", "cod_locali": 3.0, "grupo_sac": "Contaminación", "sac": "Manejo inadecuado de residuos sólidos", "codigo_sac": "CR002", "gestor": "JEAN PAUL TOLOSA", "cord_x": 100762.559909, "cord_y": 101754.178441 }, "geometry": { "type": "Point", "coordinates": [ -74.070670599999971, 4.612082200000032 ] } },
{ "type": "Feature", "properties": { "categoria": "Disposición inadecuada de residuos sólidos", "localidad": "SANTA FE", "direccion": "Cll 26 con Cra 10 (bajo el puente)", "cod_locali": 3.0, "grupo_sac": "Contaminación", "sac": "Manejo inadecuado de residuos sólidos", "codigo_sac": "CR004", "gestor": "JEAN PAUL TOLOSA", "cord_x": 100762.559909, "cord_y": 101754.178441 }, "geometry": { "type": "Point", "coordinates": [ -74.070670599999971, 4.612082200000032 ] } },
{ "type": "Feature", "properties": { "categoria": "Vectores", "localidad": "SANTA FE", "direccion": "Cll 26 con Cra 10 (bajo el puente)", "cod_locali": 3.0, "grupo_sac": "Fauna", "sac": "Presencia de vectores", "codigo_sac": "FV001", "gestor": "JEAN PAUL TOLOSA", "cord_x": 100762.559909, "cord_y": 101754.178441 }, "geometry": { "type": "Point", "coordinates": [ -74.070670599999971, 4.612082200000032 ] } },
{ "type": "Feature", "properties": { "categoria": "Quemas ilegales", "localidad": "SANTA FE", "direccion": "Cll 26 con Cra 10 (bajo el puente)", "cod_locali": 3.0, "grupo_sac": "Contaminación", "sac": "Contaminación del aire", "codigo_sac": "CA005", "gestor": "JEAN PAUL TOLOSA", "cord_x": 100762.559909, "cord_y": 101754.178441 }, "geometry": { "type": "Point", "coordinates": [ -74.070670599999971, 4.612082200000032 ] } },
{ "type": "Feature", "properties": { "categoria": "Disposición ilegal de Residuos de Construcción y Demolición", "localidad": "SANTA FE", "direccion": "Cll 26 con Cra 5 (bajo el puente)", "cod_locali": 3.0, "grupo_sac": "Contaminación", "sac": "Manejo inadecuado de residuos sólidos", "codigo_sac": "CR002", "gestor": "JEAN PAUL TOLOSA", "cord_x": 101073.472497, "cord_y": 101487.360703 }, "geometry": { "type": "Point", "coordinates": [ -74.06787, 4.60967 ] } },
{ "type": "Feature", "properties": { "categoria": "Disposición inadecuada de residuos sólidos", "localidad": "SANTA FE", "direccion": "Cll 26 con Cra 5 (bajo el puente)", "cod_locali": 3.0, "grupo_sac": "Contaminación", "sac": "Manejo inadecuado de residuos sólidos", "codigo_sac": "CR004", "gestor": "JEAN PAUL TOLOSA", "cord_x": 101073.472497, "cord_y": 101487.360703 }, "geometry": { "type": "Point", "coordinates": [ -74.06787, 4.60967 ] } },
{ "type": "Feature", "properties": { "categoria": "Vectores", "localidad": "SANTA FE", "direccion": "Cll 26 con Cra 5 (bajo el puente)", "cod_locali": 3.0, "grupo_sac": "Fauna", "sac": "Presencia de vectores", "codigo_sac": "FV001", "gestor": "JEAN PAUL TOLOSA", "cord_x": 101073.472497, "cord_y": 101487.360703 }, "geometry": { "type": "Point", "coordinates": [ -74.06787, 4.60967 ] } },
{ "type": "Feature", "properties": { "categoria": "Quemas ilegales", "localidad": "SANTA FE", "direccion": "Cll 26 con Cra 5 (bajo el puente)", "cod_locali": 3.0, "grupo_sac": "Contaminación", "sac": "Contaminación del aire", "codigo_sac": "CA005", "gestor": "JEAN PAUL TOLOSA", "cord_x": 101073.472497, "cord_y": 101487.360703 }, "geometry": { "type": "Point", "coordinates": [ -74.06787, 4.60967 ] } },
{ "type": "Feature", "properties": { "categoria": "Disposición inadecuada de residuos sólidos", "localidad": "SANTA FE", "direccion": "Cra 4 A No. 27 - 10", "cod_locali": 3.0, "grupo_sac": "Contaminación", "sac": "Manejo inadecuado de residuos sólidos", "codigo_sac": "CR004", "gestor": "JEAN PAUL TOLOSA", "cord_x": 101248.764425, "cord_y": 101962.905145 }, "geometry": { "type": "Point", "coordinates": [ -74.066290399999957, 4.613968500000055 ] } },
{ "type": "Feature", "properties": { "categoria": "Ruido por música estridente", "localidad": "SANTA FE", "direccion": "Cra 4 A No. 27 - 10", "cod_locali": 3.0, "grupo_sac": "Contaminación", "sac": "Contaminación por ruido", "codigo_sac": "CR002", "gestor": "JEAN PAUL TOLOSA", "cord_x": 101248.764425, "cord_y": 101962.905145 }, "geometry": { "type": "Point", "coordinates": [ -74.066290399999957, 4.613968500000055 ] } },
{ "type": "Feature", "properties": { "categoria": "Disposición inadecuada de residuos sólidos", "localidad": "SANTA FE", "direccion": "Cra 4 A No. 30-34", "cod_locali": 3.0, "grupo_sac": "Contaminación", "sac": "Manejo inadecuado de residuos sólidos", "codigo_sac": "CR004", "gestor": "JEAN PAUL TOLOSA", "cord_x": 101310.251408, "cord_y": 102247.607563 }, "geometry": { "type": "Point", "coordinates": [ -74.065736199999947, 4.616542 ] } },
{ "type": "Feature", "properties": { "categoria": "Disposición inadecuada de grasas y aceites", "localidad": "SANTA FE", "direccion": "Cra 4 A No. 30-34", "cod_locali": 3.0, "grupo_sac": "Estructura ecológica principal y espacios del agua", "sac": "Contaminación Hídrica", "codigo_sac": "EH002", "gestor": "JEAN PAUL TOLOSA", "cord_x": 101310.251408, "cord_y": 102247.607563 }, "geometry": { "type": "Point", "coordinates": [ -74.065736199999947, 4.616542 ] } },
{ "type": "Feature", "properties": { "categoria": "Disposición inadecuada de residuos sólidos", "localidad": "SANTA FE", "direccion": "Cll 32 con Cra 7", "cod_locali": 3.0, "grupo_sac": "Contaminación", "sac": "Manejo inadecuado de residuos sólidos", "codigo_sac": "CR004", "gestor": "JEAN PAUL TOLOSA", "cord_x": 100975.178698, "cord_y": 102380.951724 }, "geometry": { "type": "Point", "coordinates": [ -74.068754599999977, 4.617747700000052 ] } },
{ "type": "Feature", "properties": { "categoria": "Percepción de olores ofensivos", "localidad": "SANTA FE", "direccion": "Cll 32 con Cra 7", "cod_locali": 3.0, "grupo_sac": "Contaminación", "sac": "Contaminación del aire", "codigo_sac": "CA004", "gestor": "JEAN PAUL TOLOSA", "cord_x": 100975.178698, "cord_y": 102380.951724 }, "geometry": { "type": "Point", "coordinates": [ -74.068754599999977, 4.617747700000052 ] } },
{ "type": "Feature", "properties": { "categoria": "Vectores", "localidad": "SANTA FE", "direccion": "Cll 32 con Cra 7", "cod_locali": 3.0, "grupo_sac": "Fauna", "sac": "Presencia de vectores", "codigo_sac": "FV001", "gestor": "JEAN PAUL TOLOSA", "cord_x": 100975.178698, "cord_y": 102380.951724 }, "geometry": { "type": "Point", "coordinates": [ -74.068754599999977, 4.617747700000052 ] } },
{ "type": "Feature", "properties": { "categoria": "Disposición inadecuada de residuos sólidos", "localidad": "SANTA FE", "direccion": "Cra 7 No. 27-75", "cod_locali": 3.0, "grupo_sac": "Contaminación", "sac": "Manejo inadecuado de residuos sólidos", "codigo_sac": "CR004", "gestor": "JEAN PAUL TOLOSA", "cord_x": 100897.023565, "cord_y": 102041.27782 }, "geometry": { "type": "Point", "coordinates": [ -74.069459, 4.614677300000039 ] } },
{ "type": "Feature", "properties": { "categoria": "Percepción de olores ofensivos", "localidad": "SANTA FE", "direccion": "Cra 7 No. 27-75", "cod_locali": 3.0, "grupo_sac": "Contaminación", "sac": "Contaminación del aire", "codigo_sac": "CA004", "gestor": "JEAN PAUL TOLOSA", "cord_x": 100897.023565, "cord_y": 102041.27782 }, "geometry": { "type": "Point", "coordinates": [ -74.069459, 4.614677300000039 ] } },
{ "type": "Feature", "properties": { "categoria": "Acumulación de residuos orgánicos e inorgánicos en cuerpo de agua", "localidad": "SAN CRISTOBAL", "direccion": "Cll 49b Bis Sur # 5d", "cod_locali": 4.0, "grupo_sac": "Estructura ecológica principal y espacios del agua", "sac": "Contaminación Hídrica", "codigo_sac": "EH001", "gestor": "VIVIANA VASQUEZ", "cord_x": 96040.868809000007, "cord_y": 94874.873797199994 }, "geometry": { "type": "Point", "coordinates": [ -74.113209, 4.5499 ] } },
{ "type": "Feature", "properties": { "categoria": "Acumulación de residuos orgánicos e inorgánicos en cuerpo de agua", "localidad": "SAN CRISTOBAL", "direccion": "Cra 10C Este # 13 Sur", "cod_locali": 4.0, "grupo_sac": "Estructura ecológica principal y espacios del agua", "sac": "Contaminación Hídrica", "codigo_sac": "EH001", "gestor": "VIVIANA VASQUEZ", "cord_x": 99762.436195500006, "cord_y": 97296.836821399993 }, "geometry": { "type": "Point", "coordinates": [ -74.079684, 4.571791 ] } },
{ "type": "Feature", "properties": { "categoria": "Disposición inadecuada de residuos sólidos", "localidad": "SAN CRISTOBAL", "direccion": "Cra 5A # 27 Sur", "cod_locali": 4.0, "grupo_sac": "Contaminación", "sac": "Manejo inadecuado de residuos sólidos", "codigo_sac": "CR004", "gestor": "VIVIANA VASQUEZ", "cord_x": 98129.566533699995, "cord_y": 97199.129773299996 }, "geometry": { "type": "Point", "coordinates": [ -74.094393, 4.570909 ] } },
{ "type": "Feature", "properties": { "categoria": "Disposición inadecuada de residuos sólidos", "localidad": "SAN CRISTOBAL", "direccion": "Cra. 6 #24A-30 Sur", "cod_locali": 4.0, "grupo_sac": "Contaminación", "sac": "Manejo inadecuado de residuos sólidos", "codigo_sac": "CR004", "gestor": "VIVIANA VASQUEZ", "cord_x": 98226.057989499997, "cord_y": 97128.095444199993 }, "geometry": { "type": "Point", "coordinates": [ -74.09352384999994, 4.570266821000075 ] } },
{ "type": "Feature", "properties": { "categoria": "Disposición inadecuada de residuos sólidos", "localidad": "SAN CRISTOBAL", "direccion": "Ave 1ra de Mayo # 8 Sur", "cod_locali": 4.0, "grupo_sac": "Contaminación", "sac": "Manejo inadecuado de residuos sólidos", "codigo_sac": "CR004", "gestor": "VIVIANA VASQUEZ", "cord_x": 98311.781779500001, "cord_y": 97536.273706599997 }, "geometry": { "type": "Point", "coordinates": [ -74.092751373999988, 4.573956491000047 ] } },
{ "type": "Feature", "properties": { "categoria": "Vertimientos aguas residuales domesticas", "localidad": "SAN CRISTOBAL", "direccion": "Cra 23 B Este # 12 Sur", "cod_locali": 4.0, "grupo_sac": "Estructura ecológica principal y espacios del agua", "sac": "Contaminación Hídrica", "codigo_sac": "EH003", "gestor": "VIVIANA VASQUEZ", "cord_x": 101435.933026, "cord_y": 96417.978778000004 }, "geometry": { "type": "Point", "coordinates": [ -74.06461, 4.563845 ] } },
{ "type": "Feature", "properties": { "categoria": "Especies vegetales invasoras", "localidad": "SAN CRISTOBAL", "direccion": "Diagonal 43 Sur #17 Bis B Este", "cod_locali": 4.0, "grupo_sac": "Estructura ecológica principal y espacios del agua", "sac": "Mantenimiento silvicultural", "codigo_sac": "ES004", "gestor": "VIVIANA VASQUEZ", "cord_x": 99819.961031400002, "cord_y": 93908.774300499994 }, "geometry": { "type": "Point", "coordinates": [ -74.079168667999966, 4.541164556000069 ] } },
{ "type": "Feature", "properties": { "categoria": "Disposición inadecuada de residuos sólidos", "localidad": "SAN CRISTOBAL", "direccion": "Calle 48 Sur # 5 A Bis", "cod_locali": 4.0, "grupo_sac": "Contaminación", "sac": "Manejo inadecuado de residuos sólidos", "codigo_sac": "CR004", "gestor": "VIVIANA VASQUEZ", "cord_x": 100875.34327500001, "cord_y": 99132.965624400007 }, "geometry": { "type": "Point", "coordinates": [ -74.069657130999985, 4.588387668000053 ] } },
{ "type": "Feature", "properties": { "categoria": "Disposición inadecuada de residuos sólidos", "localidad": "SAN CRISTOBAL", "direccion": "Calle 48 P Sur # 5 A Bis", "cod_locali": 4.0, "grupo_sac": "Contaminación", "sac": "Manejo inadecuado de residuos sólidos", "codigo_sac": "CR004", "gestor": "VIVIANA VASQUEZ", "cord_x": 96577.121175699998, "cord_y": 95263.433546 }, "geometry": { "type": "Point", "coordinates": [ -74.108378382999945, 4.553412148000064 ] } },
{ "type": "Feature", "properties": { "categoria": "Disposición inadecuada de residuos sólidos", "localidad": "SAN CRISTOBAL", "direccion": "Cra 8 A Este # 52 Sur", "cod_locali": 4.0, "grupo_sac": "Contaminación", "sac": "Manejo inadecuado de residuos sólidos", "codigo_sac": "CR004", "gestor": "VIVIANA VASQUEZ", "cord_x": 98300.245915499996, "cord_y": 93497.501279699994 }, "geometry": { "type": "Point", "coordinates": [ -74.092858, 4.537448 ] } },
{ "type": "Feature", "properties": { "categoria": "Disposición inadecuada de residuos sólidos", "localidad": "SAN CRISTOBAL", "direccion": "Cra. 11c Este #46 Sur-98 a 46 Sur-74", "cod_locali": 4.0, "grupo_sac": "Contaminación", "sac": "Manejo inadecuado de residuos sólidos", "codigo_sac": "CR004", "gestor": "VIVIANA VASQUEZ", "cord_x": 98930.348803000001, "cord_y": 93882.084739500002 }, "geometry": { "type": "Point", "coordinates": [ -74.087182, 4.540924 ] } },
{ "type": "Feature", "properties": { "categoria": "Saturación paisajística por publicidad exterior visual", "localidad": "SAN CRISTOBAL", "direccion": "calle 22 sur entre carreras 6a y 10a", "cod_locali": 4.0, "grupo_sac": "Contaminación", "sac": "Contaminación visual", "codigo_sac": "CV001", "gestor": "VIVIANA VASQUEZ", "cord_x": 98307.050766400003, "cord_y": 97523.607718700005 }, "geometry": { "type": "Point", "coordinates": [ -74.092794, 4.573842 ] } },
{ "type": "Feature", "properties": { "categoria": "Saturación paisajística por publicidad exterior visual", "localidad": "SAN CRISTOBAL", "direccion": "Carrera 4 Sur entre Calle 37 Sur Diag 44", "cod_locali": 4.0, "grupo_sac": "Contaminación", "sac": "Contaminación visual", "codigo_sac": "CV001", "gestor": "VIVIANA VASQUEZ", "cord_x": 98410.256055599995, "cord_y": 95070.714873799996 }, "geometry": { "type": "Point", "coordinates": [ -74.091866, 4.551669 ] } },
{ "type": "Feature", "properties": { "categoria": "Ocupación por habitante de calle y cambuches", "localidad": "SAN CRISTOBAL", "direccion": "Cra. 6 #14 Sur-15 a", "cod_locali": 4.0, "grupo_sac": "Estructura ecológica principal y espacios del agua", "sac": "Invasión EEP", "codigo_sac": "EI003", "gestor": "VIVIANA VASQUEZ", "cord_x": 98825.446227399996, "cord_y": 97885.615216599996 }, "geometry": { "type": "Point", "coordinates": [ -74.088124, 4.577114 ] } },
{ "type": "Feature", "properties": { "categoria": "Disposición inadecuada de residuos sólidos", "localidad": "SAN CRISTOBAL", "direccion": "Cra. 6 #14 Sur-15 a ", "cod_locali": 4.0, "grupo_sac": "Contaminación", "sac": "Manejo inadecuado de residuos sólidos", "codigo_sac": "CR004", "gestor": "VIVIANA VASQUEZ", "cord_x": 97178.556554099996, "cord_y": 96749.223294199997 }, "geometry": { "type": "Point", "coordinates": [ -74.102959961999943, 4.56684264200004 ] } },
{ "type": "Feature", "properties": { "categoria": "Especies vegetales invasoras", "localidad": "SAN CRISTOBAL", "direccion": "Cra. 14a Este #41 S", "cod_locali": 4.0, "grupo_sac": "Estructura ecológica principal y espacios del agua", "sac": "Mantenimiento silvicultural", "codigo_sac": "ES004", "gestor": "VIVIANA VASQUEZ", "cord_x": 99460.563668000003, "cord_y": 94581.271920200001 }, "geometry": { "type": "Point", "coordinates": [ -74.082405453999968, 4.547243897000044 ] } },
{ "type": "Feature", "properties": { "categoria": "Tenencia inadecuada de animales de compañía", "localidad": "USME", "direccion": "CL 104 SUR 8B 06 ESTE", "cod_locali": 5.0, "grupo_sac": "Fauna", "sac": "Fauna doméstica y animales de compañía", "codigo_sac": "FD001", "gestor": "HANNER RAMIREZ POVEDA", "cord_x": 97516.133006699994, "cord_y": 88262.542336400002 }, "geometry": { "type": "Point", "coordinates": [ -74.099924, 4.490127 ] } },
{ "type": "Feature", "properties": { "categoria": "Disposición ilegal de Residuos de Construcción y Demolición", "localidad": "USME", "direccion": "AK 8 E 115 47 S", "cod_locali": 5.0, "grupo_sac": "Contaminación", "sac": "Manejo inadecuado de residuos sólidos", "codigo_sac": "CR002", "gestor": "HANNER RAMIREZ POVEDA", "cord_x": 97659.844315900002, "cord_y": 87566.497104399998 }, "geometry": { "type": "Point", "coordinates": [ -74.09863, 4.483835 ] } },
{ "type": "Feature", "properties": { "categoria": "Uso intensivo de sustancias químicas en actividades agropecuarias", "localidad": "USME", "direccion": "TODAS LAS VEREDAS", "cod_locali": 5.0, "grupo_sac": "Ruralidad", "sac": "Actividades agropecuarias", "codigo_sac": "RA001", "gestor": "HANNER RAMIREZ POVEDA", "cord_x": 95588.924677600007, "cord_y": 78193.007475100007 }, "geometry": { "type": "Point", "coordinates": [ -74.117286, 4.399104 ] } },
{ "type": "Feature", "properties": { "categoria": "Ocupación por habitante de calle y cambuches", "localidad": "USME", "direccion": "CL 88J SUR 10D 52 ESTE", "cod_locali": 5.0, "grupo_sac": "Estructura ecológica principal y espacios del agua", "sac": "Invasión EEP", "codigo_sac": "EI003", "gestor": "HANNER RAMIREZ POVEDA", "cord_x": 98071.058583100006, "cord_y": 89479.347884400006 }, "geometry": { "type": "Point", "coordinates": [ -74.094925, 4.501126 ] } },
{ "type": "Feature", "properties": { "categoria": "Vertimientos aguas residuales domesticas", "localidad": "USME", "direccion": "TV 13 100C 10 SUR", "cod_locali": 5.0, "grupo_sac": "Estructura ecológica principal y espacios del agua", "sac": "Contaminación Hídrica", "codigo_sac": "EH003", "gestor": "HANNER RAMIREZ POVEDA", "cord_x": 95611.24637, "cord_y": 89233.7335093 }, "geometry": { "type": "Point", "coordinates": [ -74.117081, 4.498907 ] } },
{ "type": "Feature", "properties": { "categoria": "Areas que requieren de restauración ecológica", "localidad": "USME", "direccion": "CL 71H SUR 8C 09", "cod_locali": 5.0, "grupo_sac": "Estructura ecológica principal y espacios del agua", "sac": "Mantenimiento silvicultural", "codigo_sac": "ES001", "gestor": "HANNER RAMIREZ POVEDA", "cord_x": 95899.465274699993, "cord_y": 91690.624504099993 }, "geometry": { "type": "Point", "coordinates": [ -74.114484, 4.521116 ] } },
{ "type": "Feature", "properties": { "categoria": "Especies vegetales invasoras", "localidad": "USME", "direccion": "ZONA DE EMBALSES LA REGADERA Y CHISACA", "cod_locali": 5.0, "grupo_sac": "Estructura ecológica principal y espacios del agua", "sac": "Mantenimiento silvicultural", "codigo_sac": "ES004", "gestor": "HANNER RAMIREZ POVEDA", "cord_x": 92912.360732300003, "cord_y": 76813.894387499997 }, "geometry": { "type": "Point", "coordinates": [ -74.141391, 4.386638 ] } },
{ "type": "Feature", "properties": { "categoria": "Actividades extractivas", "localidad": "USME", "direccion": "DG 72 SUR 8C 06 LADRILLERAS", "cod_locali": 5.0, "grupo_sac": "Minería SAC", "sac": "Minería", "codigo_sac": "MM001", "gestor": "HANNER RAMIREZ POVEDA", "cord_x": 96334.109368699996, "cord_y": 91658.784756900001 }, "geometry": { "type": "Point", "coordinates": [ -74.110569, 4.520828 ] } },
{ "type": "Feature", "properties": { "categoria": "Ladrilleras legales e ilegales", "localidad": "USME", "direccion": "AC 71 SUR 4 06", "cod_locali": 5.0, "grupo_sac": "Minería SAC", "sac": "Minería", "codigo_sac": "MM002", "gestor": "HANNER RAMIREZ POVEDA", "cord_x": 94895.688936499995, "cord_y": 93150.288761599993 }, "geometry": { "type": "Point", "coordinates": [ -74.123525, 4.534311 ] } },
{ "type": "Feature", "properties": { "categoria": "Ladrilleras legales e ilegales", "localidad": "USME", "direccion": "AK 1 56 55 SUR", "cod_locali": 5.0, "grupo_sac": "Minería SAC", "sac": "Minería", "codigo_sac": "MM002", "gestor": "HANNER RAMIREZ POVEDA", "cord_x": 94741.135735400007, "cord_y": 93700.203062899993 }, "geometry": { "type": "Point", "coordinates": [ -74.124917, 4.539282 ] } },
{ "type": "Feature", "properties": { "categoria": "Ladrilleras legales e ilegales", "localidad": "USME", "direccion": "KR 24 E 137C 10 S", "cod_locali": 5.0, "grupo_sac": "Minería SAC", "sac": "Minería", "codigo_sac": "MM002", "gestor": "HANNER RAMIREZ POVEDA", "cord_x": 99807.077098499998, "cord_y": 86357.641686899995 }, "geometry": { "type": "Point", "coordinates": [ -74.079291, 4.472906 ] } },
{ "type": "Feature", "properties": { "categoria": "Tenencia inadecuada de animales de compañía", "localidad": "USME", "direccion": "CL 89C SUR 15 00 ESTE", "cod_locali": 5.0, "grupo_sac": "Fauna", "sac": "Fauna doméstica y animales de compañía", "codigo_sac": "FD001", "gestor": "HANNER RAMIREZ POVEDA", "cord_x": 99368.578389300004, "cord_y": 89531.222777500006 }, "geometry": { "type": "Point", "coordinates": [ -74.083238, 4.501594 ] } },
{ "type": "Feature", "properties": { "categoria": "Tenencia inadecuada de animales de compañía", "localidad": "USME", "direccion": "KR 14 137C 82 SUR", "cod_locali": 5.0, "grupo_sac": "Fauna", "sac": "Fauna doméstica y animales de compañía", "codigo_sac": "FD001", "gestor": "HANNER RAMIREZ POVEDA", "cord_x": 94627.1160064, "cord_y": 86040.279700500003 }, "geometry": { "type": "Point", "coordinates": [ -74.125946, 4.47004 ] } },
{ "type": "Feature", "properties": { "categoria": "Vectores", "localidad": "USME", "direccion": "CL 72A SUR 14V 04", "cod_locali": 5.0, "grupo_sac": "Fauna", "sac": "Presencia de vectores", "codigo_sac": "FV001", "gestor": "HANNER RAMIREZ POVEDA", "cord_x": 94944.032358099998, "cord_y": 91584.719453700003 }, "geometry": { "type": "Point", "coordinates": [ -74.12309, 4.520159 ] } },
{ "type": "Feature", "properties": { "categoria": "Vectores", "localidad": "USME", "direccion": "CL 94A SUR 14B 27", "cod_locali": 5.0, "grupo_sac": "Fauna", "sac": "Presencia de vectores", "codigo_sac": "FV001", "gestor": "HANNER RAMIREZ POVEDA", "cord_x": 95476.110602100001, "cord_y": 89764.619166300006 }, "geometry": { "type": "Point", "coordinates": [ -74.118298, 4.503706 ] } },
{ "type": "Feature", "properties": { "categoria": "Vectores", "localidad": "USME", "direccion": "KR 2C 62 39 SUR", "cod_locali": 5.0, "grupo_sac": "Fauna", "sac": "Presencia de vectores", "codigo_sac": "FV001", "gestor": "HANNER RAMIREZ POVEDA", "cord_x": 95868.750218300003, "cord_y": 93368.257744999995 }, "geometry": { "type": "Point", "coordinates": [ -74.11476, 4.536281 ] } },
{ "type": "Feature", "properties": { "categoria": "Zonas con riesgo de incendio forestal", "localidad": "USME", "direccion": "EMBALSE LA REGADERA", "cod_locali": 5.0, "grupo_sac": "Gestión de riesgos", "sac": "Incendios", "codigo_sac": "GI001", "gestor": "HANNER RAMIREZ POVEDA", "cord_x": 92951.324481599993, "cord_y": 78332.333461400005 }, "geometry": { "type": "Point", "coordinates": [ -74.14104, 4.400364 ] } },
{ "type": "Feature", "properties": { "categoria": "Zonas con riesgo de incendio forestal", "localidad": "USME", "direccion": "CL 64B SUR 7B 28 ESTE", "cod_locali": 5.0, "grupo_sac": "Gestión de riesgos", "sac": "Incendios", "codigo_sac": "GI001", "gestor": "HANNER RAMIREZ POVEDA", "cord_x": 97332.216854099999, "cord_y": 92820.186214600006 }, "geometry": { "type": "Point", "coordinates": [ -74.101578, 4.531326 ] } },
{ "type": "Feature", "properties": { "categoria": "Zonas con riesgo de incendio forestal", "localidad": "USME", "direccion": "KR 18 ESTE 87 C 40 SUR", "cod_locali": 5.0, "grupo_sac": "Gestión de riesgos", "sac": "Incendios", "codigo_sac": "GI001", "gestor": "HANNER RAMIREZ POVEDA", "cord_x": 99614.835437600006, "cord_y": 89437.212934499999 }, "geometry": { "type": "Point", "coordinates": [ -74.08102, 4.500744 ] } },
{ "type": "Feature", "properties": { "categoria": "Zonas con riesgo de incendio forestal", "localidad": "USME", "direccion": "CL 84 SUR 14R 15", "cod_locali": 5.0, "grupo_sac": "Gestión de riesgos", "sac": "Incendios", "codigo_sac": "GI001", "gestor": "HANNER RAMIREZ POVEDA", "cord_x": 94815.615069599997, "cord_y": 90517.180516799999 }, "geometry": { "type": "Point", "coordinates": [ -74.124247, 4.510509 ] } },
{ "type": "Feature", "properties": { "categoria": "Desbordamientos de canales y quebradas", "localidad": "USME", "direccion": "QUEBRADA PIEDRA GORDA", "cod_locali": 5.0, "grupo_sac": "Gestión de riesgos", "sac": "Inundaciones", "codigo_sac": "GIN003", "gestor": "HANNER RAMIREZ POVEDA", "cord_x": 93935.609244699997, "cord_y": 76011.987340199994 }, "geometry": { "type": "Point", "coordinates": [ -74.132176, 4.379389 ] } },
{ "type": "Feature", "properties": { "categoria": "Desbordamientos de canales y quebradas", "localidad": "USME", "direccion": "RIO MUGROSO", "cod_locali": 5.0, "grupo_sac": "Gestión de riesgos", "sac": "Inundaciones", "codigo_sac": "GIN003", "gestor": "HANNER RAMIREZ POVEDA", "cord_x": 89381.732432000004, "cord_y": 70455.888742399999 }, "geometry": { "type": "Point", "coordinates": [ -74.173185, 4.329164 ] } },
{ "type": "Feature", "properties": { "categoria": "Emposamiento y encharcamiento", "localidad": "USME", "direccion": "QUEBRADA EL PIOJO", "cod_locali": 5.0, "grupo_sac": "Gestión de riesgos", "sac": "Inundaciones", "codigo_sac": "GIN004", "gestor": "HANNER RAMIREZ POVEDA", "cord_x": 95331.846288300003, "cord_y": 88008.436722600003 }, "geometry": { "type": "Point", "coordinates": [ -74.119598, 4.487831 ] } },
{ "type": "Feature", "properties": { "categoria": "Emposamiento y encharcamiento", "localidad": "USME", "direccion": "QUEBRADA HOYA EL RAMO", "cod_locali": 5.0, "grupo_sac": "Gestión de riesgos", "sac": "Inundaciones", "codigo_sac": "GIN004", "gestor": "HANNER RAMIREZ POVEDA", "cord_x": 95802.587531900004, "cord_y": 93281.635139499995 }, "geometry": { "type": "Point", "coordinates": [ -74.115356, 4.535498 ] } },
{ "type": "Feature", "properties": { "categoria": "Zonas con riesgo de remoción en masa, flujos y receptaciones", "localidad": "USME", "direccion": "CL 71G SUR 8A 25", "cod_locali": 5.0, "grupo_sac": "Gestión de riesgos", "sac": "Movimiento en masa", "codigo_sac": "GM002", "gestor": "HANNER RAMIREZ POVEDA", "cord_x": 95914.229631900002, "cord_y": 91719.387762700004 }, "geometry": { "type": "Point", "coordinates": [ -74.114351, 4.521376 ] } },
{ "type": "Feature", "properties": { "categoria": "Zonas con riesgo de remoción en masa, flujos y receptaciones", "localidad": "USME", "direccion": "CL 89BIS SUR 10C 41 ESTE", "cod_locali": 5.0, "grupo_sac": "Gestión de riesgos", "sac": "Movimiento en masa", "codigo_sac": "GM002", "gestor": "HANNER RAMIREZ POVEDA", "cord_x": 98060.398231700005, "cord_y": 89509.879732999994 }, "geometry": { "type": "Point", "coordinates": [ -74.095021, 4.501402 ] } },
{ "type": "Feature", "properties": { "categoria": "Zonas con riesgo de remoción en masa, flujos y receptaciones", "localidad": "USME", "direccion": "KR 24 ESTE 92 54 SUR", "cod_locali": 5.0, "grupo_sac": "Gestión de riesgos", "sac": "Movimiento en masa", "codigo_sac": "GM002", "gestor": "HANNER RAMIREZ POVEDA", "cord_x": 99781.272197099999, "cord_y": 89291.755653500004 }, "geometry": { "type": "Point", "coordinates": [ -74.079521, 4.499429 ] } },
{ "type": "Feature", "properties": { "categoria": "Invasión de áreas protegidas", "localidad": "USME", "direccion": "KR 11C ESTE 74A 61 SUR", "cod_locali": 5.0, "grupo_sac": "Ordenamiento ambiental de territorio", "sac": "Usos del suelo", "codigo_sac": "OU002", "gestor": "HANNER RAMIREZ POVEDA", "cord_x": 97976.893872300003, "cord_y": 91319.815961900007 }, "geometry": { "type": "Point", "coordinates": [ -74.095772, 4.517763 ] } },
{ "type": "Feature", "properties": { "categoria": "Invasión de áreas protegidas", "localidad": "USME", "direccion": "DG 97 S 7C 09 ESTE", "cod_locali": 5.0, "grupo_sac": "Ordenamiento ambiental de territorio", "sac": "Usos del suelo", "codigo_sac": "OU002", "gestor": "HANNER RAMIREZ POVEDA", "cord_x": 97631.135819899995, "cord_y": 88547.631238000002 }, "geometry": { "type": "Point", "coordinates": [ -74.098888, 4.492704 ] } },
{ "type": "Feature", "properties": { "categoria": "Invasión de áreas protegidas", "localidad": "USME", "direccion": "KR 10C ESTE 107 00 SUR", "cod_locali": 5.0, "grupo_sac": "Ordenamiento ambiental de territorio", "sac": "Usos del suelo", "codigo_sac": "OU002", "gestor": "HANNER RAMIREZ POVEDA", "cord_x": 97911.714957400007, "cord_y": 88239.447828899996 }, "geometry": { "type": "Point", "coordinates": [ -74.096361, 4.489918 ] } },
{ "type": "Feature", "properties": { "categoria": "Expansión urbana y asentamientos ilegales", "localidad": "USME", "direccion": "REQUILINA", "cod_locali": 5.0, "grupo_sac": "Ordenamiento ambiental de territorio", "sac": "Usos del suelo", "codigo_sac": "OU001", "gestor": "HANNER RAMIREZ POVEDA", "cord_x": 95588.047096800001, "cord_y": 86343.757404400007 }, "geometry": { "type": "Point", "coordinates": [ -74.117291, 4.472783 ] } },
{ "type": "Feature", "properties": { "categoria": "Expansión urbana y asentamientos ilegales", "localidad": "USME", "direccion": "LOS CHILCOS", "cod_locali": 5.0, "grupo_sac": "Ordenamiento ambiental de territorio", "sac": "Usos del suelo", "codigo_sac": "OU001", "gestor": "HANNER RAMIREZ POVEDA", "cord_x": 94387.422703699995, "cord_y": 85439.246452000007 }, "geometry": { "type": "Point", "coordinates": [ -74.128105, 4.464607 ] } },
{ "type": "Feature", "properties": { "categoria": "Necesidad de procesos de educación ambiental comunitaria", "localidad": "USME", "direccion": "KR 7A ESTE 76D 20 SUR", "cod_locali": 5.0, "grupo_sac": "Participación y educación ambiental", "sac": "Educación ambiental", "codigo_sac": "PE002", "gestor": "HANNER RAMIREZ POVEDA", "cord_x": 97427.158310900006, "cord_y": 90730.920402999996 }, "geometry": { "type": "Point", "coordinates": [ -74.100724, 4.51244 ] } },
{ "type": "Feature", "properties": { "categoria": "Necesidad de procesos de educación ambiental comunitaria", "localidad": "USME", "direccion": "ARRAYANES", "cod_locali": 5.0, "grupo_sac": "Participación y educación ambiental", "sac": "Educación ambiental", "codigo_sac": "PE002", "gestor": "HANNER RAMIREZ POVEDA", "cord_x": 91620.714307400005, "cord_y": 73330.094944500001 }, "geometry": { "type": "Point", "coordinates": [ -74.153023, 4.355146 ] } },
{ "type": "Feature", "properties": { "categoria": "Falta visibilización y fortalecimiento a iniciativas comunitarias", "localidad": "USME", "direccion": "DG 75A BIS  SUR 8 07", "cod_locali": 5.0, "grupo_sac": "Participación y educación ambiental", "sac": "Reconocimiento territorial", "codigo_sac": "PR001", "gestor": "HANNER RAMIREZ POVEDA", "cord_x": 96440.6145254, "cord_y": 90928.551850400007 }, "geometry": { "type": "Point", "coordinates": [ -74.10961, 4.514227 ] } },
{ "type": "Feature", "properties": { "categoria": "Necesidad de procesos de participación ciudadana en el territorio", "localidad": "USME", "direccion": "KR 18 ESTE 87 C 40 SUR", "cod_locali": 5.0, "grupo_sac": "Participación y educación ambiental", "sac": "Reconocimiento territorial", "codigo_sac": "PR002", "gestor": "HANNER RAMIREZ POVEDA", "cord_x": 99614.835437600006, "cord_y": 89437.212934499999 }, "geometry": { "type": "Point", "coordinates": [ -74.08102, 4.500744 ] } },
{ "type": "Feature", "properties": { "categoria": "Vertimientos aguas residuales domesticas", "localidad": "USME", "direccion": "CL 134 SUR 14F 47", "cod_locali": 5.0, "grupo_sac": "Estructura ecológica principal y espacios del agua", "sac": "Contaminación Hídrica", "codigo_sac": "EH003", "gestor": "HANNER RAMIREZ POVEDA", "cord_x": 94894.778131800005, "cord_y": 86843.758856600005 }, "geometry": { "type": "Point", "coordinates": [ -74.123535, 4.477303 ] } },
{ "type": "Feature", "properties": { "categoria": "Disposición inadecuada de residuos sólidos", "localidad": "USME", "direccion": "KR 7  108 01 sur", "cod_locali": 5.0, "grupo_sac": "Contaminación", "sac": "Manejo inadecuado de residuos sólidos", "codigo_sac": "CR004", "gestor": "HANNER RAMIREZ POVEDA", "cord_x": 95739.706638799995, "cord_y": 88534.176958199998 }, "geometry": { "type": "Point", "coordinates": [ -74.115924205999988, 4.492583296000021 ] } },
{ "type": "Feature", "properties": { "categoria": "Disposición inadecuada de residuos sólidos", "localidad": "USME", "direccion": "CL 76 sur  14A 01", "cod_locali": 5.0, "grupo_sac": "Contaminación", "sac": "Manejo inadecuado de residuos sólidos", "codigo_sac": "CR004", "gestor": "HANNER RAMIREZ POVEDA", "cord_x": 95634.170261699997, "cord_y": 90815.495658800006 }, "geometry": { "type": "Point", "coordinates": [ -74.116873940999938, 4.513205361000075 ] } },
{ "type": "Feature", "properties": { "categoria": "Disposición inadecuada de residuos sólidos", "localidad": "USME", "direccion": "CL 90 sur  8 01", "cod_locali": 5.0, "grupo_sac": "Contaminación", "sac": "Manejo inadecuado de residuos sólidos", "codigo_sac": "CR004", "gestor": "HANNER RAMIREZ POVEDA", "cord_x": 96263.594184200003, "cord_y": 89889.4527 }, "geometry": { "type": "Point", "coordinates": [ -74.111204932999954, 4.50483412400007 ] } },
{ "type": "Feature", "properties": { "categoria": "Disposición inadecuada de residuos sólidos", "localidad": "USME", "direccion": "DG 57A  SUR 3B 01", "cod_locali": 5.0, "grupo_sac": "Contaminación", "sac": "Manejo inadecuado de residuos sólidos", "codigo_sac": "CR004", "gestor": "HANNER RAMIREZ POVEDA", "cord_x": 97249.762891399994, "cord_y": 93945.002182900003 }, "geometry": { "type": "Point", "coordinates": [ -74.102320086999953, 4.541493831000025 ] } },
{ "type": "Feature", "properties": { "categoria": "Disposición inadecuada de residuos sólidos", "localidad": "USME", "direccion": "KR 14A  70 bis Sur 02", "cod_locali": 5.0, "grupo_sac": "Contaminación", "sac": "Manejo inadecuado de residuos sólidos", "codigo_sac": "CR004", "gestor": "HANNER RAMIREZ POVEDA", "cord_x": 95461.933718700006, "cord_y": 91776.792726300002 }, "geometry": { "type": "Point", "coordinates": [ -74.118424992999962, 4.521895083000061 ] } },
{ "type": "Feature", "properties": { "categoria": "Disposición inadecuada de residuos sólidos", "localidad": "USME", "direccion": "CL 76 B Sur 14 F 01", "cod_locali": 5.0, "grupo_sac": "Contaminación", "sac": "Manejo inadecuado de residuos sólidos", "codigo_sac": "CR004", "gestor": "HANNER RAMIREZ POVEDA", "cord_x": 95506.392944199994, "cord_y": 90697.590141699999 }, "geometry": { "type": "Point", "coordinates": [ -74.118024911999953, 4.512139598000033 ] } },
{ "type": "Feature", "properties": { "categoria": "Disposición inadecuada de residuos sólidos", "localidad": "USME", "direccion": "CL 78 Sur 14 01", "cod_locali": 5.0, "grupo_sac": "Contaminación", "sac": "Manejo inadecuado de residuos sólidos", "codigo_sac": "CR004", "gestor": "HANNER RAMIREZ POVEDA", "cord_x": 95876.707585099997, "cord_y": 90512.417312899997 }, "geometry": { "type": "Point", "coordinates": [ -74.114689452999983, 4.510465586000066 ] } },
{ "type": "Feature", "properties": { "categoria": "Disposición inadecuada de residuos sólidos", "localidad": "USME", "direccion": "CL 75C Bis Sur  8 A Bis 01", "cod_locali": 5.0, "grupo_sac": "Contaminación", "sac": "Manejo inadecuado de residuos sólidos", "codigo_sac": "CR004", "gestor": "HANNER RAMIREZ POVEDA", "cord_x": 96341.854980400007, "cord_y": 90829.800115399994 }, "geometry": { "type": "Point", "coordinates": [ -74.110499602999937, 4.513334377000035 ] } },
{ "type": "Feature", "properties": { "categoria": "Disposición inadecuada de residuos sólidos", "localidad": "USME", "direccion": "Calle 76B Sur  14B 01", "cod_locali": 5.0, "grupo_sac": "Contaminación", "sac": "Manejo inadecuado de residuos sólidos", "codigo_sac": "CR004", "gestor": "HANNER RAMIREZ POVEDA", "cord_x": 95647.710117299997, "cord_y": 90653.415124299994 }, "geometry": { "type": "Point", "coordinates": [ -74.116752042999963, 4.511740226000029 ] } },
{ "type": "Feature", "properties": { "categoria": "Disposición inadecuada de residuos sólidos", "localidad": "USME", "direccion": "KR 14 93B Sur 01", "cod_locali": 5.0, "grupo_sac": "Contaminación", "sac": "Manejo inadecuado de residuos sólidos", "codigo_sac": "CR004", "gestor": "HANNER RAMIREZ POVEDA", "cord_x": 95754.987643500004, "cord_y": 89703.672525700007 }, "geometry": { "type": "Point", "coordinates": [ -74.115786124999943, 4.503154970000026 ] } },
{ "type": "Feature", "properties": { "categoria": "Disposición inadecuada de residuos sólidos", "localidad": "USME", "direccion": "Calle 74B Bis Sur 14 U 01", "cod_locali": 5.0, "grupo_sac": "Contaminación", "sac": "Manejo inadecuado de residuos sólidos", "codigo_sac": "CR004", "gestor": "HANNER RAMIREZ POVEDA", "cord_x": 95599.411175500005, "cord_y": 91053.510797399998 }, "geometry": { "type": "Point", "coordinates": [ -74.117186939999954, 4.515356915000041 ] } },
{ "type": "Feature", "properties": { "categoria": "Disposición inadecuada de residuos sólidos", "localidad": "USME", "direccion": "KR 14L 72 Sur 01", "cod_locali": 5.0, "grupo_sac": "Contaminación", "sac": "Manejo inadecuado de residuos sólidos", "codigo_sac": "CR004", "gestor": "HANNER RAMIREZ POVEDA", "cord_x": 95242.378822400002, "cord_y": 91503.303228999997 }, "geometry": { "type": "Point", "coordinates": [ -74.120402702999968, 4.519422945000031 ] } },
{ "type": "Feature", "properties": { "categoria": "Disposición inadecuada de residuos sólidos", "localidad": "USME", "direccion": "Calle 81 Sur  6 01", "cod_locali": 5.0, "grupo_sac": "Contaminación", "sac": "Manejo inadecuado de residuos sólidos", "codigo_sac": "CR004", "gestor": "HANNER RAMIREZ POVEDA", "cord_x": 96519.088338799993, "cord_y": 90373.158672000005 }, "geometry": { "type": "Point", "coordinates": [ -74.108903419999933, 4.509206478000067 ] } },
{ "type": "Feature", "properties": { "categoria": "Disposición inadecuada de residuos sólidos", "localidad": "USME", "direccion": "Calle 136 Sur  14F 01", "cod_locali": 5.0, "grupo_sac": "Contaminación", "sac": "Manejo inadecuado de residuos sólidos", "codigo_sac": "CR004", "gestor": "HANNER RAMIREZ POVEDA", "cord_x": 94845.359120399997, "cord_y": 86693.374446200003 }, "geometry": { "type": "Point", "coordinates": [ -74.123980151999945, 4.475943610000058 ] } },
{ "type": "Feature", "properties": { "categoria": "Disposición inadecuada de residuos sólidos", "localidad": "USME", "direccion": "KR 14 137B 21 SUR", "cod_locali": 5.0, "grupo_sac": "Contaminación", "sac": "Manejo inadecuado de residuos sólidos", "codigo_sac": "CR004", "gestor": "HANNER RAMIREZ POVEDA", "cord_x": 94702.667952699994, "cord_y": 86134.144718700001 }, "geometry": { "type": "Point", "coordinates": [ -74.12526549599994, 4.470888476000027 ] } },
{ "type": "Feature", "properties": { "categoria": "Disposición inadecuada de residuos sólidos", "localidad": "USME", "direccion": "KR 14 104 84 SUR", "cod_locali": 5.0, "grupo_sac": "Contaminación", "sac": "Manejo inadecuado de residuos sólidos", "codigo_sac": "CR004", "gestor": "HANNER RAMIREZ POVEDA", "cord_x": 95434.5067882, "cord_y": 88705.5172972 }, "geometry": { "type": "Point", "coordinates": [ -74.118673097999988, 4.494132241000045 ] } },
{ "type": "Feature", "properties": { "categoria": "Disposición inadecuada de residuos sólidos", "localidad": "USME", "direccion": "KR 13 91B 00 SUR", "cod_locali": 5.0, "grupo_sac": "Contaminación", "sac": "Manejo inadecuado de residuos sólidos", "codigo_sac": "CR004", "gestor": "HANNER RAMIREZ POVEDA", "cord_x": 95911.252875299993, "cord_y": 89952.450295600007 }, "geometry": { "type": "Point", "coordinates": [ -74.114378516999977, 4.505403740000077 ] } },
{ "type": "Feature", "properties": { "categoria": "Disposición inadecuada de residuos sólidos", "localidad": "USME", "direccion": "KR 14 78 02 SUR", "cod_locali": 5.0, "grupo_sac": "Contaminación", "sac": "Manejo inadecuado de residuos sólidos", "codigo_sac": "CR004", "gestor": "HANNER RAMIREZ POVEDA", "cord_x": 95915.313827799997, "cord_y": 90522.498107099993 }, "geometry": { "type": "Point", "coordinates": [ -74.114341711999941, 4.510556696000037 ] } },
{ "type": "Feature", "properties": { "categoria": "Disposición inadecuada de residuos sólidos", "localidad": "USME", "direccion": "CL 76B SUR 11 00", "cod_locali": 5.0, "grupo_sac": "Contaminación", "sac": "Manejo inadecuado de residuos sólidos", "codigo_sac": "CR004", "gestor": "HANNER RAMIREZ POVEDA", "cord_x": 95932.898347299997, "cord_y": 90655.871050400005 }, "geometry": { "type": "Point", "coordinates": [ -74.114183269999955, 4.511762316000045 ] } },
{ "type": "Feature", "properties": { "categoria": "Disposición inadecuada de residuos sólidos", "localidad": "USME", "direccion": "KR 3D 100 66 SUR", "cod_locali": 5.0, "grupo_sac": "Contaminación", "sac": "Manejo inadecuado de residuos sólidos", "codigo_sac": "CR004", "gestor": "HANNER RAMIREZ POVEDA", "cord_x": 96141.016991500001, "cord_y": 88925.421932500001 }, "geometry": { "type": "Point", "coordinates": [ -74.112309417999938, 4.496119802000067 ] } },
{ "type": "Feature", "properties": { "categoria": "Disposición inadecuada de residuos sólidos", "localidad": "USME", "direccion": "KR 5B 100B 05 SUR", "cod_locali": 5.0, "grupo_sac": "Contaminación", "sac": "Manejo inadecuado de residuos sólidos", "codigo_sac": "CR004", "gestor": "HANNER RAMIREZ POVEDA", "cord_x": 95973.9914708, "cord_y": 89016.165759299998 }, "geometry": { "type": "Point", "coordinates": [ -74.113813795999988, 4.496940152000036 ] } },
{ "type": "Feature", "properties": { "categoria": "Disposición inadecuada de residuos sólidos", "localidad": "USME", "direccion": "CL 88J SUR 10D 52 ESTE", "cod_locali": 5.0, "grupo_sac": "Contaminación", "sac": "Manejo inadecuado de residuos sólidos", "codigo_sac": "CR004", "gestor": "HANNER RAMIREZ POVEDA", "cord_x": 98151.491483299993, "cord_y": 89546.629551899998 }, "geometry": { "type": "Point", "coordinates": [ -74.094200484999988, 4.501734142000032 ] } },
{ "type": "Feature", "properties": { "categoria": "Disposición inadecuada de residuos sólidos", "localidad": "USME", "direccion": "KR 8D ESTE 89A 04 SUR", "cod_locali": 5.0, "grupo_sac": "Contaminación", "sac": "Manejo inadecuado de residuos sólidos", "codigo_sac": "CR004", "gestor": "HANNER RAMIREZ POVEDA", "cord_x": 97663.793146099997, "cord_y": 89444.874666400006 }, "geometry": { "type": "Point", "coordinates": [ -74.098593322999989, 4.500814630000036 ] } },
{ "type": "Feature", "properties": { "categoria": "Disposición inadecuada de residuos sólidos", "localidad": "USME", "direccion": "CL 89 SUR 6C 03 ESTE", "cod_locali": 5.0, "grupo_sac": "Contaminación", "sac": "Manejo inadecuado de residuos sólidos", "codigo_sac": "CR004", "gestor": "HANNER RAMIREZ POVEDA", "cord_x": 97305.768490300004, "cord_y": 89513.797184700001 }, "geometry": { "type": "Point", "coordinates": [ -74.101818066999954, 4.501437862000046 ] } },
{ "type": "Feature", "properties": { "categoria": "Disposición inadecuada de residuos sólidos", "localidad": "USME", "direccion": "CL 139 SUR 14H 33", "cod_locali": 5.0, "grupo_sac": "Contaminación", "sac": "Manejo inadecuado de residuos sólidos", "codigo_sac": "CR004", "gestor": "HANNER RAMIREZ POVEDA", "cord_x": 94092.133570399994, "cord_y": 86252.451721300007 }, "geometry": { "type": "Point", "coordinates": [ -74.130764425999985, 4.471958055000073 ] } },
{ "type": "Feature", "properties": { "categoria": "Disposición inadecuada de residuos sólidos", "localidad": "USME", "direccion": "CL 112 SUR 9 55 ESTE", "cod_locali": 5.0, "grupo_sac": "Contaminación", "sac": "Manejo inadecuado de residuos sólidos", "codigo_sac": "CR004", "gestor": "HANNER RAMIREZ POVEDA", "cord_x": 97875.863048600004, "cord_y": 87895.351153800002 }, "geometry": { "type": "Point", "coordinates": [ -74.096684129999971, 4.486807553000062 ] } },
{ "type": "Feature", "properties": { "categoria": "Disposición inadecuada de residuos sólidos", "localidad": "USME", "direccion": "CL 111A SUR 8A 18 ESTE", "cod_locali": 5.0, "grupo_sac": "Contaminación", "sac": "Manejo inadecuado de residuos sólidos", "codigo_sac": "CR004", "gestor": "HANNER RAMIREZ POVEDA", "cord_x": 97571.992982299998, "cord_y": 87781.897915900001 }, "geometry": { "type": "Point", "coordinates": [ -74.099421146999987, 4.485782172000029 ] } },
{ "type": "Feature", "properties": { "categoria": "Disposición inadecuada de residuos sólidos", "localidad": "USME", "direccion": "KR 6A ESTE 107A 25 SUR", "cod_locali": 5.0, "grupo_sac": "Contaminación", "sac": "Manejo inadecuado de residuos sólidos", "codigo_sac": "CR004", "gestor": "HANNER RAMIREZ POVEDA", "cord_x": 96845.081034500006, "cord_y": 87951.403353300004 }, "geometry": { "type": "Point", "coordinates": [ -74.105968333999954, 4.487314814000058 ] } },
{ "type": "Feature", "properties": { "categoria": "Disposición inadecuada de residuos sólidos", "localidad": "USME", "direccion": "DG 97 S 7C 09 ESTE", "cod_locali": 5.0, "grupo_sac": "Contaminación", "sac": "Manejo inadecuado de residuos sólidos", "codigo_sac": "CR004", "gestor": "HANNER RAMIREZ POVEDA", "cord_x": 97392.741860399998, "cord_y": 88865.887907299999 }, "geometry": { "type": "Point", "coordinates": [ -74.101035047999972, 4.495581025000035 ] } },
{ "type": "Feature", "properties": { "categoria": "Disposición inadecuada de residuos sólidos", "localidad": "USME", "direccion": "CL 104 SUR 8A 11 ESTE", "cod_locali": 5.0, "grupo_sac": "Contaminación", "sac": "Manejo inadecuado de residuos sólidos", "codigo_sac": "CR004", "gestor": "HANNER RAMIREZ POVEDA", "cord_x": 97496.124112599995, "cord_y": 88247.6871789 }, "geometry": { "type": "Point", "coordinates": [ -74.100104228999953, 4.489992728000061 ] } },
{ "type": "Feature", "properties": { "categoria": "Disposición inadecuada de residuos sólidos", "localidad": "USME", "direccion": "KR 8 ESTE 99A 04 SUR", "cod_locali": 5.0, "grupo_sac": "Contaminación", "sac": "Manejo inadecuado de residuos sólidos", "codigo_sac": "CR004", "gestor": "HANNER RAMIREZ POVEDA", "cord_x": 97301.880288800006, "cord_y": 88297.864235000001 }, "geometry": { "type": "Point", "coordinates": [ -74.101853758999937, 4.490446414000075 ] } },
{ "type": "Feature", "properties": { "categoria": "Disposición inadecuada de residuos sólidos", "localidad": "USME", "direccion": "CL 101 SUR 6F 04 ESTE", "cod_locali": 5.0, "grupo_sac": "Contaminación", "sac": "Manejo inadecuado de residuos sólidos", "codigo_sac": "CR004", "gestor": "HANNER RAMIREZ POVEDA", "cord_x": 97110.521803399999, "cord_y": 88287.359728800002 }, "geometry": { "type": "Point", "coordinates": [ -74.103577334999954, 4.490351562000058 ] } },
{ "type": "Feature", "properties": { "categoria": "Disposición inadecuada de residuos sólidos", "localidad": "USME", "direccion": "CL 97D SUR 7 97 ESTE", "cod_locali": 5.0, "grupo_sac": "Contaminación", "sac": "Manejo inadecuado de residuos sólidos", "codigo_sac": "CR004", "gestor": "HANNER RAMIREZ POVEDA", "cord_x": 97275.545125599994, "cord_y": 88787.7371595 }, "geometry": { "type": "Point", "coordinates": [ -74.102090691999933, 4.494874645000039 ] } },
{ "type": "Feature", "properties": { "categoria": "Disposición inadecuada de residuos sólidos", "localidad": "USME", "direccion": "CL 91 SUR 2A 07 ESTE", "cod_locali": 5.0, "grupo_sac": "Contaminación", "sac": "Manejo inadecuado de residuos sólidos", "codigo_sac": "CR004", "gestor": "HANNER RAMIREZ POVEDA", "cord_x": 96882.744548300005, "cord_y": 89050.331231499993 }, "geometry": { "type": "Point", "coordinates": [ -74.105628544999945, 4.49724857700005 ] } },
{ "type": "Feature", "properties": { "categoria": "Disposición inadecuada de residuos sólidos", "localidad": "USME", "direccion": "KR 8A ESTE 90 57 SUR", "cod_locali": 5.0, "grupo_sac": "Contaminación", "sac": "Manejo inadecuado de residuos sólidos", "codigo_sac": "CR004", "gestor": "HANNER RAMIREZ POVEDA", "cord_x": 97558.4822537, "cord_y": 89207.1897818 }, "geometry": { "type": "Point", "coordinates": [ -74.099542011999972, 4.498666135000065 ] } },
{ "type": "Feature", "properties": { "categoria": "Disposición inadecuada de residuos sólidos", "localidad": "USME", "direccion": "KR 8D BIS  ESTE 89B 04 SUR", "cod_locali": 5.0, "grupo_sac": "Contaminación", "sac": "Manejo inadecuado de residuos sólidos", "codigo_sac": "CR004", "gestor": "HANNER RAMIREZ POVEDA", "cord_x": 97676.727542199995, "cord_y": 89412.773586099996 }, "geometry": { "type": "Point", "coordinates": [ -74.098476839999989, 4.500524444000064 ] } },
{ "type": "Feature", "properties": { "categoria": "Disposición inadecuada de residuos sólidos", "localidad": "USME", "direccion": "KR 7F ESTE 87G 16 SUR", "cod_locali": 5.0, "grupo_sac": "Contaminación", "sac": "Manejo inadecuado de residuos sólidos", "codigo_sac": "CR004", "gestor": "HANNER RAMIREZ POVEDA", "cord_x": 97471.935150599995, "cord_y": 89926.208962799996 }, "geometry": { "type": "Point", "coordinates": [ -74.100321141999984, 4.505165772000055 ] } },
{ "type": "Feature", "properties": { "categoria": "Disposición inadecuada de residuos sólidos", "localidad": "USME", "direccion": "CL 81A SUR 9 20 ESTE", "cod_locali": 5.0, "grupo_sac": "Contaminación", "sac": "Manejo inadecuado de residuos sólidos", "codigo_sac": "CR004", "gestor": "HANNER RAMIREZ POVEDA", "cord_x": 97626.219061600001, "cord_y": 90417.5342102 }, "geometry": { "type": "Point", "coordinates": [ -74.098931185999959, 4.509607025000037 ] } },
{ "type": "Feature", "properties": { "categoria": "Disposición inadecuada de residuos sólidos", "localidad": "USME", "direccion": "KR 10A ESTE 87A 02 SUR", "cod_locali": 5.0, "grupo_sac": "Contaminación", "sac": "Manejo inadecuado de residuos sólidos", "codigo_sac": "CR004", "gestor": "HANNER RAMIREZ POVEDA", "cord_x": 97671.905985999998, "cord_y": 90208.885451099995 }, "geometry": { "type": "Point", "coordinates": [ -74.098519795999948, 4.50772091400006 ] } },
{ "type": "Feature", "properties": { "categoria": "Disposición inadecuada de residuos sólidos", "localidad": "USME", "direccion": "KR 11F ESTE 81 00 SUR", "cod_locali": 5.0, "grupo_sac": "Contaminación", "sac": "Manejo inadecuado de residuos sólidos", "codigo_sac": "CR004", "gestor": "HANNER RAMIREZ POVEDA", "cord_x": 98161.639668999997, "cord_y": 90491.796660599997 }, "geometry": { "type": "Point", "coordinates": [ -74.094108465999966, 4.510277989000031 ] } },
{ "type": "Feature", "properties": { "categoria": "Disposición inadecuada de residuos sólidos", "localidad": "USME", "direccion": "CL 76D SUR 13C 04 ESTE", "cod_locali": 5.0, "grupo_sac": "Contaminación", "sac": "Manejo inadecuado de residuos sólidos", "codigo_sac": "CR004", "gestor": "HANNER RAMIREZ POVEDA", "cord_x": 98358.136734600004, "cord_y": 90710.329417999994 }, "geometry": { "type": "Point", "coordinates": [ -74.09233841799994, 4.512253289000057 ] } },
{ "type": "Feature", "properties": { "categoria": "Disposición inadecuada de residuos sólidos", "localidad": "USME", "direccion": "KR 13B ESTE 75B 00 SUR", "cod_locali": 5.0, "grupo_sac": "Contaminación", "sac": "Manejo inadecuado de residuos sólidos", "codigo_sac": "CR004", "gestor": "HANNER RAMIREZ POVEDA", "cord_x": 98309.229649200002, "cord_y": 91174.884164500007 }, "geometry": { "type": "Point", "coordinates": [ -74.092778628999952, 4.516452671000025 ] } },
{ "type": "Feature", "properties": { "categoria": "Disposición inadecuada de residuos sólidos", "localidad": "USME", "direccion": "KR 19 ESTE 80A 86 SUR", "cod_locali": 5.0, "grupo_sac": "Contaminación", "sac": "Manejo inadecuado de residuos sólidos", "codigo_sac": "CR004", "gestor": "HANNER RAMIREZ POVEDA", "cord_x": 99051.699556499996, "cord_y": 90154.746458299996 }, "geometry": { "type": "Point", "coordinates": [ -74.086091711999984, 4.507230595000067 ] } },
{ "type": "Feature", "properties": { "categoria": "Disposición inadecuada de residuos sólidos", "localidad": "USME", "direccion": "KR 23 ESTE 90 22 SUR", "cod_locali": 5.0, "grupo_sac": "Contaminación", "sac": "Manejo inadecuado de residuos sólidos", "codigo_sac": "CR004", "gestor": "HANNER RAMIREZ POVEDA", "cord_x": 99550.408934299994, "cord_y": 89606.799449500002 }, "geometry": { "type": "Point", "coordinates": [ -74.081600162999962, 4.502277032000052 ] } },
{ "type": "Feature", "properties": { "categoria": "Disposición inadecuada de residuos sólidos", "localidad": "USME", "direccion": "KR 24 ESTE 92 00 SUR", "cod_locali": 5.0, "grupo_sac": "Contaminación", "sac": "Manejo inadecuado de residuos sólidos", "codigo_sac": "CR004", "gestor": "HANNER RAMIREZ POVEDA", "cord_x": 99741.956545299996, "cord_y": 89368.572983000005 }, "geometry": { "type": "Point", "coordinates": [ -74.079875057999971, 4.500123424000037 ] } },
{ "type": "Feature", "properties": { "categoria": "Disposición inadecuada de residuos sólidos", "localidad": "USME", "direccion": "CL 91C SUR 13G 45 ESTE", "cod_locali": 5.0, "grupo_sac": "Contaminación", "sac": "Manejo inadecuado de residuos sólidos", "codigo_sac": "CR004", "gestor": "HANNER RAMIREZ POVEDA", "cord_x": 99016.682377100005, "cord_y": 89155.386185800002 }, "geometry": { "type": "Point", "coordinates": [ -74.086407861999987, 4.498196888000052 ] } },
{ "type": "Feature", "properties": { "categoria": "Disposición inadecuada de residuos sólidos", "localidad": "USME", "direccion": "KR 13G ESTE 90A 04 SUR", "cod_locali": 5.0, "grupo_sac": "Contaminación", "sac": "Manejo inadecuado de residuos sólidos", "codigo_sac": "CR004", "gestor": "HANNER RAMIREZ POVEDA", "cord_x": 98904.771343400003, "cord_y": 89364.694088400007 }, "geometry": { "type": "Point", "coordinates": [ -74.087415704999955, 4.500089013000036 ] } },
{ "type": "Feature", "properties": { "categoria": "Disposición inadecuada de residuos sólidos", "localidad": "USME", "direccion": "CL 90B SUR 12F 06 ESTE", "cod_locali": 5.0, "grupo_sac": "Contaminación", "sac": "Manejo inadecuado de residuos sólidos", "codigo_sac": "CR004", "gestor": "HANNER RAMIREZ POVEDA", "cord_x": 98588.639651599995, "cord_y": 89231.526249699993 }, "geometry": { "type": "Point", "coordinates": [ -74.090263239999956, 4.498885466000047 ] } },
{ "type": "Feature", "properties": { "categoria": "Disposición inadecuada de residuos sólidos", "localidad": "USME", "direccion": "KR 12B ESTE 88F 07 SUR", "cod_locali": 5.0, "grupo_sac": "Contaminación", "sac": "Manejo inadecuado de residuos sólidos", "codigo_sac": "CR004", "gestor": "HANNER RAMIREZ POVEDA", "cord_x": 98378.377855400002, "cord_y": 89742.943920799997 }, "geometry": { "type": "Point", "coordinates": [ -74.092156750999948, 4.503508579000027 ] } },
{ "type": "Feature", "properties": { "categoria": "Disposición inadecuada de residuos sólidos", "localidad": "USME", "direccion": "KR 12B 89 17 SUR", "cod_locali": 5.0, "grupo_sac": "Contaminación", "sac": "Manejo inadecuado de residuos sólidos", "codigo_sac": "CR004", "gestor": "HANNER RAMIREZ POVEDA", "cord_x": 96407.403575699995, "cord_y": 89860.057634099998 }, "geometry": { "type": "Point", "coordinates": [ -74.109909625999933, 4.504568343000074 ] } },
{ "type": "Feature", "properties": { "categoria": "Disposición inadecuada de residuos sólidos", "localidad": "USME", "direccion": "KR 12 73A 26 SUR", "cod_locali": 5.0, "grupo_sac": "Contaminación", "sac": "Manejo inadecuado de residuos sólidos", "codigo_sac": "CR004", "gestor": "HANNER RAMIREZ POVEDA", "cord_x": 95760.330724400003, "cord_y": 91350.252449799998 }, "geometry": { "type": "Point", "coordinates": [ -74.115737370999966, 4.518039256000066 ] } },
{ "type": "Feature", "properties": { "categoria": "Disposición inadecuada de residuos sólidos", "localidad": "USME", "direccion": "KR 8F 71H 37 SUR", "cod_locali": 5.0, "grupo_sac": "Contaminación", "sac": "Manejo inadecuado de residuos sólidos", "codigo_sac": "CR004", "gestor": "HANNER RAMIREZ POVEDA", "cord_x": 95840.295529099996, "cord_y": 91613.218645899993 }, "geometry": { "type": "Point", "coordinates": [ -74.115016995999952, 4.520416312000066 ] } },
{ "type": "Feature", "properties": { "categoria": "Disposición inadecuada de residuos sólidos", "localidad": "USME", "direccion": "CL 73B BIS A SUR 14 42", "cod_locali": 5.0, "grupo_sac": "Contaminación", "sac": "Manejo inadecuado de residuos sólidos", "codigo_sac": "CR004", "gestor": "HANNER RAMIREZ POVEDA", "cord_x": 95507.911562099995, "cord_y": 91286.546471099995 }, "geometry": { "type": "Point", "coordinates": [ -74.118011024999987, 4.517463478000025 ] } },
{ "type": "Feature", "properties": { "categoria": "Disposición inadecuada de residuos sólidos", "localidad": "USME", "direccion": "CL 67A BIS A SUR 5A 53", "cod_locali": 5.0, "grupo_sac": "Contaminación", "sac": "Manejo inadecuado de residuos sólidos", "codigo_sac": "CR004", "gestor": "HANNER RAMIREZ POVEDA", "cord_x": 96157.168745400006, "cord_y": 92646.329850399998 }, "geometry": { "type": "Point", "coordinates": [ -74.112162352999974, 4.529755005000027 ] } },
{ "type": "Feature", "properties": { "categoria": "Disposición inadecuada de residuos sólidos", "localidad": "USME", "direccion": "TV 14Q BIS A 68A 33 SUR", "cod_locali": 5.0, "grupo_sac": "Contaminación", "sac": "Manejo inadecuado de residuos sólidos", "codigo_sac": "CR004", "gestor": "HANNER RAMIREZ POVEDA", "cord_x": 95086.977889300004, "cord_y": 92036.011780400004 }, "geometry": { "type": "Point", "coordinates": [ -74.121802294999952, 4.524238421000064 ] } },
{ "type": "Feature", "properties": { "categoria": "Disposición inadecuada de residuos sólidos", "localidad": "USME", "direccion": "CL 65D SUR 6B 56", "cod_locali": 5.0, "grupo_sac": "Contaminación", "sac": "Manejo inadecuado de residuos sólidos", "codigo_sac": "CR004", "gestor": "HANNER RAMIREZ POVEDA", "cord_x": 96001.616168799999, "cord_y": 93027.211305399993 }, "geometry": { "type": "Point", "coordinates": [ -74.113563337999949, 4.533198053000035 ] } },
{ "type": "Feature", "properties": { "categoria": "Disposición inadecuada de residuos sólidos", "localidad": "USME", "direccion": "CL 68C SUR 6C 31", "cod_locali": 5.0, "grupo_sac": "Contaminación", "sac": "Manejo inadecuado de residuos sólidos", "codigo_sac": "CR004", "gestor": "HANNER RAMIREZ POVEDA", "cord_x": 96029.095265900003, "cord_y": 92246.877586999995 }, "geometry": { "type": "Point", "coordinates": [ -74.113316140999984, 4.526144205000037 ] } },
{ "type": "Feature", "properties": { "categoria": "Disposición inadecuada de residuos sólidos", "localidad": "USME", "direccion": "KR 3 55B 99 SUR", "cod_locali": 5.0, "grupo_sac": "Contaminación", "sac": "Manejo inadecuado de residuos sólidos", "codigo_sac": "CR004", "gestor": "HANNER RAMIREZ POVEDA", "cord_x": 95940.494605500004, "cord_y": 93526.645712900005 }, "geometry": { "type": "Point", "coordinates": [ -74.114113691999989, 4.537712721000048 ] } },
{ "type": "Feature", "properties": { "categoria": "Disposición inadecuada de residuos sólidos", "localidad": "USME", "direccion": "CL 61 SUR 5 34 ESTE", "cod_locali": 5.0, "grupo_sac": "Contaminación", "sac": "Manejo inadecuado de residuos sólidos", "codigo_sac": "CR004", "gestor": "HANNER RAMIREZ POVEDA", "cord_x": 97062.09188000001, "cord_y": 93147.434726399995 }, "geometry": { "type": "Point", "coordinates": [ -74.104010984999945, 4.534284314000047 ] } },
{ "type": "Feature", "properties": { "categoria": "Disposición inadecuada de residuos sólidos", "localidad": "USME", "direccion": "DG 65B SUR 4G 18", "cod_locali": 5.0, "grupo_sac": "Contaminación", "sac": "Manejo inadecuado de residuos sólidos", "codigo_sac": "CR004", "gestor": "HANNER RAMIREZ POVEDA", "cord_x": 96362.861563800005, "cord_y": 92990.500706000006 }, "geometry": { "type": "Point", "coordinates": [ -74.110309417999986, 4.532866051000042 ] } },
{ "type": "Feature", "properties": { "categoria": "Disposición inadecuada de residuos sólidos", "localidad": "USME", "direccion": "CL 54H SUR 3 04", "cod_locali": 5.0, "grupo_sac": "Contaminación", "sac": "Manejo inadecuado de residuos sólidos", "codigo_sac": "CR004", "gestor": "HANNER RAMIREZ POVEDA", "cord_x": 96034.798646700001, "cord_y": 93734.525411499999 }, "geometry": { "type": "Point", "coordinates": [ -74.113264151999942, 4.539591813000072 ] } },
{ "type": "Feature", "properties": { "categoria": "Disposición inadecuada de residuos sólidos", "localidad": "USME", "direccion": "CL 64I SUR 3 19", "cod_locali": 5.0, "grupo_sac": "Contaminación", "sac": "Manejo inadecuado de residuos sólidos", "codigo_sac": "CR004", "gestor": "HANNER RAMIREZ POVEDA", "cord_x": 96722.066621699996, "cord_y": 92932.421432899995 }, "geometry": { "type": "Point", "coordinates": [ -74.107073889999981, 4.532340873000066 ] } },
{ "type": "Feature", "properties": { "categoria": "Disposición inadecuada de residuos sólidos", "localidad": "USME", "direccion": "CL 138C SUR 13 44", "cod_locali": 5.0, "grupo_sac": "Contaminación", "sac": "Manejo inadecuado de residuos sólidos", "codigo_sac": "CR004", "gestor": "HANNER RAMIREZ POVEDA", "cord_x": 94498.718963299994, "cord_y": 85899.704155300002 }, "geometry": { "type": "Point", "coordinates": [ -74.127102476999937, 4.468769295000072 ] } },
{ "type": "Feature", "properties": { "categoria": "Presencia de marraneras", "localidad": "USME", "direccion": "CHINGAZA USME RURAL", "cod_locali": 5.0, "grupo_sac": "Fauna", "sac": "Manejo de animales relacionados con actividades productivas", "codigo_sac": "FM002", "gestor": "HANNER RAMIREZ POVEDA", "cord_x": 94270.5121335, "cord_y": 85343.663410199995 }, "geometry": { "type": "Point", "coordinates": [ -74.129158, 4.463743 ] } },
{ "type": "Feature", "properties": { "categoria": "Presencia de marraneras", "localidad": "USME", "direccion": "CL 65 SUR 4B 31", "cod_locali": 5.0, "grupo_sac": "Fauna", "sac": "Manejo de animales relacionados con actividades productivas", "codigo_sac": "FM002", "gestor": "HANNER RAMIREZ POVEDA", "cord_x": 96745.038342600004, "cord_y": 92874.247752900003 }, "geometry": { "type": "Point", "coordinates": [ -74.106867, 4.531815 ] } },
{ "type": "Feature", "properties": { "categoria": "Vertimientos aguas residuales domesticas", "localidad": "USME", "direccion": "CL 116A SUR 8A 09", "cod_locali": 5.0, "grupo_sac": "Estructura ecológica principal y espacios del agua", "sac": "Contaminación Hídrica", "codigo_sac": "EH003", "gestor": "HANNER RAMIREZ POVEDA", "cord_x": 95544.902847799996, "cord_y": 88011.210488500001 }, "geometry": { "type": "Point", "coordinates": [ -74.117679, 4.487856 ] } },
{ "type": "Feature", "properties": { "categoria": "Vertimientos aguas residuales domesticas", "localidad": "USME", "direccion": "TV 7A ESTE 110 00 SUR", "cod_locali": 5.0, "grupo_sac": "Estructura ecológica principal y espacios del agua", "sac": "Contaminación Hídrica", "codigo_sac": "EH003", "gestor": "HANNER RAMIREZ POVEDA", "cord_x": 97122.704922899997, "cord_y": 87535.709891399994 }, "geometry": { "type": "Point", "coordinates": [ -74.103468, 4.483557 ] } },
{ "type": "Feature", "properties": { "categoria": "Vertimientos aguas residuales domesticas", "localidad": "USME", "direccion": "CL 64 SUR 1 72", "cod_locali": 5.0, "grupo_sac": "Estructura ecológica principal y espacios del agua", "sac": "Contaminación Hídrica", "codigo_sac": "EH003", "gestor": "HANNER RAMIREZ POVEDA", "cord_x": 96096.003328199993, "cord_y": 93361.519899000006 }, "geometry": { "type": "Point", "coordinates": [ -74.112713, 4.53622 ] } },
{ "type": "Feature", "properties": { "categoria": "Ruido por perifoneo y emisiones sonoras", "localidad": "USME", "direccion": "KR 4A 56 00 SUR", "cod_locali": 5.0, "grupo_sac": "Contaminación", "sac": "Contaminación por ruido", "codigo_sac": "CR003", "gestor": "HANNER RAMIREZ POVEDA", "cord_x": 95779.591831800004, "cord_y": 93633.091209899998 }, "geometry": { "type": "Point", "coordinates": [ -74.115563, 4.538675 ] } },
{ "type": "Feature", "properties": { "categoria": "Ruido por perifoneo y emisiones sonoras", "localidad": "USME", "direccion": "KR 14 74C 04 SUR", "cod_locali": 5.0, "grupo_sac": "Contaminación", "sac": "Contaminación por ruido", "codigo_sac": "CR003", "gestor": "HANNER RAMIREZ POVEDA", "cord_x": 95707.983921599996, "cord_y": 91025.204536399993 }, "geometry": { "type": "Point", "coordinates": [ -74.116209, 4.515101 ] } },
{ "type": "Feature", "properties": { "categoria": "Ruido por perifoneo y emisiones sonoras", "localidad": "USME", "direccion": "CL 91 SUR 5 14 ESTE", "cod_locali": 5.0, "grupo_sac": "Contaminación", "sac": "Contaminación por ruido", "codigo_sac": "CR003", "gestor": "HANNER RAMIREZ POVEDA", "cord_x": 97080.314820700005, "cord_y": 89066.098141199996 }, "geometry": { "type": "Point", "coordinates": [ -74.103849, 4.497391 ] } },
{ "type": "Feature", "properties": { "categoria": "Saturación paisajística por publicidad exterior visual", "localidad": "USME", "direccion": "KR 14 74B 49 SUR", "cod_locali": 5.0, "grupo_sac": "Contaminación", "sac": "Contaminación visual", "codigo_sac": "CV001", "gestor": "HANNER RAMIREZ POVEDA", "cord_x": 95656.914049300001, "cord_y": 91033.609949799997 }, "geometry": { "type": "Point", "coordinates": [ -74.116669, 4.515177 ] } },
{ "type": "Feature", "properties": { "categoria": "Ocupación por habitante de calle y cambuches", "localidad": "USME", "direccion": "CL 84 SUR 11 63", "cod_locali": 5.0, "grupo_sac": "Estructura ecológica principal y espacios del agua", "sac": "Invasión EEP", "codigo_sac": "EI003", "gestor": "HANNER RAMIREZ POVEDA", "cord_x": 96058.963260999997, "cord_y": 90094.196801800004 }, "geometry": { "type": "Point", "coordinates": [ -74.113048, 4.506685 ] } },
{ "type": "Feature", "properties": { "categoria": "Cortes ilegales de arboles", "localidad": "USME", "direccion": "DG 97 S 7C 09 ESTE", "cod_locali": 5.0, "grupo_sac": "Estructura ecológica principal y espacios del agua", "sac": "Mantenimiento silvicultural", "codigo_sac": "ES002", "gestor": "HANNER RAMIREZ POVEDA", "cord_x": 97631.135819899995, "cord_y": 88547.631238000002 }, "geometry": { "type": "Point", "coordinates": [ -74.098888, 4.492704 ] } },
{ "type": "Feature", "properties": { "categoria": "Cortes ilegales de arboles", "localidad": "USME", "direccion": "POTRERITOS CURUBITAL", "cod_locali": 5.0, "grupo_sac": "Estructura ecológica principal y espacios del agua", "sac": "Mantenimiento silvicultural", "codigo_sac": "ES002", "gestor": "HANNER RAMIREZ POVEDA", "cord_x": 93297.847073299999, "cord_y": 71017.927231199996 }, "geometry": { "type": "Point", "coordinates": [ -74.13792, 4.334245 ] } },
{ "type": "Feature", "properties": { "categoria": "Cortes ilegales de arboles", "localidad": "USME", "direccion": "RANCHERIAS", "cod_locali": 5.0, "grupo_sac": "Estructura ecológica principal y espacios del agua", "sac": "Mantenimiento silvicultural", "codigo_sac": "ES002", "gestor": "HANNER RAMIREZ POVEDA", "cord_x": 90772.705347099996, "cord_y": 69422.837072399998 }, "geometry": { "type": "Point", "coordinates": [ -74.160659, 4.319826 ] } },
{ "type": "Feature", "properties": { "categoria": "Cortes ilegales de arboles", "localidad": "USME", "direccion": "LOS PINOS CHISACA", "cod_locali": 5.0, "grupo_sac": "Estructura ecológica principal y espacios del agua", "sac": "Mantenimiento silvicultural", "codigo_sac": "ES002", "gestor": "HANNER RAMIREZ POVEDA", "cord_x": 86315.901848599999, "cord_y": 70368.547648799999 }, "geometry": { "type": "Point", "coordinates": [ -74.200793, 4.328373 ] } },
{ "type": "Feature", "properties": { "categoria": "Tenencia inadecuada de animales de compañía", "localidad": "USME", "direccion": "KR 10D E 107A 09 S", "cod_locali": 5.0, "grupo_sac": "Fauna", "sac": "Fauna doméstica y animales de compañía", "codigo_sac": "FD001", "gestor": "HANNER RAMIREZ POVEDA", "cord_x": 97946.5805712, "cord_y": 88182.920683599994 }, "geometry": { "type": "Point", "coordinates": [ -74.096047, 4.489407 ] } },
{ "type": "Feature", "properties": { "categoria": "Especies vegetales invasoras", "localidad": "USME", "direccion": "CL 83 S 13 19 E", "cod_locali": 5.0, "grupo_sac": "Estructura ecológica principal y espacios del agua", "sac": "Mantenimiento silvicultural", "codigo_sac": "ES004", "gestor": "HANNER RAMIREZ POVEDA", "cord_x": 98560.531091099998, "cord_y": 89834.712733399996 }, "geometry": { "type": "Point", "coordinates": [ -74.090516, 4.504338 ] } },
{ "type": "Feature", "properties": { "categoria": "Disposición ilegal de Residuos de Construcción y Demolición", "localidad": "TUNJUELITO", "direccion": "carrera 9 con calle 53 sur", "cod_locali": 6.0, "grupo_sac": "Contaminación", "sac": "Manejo inadecuado de residuos sólidos", "codigo_sac": "CR002", "gestor": "INGRID FORERO", "cord_x": 94798.028052900001, "cord_y": 95635.044374200006 }, "geometry": { "type": "Point", "coordinates": [ -74.124404, 4.556772 ] } },
{ "type": "Feature", "properties": { "categoria": "Disposición ilegal de Residuos de Construcción y Demolición", "localidad": "TUNJUELITO", "direccion": "carrera 9A con calle 53", "cod_locali": 6.0, "grupo_sac": "Contaminación", "sac": "Manejo inadecuado de residuos sólidos", "codigo_sac": "CR002", "gestor": "INGRID FORERO", "cord_x": 94868.965932899999, "cord_y": 95644.007253899996 }, "geometry": { "type": "Point", "coordinates": [ -74.123765, 4.556853 ] } },
{ "type": "Feature", "properties": { "categoria": "Emposamiento y encharcamiento", "localidad": "TUNJUELITO", "direccion": "carrera 11A con 59", "cod_locali": 6.0, "grupo_sac": "Gestión de riesgos", "sac": "Inundaciones", "codigo_sac": "GIN004", "gestor": "INGRID FORERO", "cord_x": 94676.018466299996, "cord_y": 95800.093966900007 }, "geometry": { "type": "Point", "coordinates": [ -74.125503, 4.558264 ] } },
{ "type": "Feature", "properties": { "categoria": "Emposamiento y encharcamiento", "localidad": "TUNJUELITO", "direccion": "carrera 12 con 57 sur", "cod_locali": 6.0, "grupo_sac": "Gestión de riesgos", "sac": "Inundaciones", "codigo_sac": "GIN004", "gestor": "INGRID FORERO", "cord_x": 94472.972403299995, "cord_y": 95847.104125500002 }, "geometry": { "type": "Point", "coordinates": [ -74.127332, 4.558689 ] } },
{ "type": "Feature", "properties": { "categoria": "Areas que requieren de restauración ecológica", "localidad": "TUNJUELITO", "direccion": "calle 53 con carrera  9A", "cod_locali": 6.0, "grupo_sac": "Estructura ecológica principal y espacios del agua", "sac": "Mantenimiento silvicultural", "codigo_sac": "ES001", "gestor": "INGRID FORERO", "cord_x": 94868.965932899999, "cord_y": 95644.007253899996 }, "geometry": { "type": "Point", "coordinates": [ -74.123765, 4.556853 ] } },
{ "type": "Feature", "properties": { "categoria": "Disposición inadecuada de residuos sólidos", "localidad": "TUNJUELITO", "direccion": "calle 52 sur con carrera 11A", "cod_locali": 6.0, "grupo_sac": "Contaminación", "sac": "Manejo inadecuado de residuos sólidos", "codigo_sac": "CR004", "gestor": "INGRID FORERO", "cord_x": 95636.952391800005, "cord_y": 95903.009574199998 }, "geometry": { "type": "Point", "coordinates": [ -74.116847, 4.559194 ] } },
{ "type": "Feature", "properties": { "categoria": "Disposición inadecuada de residuos sólidos", "localidad": "TUNJUELITO", "direccion": "calle 53 Bis con carrera 11 B", "cod_locali": 6.0, "grupo_sac": "Contaminación", "sac": "Manejo inadecuado de residuos sólidos", "codigo_sac": "CR004", "gestor": "INGRID FORERO", "cord_x": 94836.982801200007, "cord_y": 95996.016617400004 }, "geometry": { "type": "Point", "coordinates": [ -74.124053, 4.560035 ] } },
{ "type": "Feature", "properties": { "categoria": "Emisiones de gases por fuentes móviles", "localidad": "TUNJUELITO", "direccion": "carrera 33 cale 52 sur", "cod_locali": 6.0, "grupo_sac": "Contaminación", "sac": "Contaminación del aire", "codigo_sac": "CA003", "gestor": "INGRID FORERO", "cord_x": 93330.047369599997, "cord_y": 98692.038815699998 }, "geometry": { "type": "Point", "coordinates": [ -74.137627, 4.584406 ] } },
{ "type": "Feature", "properties": { "categoria": "Emisiones de gases por fuentes móviles", "localidad": "TUNJUELITO", "direccion": "carrera 33 cale 52 sur", "cod_locali": 6.0, "grupo_sac": "Contaminación", "sac": "Contaminación del aire", "codigo_sac": "CA003", "gestor": "INGRID FORERO", "cord_x": 93327.050147000002, "cord_y": 98688.056257300006 }, "geometry": { "type": "Point", "coordinates": [ -74.137654, 4.58437 ] } },
{ "type": "Feature", "properties": { "categoria": "Emisión de material particulado", "localidad": "TUNJUELITO", "direccion": "carrera 33 cale 52G sur", "cod_locali": 6.0, "grupo_sac": "Contaminación", "sac": "Contaminación del aire", "codigo_sac": "CA002", "gestor": "INGRID FORERO", "cord_x": 93189.953764200007, "cord_y": 98588.049142000003 }, "geometry": { "type": "Point", "coordinates": [ -74.138889, 4.583466 ] } },
{ "type": "Feature", "properties": { "categoria": "Disposición inadecuada de residuos sólidos", "localidad": "TUNJUELITO", "direccion": "diagonal 52 B con carrera 33 sur", "cod_locali": 6.0, "grupo_sac": "Contaminación", "sac": "Manejo inadecuado de residuos sólidos", "codigo_sac": "CR004", "gestor": "INGRID FORERO", "cord_x": 93219.037576999996, "cord_y": 98666.040493299995 }, "geometry": { "type": "Point", "coordinates": [ -74.138627, 4.584171 ] } },
{ "type": "Feature", "properties": { "categoria": "Disposición inadecuada de residuos sólidos", "localidad": "TUNJUELITO", "direccion": "calle 51 B con carrera 33sur", "cod_locali": 6.0, "grupo_sac": "Contaminación", "sac": "Manejo inadecuado de residuos sólidos", "codigo_sac": "CR004", "gestor": "INGRID FORERO", "cord_x": 93219.037576999996, "cord_y": 98666.040493299995 }, "geometry": { "type": "Point", "coordinates": [ -74.138627, 4.584171 ] } },
{ "type": "Feature", "properties": { "categoria": "Disposición inadecuada de residuos sólidos", "localidad": "TUNJUELITO", "direccion": "carrera 31 con diagonal 51 A sur", "cod_locali": 6.0, "grupo_sac": "Contaminación", "sac": "Manejo inadecuado de residuos sólidos", "codigo_sac": "CR004", "gestor": "INGRID FORERO", "cord_x": 93538.970067500006, "cord_y": 98578.097354500002 }, "geometry": { "type": "Point", "coordinates": [ -74.135745, 4.583376 ] } },
{ "type": "Feature", "properties": { "categoria": "Disposición ilegal de Residuos de Construcción y Demolición", "localidad": "TUNJUELITO", "direccion": "carrera 26 con calle 49 sur", "cod_locali": 6.0, "grupo_sac": "Contaminación", "sac": "Manejo inadecuado de residuos sólidos", "codigo_sac": "CR002", "gestor": "INGRID FORERO", "cord_x": 93905.976025900003, "cord_y": 98269.015892700001 }, "geometry": { "type": "Point", "coordinates": [ -74.132439, 4.580582 ] } },
{ "type": "Feature", "properties": { "categoria": "Necesidad de procesos de participación ciudadana en el territorio", "localidad": "TUNJUELITO", "direccion": "diagonal 51 B sur con carrera 32", "cod_locali": 6.0, "grupo_sac": "Participación y educación ambiental", "sac": "Reconocimiento territorial", "codigo_sac": "PR002", "gestor": "INGRID FORERO", "cord_x": 93415.969226899993, "cord_y": 98688.057415599993 }, "geometry": { "type": "Point", "coordinates": [ -74.136853, 4.58437 ] } },
{ "type": "Feature", "properties": { "categoria": "Emposamiento y encharcamiento", "localidad": "TUNJUELITO", "direccion": "diagonal 52 sur entre carreras 28 y 29", "cod_locali": 6.0, "grupo_sac": "Gestión de riesgos", "sac": "Inundaciones", "codigo_sac": "GIN004", "gestor": "INGRID FORERO", "cord_x": 93621.010142200001, "cord_y": 98361.051257 }, "geometry": { "type": "Point", "coordinates": [ -74.135006, 4.581414 ] } },
{ "type": "Feature", "properties": { "categoria": "Tenencia inadecuada de animales de compañía", "localidad": "TUNJUELITO", "direccion": "carrera 33 con calle 53 B sur", "cod_locali": 6.0, "grupo_sac": "Fauna", "sac": "Fauna doméstica y animales de compañía", "codigo_sac": "FD001", "gestor": "INGRID FORERO", "cord_x": 93067.954547500005, "cord_y": 98477.090471500007 }, "geometry": { "type": "Point", "coordinates": [ -74.139988, 4.582463 ] } },
{ "type": "Feature", "properties": { "categoria": "Emisión de material particulado", "localidad": "TUNJUELITO", "direccion": "carrera 33 con calle 53 B sur", "cod_locali": 6.0, "grupo_sac": "Contaminación", "sac": "Contaminación del aire", "codigo_sac": "CA002", "gestor": "INGRID FORERO", "cord_x": 93067.954547500005, "cord_y": 98477.090471500007 }, "geometry": { "type": "Point", "coordinates": [ -74.139988, 4.582463 ] } },
{ "type": "Feature", "properties": { "categoria": "Emisión de material particulado", "localidad": "TUNJUELITO", "direccion": "carrera 33 con calle 50 sur", "cod_locali": 6.0, "grupo_sac": "Contaminación", "sac": "Contaminación del aire", "codigo_sac": "CA002", "gestor": "INGRID FORERO", "cord_x": 93618.0059416, "cord_y": 98790.057205200006 }, "geometry": { "type": "Point", "coordinates": [ -74.135033, 4.585292 ] } },
{ "type": "Feature", "properties": { "categoria": "Disposición ilegal de Residuos de Construcción y Demolición", "localidad": "TUNJUELITO", "direccion": "tranv 35 Bis con diagonal 52 B sur", "cod_locali": 6.0, "grupo_sac": "Contaminación", "sac": "Manejo inadecuado de residuos sólidos", "codigo_sac": "CR002", "gestor": "INGRID FORERO", "cord_x": 93184.956413199994, "cord_y": 98765.050017799993 }, "geometry": { "type": "Point", "coordinates": [ -74.138934, 4.585066 ] } },
{ "type": "Feature", "properties": { "categoria": "Percepción de olores ofensivos", "localidad": "TUNJUELITO", "direccion": "tranv 35 Bis con diagonal 52 B sur", "cod_locali": 6.0, "grupo_sac": "Contaminación", "sac": "Contaminación del aire", "codigo_sac": "CA004", "gestor": "INGRID FORERO", "cord_x": 93184.956413199994, "cord_y": 98765.050017799993 }, "geometry": { "type": "Point", "coordinates": [ -74.138934, 4.585066 ] } },
{ "type": "Feature", "properties": { "categoria": "Deficiencias en la prestación del servicio de aseo", "localidad": "TUNJUELITO", "direccion": "tranv 35 Bis con diagonal 52 B sur", "cod_locali": 6.0, "grupo_sac": "Contaminación", "sac": "Manejo inadecuado de residuos sólidos", "codigo_sac": "CR001", "gestor": "INGRID FORERO", "cord_x": 93184.956413199994, "cord_y": 98765.050017799993 }, "geometry": { "type": "Point", "coordinates": [ -74.138934, 4.585066 ] } },
{ "type": "Feature", "properties": { "categoria": "Desbordamientos de canales y quebradas", "localidad": "TUNJUELITO", "direccion": "Carrera 62 con calle 66 sur", "cod_locali": 6.0, "grupo_sac": "Gestión de riesgos", "sac": "Inundaciones", "codigo_sac": "GIN003", "gestor": "INGRID FORERO", "cord_x": 91614.947011700002, "cord_y": 99287.090894699999 }, "geometry": { "type": "Point", "coordinates": [ -74.153077, 4.589785 ] } },
{ "type": "Feature", "properties": { "categoria": "Desbordamientos de canales y quebradas", "localidad": "TUNJUELITO", "direccion": "Carrera 61 G calle 66 sur", "cod_locali": 6.0, "grupo_sac": "Gestión de riesgos", "sac": "Inundaciones", "codigo_sac": "GIN003", "gestor": "INGRID FORERO", "cord_x": 91619.054974700004, "cord_y": 99356.010605500007 }, "geometry": { "type": "Point", "coordinates": [ -74.15304, 4.590408 ] } },
{ "type": "Feature", "properties": { "categoria": "Desbordamientos de canales y quebradas", "localidad": "TUNJUELITO", "direccion": "Carrera 61 G calle 67 sur", "cod_locali": 6.0, "grupo_sac": "Gestión de riesgos", "sac": "Inundaciones", "codigo_sac": "GIN003", "gestor": "INGRID FORERO", "cord_x": 91485.954133899999, "cord_y": 99275.033977600004 }, "geometry": { "type": "Point", "coordinates": [ -74.154239, 4.589676 ] } },
{ "type": "Feature", "properties": { "categoria": "Emposamiento y encharcamiento", "localidad": "TUNJUELITO", "direccion": "calle 64 sur con carrera 63", "cod_locali": 6.0, "grupo_sac": "Gestión de riesgos", "sac": "Inundaciones", "codigo_sac": "GIN004", "gestor": "INGRID FORERO", "cord_x": 91589.970613700003, "cord_y": 99359.993394399993 }, "geometry": { "type": "Point", "coordinates": [ -74.153302, 4.590444 ] } },
{ "type": "Feature", "properties": { "categoria": "Emposamiento y encharcamiento", "localidad": "TUNJUELITO", "direccion": "calle 64 sur con carrera 62", "cod_locali": 6.0, "grupo_sac": "Gestión de riesgos", "sac": "Inundaciones", "codigo_sac": "GIN004", "gestor": "INGRID FORERO", "cord_x": 91649.028612199996, "cord_y": 99491.084200500001 }, "geometry": { "type": "Point", "coordinates": [ -74.15277, 4.591629 ] } },
{ "type": "Feature", "properties": { "categoria": "Disposición ilegal de Residuos de Construcción y Demolición", "localidad": "TUNJUELITO", "direccion": "carrera 65 con calle 67 B sur", "cod_locali": 6.0, "grupo_sac": "Contaminación", "sac": "Manejo inadecuado de residuos sólidos", "codigo_sac": "CR002", "gestor": "INGRID FORERO", "cord_x": 91531.024807299997, "cord_y": 99365.082746400003 }, "geometry": { "type": "Point", "coordinates": [ -74.153833, 4.59049 ] } },
{ "type": "Feature", "properties": { "categoria": "Disposición ilegal de Residuos de Construcción y Demolición", "localidad": "TUNJUELITO", "direccion": "calle 62 C sur  con carrera 63", "cod_locali": 6.0, "grupo_sac": "Contaminación", "sac": "Manejo inadecuado de residuos sólidos", "codigo_sac": "CR002", "gestor": "INGRID FORERO", "cord_x": 91471.969029900007, "cord_y": 99465.088909500002 }, "geometry": { "type": "Point", "coordinates": [ -74.154365, 4.591394 ] } },
{ "type": "Feature", "properties": { "categoria": "Disposición inadecuada de residuos especiales y/o peligrosos", "localidad": "TUNJUELITO", "direccion": "calle 62 C sur  con carrera 64 A", "cod_locali": 6.0, "grupo_sac": "Contaminación", "sac": "Manejo inadecuado de residuos sólidos", "codigo_sac": "CR003", "gestor": "INGRID FORERO", "cord_x": 91434.003576200004, "cord_y": 99432.012275700006 }, "geometry": { "type": "Point", "coordinates": [ -74.154707, 4.591095 ] } },
{ "type": "Feature", "properties": { "categoria": "Disposición inadecuada de residuos sólidos", "localidad": "TUNJUELITO", "direccion": "carrera 62 C con diagonal 49sur", "cod_locali": 6.0, "grupo_sac": "Contaminación", "sac": "Manejo inadecuado de residuos sólidos", "codigo_sac": "CR004", "gestor": "INGRID FORERO", "cord_x": 91897.021124899999, "cord_y": 99216.067207500004 }, "geometry": { "type": "Point", "coordinates": [ -74.150536, 4.589143 ] } },
{ "type": "Feature", "properties": { "categoria": "Emisión de material particulado", "localidad": "TUNJUELITO", "direccion": "carrera 51 C con diagonal 49sur", "cod_locali": 6.0, "grupo_sac": "Contaminación", "sac": "Contaminación del aire", "codigo_sac": "CA002", "gestor": "INGRID FORERO", "cord_x": 92008.030843700006, "cord_y": 99306.005283399994 }, "geometry": { "type": "Point", "coordinates": [ -74.149536, 4.589956 ] } },
{ "type": "Feature", "properties": { "categoria": "Emisión de material particulado", "localidad": "TUNJUELITO", "direccion": "diagonal 49 sur con carrera 50 C", "cod_locali": 6.0, "grupo_sac": "Contaminación", "sac": "Contaminación del aire", "codigo_sac": "CA002", "gestor": "INGRID FORERO", "cord_x": 92269.013688399995, "cord_y": 99500.041941400006 }, "geometry": { "type": "Point", "coordinates": [ -74.147185, 4.59171 ] } },
{ "type": "Feature", "properties": { "categoria": "Emisión de material particulado", "localidad": "TUNJUELITO", "direccion": "diagonal 49 A sur carrea 61", "cod_locali": 6.0, "grupo_sac": "Contaminación", "sac": "Contaminación del aire", "codigo_sac": "CA002", "gestor": "INGRID FORERO", "cord_x": 92433.972945200003, "cord_y": 99536.990927399995 }, "geometry": { "type": "Point", "coordinates": [ -74.145699, 4.592044 ] } },
{ "type": "Feature", "properties": { "categoria": "Emisión de material particulado", "localidad": "TUNJUELITO", "direccion": "diagonal 51 B bis sur 61", "cod_locali": 6.0, "grupo_sac": "Contaminación", "sac": "Contaminación del aire", "codigo_sac": "CA002", "gestor": "INGRID FORERO", "cord_x": 92437.969493900004, "cord_y": 99360.985600600005 }, "geometry": { "type": "Point", "coordinates": [ -74.145663, 4.590453 ] } },
{ "type": "Feature", "properties": { "categoria": "Percepción de olores ofensivos", "localidad": "TUNJUELITO", "direccion": "Tranversal 60 diagonal 46 sur laguneta", "cod_locali": 6.0, "grupo_sac": "Contaminación", "sac": "Contaminación del aire", "codigo_sac": "CA004", "gestor": "INGRID FORERO", "cord_x": 92495.027283899995, "cord_y": 99813.001918599999 }, "geometry": { "type": "Point", "coordinates": [ -74.145149, 4.594539 ] } },
{ "type": "Feature", "properties": { "categoria": "Disposición ilegal de Residuos de Construcción y Demolición", "localidad": "TUNJUELITO", "direccion": "Tranversal 60 diagonal 46 sur laguneta", "cod_locali": 6.0, "grupo_sac": "Contaminación", "sac": "Manejo inadecuado de residuos sólidos", "codigo_sac": "CR002", "gestor": "INGRID FORERO", "cord_x": 92495.027283899995, "cord_y": 99813.001918599999 }, "geometry": { "type": "Point", "coordinates": [ -74.145149, 4.594539 ] } },
{ "type": "Feature", "properties": { "categoria": "Necesidad de procesos de educación ambiental comunitaria", "localidad": "TUNJUELITO", "direccion": "carrera 56 con diagonal 47 sur", "cod_locali": 6.0, "grupo_sac": "Participación y educación ambiental", "sac": "Educación ambiental", "codigo_sac": "PE002", "gestor": "INGRID FORERO", "cord_x": 92635.008983000007, "cord_y": 99823.069254999995 }, "geometry": { "type": "Point", "coordinates": [ -74.143888, 4.59463 ] } },
{ "type": "Feature", "properties": { "categoria": "Disposición ilegal de Residuos de Construcción y Demolición", "localidad": "TUNJUELITO", "direccion": "carrera 56 con diagonal 47 sur", "cod_locali": 6.0, "grupo_sac": "Contaminación", "sac": "Manejo inadecuado de residuos sólidos", "codigo_sac": "CR002", "gestor": "INGRID FORERO", "cord_x": 92635.008983000007, "cord_y": 99823.069254999995 }, "geometry": { "type": "Point", "coordinates": [ -74.143888, 4.59463 ] } },
{ "type": "Feature", "properties": { "categoria": "Disposición inadecuada de residuos sólidos", "localidad": "TUNJUELITO", "direccion": "carrera 54 A  con diagonal 47 sur", "cod_locali": 6.0, "grupo_sac": "Contaminación", "sac": "Manejo inadecuado de residuos sólidos", "codigo_sac": "CR004", "gestor": "INGRID FORERO", "cord_x": 92123.036412600006, "cord_y": 99311.093671199997 }, "geometry": { "type": "Point", "coordinates": [ -74.1485, 4.590002 ] } },
{ "type": "Feature", "properties": { "categoria": "Disposición inadecuada de residuos sólidos", "localidad": "TUNJUELITO", "direccion": "carrera 56 con diagonal 48 sur", "cod_locali": 6.0, "grupo_sac": "Contaminación", "sac": "Manejo inadecuado de residuos sólidos", "codigo_sac": "CR004", "gestor": "INGRID FORERO", "cord_x": 92600.041231700001, "cord_y": 99845.083627400003 }, "geometry": { "type": "Point", "coordinates": [ -74.144203, 4.594829 ] } },
{ "type": "Feature", "properties": { "categoria": "Falta visibilización y fortalecimiento a iniciativas comunitarias", "localidad": "TUNJUELITO", "direccion": "carrera 56 a diagonal 50 sur", "cod_locali": 6.0, "grupo_sac": "Participación y educación ambiental", "sac": "Reconocimiento territorial", "codigo_sac": "PR001", "gestor": "INGRID FORERO", "cord_x": 92558.302936499997, "cord_y": 99528.915510699997 }, "geometry": { "type": "Point", "coordinates": [ -74.144579, 4.591971 ] } },
{ "type": "Feature", "properties": { "categoria": "Necesidad de procesos de participación ciudadana en el territorio", "localidad": "TUNJUELITO", "direccion": "carrera 56 a diagonal 50 sur", "cod_locali": 6.0, "grupo_sac": "Participación y educación ambiental", "sac": "Reconocimiento territorial", "codigo_sac": "PR002", "gestor": "INGRID FORERO", "cord_x": 92558.191995000001, "cord_y": 99504.909754499997 }, "geometry": { "type": "Point", "coordinates": [ -74.14458, 4.591754 ] } },
{ "type": "Feature", "properties": { "categoria": "Percepción de olores ofensivos", "localidad": "TUNJUELITO", "direccion": "carrera 56 a diagonal 50 sur", "cod_locali": 6.0, "grupo_sac": "Contaminación", "sac": "Contaminación del aire", "codigo_sac": "CA004", "gestor": "INGRID FORERO", "cord_x": 92551.198418800006, "cord_y": 99509.556010400003 }, "geometry": { "type": "Point", "coordinates": [ -74.144643, 4.591796 ] } },
{ "type": "Feature", "properties": { "categoria": "Disposición inadecuada de residuos sólidos", "localidad": "TUNJUELITO", "direccion": "carrera 56 a diagonal 50 sur", "cod_locali": 6.0, "grupo_sac": "Contaminación", "sac": "Manejo inadecuado de residuos sólidos", "codigo_sac": "CR004", "gestor": "INGRID FORERO", "cord_x": 92552.863471599994, "cord_y": 99539.203676799996 }, "geometry": { "type": "Point", "coordinates": [ -74.144628, 4.592064 ] } },
{ "type": "Feature", "properties": { "categoria": "Disposición ilegal de Residuos de Construcción y Demolición", "localidad": "TUNJUELITO", "direccion": "KR 56 46 48 SUR", "cod_locali": 6.0, "grupo_sac": "Contaminación", "sac": "Manejo inadecuado de residuos sólidos", "codigo_sac": "CR002", "gestor": "INGRID FORERO", "cord_x": 92804.963281999997, "cord_y": 99775.058563900006 }, "geometry": { "type": "Point", "coordinates": [ -74.142357, 4.594196 ] } },
{ "type": "Feature", "properties": { "categoria": "Falta visibilización y fortalecimiento a iniciativas comunitarias", "localidad": "TUNJUELITO", "direccion": "carrera 55 diagonal 47", "cod_locali": 6.0, "grupo_sac": "Participación y educación ambiental", "sac": "Reconocimiento territorial", "codigo_sac": "PR001", "gestor": "INGRID FORERO", "cord_x": 92804.963281999997, "cord_y": 99775.058563900006 }, "geometry": { "type": "Point", "coordinates": [ -74.142357, 4.594196 ] } },
{ "type": "Feature", "properties": { "categoria": "Emisiones de gases por fuentes móviles", "localidad": "TUNJUELITO", "direccion": "CL 56A SUR 29 99 IN 88", "cod_locali": 6.0, "grupo_sac": "Contaminación", "sac": "Contaminación del aire", "codigo_sac": "CA003", "gestor": "INGRID FORERO", "cord_x": 92768.0069468, "cord_y": 98027.063462799997 }, "geometry": { "type": "Point", "coordinates": [ -74.14269, 4.578395 ] } },
{ "type": "Feature", "properties": { "categoria": "Disposición ilegal de Residuos de Construcción y Demolición", "localidad": "TUNJUELITO", "direccion": "CL 56A SUR 29A 15", "cod_locali": 6.0, "grupo_sac": "Contaminación", "sac": "Manejo inadecuado de residuos sólidos", "codigo_sac": "CR002", "gestor": "INGRID FORERO", "cord_x": 92771.004205899997, "cord_y": 98034.032889499998 }, "geometry": { "type": "Point", "coordinates": [ -74.142663, 4.578458 ] } },
{ "type": "Feature", "properties": { "categoria": "Emisiones de gases por fuentes móviles", "localidad": "TUNJUELITO", "direccion": "CL 56A SUR 28 99", "cod_locali": 6.0, "grupo_sac": "Contaminación", "sac": "Contaminación del aire", "codigo_sac": "CA003", "gestor": "INGRID FORERO", "cord_x": 92775.000585300004, "cord_y": 98037.019801699993 }, "geometry": { "type": "Point", "coordinates": [ -74.142627, 4.578485 ] } },
{ "type": "Feature", "properties": { "categoria": "Emposamiento y encharcamiento", "localidad": "TUNJUELITO", "direccion": "CL 56C SUR 29A 22", "cod_locali": 6.0, "grupo_sac": "Gestión de riesgos", "sac": "Inundaciones", "codigo_sac": "GIN004", "gestor": "INGRID FORERO", "cord_x": 92779.995476199998, "cord_y": 98145.101005300006 }, "geometry": { "type": "Point", "coordinates": [ -74.142582, 4.579462 ] } },
{ "type": "Feature", "properties": { "categoria": "Desbordamientos de canales y quebradas", "localidad": "TUNJUELITO", "direccion": "DG 53 SUR 60D 05", "cod_locali": 6.0, "grupo_sac": "Gestión de riesgos", "sac": "Inundaciones", "codigo_sac": "GIN003", "gestor": "INGRID FORERO", "cord_x": 92442.965403099995, "cord_y": 98995.036142600002 }, "geometry": { "type": "Point", "coordinates": [ -74.145618, 4.587145 ] } },
{ "type": "Feature", "properties": { "categoria": "Desbordamientos de canales y quebradas", "localidad": "TUNJUELITO", "direccion": "DG 53 SUR 60f", "cod_locali": 6.0, "grupo_sac": "Gestión de riesgos", "sac": "Inundaciones", "codigo_sac": "GIN003", "gestor": "INGRID FORERO", "cord_x": 92445.407626400003, "cord_y": 98987.181729100004 }, "geometry": { "type": "Point", "coordinates": [ -74.145596, 4.587074 ] } },
{ "type": "Feature", "properties": { "categoria": "Desbordamientos de canales y quebradas", "localidad": "TUNJUELITO", "direccion": "DG 53 SUR 61", "cod_locali": 6.0, "grupo_sac": "Gestión de riesgos", "sac": "Inundaciones", "codigo_sac": "GIN003", "gestor": "INGRID FORERO", "cord_x": 92439.968151499997, "cord_y": 98988.066726399993 }, "geometry": { "type": "Point", "coordinates": [ -74.145645, 4.587082 ] } },
{ "type": "Feature", "properties": { "categoria": "Disposición inadecuada de residuos sólidos", "localidad": "TUNJUELITO", "direccion": "KR 61G 51B 73 SUR", "cod_locali": 6.0, "grupo_sac": "Contaminación", "sac": "Manejo inadecuado de residuos sólidos", "codigo_sac": "CR004", "gestor": "INGRID FORERO", "cord_x": 92037.002808799996, "cord_y": 98921.028108700004 }, "geometry": { "type": "Point", "coordinates": [ -74.149275, 4.586476 ] } },
{ "type": "Feature", "properties": { "categoria": "Disposición ilegal de Residuos de Construcción y Demolición", "localidad": "TUNJUELITO", "direccion": "DIAG 51 B SUR  KR 61 G", "cod_locali": 6.0, "grupo_sac": "Contaminación", "sac": "Manejo inadecuado de residuos sólidos", "codigo_sac": "CR002", "gestor": "INGRID FORERO", "cord_x": 92038.002027499999, "cord_y": 98956.096416100001 }, "geometry": { "type": "Point", "coordinates": [ -74.149266, 4.586793 ] } },
{ "type": "Feature", "properties": { "categoria": "Emisión de material particulado", "localidad": "TUNJUELITO", "direccion": "DIAG 51 A  SUR  KR 61 G", "cod_locali": 6.0, "grupo_sac": "Contaminación", "sac": "Contaminación del aire", "codigo_sac": "CA002", "gestor": "INGRID FORERO", "cord_x": 92115.042712199996, "cord_y": 98936.0729345 }, "geometry": { "type": "Point", "coordinates": [ -74.148572, 4.586612 ] } },
{ "type": "Feature", "properties": { "categoria": "Areas que requieren de restauración ecológica", "localidad": "TUNJUELITO", "direccion": "DIAG 52  SUR  KR 61 G", "cod_locali": 6.0, "grupo_sac": "Estructura ecológica principal y espacios del agua", "sac": "Mantenimiento silvicultural", "codigo_sac": "ES001", "gestor": "INGRID FORERO", "cord_x": 92122.0363258, "cord_y": 98936.072915500001 }, "geometry": { "type": "Point", "coordinates": [ -74.148509, 4.586612 ] } },
{ "type": "Feature", "properties": { "categoria": "Percepción de olores ofensivos", "localidad": "TUNJUELITO", "direccion": "transv 44 con 54 A", "cod_locali": 6.0, "grupo_sac": "Contaminación", "sac": "Contaminación del aire", "codigo_sac": "CA004", "gestor": "INGRID FORERO", "cord_x": 92686.964599300001, "cord_y": 99002.006260599999 }, "geometry": { "type": "Point", "coordinates": [ -74.14342, 4.587208 ] } },
{ "type": "Feature", "properties": { "categoria": "Disposición ilegal de Residuos de Construcción y Demolición", "localidad": "TUNJUELITO", "direccion": "transv 44 con 54 A", "cod_locali": 6.0, "grupo_sac": "Contaminación", "sac": "Manejo inadecuado de residuos sólidos", "codigo_sac": "CR002", "gestor": "INGRID FORERO", "cord_x": 92686.964599300001, "cord_y": 99002.006260599999 }, "geometry": { "type": "Point", "coordinates": [ -74.14342, 4.587208 ] } },
{ "type": "Feature", "properties": { "categoria": "Desbordamientos de canales y quebradas", "localidad": "TUNJUELITO", "direccion": "calle 56 A sur 33", "cod_locali": 6.0, "grupo_sac": "Gestión de riesgos", "sac": "Inundaciones", "codigo_sac": "GIN003", "gestor": "INGRID FORERO", "cord_x": 92623.023005700001, "cord_y": 99012.072931799994 }, "geometry": { "type": "Point", "coordinates": [ -74.143996, 4.587299 ] } },
{ "type": "Feature", "properties": { "categoria": "Acumulación de residuos orgánicos e inorgánicos en cuerpo de agua", "localidad": "TUNJUELITO", "direccion": "calle 56 A sur 33", "cod_locali": 6.0, "grupo_sac": "Estructura ecológica principal y espacios del agua", "sac": "Contaminación Hídrica", "codigo_sac": "EH001", "gestor": "INGRID FORERO", "cord_x": 92627.019326900001, "cord_y": 99019.042358499995 }, "geometry": { "type": "Point", "coordinates": [ -74.14396, 4.587362 ] } },
{ "type": "Feature", "properties": { "categoria": "Disposición inadecuada de grasas y aceites", "localidad": "TUNJUELITO", "direccion": "calle 56 A sur 33", "cod_locali": 6.0, "grupo_sac": "Estructura ecológica principal y espacios del agua", "sac": "Contaminación Hídrica", "codigo_sac": "EH002", "gestor": "INGRID FORERO", "cord_x": 92690.960856999998, "cord_y": 99022.029510099994 }, "geometry": { "type": "Point", "coordinates": [ -74.143384, 4.587389 ] } },
{ "type": "Feature", "properties": { "categoria": "Percepción de olores ofensivos", "localidad": "TUNJUELITO", "direccion": "carrera 13 F sur con calle 58", "cod_locali": 6.0, "grupo_sac": "Contaminación", "sac": "Contaminación del aire", "codigo_sac": "CA004", "gestor": "INGRID FORERO", "cord_x": 94087.968034499994, "cord_y": 96197.003254199997 }, "geometry": { "type": "Point", "coordinates": [ -74.1308, 4.561852 ] } },
{ "type": "Feature", "properties": { "categoria": "Percepción de olores ofensivos", "localidad": "TUNJUELITO", "direccion": "carrera 13 F sur con calle 59", "cod_locali": 6.0, "grupo_sac": "Contaminación", "sac": "Contaminación del aire", "codigo_sac": "CA004", "gestor": "INGRID FORERO", "cord_x": 94000.047108300001, "cord_y": 96110.049721599993 }, "geometry": { "type": "Point", "coordinates": [ -74.131592, 4.561066 ] } },
{ "type": "Feature", "properties": { "categoria": "Emisión de gases por fuentes fijas", "localidad": "TUNJUELITO", "direccion": "carrera 13 F sur con calle 58", "cod_locali": 6.0, "grupo_sac": "Contaminación", "sac": "Contaminación del aire", "codigo_sac": "CA001", "gestor": "INGRID FORERO", "cord_x": 94087.968034499994, "cord_y": 96197.003254199997 }, "geometry": { "type": "Point", "coordinates": [ -74.1308, 4.561852 ] } },
{ "type": "Feature", "properties": { "categoria": "Disposición inadecuada de residuos sólidos", "localidad": "BOSA", "direccion": "CL 77 A SUR No. 87 F - 23", "cod_locali": 7.0, "grupo_sac": "Contaminación", "sac": "Manejo inadecuado de residuos sólidos", "codigo_sac": "CR004", "gestor": "HADER REYES", "cord_x": 85712.982583899997, "cord_y": 101401.97348 }, "geometry": { "type": "Point", "coordinates": [ -74.206245, 4.6089 ] } },
{ "type": "Feature", "properties": { "categoria": "Disposición inadecuada de residuos especiales y/o peligrosos", "localidad": "TUNJUELITO", "direccion": "carrera 13 F sur con calle 57", "cod_locali": 6.0, "grupo_sac": "Contaminación", "sac": "Manejo inadecuado de residuos sólidos", "codigo_sac": "CR003", "gestor": "INGRID FORERO", "cord_x": 94127.0439759, "cord_y": 96234.063668100003 }, "geometry": { "type": "Point", "coordinates": [ -74.130448, 4.562187 ] } },
{ "type": "Feature", "properties": { "categoria": "Percepción de olores ofensivos", "localidad": "TUNJUELITO", "direccion": "calle 59 B sur con 15", "cod_locali": 6.0, "grupo_sac": "Contaminación", "sac": "Contaminación del aire", "codigo_sac": "CA004", "gestor": "INGRID FORERO", "cord_x": 93814.988697699999, "cord_y": 96035.041987100005 }, "geometry": { "type": "Point", "coordinates": [ -74.133259, 4.560388 ] } },
{ "type": "Feature", "properties": { "categoria": "Vertimientos ilegales industriales", "localidad": "TUNJUELITO", "direccion": "calle 59 B sur con 15", "cod_locali": 6.0, "grupo_sac": "Estructura ecológica principal y espacios del agua", "sac": "Contaminación Hídrica", "codigo_sac": "EH004", "gestor": "INGRID FORERO", "cord_x": 93814.988697699999, "cord_y": 96035.041987100005 }, "geometry": { "type": "Point", "coordinates": [ -74.133259, 4.560388 ] } },
{ "type": "Feature", "properties": { "categoria": "Inestabilidad de taludes y muros de contención", "localidad": "TUNJUELITO", "direccion": "calle 59 B sur con 17 B", "cod_locali": 6.0, "grupo_sac": "Gestión de riesgos", "sac": "Infraestructura", "codigo_sac": "GE003", "gestor": "INGRID FORERO", "cord_x": 93687.987597600004, "cord_y": 96114.026352200002 }, "geometry": { "type": "Point", "coordinates": [ -74.134403, 4.561102 ] } },
{ "type": "Feature", "properties": { "categoria": "Disposición inadecuada de residuos sólidos", "localidad": "TUNJUELITO", "direccion": "calle 59  sur con carrera 19", "cod_locali": 6.0, "grupo_sac": "Contaminación", "sac": "Manejo inadecuado de residuos sólidos", "codigo_sac": "CR004", "gestor": "INGRID FORERO", "cord_x": 93409.004979300007, "cord_y": 96506.078946299996 }, "geometry": { "type": "Point", "coordinates": [ -74.136916, 4.564646 ] } },
{ "type": "Feature", "properties": { "categoria": "Disposición inadecuada de residuos especiales y/o peligrosos", "localidad": "BOSA", "direccion": "CL 72 SUR No. 100 A - 71", "cod_locali": 7.0, "grupo_sac": "Contaminación", "sac": "Manejo inadecuado de residuos sólidos", "codigo_sac": "CR003", "gestor": "HADER REYES", "cord_x": 85931.022030199994, "cord_y": 104421.043021 }, "geometry": { "type": "Point", "coordinates": [ -74.204283, 4.636191 ] } },
{ "type": "Feature", "properties": { "categoria": "Necesidad de procesos de educación ambiental comunitaria", "localidad": "BOSA", "direccion": "CL 73 SUR No. 81 B - 10", "cod_locali": 7.0, "grupo_sac": "Participación y educación ambiental", "sac": "Educación ambiental", "codigo_sac": "PE002", "gestor": "HADER REYES", "cord_x": 86762.0098402, "cord_y": 101648.03485700001 }, "geometry": { "type": "Point", "coordinates": [ -74.196795, 4.611125 ] } },
{ "type": "Feature", "properties": { "categoria": "Necesidad de procesos de educación ambiental comunitaria", "localidad": "BOSA", "direccion": "CL 77 L No. 65 J - 73", "cod_locali": 7.0, "grupo_sac": "Participación y educación ambiental", "sac": "Educación ambiental", "codigo_sac": "PE002", "gestor": "HADER REYES", "cord_x": 87832.0400658, "cord_y": 100462.05949 }, "geometry": { "type": "Point", "coordinates": [ -74.187155, 4.600405 ] } },
{ "type": "Feature", "properties": { "categoria": "Falta visibilización y fortalecimiento a iniciativas comunitarias", "localidad": "BOSA", "direccion": "CL 82 A SUR No. 81 B - 26", "cod_locali": 7.0, "grupo_sac": "Participación y educación ambiental", "sac": "Reconocimiento territorial", "codigo_sac": "PR001", "gestor": "HADER REYES", "cord_x": 86100.009361699995, "cord_y": 102146.010641 }, "geometry": { "type": "Point", "coordinates": [ -74.202759, 4.615626 ] } },
{ "type": "Feature", "properties": { "categoria": "Acumulación de residuos orgánicos e inorgánicos en cuerpo de agua", "localidad": "BOSA", "direccion": "CL 78 SUR No. 94 - 00", "cod_locali": 7.0, "grupo_sac": "Estructura ecológica principal y espacios del agua", "sac": "Contaminación Hídrica", "codigo_sac": "EH001", "gestor": "HADER REYES", "cord_x": 85715.037802899998, "cord_y": 103408.060562 }, "geometry": { "type": "Point", "coordinates": [ -74.206228, 4.627034 ] } },
{ "type": "Feature", "properties": { "categoria": "Necesidad de procesos de educación ambiental comunitaria", "localidad": "BOSA", "direccion": "CL 58 C BIS SUR No. 84 - 20", "cod_locali": 7.0, "grupo_sac": "Participación y educación ambiental", "sac": "Educación ambiental", "codigo_sac": "PE002", "gestor": "HADER REYES", "cord_x": 88163.051638399993, "cord_y": 102318.008416 }, "geometry": { "type": "Point", "coordinates": [ -74.184174, 4.617182 ] } },
{ "type": "Feature", "properties": { "categoria": "Disposición inadecuada de residuos sólidos", "localidad": "BOSA", "direccion": "CR 87 J No. 80 - 00 SUR", "cod_locali": 7.0, "grupo_sac": "Contaminación", "sac": "Manejo inadecuado de residuos sólidos", "codigo_sac": "CR004", "gestor": "HADER REYES", "cord_x": 85899.0055613, "cord_y": 102475.0277 }, "geometry": { "type": "Point", "coordinates": [ -74.20457, 4.6186 ] } },
{ "type": "Feature", "properties": { "categoria": "Acumulación de residuos orgánicos e inorgánicos en cuerpo de agua", "localidad": "BOSA", "direccion": "CL 81 SUR No. 81 - 75", "cod_locali": 7.0, "grupo_sac": "Estructura ecológica principal y espacios del agua", "sac": "Contaminación Hídrica", "codigo_sac": "EH001", "gestor": "HADER REYES", "cord_x": 85978.009714900007, "cord_y": 102086.06121299999 }, "geometry": { "type": "Point", "coordinates": [ -74.203858, 4.615084 ] } },
{ "type": "Feature", "properties": { "categoria": "Disposición inadecuada de residuos sólidos", "localidad": "BOSA", "direccion": "CR 80 K No. 84 C - 14 SUR", "cod_locali": 7.0, "grupo_sac": "Contaminación", "sac": "Manejo inadecuado de residuos sólidos", "codigo_sac": "CR004", "gestor": "HADER REYES", "cord_x": 85407.976265899997, "cord_y": 101849.038153 }, "geometry": { "type": "Point", "coordinates": [ -74.208993, 4.612941 ] } },
{ "type": "Feature", "properties": { "categoria": "Acumulación de residuos orgánicos e inorgánicos en cuerpo de agua", "localidad": "BOSA", "direccion": "CL 73 SUR No. 81 B - 10", "cod_locali": 7.0, "grupo_sac": "Estructura ecológica principal y espacios del agua", "sac": "Contaminación Hídrica", "codigo_sac": "EH001", "gestor": "HADER REYES", "cord_x": 85705.0101555, "cord_y": 101641.036328 }, "geometry": { "type": "Point", "coordinates": [ -74.206317, 4.611061 ] } },
{ "type": "Feature", "properties": { "categoria": "Zonas con riesgo de incendio forestal", "localidad": "BOSA", "direccion": "CR 80 K No. 61 - 28", "cod_locali": 7.0, "grupo_sac": "Gestión de riesgos", "sac": "Incendios", "codigo_sac": "GI001", "gestor": "HADER REYES", "cord_x": 88033.027100399995, "cord_y": 101626.051649 }, "geometry": { "type": "Point", "coordinates": [ -74.185345, 4.610927 ] } },
{ "type": "Feature", "properties": { "categoria": "Disposición inadecuada de residuos sólidos", "localidad": "BOSA", "direccion": "CL 63 SUR No. 81 A - 30", "cod_locali": 7.0, "grupo_sac": "Contaminación", "sac": "Manejo inadecuado de residuos sólidos", "codigo_sac": "CR004", "gestor": "HADER REYES", "cord_x": 87941.007008400004, "cord_y": 101695.972142 }, "geometry": { "type": "Point", "coordinates": [ -74.186174, 4.611559 ] } },
{ "type": "Feature", "properties": { "categoria": "Necesidad de procesos de educación ambiental comunitaria", "localidad": "BOSA", "direccion": "CR 77 L No. 65 J - 73", "cod_locali": 7.0, "grupo_sac": "Participación y educación ambiental", "sac": "Educación ambiental", "codigo_sac": "PE002", "gestor": "HADER REYES", "cord_x": 87832.0400658, "cord_y": 100462.05949 }, "geometry": { "type": "Point", "coordinates": [ -74.187155, 4.600405 ] } },
{ "type": "Feature", "properties": { "categoria": "Acumulación de residuos orgánicos e inorgánicos en cuerpo de agua", "localidad": "BOSA", "direccion": "CL 85 SUR No. 94 - 75", "cod_locali": 7.0, "grupo_sac": "Estructura ecológica principal y espacios del agua", "sac": "Contaminación Hídrica", "codigo_sac": "EH001", "gestor": "HADER REYES", "cord_x": 85042.016593199995, "cord_y": 103334.99630100001 }, "geometry": { "type": "Point", "coordinates": [ -74.212291, 4.626373 ] } },
{ "type": "Feature", "properties": { "categoria": "Percepción de olores ofensivos", "localidad": "BOSA", "direccion": "CL 55 A SUR No. 66 - 50", "cod_locali": 7.0, "grupo_sac": "Contaminación", "sac": "Contaminación del aire", "codigo_sac": "CA004", "gestor": "HADER REYES", "cord_x": 91084.011905599997, "cord_y": 100692.042835 }, "geometry": { "type": "Point", "coordinates": [ -74.15786, 4.602485 ] } },
{ "type": "Feature", "properties": { "categoria": "Acumulación de residuos orgánicos e inorgánicos en cuerpo de agua", "localidad": "BOSA", "direccion": "CL 87 SUR No. 92 - 85", "cod_locali": 7.0, "grupo_sac": "Estructura ecológica principal y espacios del agua", "sac": "Contaminación Hídrica", "codigo_sac": "EH001", "gestor": "HADER REYES", "cord_x": 85003.001902899996, "cord_y": 102771.02971 }, "geometry": { "type": "Point", "coordinates": [ -74.212642, 4.621275 ] } },
{ "type": "Feature", "properties": { "categoria": "Acumulación de residuos orgánicos e inorgánicos en cuerpo de agua", "localidad": "BOSA", "direccion": "CL 58 SUR No. 104 - 50", "cod_locali": 7.0, "grupo_sac": "Estructura ecológica principal y espacios del agua", "sac": "Contaminación Hídrica", "codigo_sac": "EH001", "gestor": "HADER REYES", "cord_x": 87437.896199299998, "cord_y": 104755.577792 }, "geometry": { "type": "Point", "coordinates": [ -74.190708, 4.639216 ] } },
{ "type": "Feature", "properties": { "categoria": "Disposición inadecuada de residuos sólidos", "localidad": "BOSA", "direccion": "CL 70 A SUR No. 100 A - 51", "cod_locali": 7.0, "grupo_sac": "Contaminación", "sac": "Manejo inadecuado de residuos sólidos", "codigo_sac": "CR004", "gestor": "HADER REYES", "cord_x": 85917.026545100001, "cord_y": 104307.984598 }, "geometry": { "type": "Point", "coordinates": [ -74.204409, 4.635169 ] } },
{ "type": "Feature", "properties": { "categoria": "Acumulación de residuos orgánicos e inorgánicos en cuerpo de agua", "localidad": "BOSA", "direccion": "CR 78 BIS No. 18 I - 52 SUR", "cod_locali": 7.0, "grupo_sac": "Estructura ecológica principal y espacios del agua", "sac": "Contaminación Hídrica", "codigo_sac": "EH001", "gestor": "HADER REYES", "cord_x": 88978.983242200004, "cord_y": 100754.05437300001 }, "geometry": { "type": "Point", "coordinates": [ -74.176823, 4.603045 ] } },
{ "type": "Feature", "properties": { "categoria": "Necesidad de procesos de participación ciudadana en el territorio", "localidad": "BOSA", "direccion": "CR 80 K No. 61 - 28 SUR", "cod_locali": 7.0, "grupo_sac": "Participación y educación ambiental", "sac": "Reconocimiento territorial", "codigo_sac": "PR002", "gestor": "HADER REYES", "cord_x": 88024.036813800005, "cord_y": 101648.066651 }, "geometry": { "type": "Point", "coordinates": [ -74.185426, 4.611126 ] } },
{ "type": "Feature", "properties": { "categoria": "Necesidad de procesos de participación ciudadana en el territorio", "localidad": "BOSA", "direccion": "CL 59 SUR No. 92 - 01", "cod_locali": 7.0, "grupo_sac": "Participación y educación ambiental", "sac": "Reconocimiento territorial", "codigo_sac": "PR002", "gestor": "HADER REYES", "cord_x": 87125.039346699996, "cord_y": 103934.97588899999 }, "geometry": { "type": "Point", "coordinates": [ -74.193526, 4.631798 ] } },
{ "type": "Feature", "properties": { "categoria": "Disposición inadecuada de residuos sólidos", "localidad": "BOSA", "direccion": "CL 83 C BIS SUR No. 80 P - 20", "cod_locali": 7.0, "grupo_sac": "Contaminación", "sac": "Manejo inadecuado de residuos sólidos", "codigo_sac": "CR004", "gestor": "HADER REYES", "cord_x": 85580.039328500003, "cord_y": 101898.030469 }, "geometry": { "type": "Point", "coordinates": [ -74.207443, 4.613384 ] } },
{ "type": "Feature", "properties": { "categoria": "Invasión de áreas protegidas", "localidad": "BOSA", "direccion": "CL 73 B BIS SUR No. 86 - 17", "cod_locali": 7.0, "grupo_sac": "Ordenamiento ambiental de territorio", "sac": "Usos del suelo", "codigo_sac": "OU002", "gestor": "HADER REYES", "cord_x": 86528.966602900007, "cord_y": 102592.020909 }, "geometry": { "type": "Point", "coordinates": [ -74.198895, 4.619658 ] } },
{ "type": "Feature", "properties": { "categoria": "Necesidad de procesos de educación ambiental comunitaria", "localidad": "BOSA", "direccion": "CR 81 No. 75 - 02 SUR", "cod_locali": 7.0, "grupo_sac": "Participación y educación ambiental", "sac": "Educación ambiental", "codigo_sac": "PE002", "gestor": "HADER REYES", "cord_x": 86117.956446099997, "cord_y": 101691.00562500001 }, "geometry": { "type": "Point", "coordinates": [ -74.202597, 4.611513 ] } },
{ "type": "Feature", "properties": { "categoria": "Necesidad de procesos de participación ciudadana en el territorio", "localidad": "BOSA", "direccion": "CL 59 C SUR No. 87 - 04", "cod_locali": 7.0, "grupo_sac": "Participación y educación ambiental", "sac": "Reconocimiento territorial", "codigo_sac": "PR002", "gestor": "HADER REYES", "cord_x": 87694.974390400006, "cord_y": 102845.055443 }, "geometry": { "type": "Point", "coordinates": [ -74.188391, 4.621946 ] } },
{ "type": "Feature", "properties": { "categoria": "Tenencia inadecuada de animales de compañía", "localidad": "BOSA", "direccion": "CL 61 A SUR No. 98 B - 2", "cod_locali": 7.0, "grupo_sac": "Fauna", "sac": "Fauna doméstica y animales de compañía", "codigo_sac": "FD001", "gestor": "HADER REYES", "cord_x": 86699.035560999997, "cord_y": 104282.03828 }, "geometry": { "type": "Point", "coordinates": [ -74.197364, 4.634935 ] } },
{ "type": "Feature", "properties": { "categoria": "Zonas con riesgo de incendio forestal", "localidad": "BOSA", "direccion": "CR 77 G No. 63 - 35 SUR", "cod_locali": 7.0, "grupo_sac": "Gestión de riesgos", "sac": "Incendios", "codigo_sac": "GI001", "gestor": "HADER REYES", "cord_x": 88553.019034500001, "cord_y": 100135.012422 }, "geometry": { "type": "Point", "coordinates": [ -74.18066, 4.597449 ] } },
{ "type": "Feature", "properties": { "categoria": "Disposición inadecuada de residuos sólidos", "localidad": "BOSA", "direccion": "AK 56 SUR No. 72 G - 20", "cod_locali": 7.0, "grupo_sac": "Contaminación", "sac": "Manejo inadecuado de residuos sólidos", "codigo_sac": "CR004", "gestor": "HADER REYES", "cord_x": 90192.958100200005, "cord_y": 100755.007897 }, "geometry": { "type": "Point", "coordinates": [ -74.165887, 4.603054 ] } },
{ "type": "Feature", "properties": { "categoria": "Disposición inadecuada de residuos sólidos", "localidad": "BOSA", "direccion": "CR 88 I No. 57 F - 17 SUR", "cod_locali": 7.0, "grupo_sac": "Contaminación", "sac": "Manejo inadecuado de residuos sólidos", "codigo_sac": "CR004", "gestor": "HADER REYES", "cord_x": 88103.963126600007, "cord_y": 103757.03101200001 }, "geometry": { "type": "Point", "coordinates": [ -74.184707, 4.63019 ] } },
{ "type": "Feature", "properties": { "categoria": "Disposición inadecuada de residuos sólidos", "localidad": "BOSA", "direccion": "CR 81 H No. 75 - 95 SUR", "cod_locali": 7.0, "grupo_sac": "Contaminación", "sac": "Manejo inadecuado de residuos sólidos", "codigo_sac": "CR004", "gestor": "HADER REYES", "cord_x": 86160.032772299994, "cord_y": 106003.969518 }, "geometry": { "type": "Point", "coordinates": [ -74.202221, 4.6505 ] } },
{ "type": "Feature", "properties": { "categoria": "Acumulación de residuos orgánicos e inorgánicos en cuerpo de agua", "localidad": "BOSA", "direccion": "CL 55 A SUR No. 66 - 50", "cod_locali": 7.0, "grupo_sac": "Estructura ecológica principal y espacios del agua", "sac": "Contaminación Hídrica", "codigo_sac": "EH001", "gestor": "HADER REYES", "cord_x": 91084.011905599997, "cord_y": 100692.042835 }, "geometry": { "type": "Point", "coordinates": [ -74.15786, 4.602485 ] } },
{ "type": "Feature", "properties": { "categoria": "Falta visibilización y fortalecimiento a iniciativas comunitarias", "localidad": "BOSA", "direccion": "CR 81 A No. 59 A - 85 SUR", "cod_locali": 7.0, "grupo_sac": "Participación y educación ambiental", "sac": "Reconocimiento territorial", "codigo_sac": "PR001", "gestor": "HADER REYES", "cord_x": 88084.993381099994, "cord_y": 101914.007516 }, "geometry": { "type": "Point", "coordinates": [ -74.184877, 4.61353 ] } },
{ "type": "Feature", "properties": { "categoria": "Disposición inadecuada de residuos sólidos", "localidad": "BOSA", "direccion": "CL 81 B No. 71 - 40 SUR", "cod_locali": 7.0, "grupo_sac": "Contaminación", "sac": "Manejo inadecuado de residuos sólidos", "codigo_sac": "CR004", "gestor": "HADER REYES", "cord_x": 86894.991915899998, "cord_y": 101603.00094100001 }, "geometry": { "type": "Point", "coordinates": [ -74.195597, 4.610718 ] } },
{ "type": "Feature", "properties": { "categoria": "Acumulación de residuos orgánicos e inorgánicos en cuerpo de agua", "localidad": "BOSA", "direccion": "CL 59 SUR No. 92 - 01", "cod_locali": 7.0, "grupo_sac": "Estructura ecológica principal y espacios del agua", "sac": "Contaminación Hídrica", "codigo_sac": "EH001", "gestor": "HADER REYES", "cord_x": 87047.016830199995, "cord_y": 104120.057999 }, "geometry": { "type": "Point", "coordinates": [ -74.194229, 4.633471 ] } },
{ "type": "Feature", "properties": { "categoria": "Disposición inadecuada de residuos sólidos", "localidad": "BOSA", "direccion": "DG 73 G SUR No. 78 G - 10", "cod_locali": 7.0, "grupo_sac": "Contaminación", "sac": "Manejo inadecuado de residuos sólidos", "codigo_sac": "CR004", "gestor": "HADER REYES", "cord_x": 85955.945757199996, "cord_y": 101033.016794 }, "geometry": { "type": "Point", "coordinates": [ -74.204056, 4.605565 ] } },
{ "type": "Feature", "properties": { "categoria": "Necesidad de procesos de educación ambiental comunitaria", "localidad": "BOSA", "direccion": "CL 56 SUR No. 72 G - 20", "cod_locali": 7.0, "grupo_sac": "Participación y educación ambiental", "sac": "Educación ambiental", "codigo_sac": "PE002", "gestor": "HADER REYES", "cord_x": 90181.969066299993, "cord_y": 100780.00959 }, "geometry": { "type": "Point", "coordinates": [ -74.165986, 4.60328 ] } },
{ "type": "Feature", "properties": { "categoria": "Necesidad de procesos de participación ciudadana en el territorio", "localidad": "BOSA", "direccion": "CL 58 SUR No. 104 A - 50", "cod_locali": 7.0, "grupo_sac": "Participación y educación ambiental", "sac": "Reconocimiento territorial", "codigo_sac": "PR002", "gestor": "HADER REYES", "cord_x": 87437.896199299998, "cord_y": 104755.577792 }, "geometry": { "type": "Point", "coordinates": [ -74.190708, 4.639216 ] } },
{ "type": "Feature", "properties": { "categoria": "Disposición inadecuada de residuos sólidos", "localidad": "BOSA", "direccion": "CL 63 SUR No. 87 A - 77", "cod_locali": 7.0, "grupo_sac": "Contaminación", "sac": "Manejo inadecuado de residuos sólidos", "codigo_sac": "CR004", "gestor": "HADER REYES", "cord_x": 87417.011098100003, "cord_y": 102708.006996 }, "geometry": { "type": "Point", "coordinates": [ -74.190895, 4.620707 ] } },
{ "type": "Feature", "properties": { "categoria": "Disposición inadecuada de residuos sólidos", "localidad": "BOSA", "direccion": "CL 72 B SUR No. 89 A - 00", "cod_locali": 7.0, "grupo_sac": "Contaminación", "sac": "Manejo inadecuado de residuos sólidos", "codigo_sac": "CR004", "gestor": "HADER REYES", "cord_x": 86311.002363099993, "cord_y": 103233.00282199999 }, "geometry": { "type": "Point", "coordinates": [ -74.200859, 4.625452 ] } },
{ "type": "Feature", "properties": { "categoria": "Necesidad de procesos de educación ambiental comunitaria", "localidad": "BOSA", "direccion": "CL 61 SUR No. 80 H - 01", "cod_locali": 7.0, "grupo_sac": "Participación y educación ambiental", "sac": "Educación ambiental", "codigo_sac": "PE002", "gestor": "HADER REYES", "cord_x": 88381.015569900002, "cord_y": 101319.047232 }, "geometry": { "type": "Point", "coordinates": [ -74.18221, 4.608152 ] } },
{ "type": "Feature", "properties": { "categoria": "Necesidad de procesos de educación ambiental comunitaria", "localidad": "BOSA", "direccion": "CL 88 I BIS No. 54 A - 6 SUR", "cod_locali": 7.0, "grupo_sac": "Participación y educación ambiental", "sac": "Educación ambiental", "codigo_sac": "PE002", "gestor": "HADER REYES", "cord_x": 87439.041995699998, "cord_y": 103545.995589 }, "geometry": { "type": "Point", "coordinates": [ -74.190697, 4.628282 ] } },
{ "type": "Feature", "properties": { "categoria": "Disposición inadecuada de residuos sólidos", "localidad": "BOSA", "direccion": "CL 88 A SUR No. 86 A - 11", "cod_locali": 7.0, "grupo_sac": "Contaminación", "sac": "Manejo inadecuado de residuos sólidos", "codigo_sac": "CR004", "gestor": "HADER REYES", "cord_x": 85116.943700100004, "cord_y": 102116.999733 }, "geometry": { "type": "Point", "coordinates": [ -74.211615, 4.615363 ] } },
{ "type": "Feature", "properties": { "categoria": "Disposición inadecuada de residuos sólidos", "localidad": "BOSA", "direccion": "CL 49 D SUR No. 92 A - 34", "cod_locali": 7.0, "grupo_sac": "Contaminación", "sac": "Manejo inadecuado de residuos sólidos", "codigo_sac": "CR004", "gestor": "HADER REYES", "cord_x": 88304.030112499997, "cord_y": 104529.962678 }, "geometry": { "type": "Point", "coordinates": [ -74.182905, 4.637177 ] } },
{ "type": "Feature", "properties": { "categoria": "Disposición inadecuada de residuos sólidos", "localidad": "BOSA", "direccion": "CL 63 SUR No. 81 G - 02", "cod_locali": 7.0, "grupo_sac": "Contaminación", "sac": "Manejo inadecuado de residuos sólidos", "codigo_sac": "CR004", "gestor": "HADER REYES", "cord_x": 87005.017372999995, "cord_y": 101877.01332300001 }, "geometry": { "type": "Point", "coordinates": [ -74.194606, 4.613195 ] } },
{ "type": "Feature", "properties": { "categoria": "Necesidad de procesos de participación ciudadana en el territorio", "localidad": "BOSA", "direccion": "CR 80 Q No. 75 - 45 SUR", "cod_locali": 7.0, "grupo_sac": "Participación y educación ambiental", "sac": "Reconocimiento territorial", "codigo_sac": "PR002", "gestor": "HADER REYES", "cord_x": 86097.975141899995, "cord_y": 101688.020303 }, "geometry": { "type": "Point", "coordinates": [ -74.202777, 4.611486 ] } },
{ "type": "Feature", "properties": { "categoria": "Disposición inadecuada de residuos sólidos", "localidad": "BOSA", "direccion": "CL 66 SUR No. 78 - 2", "cod_locali": 7.0, "grupo_sac": "Contaminación", "sac": "Manejo inadecuado de residuos sólidos", "codigo_sac": "CR004", "gestor": "HADER REYES", "cord_x": 87832.0400658, "cord_y": 100462.05949 }, "geometry": { "type": "Point", "coordinates": [ -74.187155, 4.600405 ] } },
{ "type": "Feature", "properties": { "categoria": "Disposición ilegal de Residuos de Construcción y Demolición", "localidad": "BOSA", "direccion": "CL 77 SUR No. 78 F - 71", "cod_locali": 7.0, "grupo_sac": "Contaminación", "sac": "Manejo inadecuado de residuos sólidos", "codigo_sac": "CR002", "gestor": "HADER REYES", "cord_x": 85718.976094700003, "cord_y": 101392.016664 }, "geometry": { "type": "Point", "coordinates": [ -74.206191, 4.60881 ] } },
{ "type": "Feature", "properties": { "categoria": "Acumulación de residuos orgánicos e inorgánicos en cuerpo de agua", "localidad": "BOSA", "direccion": "CL 82 SUR No. 89 - 21", "cod_locali": 7.0, "grupo_sac": "Estructura ecológica principal y espacios del agua", "sac": "Contaminación Hídrica", "codigo_sac": "EH001", "gestor": "HADER REYES", "cord_x": 85555.036330100003, "cord_y": 102880.05736599999 }, "geometry": { "type": "Point", "coordinates": [ -74.207669, 4.622261 ] } },
{ "type": "Feature", "properties": { "categoria": "Areas que requieren de restauración ecológica", "localidad": "BOSA", "direccion": "DG 73 G SUR No. 78 D - 88", "cod_locali": 7.0, "grupo_sac": "Estructura ecológica principal y espacios del agua", "sac": "Mantenimiento silvicultural", "codigo_sac": "ES001", "gestor": "HADER REYES", "cord_x": 85962.052024699995, "cord_y": 101044.078872 }, "geometry": { "type": "Point", "coordinates": [ -74.204001, 4.605665 ] } },
{ "type": "Feature", "properties": { "categoria": "Disposición inadecuada de residuos sólidos", "localidad": "KENNEDY", "direccion": "Cr 91 con calle 49 sur", "cod_locali": 8.0, "grupo_sac": "Contaminación", "sac": "Manejo inadecuado de residuos sólidos", "codigo_sac": "CR004", "gestor": "ADRIÁN HERNÁNDEZ", "cord_x": 88567.654050700003, "cord_y": 104413.01818100001 }, "geometry": { "type": "Point", "coordinates": [ -74.18053, 4.63612 ] } },
{ "type": "Feature", "properties": { "categoria": "Disposición inadecuada de residuos sólidos", "localidad": "KENNEDY", "direccion": "Calle 40B Sur entre Carrera 81K -82B", "cod_locali": 8.0, "grupo_sac": "Contaminación", "sac": "Manejo inadecuado de residuos sólidos", "codigo_sac": "CR004", "gestor": "ADRIÁN HERNÁNDEZ", "cord_x": 90338.122718700004, "cord_y": 103849.53644900001 }, "geometry": { "type": "Point", "coordinates": [ -74.16458, 4.631027 ] } },
{ "type": "Feature", "properties": { "categoria": "Disposición inadecuada de residuos sólidos", "localidad": "KENNEDY", "direccion": "Calle 42 Sur con Carrera 72K", "cod_locali": 8.0, "grupo_sac": "Contaminación", "sac": "Manejo inadecuado de residuos sólidos", "codigo_sac": "CR004", "gestor": "ADRIÁN HERNÁNDEZ", "cord_x": 91935.439843300002, "cord_y": 101099.910714 }, "geometry": { "type": "Point", "coordinates": [ -74.15019, 4.606172 ] } },
{ "type": "Feature", "properties": { "categoria": "Disposición inadecuada de residuos sólidos", "localidad": "KENNEDY", "direccion": "Av. Ciudad de Cali con Calle 15A", "cod_locali": 8.0, "grupo_sac": "Contaminación", "sac": "Manejo inadecuado de residuos sólidos", "codigo_sac": "CR004", "gestor": "ADRIÁN HERNÁNDEZ", "cord_x": 93219.835909700007, "cord_y": 106672.90691400001 }, "geometry": { "type": "Point", "coordinates": [ -74.138619, 4.656549 ] } },
{ "type": "Feature", "properties": { "categoria": "Disposición inadecuada de residuos sólidos", "localidad": "KENNEDY", "direccion": "Calle 38 Sur entre Carreras 86 a la 89", "cod_locali": 8.0, "grupo_sac": "Contaminación", "sac": "Manejo inadecuado de residuos sólidos", "codigo_sac": "CR004", "gestor": "ADRIÁN HERNÁNDEZ", "cord_x": 90079.069632800005, "cord_y": 104811.655551 }, "geometry": { "type": "Point", "coordinates": [ -74.166914, 4.639724 ] } },
{ "type": "Feature", "properties": { "categoria": "Disposición inadecuada de residuos sólidos", "localidad": "KENNEDY", "direccion": "Calle 55 Sur con Carrera 80A a la Carrera 80G", "cod_locali": 8.0, "grupo_sac": "Contaminación", "sac": "Manejo inadecuado de residuos sólidos", "codigo_sac": "CR004", "gestor": "ADRIÁN HERNÁNDEZ", "cord_x": 89169.857016099995, "cord_y": 102063.85445499999 }, "geometry": { "type": "Point", "coordinates": [ -74.175104, 4.614885 ] } },
{ "type": "Feature", "properties": { "categoria": "Disposición inadecuada de residuos sólidos", "localidad": "KENNEDY", "direccion": "Carrera 77H con Calle 49 Sur", "cod_locali": 8.0, "grupo_sac": "Contaminación", "sac": "Manejo inadecuado de residuos sólidos", "codigo_sac": "CR004", "gestor": "ADRIÁN HERNÁNDEZ", "cord_x": 90165.102153900007, "cord_y": 101005.575747 }, "geometry": { "type": "Point", "coordinates": [ -74.166138, 4.605319 ] } },
{ "type": "Feature", "properties": { "categoria": "Disposición inadecuada de residuos sólidos", "localidad": "KENNEDY", "direccion": "Carrera 68A con Calle 2", "cod_locali": 8.0, "grupo_sac": "Contaminación", "sac": "Manejo inadecuado de residuos sólidos", "codigo_sac": "CR004", "gestor": "ADRIÁN HERNÁNDEZ", "cord_x": 94572.575977200002, "cord_y": 102880.572258 }, "geometry": { "type": "Point", "coordinates": [ -74.126433, 4.622268 ] } },
{ "type": "Feature", "properties": { "categoria": "Disposición inadecuada de residuos sólidos", "localidad": "KENNEDY", "direccion": "Diagonal 38 Sur entre Carreras 80 Y 86", "cod_locali": 8.0, "grupo_sac": "Contaminación", "sac": "Manejo inadecuado de residuos sólidos", "codigo_sac": "CR004", "gestor": "ADRIÁN HERNÁNDEZ", "cord_x": 90517.512338500004, "cord_y": 104239.819699 }, "geometry": { "type": "Point", "coordinates": [ -74.162964, 4.634555 ] } },
{ "type": "Feature", "properties": { "categoria": "Disposición inadecuada de residuos sólidos", "localidad": "KENNEDY", "direccion": "Calle 12 con Av. Ciudad de Cali hasta Carrera 82A", "cod_locali": 8.0, "grupo_sac": "Contaminación", "sac": "Manejo inadecuado de residuos sólidos", "codigo_sac": "CR004", "gestor": "ADRIÁN HERNÁNDEZ", "cord_x": 92925.248599500002, "cord_y": 106186.37187800001 }, "geometry": { "type": "Point", "coordinates": [ -74.141273, 4.652151 ] } },
{ "type": "Feature", "properties": { "categoria": "Disposición inadecuada de residuos sólidos", "localidad": "KENNEDY", "direccion": "Carrera 78 Con Calle 6H", "cod_locali": 8.0, "grupo_sac": "Contaminación", "sac": "Manejo inadecuado de residuos sólidos", "codigo_sac": "CR004", "gestor": "ADRIÁN HERNÁNDEZ", "cord_x": 92512.445627900001, "cord_y": 104261.702815 }, "geometry": { "type": "Point", "coordinates": [ -74.144992, 4.634753 ] } },
{ "type": "Feature", "properties": { "categoria": "Disposición inadecuada de residuos sólidos", "localidad": "KENNEDY", "direccion": "Av. Ciudad de Cali con Calle 2", "cod_locali": 8.0, "grupo_sac": "Contaminación", "sac": "Manejo inadecuado de residuos sólidos", "codigo_sac": "CR004", "gestor": "ADRIÁN HERNÁNDEZ", "cord_x": 91041.562701600007, "cord_y": 104756.542202 }, "geometry": { "type": "Point", "coordinates": [ -74.158243, 4.639226 ] } },
{ "type": "Feature", "properties": { "categoria": "Disposición inadecuada de residuos sólidos", "localidad": "KENNEDY", "direccion": "Carrera 72I con Calle 40 Sur", "cod_locali": 8.0, "grupo_sac": "Contaminación", "sac": "Manejo inadecuado de residuos sólidos", "codigo_sac": "CR004", "gestor": "ADRIÁN HERNÁNDEZ", "cord_x": 92331.955829500002, "cord_y": 101269.83070599999 }, "geometry": { "type": "Point", "coordinates": [ -74.146618, 4.607708 ] } },
{ "type": "Feature", "properties": { "categoria": "Disposición inadecuada de residuos sólidos", "localidad": "KENNEDY", "direccion": "Carrera 80 entre Calles 42 Sur a la 45 Sur", "cod_locali": 8.0, "grupo_sac": "Contaminación", "sac": "Manejo inadecuado de residuos sólidos", "codigo_sac": "CR004", "gestor": "ADRIÁN HERNÁNDEZ", "cord_x": 90506.0487823, "cord_y": 102933.219559 }, "geometry": { "type": "Point", "coordinates": [ -74.163067, 4.622744 ] } },
{ "type": "Feature", "properties": { "categoria": "Disposición inadecuada de residuos sólidos", "localidad": "KENNEDY", "direccion": "Carrera 82  entre Diagonal 38 Sur a la Calle 40 Bis Sur", "cod_locali": 8.0, "grupo_sac": "Contaminación", "sac": "Manejo inadecuado de residuos sólidos", "codigo_sac": "CR004", "gestor": "ADRIÁN HERNÁNDEZ", "cord_x": 90427.703005000003, "cord_y": 103890.13387200001 }, "geometry": { "type": "Point", "coordinates": [ -74.163773, 4.631394 ] } },
{ "type": "Feature", "properties": { "categoria": "Disposición inadecuada de residuos sólidos", "localidad": "KENNEDY", "direccion": "Carrera 81A con Calle 56 Sur", "cod_locali": 8.0, "grupo_sac": "Contaminación", "sac": "Manejo inadecuado de residuos sólidos", "codigo_sac": "CR004", "gestor": "ADRIÁN HERNÁNDEZ", "cord_x": 88817.423730099996, "cord_y": 102261.22559099999 }, "geometry": { "type": "Point", "coordinates": [ -74.178279, 4.616669 ] } },
{ "type": "Feature", "properties": { "categoria": "Disposición inadecuada de residuos sólidos", "localidad": "KENNEDY", "direccion": "Carrera 72H Con Calle 38 Sur", "cod_locali": 8.0, "grupo_sac": "Contaminación", "sac": "Manejo inadecuado de residuos sólidos", "codigo_sac": "CR004", "gestor": "ADRIÁN HERNÁNDEZ", "cord_x": 92823.934748800006, "cord_y": 101557.680175 }, "geometry": { "type": "Point", "coordinates": [ -74.142186, 4.61031 ] } },
{ "type": "Feature", "properties": { "categoria": "Disposición inadecuada de residuos sólidos", "localidad": "KENNEDY", "direccion": "Carrera 80G entre Calles 55 y 56 Sur", "cod_locali": 8.0, "grupo_sac": "Contaminación", "sac": "Manejo inadecuado de residuos sólidos", "codigo_sac": "CR004", "gestor": "ADRIÁN HERNÁNDEZ", "cord_x": 88996.469030599997, "cord_y": 102120.94444399999 }, "geometry": { "type": "Point", "coordinates": [ -74.176666, 4.615401 ] } },
{ "type": "Feature", "properties": { "categoria": "Disposición inadecuada de residuos sólidos", "localidad": "KENNEDY", "direccion": "Calle 38 Sur de Carrera  89  a Carrera 101", "cod_locali": 8.0, "grupo_sac": "Contaminación", "sac": "Manejo inadecuado de residuos sólidos", "codigo_sac": "CR004", "gestor": "ADRIÁN HERNÁNDEZ", "cord_x": 89112.188970799994, "cord_y": 106113.422849 }, "geometry": { "type": "Point", "coordinates": [ -74.175625, 4.651491 ] } },
{ "type": "Feature", "properties": { "categoria": "Disposición inadecuada de residuos sólidos", "localidad": "KENNEDY", "direccion": "Calle 39 Sur de la Carrera 68A a la Carrera  68B", "cod_locali": 8.0, "grupo_sac": "Contaminación", "sac": "Manejo inadecuado de residuos sólidos", "codigo_sac": "CR004", "gestor": "ADRIÁN HERNÁNDEZ", "cord_x": 93435.483954199997, "cord_y": 100351.756159 }, "geometry": { "type": "Point", "coordinates": [ -74.136677, 4.599409 ] } },
{ "type": "Feature", "properties": { "categoria": "Disposición inadecuada de residuos sólidos", "localidad": "KENNEDY", "direccion": "Calle 5A Sur De Carrera 80 a Carrera 81 y Carrera 81 de Calle 5A Sur a Calle 1", "cod_locali": 8.0, "grupo_sac": "Contaminación", "sac": "Manejo inadecuado de residuos sólidos", "codigo_sac": "CR004", "gestor": "ADRIÁN HERNÁNDEZ", "cord_x": 91264.669658700004, "cord_y": 104300.65015099999 }, "geometry": { "type": "Point", "coordinates": [ -74.156233, 4.635105 ] } },
{ "type": "Feature", "properties": { "categoria": "Disposición inadecuada de residuos sólidos", "localidad": "KENNEDY", "direccion": "Calle 57D Sur entre Carrera 62B a la Carrera 62F (se traslado a la Autopista Sur)", "cod_locali": 8.0, "grupo_sac": "Contaminación", "sac": "Manejo inadecuado de residuos sólidos", "codigo_sac": "CR004", "gestor": "ADRIÁN HERNÁNDEZ", "cord_x": 91824.759341600002, "cord_y": 100041.777168 }, "geometry": { "type": "Point", "coordinates": [ -74.151187, 4.596607 ] } },
{ "type": "Feature", "properties": { "categoria": "Disposición inadecuada de residuos sólidos", "localidad": "KENNEDY", "direccion": "Calle 38C Sur con Carrera 80", "cod_locali": 8.0, "grupo_sac": "Contaminación", "sac": "Manejo inadecuado de residuos sólidos", "codigo_sac": "CR004", "gestor": "ADRIÁN HERNÁNDEZ", "cord_x": 90960.951502800002, "cord_y": 103377.815049 }, "geometry": { "type": "Point", "coordinates": [ -74.158969, 4.626763 ] } },
{ "type": "Feature", "properties": { "categoria": "Disposición inadecuada de residuos sólidos", "localidad": "KENNEDY", "direccion": "Carrera 80 con Calle 10", "cod_locali": 8.0, "grupo_sac": "Contaminación", "sac": "Manejo inadecuado de residuos sólidos", "codigo_sac": "CR004", "gestor": "ADRIÁN HERNÁNDEZ", "cord_x": 92749.096584500003, "cord_y": 105377.585672 }, "geometry": { "type": "Point", "coordinates": [ -74.14286, 4.64484 ] } },
{ "type": "Feature", "properties": { "categoria": "Disposición inadecuada de residuos sólidos", "localidad": "KENNEDY", "direccion": "Calle 51A Sur de Carrera 77H a Carrera 77K Bis", "cod_locali": 8.0, "grupo_sac": "Contaminación", "sac": "Manejo inadecuado de residuos sólidos", "codigo_sac": "CR004", "gestor": "ADRIÁN HERNÁNDEZ", "cord_x": 90012.134568599999, "cord_y": 101000.712556 }, "geometry": { "type": "Point", "coordinates": [ -74.167516, 4.605275 ] } },
{ "type": "Feature", "properties": { "categoria": "Disposición inadecuada de residuos sólidos", "localidad": "KENNEDY", "direccion": "Carrera 78 de Calle 12A Calle 11C", "cod_locali": 8.0, "grupo_sac": "Contaminación", "sac": "Manejo inadecuado de residuos sólidos", "codigo_sac": "CR004", "gestor": "ADRIÁN HERNÁNDEZ", "cord_x": 93550.295731899998, "cord_y": 105626.833853 }, "geometry": { "type": "Point", "coordinates": [ -74.135642, 4.647093 ] } },
{ "type": "Feature", "properties": { "categoria": "Disposición inadecuada de residuos sólidos", "localidad": "KENNEDY", "direccion": "Carrera 89 de Calle 33 Bis Sur  a Calle 38 Sur", "cod_locali": 8.0, "grupo_sac": "Contaminación", "sac": "Manejo inadecuado de residuos sólidos", "codigo_sac": "CR004", "gestor": "ADRIÁN HERNÁNDEZ", "cord_x": 90364.682232399995, "cord_y": 105040.86445199999 }, "geometry": { "type": "Point", "coordinates": [ -74.164341, 4.641796 ] } },
{ "type": "Feature", "properties": { "categoria": "Disposición inadecuada de residuos sólidos", "localidad": "KENNEDY", "direccion": "Carrera 68A con Calle 38H Bis Sur", "cod_locali": 8.0, "grupo_sac": "Contaminación", "sac": "Manejo inadecuado de residuos sólidos", "codigo_sac": "CR004", "gestor": "ADRIÁN HERNÁNDEZ", "cord_x": 93481.995432399999, "cord_y": 100405.29962200001 }, "geometry": { "type": "Point", "coordinates": [ -74.136258, 4.599893 ] } },
{ "type": "Feature", "properties": { "categoria": "Disposición inadecuada de residuos sólidos", "localidad": "KENNEDY", "direccion": "Carrera 68I con Calle 38D Sur", "cod_locali": 8.0, "grupo_sac": "Contaminación", "sac": "Manejo inadecuado de residuos sólidos", "codigo_sac": "CR004", "gestor": "ADRIÁN HERNÁNDEZ", "cord_x": 93071.149416200002, "cord_y": 101111.97132500001 }, "geometry": { "type": "Point", "coordinates": [ -74.139959, 4.606281 ] } },
{ "type": "Feature", "properties": { "categoria": "Disposición inadecuada de residuos sólidos", "localidad": "KENNEDY", "direccion": "Carrera 89 entre Calle 2  y Calle 2A", "cod_locali": 8.0, "grupo_sac": "Contaminación", "sac": "Manejo inadecuado de residuos sólidos", "codigo_sac": "CR004", "gestor": "ADRIÁN HERNÁNDEZ", "cord_x": 90615.993331200007, "cord_y": 105243.96745900001 }, "geometry": { "type": "Point", "coordinates": [ -74.162077, 4.643632 ] } },
{ "type": "Feature", "properties": { "categoria": "Disposición inadecuada de residuos sólidos", "localidad": "KENNEDY", "direccion": "Carrera 72P con Calle 40H Sur", "cod_locali": 8.0, "grupo_sac": "Contaminación", "sac": "Manejo inadecuado de residuos sólidos", "codigo_sac": "CR004", "gestor": "ADRIÁN HERNÁNDEZ", "cord_x": 91747.397773999997, "cord_y": 101545.069519 }, "geometry": { "type": "Point", "coordinates": [ -74.151884, 4.610196 ] } },
{ "type": "Feature", "properties": { "categoria": "Disposición inadecuada de residuos sólidos", "localidad": "KENNEDY", "direccion": "Carrera 77P Bis A con Calle 47B Sur", "cod_locali": 8.0, "grupo_sac": "Contaminación", "sac": "Manejo inadecuado de residuos sólidos", "codigo_sac": "CR004", "gestor": "ADRIÁN HERNÁNDEZ", "cord_x": 90318.742964699995, "cord_y": 101293.419641 }, "geometry": { "type": "Point", "coordinates": [ -74.164754, 4.607921 ] } },
{ "type": "Feature", "properties": { "categoria": "Disposición inadecuada de residuos sólidos", "localidad": "KENNEDY", "direccion": "Calle 56 Sur entre Carrera 81F a Carrera 81I", "cod_locali": 8.0, "grupo_sac": "Contaminación", "sac": "Manejo inadecuado de residuos sólidos", "codigo_sac": "CR004", "gestor": "ADRIÁN HERNÁNDEZ", "cord_x": 88720.519550900004, "cord_y": 102332.804791 }, "geometry": { "type": "Point", "coordinates": [ -74.179152, 4.617316 ] } },
{ "type": "Feature", "properties": { "categoria": "Disposición inadecuada de residuos sólidos", "localidad": "KENNEDY", "direccion": "Av. Ciudad de Cali de Calle 42B Bis Sur a Calle 42F Bis - Costado Oriental", "cod_locali": 8.0, "grupo_sac": "Contaminación", "sac": "Manejo inadecuado de residuos sólidos", "codigo_sac": "CR004", "gestor": "ADRIÁN HERNÁNDEZ", "cord_x": 89800.308674500004, "cord_y": 103687.70647200001 }, "geometry": { "type": "Point", "coordinates": [ -74.169425, 4.629564 ] } },
{ "type": "Feature", "properties": { "categoria": "Disposición inadecuada de residuos sólidos", "localidad": "KENNEDY", "direccion": "Calle 26 Sur entre Carrera 79A a la Carrera 79", "cod_locali": 8.0, "grupo_sac": "Contaminación", "sac": "Manejo inadecuado de residuos sólidos", "codigo_sac": "CR004", "gestor": "ADRIÁN HERNÁNDEZ", "cord_x": 91672.042717000004, "cord_y": 103698.62044300001 }, "geometry": { "type": "Point", "coordinates": [ -74.152563, 4.629663 ] } },
{ "type": "Feature", "properties": { "categoria": "Disposición inadecuada de residuos sólidos", "localidad": "KENNEDY", "direccion": "Calle 58 Bis Sur entre Carrera 79B a Carrera 79G", "cod_locali": 8.0, "grupo_sac": "Contaminación", "sac": "Manejo inadecuado de residuos sólidos", "codigo_sac": "CR004", "gestor": "ADRIÁN HERNÁNDEZ", "cord_x": 88873.2307306, "cord_y": 101608.75282 }, "geometry": { "type": "Point", "coordinates": [ -74.177776, 4.610771 ] } },
{ "type": "Feature", "properties": { "categoria": "Disposición inadecuada de residuos sólidos", "localidad": "KENNEDY", "direccion": "Calle 43 Sur entre Carrera 89C a la Carrera 101", "cod_locali": 8.0, "grupo_sac": "Contaminación", "sac": "Manejo inadecuado de residuos sólidos", "codigo_sac": "CR004", "gestor": "ADRIÁN HERNÁNDEZ", "cord_x": 89169.398783500001, "cord_y": 104475.273973 }, "geometry": { "type": "Point", "coordinates": [ -74.175109, 4.636683 ] } },
{ "type": "Feature", "properties": { "categoria": "Disposición inadecuada de residuos sólidos", "localidad": "KENNEDY", "direccion": "Carrera 68 con Calle 3", "cod_locali": 8.0, "grupo_sac": "Contaminación", "sac": "Manejo inadecuado de residuos sólidos", "codigo_sac": "CR004", "gestor": "ADRIÁN HERNÁNDEZ", "cord_x": 94759.722164499995, "cord_y": 103106.032981 }, "geometry": { "type": "Point", "coordinates": [ -74.124747, 4.624306 ] } },
{ "type": "Feature", "properties": { "categoria": "Disposición inadecuada de residuos sólidos", "localidad": "KENNEDY", "direccion": "Av. Primero de Mayo con Carrera 68C", "cod_locali": 8.0, "grupo_sac": "Contaminación", "sac": "Manejo inadecuado de residuos sólidos", "codigo_sac": "CR004", "gestor": "ADRIÁN HERNÁNDEZ", "cord_x": 94122.151633000001, "cord_y": 101519.754246 }, "geometry": { "type": "Point", "coordinates": [ -74.130491, 4.609967 ] } },
{ "type": "Feature", "properties": { "categoria": "Disposición inadecuada de residuos sólidos", "localidad": "KENNEDY", "direccion": "Calle 34 Sur con Carrera 68D", "cod_locali": 8.0, "grupo_sac": "Contaminación", "sac": "Manejo inadecuado de residuos sólidos", "codigo_sac": "CR004", "gestor": "ADRIÁN HERNÁNDEZ", "cord_x": 93811.894642600004, "cord_y": 101244.400582 }, "geometry": { "type": "Point", "coordinates": [ -74.133286, 4.607478 ] } },
{ "type": "Feature", "properties": { "categoria": "Disposición inadecuada de residuos sólidos", "localidad": "KENNEDY", "direccion": "Carrera 69A con Calle 1", "cod_locali": 8.0, "grupo_sac": "Contaminación", "sac": "Manejo inadecuado de residuos sólidos", "codigo_sac": "CR004", "gestor": "ADRIÁN HERNÁNDEZ", "cord_x": 94201.267751799998, "cord_y": 102843.060491 }, "geometry": { "type": "Point", "coordinates": [ -74.129778, 4.621929 ] } },
{ "type": "Feature", "properties": { "categoria": "Disposición inadecuada de residuos sólidos", "localidad": "KENNEDY", "direccion": "Transversal 68H Bis con Calle 37H Sur\nTransversal 68j bis con calle 37D sur", "cod_locali": 8.0, "grupo_sac": "Contaminación", "sac": "Manejo inadecuado de residuos sólidos", "codigo_sac": "CR004", "gestor": "ADRIÁN HERNÁNDEZ", "cord_x": 93286.725372999994, "cord_y": 101032.876284 }, "geometry": { "type": "Point", "coordinates": [ -74.138017, 4.605566 ] } },
{ "type": "Feature", "properties": { "categoria": "Disposición inadecuada de residuos sólidos", "localidad": "KENNEDY", "direccion": "Av Boyacá entre Calle 40 Sur Separador Vial", "cod_locali": 8.0, "grupo_sac": "Contaminación", "sac": "Manejo inadecuado de residuos sólidos", "codigo_sac": "CR004", "gestor": "ADRIÁN HERNÁNDEZ", "cord_x": 92735.3550483, "cord_y": 100935.963513 }, "geometry": { "type": "Point", "coordinates": [ -74.142984, 4.60469 ] } },
{ "type": "Feature", "properties": { "categoria": "Disposición inadecuada de residuos sólidos", "localidad": "KENNEDY", "direccion": "Transversal 72D con Calle 40 Sur", "cod_locali": 8.0, "grupo_sac": "Contaminación", "sac": "Manejo inadecuado de residuos sólidos", "codigo_sac": "CR004", "gestor": "ADRIÁN HERNÁNDEZ", "cord_x": 92644.996104000005, "cord_y": 100755.200811 }, "geometry": { "type": "Point", "coordinates": [ -74.143798, 4.603056 ] } },
{ "type": "Feature", "properties": { "categoria": "Disposición inadecuada de residuos sólidos", "localidad": "KENNEDY", "direccion": "Carrera 72J entre Calle 46 Sur a Calle 48 Sur", "cod_locali": 8.0, "grupo_sac": "Contaminación", "sac": "Manejo inadecuado de residuos sólidos", "codigo_sac": "CR004", "gestor": "ADRIÁN HERNÁNDEZ", "cord_x": 91814.4399328, "cord_y": 100705.19912400001 }, "geometry": { "type": "Point", "coordinates": [ -74.15128, 4.602604 ] } },
{ "type": "Feature", "properties": { "categoria": "Disposición inadecuada de residuos sólidos", "localidad": "KENNEDY", "direccion": "Carrera 78A con Calle 47A Sur", "cod_locali": 8.0, "grupo_sac": "Contaminación", "sac": "Manejo inadecuado de residuos sólidos", "codigo_sac": "CR004", "gestor": "ADRIÁN HERNÁNDEZ", "cord_x": 90368.816312800001, "cord_y": 101673.417537 }, "geometry": { "type": "Point", "coordinates": [ -74.164303, 4.611356 ] } },
{ "type": "Feature", "properties": { "categoria": "Disposición inadecuada de residuos sólidos", "localidad": "KENNEDY", "direccion": "Carrera 77V Bis A con Calle 53 Sur", "cod_locali": 8.0, "grupo_sac": "Contaminación", "sac": "Manejo inadecuado de residuos sólidos", "codigo_sac": "CR004", "gestor": "ADRIÁN HERNÁNDEZ", "cord_x": 89852.3002748, "cord_y": 101497.75849599999 }, "geometry": { "type": "Point", "coordinates": [ -74.168956, 4.609768 ] } },
{ "type": "Feature", "properties": { "categoria": "Disposición inadecuada de residuos sólidos", "localidad": "KENNEDY", "direccion": "Carrera 78P desde Av. Primero de Mayo a Calle 57 Sur", "cod_locali": 8.0, "grupo_sac": "Contaminación", "sac": "Manejo inadecuado de residuos sólidos", "codigo_sac": "CR004", "gestor": "ADRIÁN HERNÁNDEZ", "cord_x": 89258.088560999997, "cord_y": 101608.18379 }, "geometry": { "type": "Point", "coordinates": [ -74.174309, 4.610766 ] } },
{ "type": "Feature", "properties": { "categoria": "Disposición inadecuada de residuos sólidos", "localidad": "KENNEDY", "direccion": "Carrera 89A con Calle 43 Sur", "cod_locali": 8.0, "grupo_sac": "Contaminación", "sac": "Manejo inadecuado de residuos sólidos", "codigo_sac": "CR004", "gestor": "ADRIÁN HERNÁNDEZ", "cord_x": 89234.9976284, "cord_y": 104390.86391 }, "geometry": { "type": "Point", "coordinates": [ -74.174518, 4.63592 ] } },
{ "type": "Feature", "properties": { "categoria": "Disposición inadecuada de residuos sólidos", "localidad": "KENNEDY", "direccion": "Carrera 101 con Calle 41 Sur", "cod_locali": 8.0, "grupo_sac": "Contaminación", "sac": "Manejo inadecuado de residuos sólidos", "codigo_sac": "CR004", "gestor": "ADRIÁN HERNÁNDEZ", "cord_x": 88872.089008700001, "cord_y": 105939.41869400001 }, "geometry": { "type": "Point", "coordinates": [ -74.177788, 4.649918 ] } },
{ "type": "Feature", "properties": { "categoria": "Disposición inadecuada de residuos sólidos", "localidad": "KENNEDY", "direccion": "Calle 6 entre Carrera 89 a Carrera 93D Costado Sur", "cod_locali": 8.0, "grupo_sac": "Contaminación", "sac": "Manejo inadecuado de residuos sólidos", "codigo_sac": "CR004", "gestor": "ADRIÁN HERNÁNDEZ", "cord_x": 90378.245179000005, "cord_y": 105875.756843 }, "geometry": { "type": "Point", "coordinates": [ -74.164219, 4.649343 ] } },
{ "type": "Feature", "properties": { "categoria": "Disposición inadecuada de residuos sólidos", "localidad": "KENNEDY", "direccion": "Calle 42C Sur a Diagonal 42F Sur entre Carrera 80G hasta Carrera 81C Bis", "cod_locali": 8.0, "grupo_sac": "Contaminación", "sac": "Manejo inadecuado de residuos sólidos", "codigo_sac": "CR004", "gestor": "ADRIÁN HERNÁNDEZ", "cord_x": 90263.618254700006, "cord_y": 103029.359289 }, "geometry": { "type": "Point", "coordinates": [ -74.165251, 4.623613 ] } },
{ "type": "Feature", "properties": { "categoria": "Disposición inadecuada de residuos sólidos", "localidad": "KENNEDY", "direccion": "Calle 5 Bis Sur de Carrera 72A Bis hasta Carrera 72", "cod_locali": 8.0, "grupo_sac": "Contaminación", "sac": "Manejo inadecuado de residuos sólidos", "codigo_sac": "CR004", "gestor": "ADRIÁN HERNÁNDEZ", "cord_x": 93214.986725199997, "cord_y": 103568.96922699999 }, "geometry": { "type": "Point", "coordinates": [ -74.138663, 4.628491 ] } },
{ "type": "Feature", "properties": { "categoria": "Disposición inadecuada de residuos sólidos", "localidad": "KENNEDY", "direccion": "Carrera 88 con Calle 6", "cod_locali": 8.0, "grupo_sac": "Contaminación", "sac": "Manejo inadecuado de residuos sólidos", "codigo_sac": "CR004", "gestor": "ADRIÁN HERNÁNDEZ", "cord_x": 91125.268206299996, "cord_y": 105426.93298899999 }, "geometry": { "type": "Point", "coordinates": [ -74.157489, 4.645286 ] } },
{ "type": "Feature", "properties": { "categoria": "Disposición inadecuada de residuos sólidos", "localidad": "KENNEDY", "direccion": "Carrera 90 A con Calle 6 Bis", "cod_locali": 8.0, "grupo_sac": "Contaminación", "sac": "Manejo inadecuado de residuos sólidos", "codigo_sac": "CR004", "gestor": "ADRIÁN HERNÁNDEZ", "cord_x": 90696.033578799994, "cord_y": 105656.48926 }, "geometry": { "type": "Point", "coordinates": [ -74.161356, 4.647361 ] } },
{ "type": "Feature", "properties": { "categoria": "Disposición inadecuada de residuos sólidos", "localidad": "KENNEDY", "direccion": "Carrera 100 A con Calle 42F Sur", "cod_locali": 8.0, "grupo_sac": "Contaminación", "sac": "Manejo inadecuado de residuos sólidos", "codigo_sac": "CR004", "gestor": "ADRIÁN HERNÁNDEZ", "cord_x": 88664.17932, "cord_y": 105793.070213 }, "geometry": { "type": "Point", "coordinates": [ -74.179661, 4.648595 ] } },
{ "type": "Feature", "properties": { "categoria": "Disposición inadecuada de residuos sólidos", "localidad": "KENNEDY", "direccion": "Carrera 80 entre Calle 11B Bis y Calle 12", "cod_locali": 8.0, "grupo_sac": "Contaminación", "sac": "Manejo inadecuado de residuos sólidos", "codigo_sac": "CR004", "gestor": "ADRIÁN HERNÁNDEZ", "cord_x": 93325.182828200006, "cord_y": 105960.478047 }, "geometry": { "type": "Point", "coordinates": [ -74.13767, 4.650109 ] } },
{ "type": "Feature", "properties": { "categoria": "Disposición inadecuada de residuos sólidos", "localidad": "KENNEDY", "direccion": "Carrera 72N con Calle 37 Sur", "cod_locali": 8.0, "grupo_sac": "Contaminación", "sac": "Manejo inadecuado de residuos sólidos", "codigo_sac": "CR004", "gestor": "ADRIÁN HERNÁNDEZ", "cord_x": 92561.070542500005, "cord_y": 102197.09535800001 }, "geometry": { "type": "Point", "coordinates": [ -74.144554, 4.61609 ] } },
{ "type": "Feature", "properties": { "categoria": "Disposición inadecuada de residuos sólidos", "localidad": "KENNEDY", "direccion": "Carrera 81C con Calle 54 Sur", "cod_locali": 8.0, "grupo_sac": "Contaminación", "sac": "Manejo inadecuado de residuos sólidos", "codigo_sac": "CR004", "gestor": "ADRIÁN HERNÁNDEZ", "cord_x": 89077.740631399996, "cord_y": 102502.37845400001 }, "geometry": { "type": "Point", "coordinates": [ -74.175934, 4.618849 ] } },
{ "type": "Feature", "properties": { "categoria": "Disposición inadecuada de residuos sólidos", "localidad": "KENNEDY", "direccion": "Carrera 68 con Calle 39F Sur", "cod_locali": 8.0, "grupo_sac": "Contaminación", "sac": "Manejo inadecuado de residuos sólidos", "codigo_sac": "CR004", "gestor": "ADRIÁN HERNÁNDEZ", "cord_x": 93492.543103499993, "cord_y": 100272.32777 }, "geometry": { "type": "Point", "coordinates": [ -74.136163, 4.598691 ] } },
{ "type": "Feature", "properties": { "categoria": "Disposición inadecuada de residuos sólidos", "localidad": "KENNEDY", "direccion": "Av Villavicencio con Carrera 81G Costado Sur", "cod_locali": 8.0, "grupo_sac": "Contaminación", "sac": "Manejo inadecuado de residuos sólidos", "codigo_sac": "CR004", "gestor": "ADRIÁN HERNÁNDEZ", "cord_x": 89825.046933100006, "cord_y": 103203.054391 }, "geometry": { "type": "Point", "coordinates": [ -74.169202, 4.625183 ] } },
{ "type": "Feature", "properties": { "categoria": "Disposición inadecuada de residuos sólidos", "localidad": "KENNEDY", "direccion": "Carrera 80 con Diagonal 2", "cod_locali": 8.0, "grupo_sac": "Contaminación", "sac": "Manejo inadecuado de residuos sólidos", "codigo_sac": "CR004", "gestor": "ADRIÁN HERNÁNDEZ", "cord_x": 91387.878234999996, "cord_y": 103977.953304 }, "geometry": { "type": "Point", "coordinates": [ -74.155123, 4.632188 ] } },
{ "type": "Feature", "properties": { "categoria": "Disposición inadecuada de residuos sólidos", "localidad": "KENNEDY", "direccion": "Calle 10 entre Carrera 87A hasta Carrera 94", "cod_locali": 8.0, "grupo_sac": "Contaminación", "sac": "Manejo inadecuado de residuos sólidos", "codigo_sac": "CR004", "gestor": "ADRIÁN HERNÁNDEZ", "cord_x": 91345.621388900006, "cord_y": 106770.148246 }, "geometry": { "type": "Point", "coordinates": [ -74.155504, 4.657428 ] } },
{ "type": "Feature", "properties": { "categoria": "Disposición inadecuada de residuos sólidos", "localidad": "KENNEDY", "direccion": "Calle 34A Sur entre Carrera 93B y 90A", "cod_locali": 8.0, "grupo_sac": "Contaminación", "sac": "Manejo inadecuado de residuos sólidos", "codigo_sac": "CR004", "gestor": "ADRIÁN HERNÁNDEZ", "cord_x": 89802.475987500002, "cord_y": 105497.101249 }, "geometry": { "type": "Point", "coordinates": [ -74.169406, 4.64592 ] } },
{ "type": "Feature", "properties": { "categoria": "Disposición inadecuada de residuos sólidos", "localidad": "KENNEDY", "direccion": "Calle 38 Sur con Carrera 95 Costado Norte", "cod_locali": 8.0, "grupo_sac": "Contaminación", "sac": "Manejo inadecuado de residuos sólidos", "codigo_sac": "CR004", "gestor": "ADRIÁN HERNÁNDEZ", "cord_x": 89561.828624799993, "cord_y": 105547.886614 }, "geometry": { "type": "Point", "coordinates": [ -74.171574, 4.646379 ] } },
{ "type": "Feature", "properties": { "categoria": "Disposición inadecuada de residuos sólidos", "localidad": "KENNEDY", "direccion": "Calle 38 Sur con Carrera 97F Costado Norte", "cod_locali": 8.0, "grupo_sac": "Contaminación", "sac": "Manejo inadecuado de residuos sólidos", "codigo_sac": "CR004", "gestor": "ADRIÁN HERNÁNDEZ", "cord_x": 89405.550071699996, "cord_y": 105818.482968 }, "geometry": { "type": "Point", "coordinates": [ -74.172982, 4.648825 ] } },
{ "type": "Feature", "properties": { "categoria": "Disposición inadecuada de residuos sólidos", "localidad": "KENNEDY", "direccion": "Calle 38 Sur con Carrera 99A Costado Norte", "cod_locali": 8.0, "grupo_sac": "Contaminación", "sac": "Manejo inadecuado de residuos sólidos", "codigo_sac": "CR004", "gestor": "ADRIÁN HERNÁNDEZ", "cord_x": 89300.882594800001, "cord_y": 105963.296112 }, "geometry": { "type": "Point", "coordinates": [ -74.173925, 4.650134 ] } },
{ "type": "Feature", "properties": { "categoria": "Disposición inadecuada de residuos sólidos", "localidad": "KENNEDY", "direccion": "Diagonal 42A Sur con Carrera 81I", "cod_locali": 8.0, "grupo_sac": "Contaminación", "sac": "Manejo inadecuado de residuos sólidos", "codigo_sac": "CR004", "gestor": "ADRIÁN HERNÁNDEZ", "cord_x": 90052.723491299999, "cord_y": 103473.63798 }, "geometry": { "type": "Point", "coordinates": [ -74.167151, 4.627629 ] } },
{ "type": "Feature", "properties": { "categoria": "Disposición inadecuada de residuos sólidos", "localidad": "KENNEDY", "direccion": "Calle 45 Sur entre Transversal 72 V Bis a la Carrera 73", "cod_locali": 8.0, "grupo_sac": "Contaminación", "sac": "Manejo inadecuado de residuos sólidos", "codigo_sac": "CR004", "gestor": "ADRIÁN HERNÁNDEZ", "cord_x": 91076.136648400003, "cord_y": 101086.091504 }, "geometry": { "type": "Point", "coordinates": [ -74.157931, 4.606047 ] } },
{ "type": "Feature", "properties": { "categoria": "Disposición inadecuada de residuos sólidos", "localidad": "KENNEDY", "direccion": "Calle 49 Sur con Transversal 72D", "cod_locali": 8.0, "grupo_sac": "Contaminación", "sac": "Manejo inadecuado de residuos sólidos", "codigo_sac": "CR004", "gestor": "ADRIÁN HERNÁNDEZ", "cord_x": 91964.408317299996, "cord_y": 100184.483443 }, "geometry": { "type": "Point", "coordinates": [ -74.149929, 4.597897 ] } },
{ "type": "Feature", "properties": { "categoria": "Disposición inadecuada de residuos sólidos", "localidad": "KENNEDY", "direccion": "Carrera 99G  entre Calle 42G Sur a Calle 42F Sur", "cod_locali": 8.0, "grupo_sac": "Contaminación", "sac": "Manejo inadecuado de residuos sólidos", "codigo_sac": "CR004", "gestor": "ADRIÁN HERNÁNDEZ", "cord_x": 88586.810785900001, "cord_y": 105762.762401 }, "geometry": { "type": "Point", "coordinates": [ -74.180358, 4.648321 ] } },
{ "type": "Feature", "properties": { "categoria": "Disposición inadecuada de residuos sólidos", "localidad": "KENNEDY", "direccion": "Carrera 80B entre Calle 11B Bis a Calle 12", "cod_locali": 8.0, "grupo_sac": "Contaminación", "sac": "Manejo inadecuado de residuos sólidos", "codigo_sac": "CR004", "gestor": "ADRIÁN HERNÁNDEZ", "cord_x": 93137.594440100002, "cord_y": 105824.516815 }, "geometry": { "type": "Point", "coordinates": [ -74.13936, 4.64888 ] } },
{ "type": "Feature", "properties": { "categoria": "Disposición inadecuada de residuos sólidos", "localidad": "KENNEDY", "direccion": "Carrera 87B con Calle 8A", "cod_locali": 8.0, "grupo_sac": "Contaminación", "sac": "Manejo inadecuado de residuos sólidos", "codigo_sac": "CR004", "gestor": "ADRIÁN HERNÁNDEZ", "cord_x": 91673.503438400003, "cord_y": 105800.841579 }, "geometry": { "type": "Point", "coordinates": [ -74.15255, 4.648666 ] } },
{ "type": "Feature", "properties": { "categoria": "Disposición inadecuada de residuos sólidos", "localidad": "KENNEDY", "direccion": "Carrera 91 Calle 49 Sur a la Calle 43 Sur", "cod_locali": 8.0, "grupo_sac": "Contaminación", "sac": "Manejo inadecuado de residuos sólidos", "codigo_sac": "CR004", "gestor": "ADRIÁN HERNÁNDEZ", "cord_x": 88555.888234600003, "cord_y": 104421.426303 }, "geometry": { "type": "Point", "coordinates": [ -74.180636, 4.636196 ] } },
{ "type": "Feature", "properties": { "categoria": "Disposición inadecuada de residuos sólidos", "localidad": "KENNEDY", "direccion": "Transversal 68G de Calle 37A Sur a Calle 30 Sur", "cod_locali": 8.0, "grupo_sac": "Contaminación", "sac": "Manejo inadecuado de residuos sólidos", "codigo_sac": "CR004", "gestor": "ADRIÁN HERNÁNDEZ", "cord_x": 93419.486898100004, "cord_y": 101224.039114 }, "geometry": { "type": "Point", "coordinates": [ -74.136821, 4.607294 ] } },
{ "type": "Feature", "properties": { "categoria": "Disposición inadecuada de residuos sólidos", "localidad": "KENNEDY", "direccion": "Transversal 72D con Calle 43A Sur", "cod_locali": 8.0, "grupo_sac": "Contaminación", "sac": "Manejo inadecuado de residuos sólidos", "codigo_sac": "CR004", "gestor": "ADRIÁN HERNÁNDEZ", "cord_x": 92272.344854499999, "cord_y": 100639.04331 }, "geometry": { "type": "Point", "coordinates": [ -74.147155, 4.602006 ] } },
{ "type": "Feature", "properties": { "categoria": "Disposición inadecuada de residuos sólidos", "localidad": "KENNEDY", "direccion": "Transversal 72F con Av. Boyacá Costado Occidental", "cod_locali": 8.0, "grupo_sac": "Contaminación", "sac": "Manejo inadecuado de residuos sólidos", "codigo_sac": "CR004", "gestor": "ADRIÁN HERNÁNDEZ", "cord_x": 92593.266323400007, "cord_y": 100886.181383 }, "geometry": { "type": "Point", "coordinates": [ -74.144264, 4.60424 ] } },
{ "type": "Feature", "properties": { "categoria": "Disposición inadecuada de residuos sólidos", "localidad": "KENNEDY", "direccion": "Calle 58A Sur entre Carrera 80I, Carrera 80J, Carrera 81  y Carrera 81A", "cod_locali": 8.0, "grupo_sac": "Contaminación", "sac": "Manejo inadecuado de residuos sólidos", "codigo_sac": "CR004", "gestor": "ADRIÁN HERNÁNDEZ", "cord_x": 88486.875470600004, "cord_y": 101913.79798800001 }, "geometry": { "type": "Point", "coordinates": [ -74.181256622999967, 4.613528292000069 ] } },
{ "type": "Feature", "properties": { "categoria": "Deficiencias en mantenimiento de arbolado urbano", "localidad": "KENNEDY", "direccion": "Av ciudad de Cali \ncon calle 43 sur portal Américas", "cod_locali": 8.0, "grupo_sac": "Estructura ecológica principal y espacios del agua", "sac": "Mantenimiento silvicultural", "codigo_sac": "ES003", "gestor": "ADRIÁN HERNÁNDEZ", "cord_x": 89518.912750300005, "cord_y": 103600.985453 }, "geometry": { "type": "Point", "coordinates": [ -74.17196, 4.62878 ] } },
{ "type": "Feature", "properties": { "categoria": "Vectores", "localidad": "KENNEDY", "direccion": "Calle 43 sur con \nCr 97", "cod_locali": 8.0, "grupo_sac": "Fauna", "sac": "Presencia de vectores", "codigo_sac": "FV001", "gestor": "ADRIÁN HERNÁNDEZ", "cord_x": 88768.383948200004, "cord_y": 105253.985933 }, "geometry": { "type": "Point", "coordinates": [ -74.178722, 4.643722 ] } },
{ "type": "Feature", "properties": { "categoria": "Zonas con riesgo de incendio forestal", "localidad": "KENNEDY", "direccion": "sector entre calle 43 y 49\n sur parque gibraltar", "cod_locali": 8.0, "grupo_sac": "Gestión de riesgos", "sac": "Incendios", "codigo_sac": "GI001", "gestor": "ADRIÁN HERNÁNDEZ", "cord_x": 88373.448640699993, "cord_y": 105369.940682 }, "geometry": { "type": "Point", "coordinates": [ -74.18228, 4.64477 ] } },
{ "type": "Feature", "properties": { "categoria": "Necesidad de procesos de educación ambiental comunitaria", "localidad": "KENNEDY", "direccion": "Cr 77 G bis con \ncalle 57 C sur", "cod_locali": 8.0, "grupo_sac": "Participación y educación ambiental", "sac": "Educación ambiental", "codigo_sac": "PE002", "gestor": "ADRIÁN HERNÁNDEZ", "cord_x": 89396.705532199994, "cord_y": 100812.11625200001 }, "geometry": { "type": "Point", "coordinates": [ -74.17306, 4.60357 ] } },
{ "type": "Feature", "properties": { "categoria": "Ocupación por habitante de calle y cambuches", "localidad": "KENNEDY", "direccion": "Av Villavicencio \ncon calle 45 sur", "cod_locali": 8.0, "grupo_sac": "Estructura ecológica principal y espacios del agua", "sac": "Invasión EEP", "codigo_sac": "EI003", "gestor": "ADRIÁN HERNÁNDEZ", "cord_x": 90727.687859600002, "cord_y": 101152.805076 }, "geometry": { "type": "Point", "coordinates": [ -74.16107, 4.60665 ] } },
{ "type": "Feature", "properties": { "categoria": "Ocupación por habitante de calle y cambuches", "localidad": "KENNEDY", "direccion": "Trans 68 bis con calle 3", "cod_locali": 8.0, "grupo_sac": "Estructura ecológica principal y espacios del agua", "sac": "Invasión EEP", "codigo_sac": "EI003", "gestor": "ADRIÁN HERNÁNDEZ", "cord_x": 94600.652001199996, "cord_y": 103160.677354 }, "geometry": { "type": "Point", "coordinates": [ -74.12618, 4.6248 ] } },
{ "type": "Feature", "properties": { "categoria": "Deficiencias en mantenimiento de arbolado urbano", "localidad": "KENNEDY", "direccion": "Trans 68 C entre\n calles 30 y 35 A sur", "cod_locali": 8.0, "grupo_sac": "Estructura ecológica principal y espacios del agua", "sac": "Mantenimiento silvicultural", "codigo_sac": "ES003", "gestor": "ADRIÁN HERNÁNDEZ", "cord_x": 93868.062306099993, "cord_y": 101328.6984 }, "geometry": { "type": "Point", "coordinates": [ -74.13278, 4.60824 ] } },
{ "type": "Feature", "properties": { "categoria": "Ruido por perifoneo y emisiones sonoras", "localidad": "KENNEDY", "direccion": "Cr 80 entre Av\n Villavicencio y calle 42 A sur", "cod_locali": 8.0, "grupo_sac": "Contaminación", "sac": "Contaminación por ruido", "codigo_sac": "CR003", "gestor": "ADRIÁN HERNÁNDEZ", "cord_x": 90353.637304400007, "cord_y": 102822.155033 }, "geometry": { "type": "Point", "coordinates": [ -74.16444, 4.62174 ] } },
{ "type": "Feature", "properties": { "categoria": "Ruido por perifoneo y emisiones sonoras", "localidad": "KENNEDY", "direccion": "Cll 42 A sur Entre\n Cr 80 y 79", "cod_locali": 8.0, "grupo_sac": "Contaminación", "sac": "Contaminación por ruido", "codigo_sac": "CR003", "gestor": "ADRIÁN HERNÁNDEZ", "cord_x": 90567.872929200006, "cord_y": 102702.674191 }, "geometry": { "type": "Point", "coordinates": [ -74.16251, 4.62066 ] } },
{ "type": "Feature", "properties": { "categoria": "Ruido por perifoneo y emisiones sonoras", "localidad": "KENNEDY", "direccion": "Cr 79 entre calles \n42 A y 38 C sur", "cod_locali": 8.0, "grupo_sac": "Contaminación", "sac": "Contaminación por ruido", "codigo_sac": "CR003", "gestor": "ADRIÁN HERNÁNDEZ", "cord_x": 90779.224967999995, "cord_y": 102678.995845 }, "geometry": { "type": "Point", "coordinates": [ -74.160606, 4.620446 ] } },
{ "type": "Feature", "properties": { "categoria": "Invasión de áreas protegidas", "localidad": "KENNEDY", "direccion": "Humedal de Techo", "cod_locali": 8.0, "grupo_sac": "Ordenamiento ambiental de territorio", "sac": "Usos del suelo", "codigo_sac": "OU002", "gestor": "ADRIÁN HERNÁNDEZ", "cord_x": 92774.625070900001, "cord_y": 105676.275397 }, "geometry": { "type": "Point", "coordinates": [ -74.14263, 4.64754 ] } },
{ "type": "Feature", "properties": { "categoria": "Disposición inadecuada de residuos sólidos", "localidad": "FONTIBON", "direccion": "CLL 20 #103A", "cod_locali": 9.0, "grupo_sac": "Contaminación", "sac": "Manejo inadecuado de residuos sólidos", "codigo_sac": "CR004", "gestor": "PAOLA  QUINTERO", "cord_x": 92593.695139899995, "cord_y": 108894.53763599999 }, "geometry": { "type": "Point", "coordinates": [ -74.144259899999952, 4.676631427000075 ] } },
{ "type": "Feature", "properties": { "categoria": "Disposición inadecuada de residuos sólidos", "localidad": "FONTIBON", "direccion": "CALLE  14 B # CARRERA 123 A", "cod_locali": 9.0, "grupo_sac": "Contaminación", "sac": "Manejo inadecuado de residuos sólidos", "codigo_sac": "CR004", "gestor": "PAOLA  QUINTERO", "cord_x": 90108.501247199994, "cord_y": 109489.287587 }, "geometry": { "type": "Point", "coordinates": [ -74.166650052999955, 4.682007372000044 ] } },
{ "type": "Feature", "properties": { "categoria": "Disposición inadecuada de residuos sólidos", "localidad": "FONTIBON", "direccion": "AV FERROCARRIL  103 A CARRERA 109", "cod_locali": 9.0, "grupo_sac": "Contaminación", "sac": "Manejo inadecuado de residuos sólidos", "codigo_sac": "CR004", "gestor": "PAOLA  QUINTERO", "cord_x": 92363.584567099999, "cord_y": 109529.78712199999 }, "geometry": { "type": "Point", "coordinates": [ -74.146333045999938, 4.682373754000025 ] } },
{ "type": "Feature", "properties": { "categoria": "Disposición inadecuada de residuos sólidos", "localidad": "FONTIBON", "direccion": "CARRERA 120 #CALLE 22 J Y 22 L", "cod_locali": 9.0, "grupo_sac": "Contaminación", "sac": "Manejo inadecuado de residuos sólidos", "codigo_sac": "CR004", "gestor": "PAOLA  QUINTERO", "cord_x": 91856.452836299999, "cord_y": 110554.002456 }, "geometry": { "type": "Point", "coordinates": [ -74.150902070999962, 4.691632109000068 ] } },
{ "type": "Feature", "properties": { "categoria": "Disposición inadecuada de residuos sólidos", "localidad": "FONTIBON", "direccion": "AV 17 CON CARRERA 137", "cod_locali": 9.0, "grupo_sac": "Contaminación", "sac": "Manejo inadecuado de residuos sólidos", "codigo_sac": "CR004", "gestor": "PAOLA  QUINTERO", "cord_x": 89800.298043200004, "cord_y": 110910.265761 }, "geometry": { "type": "Point", "coordinates": [ -74.169427203999987, 4.694852181000044 ] } },
{ "type": "Feature", "properties": { "categoria": "Disposición inadecuada de residuos sólidos", "localidad": "FONTIBON", "direccion": "CALLE 17 CARRERA 89", "cod_locali": 9.0, "grupo_sac": "Contaminación", "sac": "Manejo inadecuado de residuos sólidos", "codigo_sac": "CR004", "gestor": "PAOLA  QUINTERO", "cord_x": 93263.733901300002, "cord_y": 107294.60977700001 }, "geometry": { "type": "Point", "coordinates": [ -74.138223451999977, 4.662168867000048 ] } },
{ "type": "Feature", "properties": { "categoria": "Disposición inadecuada de residuos sólidos", "localidad": "FONTIBON", "direccion": "CARRERA 97   DIAGONAL 16 C", "cod_locali": 9.0, "grupo_sac": "Contaminación", "sac": "Manejo inadecuado de residuos sólidos", "codigo_sac": "CR004", "gestor": "PAOLA  QUINTERO", "cord_x": 92184.063569899998, "cord_y": 107886.943957 }, "geometry": { "type": "Point", "coordinates": [ -74.147950398999967, 4.667523308000057 ] } },
{ "type": "Feature", "properties": { "categoria": "Disposición inadecuada de residuos sólidos", "localidad": "FONTIBON", "direccion": "Diagonal 16 #100, Bogotá", "cod_locali": 9.0, "grupo_sac": "Contaminación", "sac": "Manejo inadecuado de residuos sólidos", "codigo_sac": "CR004", "gestor": "PAOLA  QUINTERO", "cord_x": 91782.707451800001, "cord_y": 108174.73966399999 }, "geometry": { "type": "Point", "coordinates": [ -74.151566331999959, 4.670124815000065 ] } },
{ "type": "Feature", "properties": { "categoria": "Disposición inadecuada de residuos sólidos", "localidad": "FONTIBON", "direccion": "CARRERA 124A  CALLE 22  F", "cod_locali": 9.0, "grupo_sac": "Contaminación", "sac": "Manejo inadecuado de residuos sólidos", "codigo_sac": "CR004", "gestor": "PAOLA  QUINTERO", "cord_x": 91528.355363499999, "cord_y": 110813.05244699999 }, "geometry": { "type": "Point", "coordinates": [ -74.153858105999973, 4.693973759000073 ] } },
{ "type": "Feature", "properties": { "categoria": "Disposición inadecuada de residuos sólidos", "localidad": "FONTIBON", "direccion": "TRANSVERSAL 95 CALLE 25 F", "cod_locali": 9.0, "grupo_sac": "Contaminación", "sac": "Manejo inadecuado de residuos sólidos", "codigo_sac": "CR004", "gestor": "PAOLA  QUINTERO", "cord_x": 94977.065866399993, "cord_y": 109214.620562 }, "geometry": { "type": "Point", "coordinates": [ -74.122787162999941, 4.67952440800002 ] } },
{ "type": "Feature", "properties": { "categoria": "Disposición inadecuada de residuos sólidos", "localidad": "FONTIBON", "direccion": "AVENIDA CALLE 24 CON CARRERA 107", "cod_locali": 9.0, "grupo_sac": "Contaminación", "sac": "Manejo inadecuado de residuos sólidos", "codigo_sac": "CR004", "gestor": "PAOLA  QUINTERO", "cord_x": 93147.295763700007, "cord_y": 109978.792252 }, "geometry": { "type": "Point", "coordinates": [ -74.13927221199998, 4.686432486000058 ] } },
{ "type": "Feature", "properties": { "categoria": "Disposición inadecuada de residuos sólidos", "localidad": "FONTIBON", "direccion": "CALLE 17C  CARRERA 120", "cod_locali": 9.0, "grupo_sac": "Contaminación", "sac": "Manejo inadecuado de residuos sólidos", "codigo_sac": "CR004", "gestor": "PAOLA  QUINTERO", "cord_x": 91193.696677400003, "cord_y": 110010.926242 }, "geometry": { "type": "Point", "coordinates": [ -74.156873133999966, 4.686722923000048 ] } },
{ "type": "Feature", "properties": { "categoria": "Disposición inadecuada de residuos sólidos", "localidad": "FONTIBON", "direccion": "CARRERA 106 CALLE 13 D", "cod_locali": 9.0, "grupo_sac": "Contaminación", "sac": "Manejo inadecuado de residuos sólidos", "codigo_sac": "CR004", "gestor": "PAOLA  QUINTERO", "cord_x": 90974.601675600003, "cord_y": 107980.05227299999 }, "geometry": { "type": "Point", "coordinates": [ -74.158846747999974, 4.668364853000071 ] } },
{ "type": "Feature", "properties": { "categoria": "Disposición inadecuada de residuos sólidos", "localidad": "FONTIBON", "direccion": "CARRERA 98A  CALLE 15 C", "cod_locali": 9.0, "grupo_sac": "Contaminación", "sac": "Manejo inadecuado de residuos sólidos", "codigo_sac": "CR004", "gestor": "PAOLA  QUINTERO", "cord_x": 92320.575110799997, "cord_y": 108224.81765899999 }, "geometry": { "type": "Point", "coordinates": [ -74.14672053399994, 4.670577512000023 ] } },
{ "type": "Feature", "properties": { "categoria": "Tenencia inadecuada de animales de compañía", "localidad": "ENGATIVA", "direccion": "Calle 71 # 73A - 44", "cod_locali": 10.0, "grupo_sac": "Fauna", "sac": "Fauna doméstica y animales de compañía", "codigo_sac": "FD001", "gestor": "JULIAN OSORIO", "cord_x": 97712.723382299999, "cord_y": 110099.281051 }, "geometry": { "type": "Point", "coordinates": [ -74.09814, 4.68752 ] } },
{ "type": "Feature", "properties": { "categoria": "Disposición inadecuada de residuos sólidos", "localidad": "ENGATIVA", "direccion": "Tv. 113b #66-54", "cod_locali": 10.0, "grupo_sac": "Contaminación", "sac": "Manejo inadecuado de residuos sólidos", "codigo_sac": "CR004", "gestor": "JULIAN OSORIO", "cord_x": 93531.771492500004, "cord_y": 112501.845698 }, "geometry": { "type": "Point", "coordinates": [ -74.135807933999956, 4.709239511000021 ] } },
{ "type": "Feature", "properties": { "categoria": "Disposición inadecuada de residuos sólidos", "localidad": "ENGATIVA", "direccion": "Calle 96 con carrera 91 (canal Salitre)", "cod_locali": 10.0, "grupo_sac": "Contaminación", "sac": "Manejo inadecuado de residuos sólidos", "codigo_sac": "CR004", "gestor": "JULIAN OSORIO", "cord_x": 97967.786130399996, "cord_y": 113178.02040199999 }, "geometry": { "type": "Point", "coordinates": [ -74.09584, 4.71535 ] } },
{ "type": "Feature", "properties": { "categoria": "Disposición inadecuada de residuos sólidos", "localidad": "ENGATIVA", "direccion": "Carrera 104 con calle 86a (Canal Cortijo)", "cod_locali": 10.0, "grupo_sac": "Contaminación", "sac": "Manejo inadecuado de residuos sólidos", "codigo_sac": "CR004", "gestor": "JULIAN OSORIO", "cord_x": 96365.062386499994, "cord_y": 113823.97627 }, "geometry": { "type": "Point", "coordinates": [ -74.11028, 4.72119 ] } },
{ "type": "Feature", "properties": { "categoria": "Disposición inadecuada de residuos sólidos", "localidad": "ENGATIVA", "direccion": "Calle 63 con carrera 125 (canal marantá)", "cod_locali": 10.0, "grupo_sac": "Contaminación", "sac": "Manejo inadecuado de residuos sólidos", "codigo_sac": "CR004", "gestor": "JULIAN OSORIO", "cord_x": 92633.096911999994, "cord_y": 113236.227912 }, "geometry": { "type": "Point", "coordinates": [ -74.143904764999945, 4.715878014000054 ] } },
{ "type": "Feature", "properties": { "categoria": "Quemas ilegales", "localidad": "ENGATIVA", "direccion": "Calle 63 con carrera 125 (canal marantá)", "cod_locali": 10.0, "grupo_sac": "Contaminación", "sac": "Contaminación del aire", "codigo_sac": "CA005", "gestor": "JULIAN OSORIO", "cord_x": 92634.158945500007, "cord_y": 113245.722989 }, "geometry": { "type": "Point", "coordinates": [ -74.14389519599996, 4.715963844000044 ] } },
{ "type": "Feature", "properties": { "categoria": "Disposición inadecuada de residuos sólidos", "localidad": "ENGATIVA", "direccion": "Calle 67B con carrera 112", "cod_locali": 10.0, "grupo_sac": "Contaminación", "sac": "Manejo inadecuado de residuos sólidos", "codigo_sac": "CR004", "gestor": "JULIAN OSORIO", "cord_x": 93910.025939800005, "cord_y": 112207.64150899999 }, "geometry": { "type": "Point", "coordinates": [ -74.1324, 4.70658 ] } },
{ "type": "Feature", "properties": { "categoria": "Disposición inadecuada de residuos sólidos", "localidad": "ENGATIVA", "direccion": "Carrera 105F con calle 69Bis", "cod_locali": 10.0, "grupo_sac": "Contaminación", "sac": "Manejo inadecuado de residuos sólidos", "codigo_sac": "CR004", "gestor": "JULIAN OSORIO", "cord_x": 94979.990399500006, "cord_y": 111873.580219 }, "geometry": { "type": "Point", "coordinates": [ -74.12276, 4.70356 ] } },
{ "type": "Feature", "properties": { "categoria": "Disposición inadecuada de residuos sólidos", "localidad": "ENGATIVA", "direccion": "Calle 66a con Av. Ciudad de Cali", "cod_locali": 10.0, "grupo_sac": "Contaminación", "sac": "Manejo inadecuado de residuos sólidos", "codigo_sac": "CR004", "gestor": "JULIAN OSORIO", "cord_x": 95586.043416400003, "cord_y": 110927.751349 }, "geometry": { "type": "Point", "coordinates": [ -74.1173, 4.69501 ] } },
{ "type": "Feature", "properties": { "categoria": "Quemas ilegales", "localidad": "ENGATIVA", "direccion": "Calle 66a con Av. Ciudad de Cali", "cod_locali": 10.0, "grupo_sac": "Contaminación", "sac": "Contaminación del aire", "codigo_sac": "CA005", "gestor": "JULIAN OSORIO", "cord_x": 95586.043416400003, "cord_y": 110927.751349 }, "geometry": { "type": "Point", "coordinates": [ -74.1173, 4.69501 ] } },
{ "type": "Feature", "properties": { "categoria": "Disposición inadecuada de residuos sólidos", "localidad": "ENGATIVA", "direccion": "Calle 72 con Av. Boyacá", "cod_locali": 10.0, "grupo_sac": "Contaminación", "sac": "Manejo inadecuado de residuos sólidos", "codigo_sac": "CR004", "gestor": "JULIAN OSORIO", "cord_x": 96600.663961800004, "cord_y": 108259.503408 }, "geometry": { "type": "Point", "coordinates": [ -74.10816, 4.67089 ] } },
{ "type": "Feature", "properties": { "categoria": "Emisión de material particulado", "localidad": "ENGATIVA", "direccion": "Calle 71 # 73A - 44", "cod_locali": 10.0, "grupo_sac": "Contaminación", "sac": "Contaminación del aire", "codigo_sac": "CA002", "gestor": "JULIAN OSORIO", "cord_x": 97747.129838399997, "cord_y": 110123.621144 }, "geometry": { "type": "Point", "coordinates": [ -74.09783, 4.68774 ] } },
{ "type": "Feature", "properties": { "categoria": "Disposición inadecuada de residuos sólidos", "localidad": "SUBA", "direccion": "av. Caracas # 54 38", "cod_locali": 11.0, "grupo_sac": "Contaminación", "sac": "Manejo inadecuado de residuos sólidos", "codigo_sac": "CR004", "gestor": "DANIEL SUAREZ LEGUIZAMON", "cord_x": 99210.336788899993, "cord_y": 117907.830156 }, "geometry": { "type": "Point", "coordinates": [ -74.084641, 4.758104 ] } },
{ "type": "Feature", "properties": { "categoria": "Disposición inadecuada de residuos sólidos", "localidad": "SUBA", "direccion": "av. Caracas # 54 38", "cod_locali": 11.0, "grupo_sac": "Contaminación", "sac": "Manejo inadecuado de residuos sólidos", "codigo_sac": "CR004", "gestor": "DANIEL SUAREZ LEGUIZAMON", "cord_x": 98093.534011399999, "cord_y": 113223.27571 }, "geometry": { "type": "Point", "coordinates": [ -74.094707, 4.715759 ] } },
{ "type": "Feature", "properties": { "categoria": "Disposición inadecuada de residuos sólidos", "localidad": "SUBA", "direccion": "av. Caracas # 54 38", "cod_locali": 11.0, "grupo_sac": "Contaminación", "sac": "Manejo inadecuado de residuos sólidos", "codigo_sac": "CR004", "gestor": "DANIEL SUAREZ LEGUIZAMON", "cord_x": 94049.127214099994, "cord_y": 115875.339511 }, "geometry": { "type": "Point", "coordinates": [ -74.131146, 4.739734 ] } },
{ "type": "Feature", "properties": { "categoria": "Disposición inadecuada de residuos sólidos", "localidad": "SUBA", "direccion": "av. Caracas # 54 38", "cod_locali": 11.0, "grupo_sac": "Contaminación", "sac": "Manejo inadecuado de residuos sólidos", "codigo_sac": "CR004", "gestor": "DANIEL SUAREZ LEGUIZAMON", "cord_x": 94444.107213700001, "cord_y": 116536.782679 }, "geometry": { "type": "Point", "coordinates": [ -74.127587, 4.745713 ] } },
{ "type": "Feature", "properties": { "categoria": "Ocupación por habitante de calle y cambuches", "localidad": "SUBA", "direccion": "av. Caracas # 54 38", "cod_locali": 11.0, "grupo_sac": "Estructura ecológica principal y espacios del agua", "sac": "Invasión EEP", "codigo_sac": "EI003", "gestor": "DANIEL SUAREZ LEGUIZAMON", "cord_x": 97522.742254099998, "cord_y": 114465.787079 }, "geometry": { "type": "Point", "coordinates": [ -74.099849, 4.726991 ] } },
{ "type": "Feature", "properties": { "categoria": "Ocupación por habitante de calle y cambuches", "localidad": "SUBA", "direccion": "av. Caracas # 54 38", "cod_locali": 11.0, "grupo_sac": "Estructura ecológica principal y espacios del agua", "sac": "Invasión EEP", "codigo_sac": "EI003", "gestor": "DANIEL SUAREZ LEGUIZAMON", "cord_x": 101382.77576800001, "cord_y": 112666.809379 }, "geometry": { "type": "Point", "coordinates": [ -74.065072, 4.710726 ] } },
{ "type": "Feature", "properties": { "categoria": "Ocupación por habitante de calle y cambuches", "localidad": "SUBA", "direccion": "av. Caracas # 54 38", "cod_locali": 11.0, "grupo_sac": "Estructura ecológica principal y espacios del agua", "sac": "Invasión EEP", "codigo_sac": "EI003", "gestor": "DANIEL SUAREZ LEGUIZAMON", "cord_x": 101538.76984, "cord_y": 113158.560776 }, "geometry": { "type": "Point", "coordinates": [ -74.063666, 4.715171 ] } },
{ "type": "Feature", "properties": { "categoria": "Ocupación por habitante de calle y cambuches", "localidad": "SUBA", "direccion": "av. Caracas # 54 38", "cod_locali": 11.0, "grupo_sac": "Estructura ecológica principal y espacios del agua", "sac": "Invasión EEP", "codigo_sac": "EI003", "gestor": "DANIEL SUAREZ LEGUIZAMON", "cord_x": 101733.984067, "cord_y": 113296.09250699999 }, "geometry": { "type": "Point", "coordinates": [ -74.061907, 4.716414 ] } },
{ "type": "Feature", "properties": { "categoria": "Ocupación por habitante de calle y cambuches", "localidad": "SUBA", "direccion": "av. Caracas # 54 38", "cod_locali": 11.0, "grupo_sac": "Estructura ecológica principal y espacios del agua", "sac": "Invasión EEP", "codigo_sac": "EI003", "gestor": "DANIEL SUAREZ LEGUIZAMON", "cord_x": 102677.464767, "cord_y": 116913.35756600001 }, "geometry": { "type": "Point", "coordinates": [ -74.053402, 4.749111 ] } },
{ "type": "Feature", "properties": { "categoria": "Disposición inadecuada de residuos sólidos", "localidad": "SUBA", "direccion": "av. Caracas # 54 38", "cod_locali": 11.0, "grupo_sac": "Contaminación", "sac": "Manejo inadecuado de residuos sólidos", "codigo_sac": "CR004", "gestor": "DANIEL SUAREZ LEGUIZAMON", "cord_x": 102693.544979, "cord_y": 117006.175155 }, "geometry": { "type": "Point", "coordinates": [ -74.053257, 4.74995 ] } },
{ "type": "Feature", "properties": { "categoria": "Vertimientos ilegales industriales", "localidad": "SUBA", "direccion": "av. Caracas # 54 38", "cod_locali": 11.0, "grupo_sac": "Estructura ecológica principal y espacios del agua", "sac": "Contaminación Hídrica", "codigo_sac": "EH004", "gestor": "DANIEL SUAREZ LEGUIZAMON", "cord_x": 104122.086299, "cord_y": 121635.541151 }, "geometry": { "type": "Point", "coordinates": [ -74.040379, 4.791795 ] } },
{ "type": "Feature", "properties": { "categoria": "Vertimientos ilegales industriales", "localidad": "SUBA", "direccion": "av. Caracas # 54 38", "cod_locali": 11.0, "grupo_sac": "Estructura ecológica principal y espacios del agua", "sac": "Contaminación Hídrica", "codigo_sac": "EH004", "gestor": "DANIEL SUAREZ LEGUIZAMON", "cord_x": 104139.090904, "cord_y": 123617.19549699999 }, "geometry": { "type": "Point", "coordinates": [ -74.040223, 4.809708 ] } },
{ "type": "Feature", "properties": { "categoria": "Vertimientos ilegales industriales", "localidad": "SUBA", "direccion": "av. Caracas # 54 38", "cod_locali": 11.0, "grupo_sac": "Estructura ecológica principal y espacios del agua", "sac": "Contaminación Hídrica", "codigo_sac": "EH004", "gestor": "DANIEL SUAREZ LEGUIZAMON", "cord_x": 99630.405045099993, "cord_y": 117926.56481 }, "geometry": { "type": "Point", "coordinates": [ -74.080856, 4.758273 ] } },
{ "type": "Feature", "properties": { "categoria": "Disposición ilegal de Residuos de Construcción y Demolición", "localidad": "SUBA", "direccion": "av. Caracas # 54 38", "cod_locali": 11.0, "grupo_sac": "Contaminación", "sac": "Manejo inadecuado de residuos sólidos", "codigo_sac": "CR002", "gestor": "DANIEL SUAREZ LEGUIZAMON", "cord_x": 99474.250736600006, "cord_y": 119132.818359 }, "geometry": { "type": "Point", "coordinates": [ -74.082262, 4.769177 ] } },
{ "type": "Feature", "properties": { "categoria": "Inestabilidad de taludes y muros de contención", "localidad": "SUBA", "direccion": "av. Caracas # 54 38", "cod_locali": 11.0, "grupo_sac": "Gestión de riesgos", "sac": "Infraestructura", "codigo_sac": "GE003", "gestor": "DANIEL SUAREZ LEGUIZAMON", "cord_x": 100492.75358800001, "cord_y": 118855.80146 }, "geometry": { "type": "Point", "coordinates": [ -74.073085, 4.766672 ] } },
{ "type": "Feature", "properties": { "categoria": "Acumulación de residuos orgánicos e inorgánicos en cuerpo de agua", "localidad": "BARRIOS UNIDOS", "direccion": "AV CR 30 con Cl64", "cod_locali": 12.0, "grupo_sac": "Estructura ecológica principal y espacios del agua", "sac": "Contaminación Hídrica", "codigo_sac": "EH001", "gestor": "Andrea Bayona Pineda", "cord_x": 100069.262108, "cord_y": 106986.796321 }, "geometry": { "type": "Point", "coordinates": [ -74.076911561999964, 4.659382989000051 ] } },
{ "type": "Feature", "properties": { "categoria": "Acumulación de residuos orgánicos e inorgánicos en cuerpo de agua", "localidad": "BARRIOS UNIDOS", "direccion": "Dg 79B - 60", "cod_locali": 12.0, "grupo_sac": "Estructura ecológica principal y espacios del agua", "sac": "Contaminación Hídrica", "codigo_sac": "EH001", "gestor": "Andrea Bayona Pineda", "cord_x": 100067.847848, "cord_y": 109192.632539 }, "geometry": { "type": "Point", "coordinates": [ -74.076922335999939, 4.679322586000069 ] } },
{ "type": "Feature", "properties": { "categoria": "Ruido por tráfico vehicular", "localidad": "BARRIOS UNIDOS", "direccion": "Av 68 desde Cl 63 hasta Cl 100", "cod_locali": 12.0, "grupo_sac": "Contaminación", "sac": "Contaminación por ruido", "codigo_sac": "CR004", "gestor": "Andrea Bayona Pineda", "cord_x": 99697.408348600002, "cord_y": 109580.247378 }, "geometry": { "type": "Point", "coordinates": [ -74.080259437999985, 4.682826743000021 ] } },
{ "type": "Feature", "properties": { "categoria": "Acumulación de residuos orgánicos e inorgánicos en cuerpo de agua", "localidad": "BARRIOS UNIDOS", "direccion": "Cra 68 #N° 80-76", "cod_locali": 12.0, "grupo_sac": "Estructura ecológica principal y espacios del agua", "sac": "Contaminación Hídrica", "codigo_sac": "EH001", "gestor": "Andrea Bayona Pineda", "cord_x": 100069.522126, "cord_y": 109754.073512 }, "geometry": { "type": "Point", "coordinates": [ -74.076906749999978, 4.684397713000067 ] } },
{ "type": "Feature", "properties": { "categoria": "Acumulación de residuos orgánicos e inorgánicos en cuerpo de agua", "localidad": "BARRIOS UNIDOS", "direccion": "Calle 78 con TV56A", "cod_locali": 12.0, "grupo_sac": "Estructura ecológica principal y espacios del agua", "sac": "Contaminación Hídrica", "codigo_sac": "EH001", "gestor": "Andrea Bayona Pineda", "cord_x": 100193.350728, "cord_y": 108787.35740199999 }, "geometry": { "type": "Point", "coordinates": [ -74.075792, 4.675659 ] } },
{ "type": "Feature", "properties": { "categoria": "Deficiencias en mantenimiento de arbolado urbano", "localidad": "BARRIOS UNIDOS", "direccion": "Cl. 73 # 67 - 58", "cod_locali": 12.0, "grupo_sac": "Estructura ecológica principal y espacios del agua", "sac": "Mantenimiento silvicultural", "codigo_sac": "ES003", "gestor": "Andrea Bayona Pineda", "cord_x": 99193.687955400004, "cord_y": 109062.20278399999 }, "geometry": { "type": "Point", "coordinates": [ -74.084798082999953, 4.678144309000061 ] } },
{ "type": "Feature", "properties": { "categoria": "Deficiencias en mantenimiento de arbolado urbano", "localidad": "BARRIOS UNIDOS", "direccion": "Cra. 65b #75 49", "cod_locali": 12.0, "grupo_sac": "Estructura ecológica principal y espacios del agua", "sac": "Mantenimiento silvicultural", "codigo_sac": "ES003", "gestor": "Andrea Bayona Pineda", "cord_x": 99466.390719400006, "cord_y": 109090.17405 }, "geometry": { "type": "Point", "coordinates": [ -74.082341179999958, 4.678396934000034 ] } },
{ "type": "Feature", "properties": { "categoria": "Vertimientos aguas residuales domesticas", "localidad": "BARRIOS UNIDOS", "direccion": "Av CR 30 con Cl 64", "cod_locali": 12.0, "grupo_sac": "Estructura ecológica principal y espacios del agua", "sac": "Contaminación Hídrica", "codigo_sac": "EH003", "gestor": "Andrea Bayona Pineda", "cord_x": 99422.585903400002, "cord_y": 107271.96505699999 }, "geometry": { "type": "Point", "coordinates": [ -74.082737319999978, 4.661961319000056 ] } },
{ "type": "Feature", "properties": { "categoria": "Ocupación por habitante de calle y cambuches", "localidad": "BARRIOS UNIDOS", "direccion": "Cra. 24 #71", "cod_locali": 12.0, "grupo_sac": "Estructura ecológica principal y espacios del agua", "sac": "Invasión EEP", "codigo_sac": "EI003", "gestor": "Andrea Bayona Pineda", "cord_x": 100949.524309, "cord_y": 107351.11662 }, "geometry": { "type": "Point", "coordinates": [ -74.068980803999978, 4.662675422000063 ] } },
{ "type": "Feature", "properties": { "categoria": "Deficiencias en mantenimiento de arbolado urbano", "localidad": "BARRIOS UNIDOS", "direccion": "Barrio Alcazares", "cod_locali": 12.0, "grupo_sac": "Estructura ecológica principal y espacios del agua", "sac": "Mantenimiento silvicultural", "codigo_sac": "ES003", "gestor": "Andrea Bayona Pineda", "cord_x": 100758.04650500001, "cord_y": 107269.576418 }, "geometry": { "type": "Point", "coordinates": [ -74.070705938999936, 4.661938530000043 ] } },
{ "type": "Feature", "properties": { "categoria": "Deficiencias en mantenimiento de arbolado urbano", "localidad": "BARRIOS UNIDOS", "direccion": "Barrio Benjamin Herrera", "cod_locali": 12.0, "grupo_sac": "Estructura ecológica principal y espacios del agua", "sac": "Mantenimiento silvicultural", "codigo_sac": "ES003", "gestor": "Andrea Bayona Pineda", "cord_x": 100135.058212, "cord_y": 106355.445076 }, "geometry": { "type": "Point", "coordinates": [ -74.076319361999936, 4.653675846000056 ] } },
{ "type": "Feature", "properties": { "categoria": "Tenencia inadecuada de animales de compañía", "localidad": "BARRIOS UNIDOS", "direccion": "Parque Gimnasio del Norte", "cod_locali": 12.0, "grupo_sac": "Fauna", "sac": "Fauna doméstica y animales de compañía", "codigo_sac": "FD001", "gestor": "Andrea Bayona Pineda", "cord_x": 100261.39967300001, "cord_y": 106383.973845 }, "geometry": { "type": "Point", "coordinates": [ -74.075181118999978, 4.653933617000064 ] } },
{ "type": "Feature", "properties": { "categoria": "Vectores", "localidad": "BARRIOS UNIDOS", "direccion": "Canal Salitre", "cod_locali": 12.0, "grupo_sac": "Fauna", "sac": "Presencia de vectores", "codigo_sac": "FV001", "gestor": "Andrea Bayona Pineda", "cord_x": 100129.951778, "cord_y": 108176.04039 }, "geometry": { "type": "Point", "coordinates": [ -74.076363732999937, 4.670133075000024 ] } },
{ "type": "Feature", "properties": { "categoria": "Vectores", "localidad": "BARRIOS UNIDOS", "direccion": "Canal Rionegro", "cod_locali": 12.0, "grupo_sac": "Fauna", "sac": "Presencia de vectores", "codigo_sac": "FV001", "gestor": "Andrea Bayona Pineda", "cord_x": 101267.169052, "cord_y": 109163.55261699999 }, "geometry": { "type": "Point", "coordinates": [ -74.066117219999967, 4.679058560000044 ] } },
{ "type": "Feature", "properties": { "categoria": "Disposición inadecuada de residuos sólidos", "localidad": "BARRIOS UNIDOS", "direccion": "Siete de Agosto", "cod_locali": 12.0, "grupo_sac": "Contaminación", "sac": "Manejo inadecuado de residuos sólidos", "codigo_sac": "CR004", "gestor": "Andrea Bayona Pineda", "cord_x": 100684.01365, "cord_y": 106245.27447400001 }, "geometry": { "type": "Point", "coordinates": [ -74.071373896999944, 4.65267945100004 ] } },
{ "type": "Feature", "properties": { "categoria": "Disposición inadecuada de residuos sólidos", "localidad": "BARRIOS UNIDOS", "direccion": "Parque Alcazares", "cod_locali": 12.0, "grupo_sac": "Contaminación", "sac": "Manejo inadecuado de residuos sólidos", "codigo_sac": "CR004", "gestor": "Andrea Bayona Pineda", "cord_x": 100949.524309, "cord_y": 107351.11662 }, "geometry": { "type": "Point", "coordinates": [ -74.068980803999978, 4.662675422000063 ] } },
{ "type": "Feature", "properties": { "categoria": "Disposición inadecuada de residuos sólidos", "localidad": "BARRIOS UNIDOS", "direccion": "Parque Gimnasio del Norte", "cod_locali": 12.0, "grupo_sac": "Contaminación", "sac": "Manejo inadecuado de residuos sólidos", "codigo_sac": "CR004", "gestor": "Andrea Bayona Pineda", "cord_x": 100261.39967300001, "cord_y": 106383.973845 }, "geometry": { "type": "Point", "coordinates": [ -74.075181118999978, 4.653933617000064 ] } },
{ "type": "Feature", "properties": { "categoria": "Disposición ilegal de Residuos de Construcción y Demolición", "localidad": "BARRIOS UNIDOS", "direccion": "Calle 75 con Cr 24", "cod_locali": 12.0, "grupo_sac": "Contaminación", "sac": "Manejo inadecuado de residuos sólidos", "codigo_sac": "CR002", "gestor": "Andrea Bayona Pineda", "cord_x": 101339.33807500001, "cord_y": 107697.078196 }, "geometry": { "type": "Point", "coordinates": [ -74.065468545999977, 4.665802335000024 ] } },
{ "type": "Feature", "properties": { "categoria": "Disposición ilegal de Residuos de Construcción y Demolición", "localidad": "BARRIOS UNIDOS", "direccion": "Canal Rionegro", "cod_locali": 12.0, "grupo_sac": "Contaminación", "sac": "Manejo inadecuado de residuos sólidos", "codigo_sac": "CR002", "gestor": "Andrea Bayona Pineda", "cord_x": 101267.169052, "cord_y": 109163.55261699999 }, "geometry": { "type": "Point", "coordinates": [ -74.066117219999967, 4.679058560000044 ] } },
{ "type": "Feature", "properties": { "categoria": "Disposición ilegal de Residuos de Construcción y Demolición", "localidad": "BARRIOS UNIDOS", "direccion": "Parque Muequta", "cod_locali": 12.0, "grupo_sac": "Contaminación", "sac": "Manejo inadecuado de residuos sólidos", "codigo_sac": "CR002", "gestor": "Andrea Bayona Pineda", "cord_x": 100939.959645, "cord_y": 106420.717781 }, "geometry": { "type": "Point", "coordinates": [ -74.069067894999989, 4.654265116000033 ] } },
{ "type": "Feature", "properties": { "categoria": "Disposición inadecuada de residuos sólidos", "localidad": "BARRIOS UNIDOS", "direccion": "Canal Rionegro", "cod_locali": 12.0, "grupo_sac": "Contaminación", "sac": "Manejo inadecuado de residuos sólidos", "codigo_sac": "CR004", "gestor": "Andrea Bayona Pineda", "cord_x": 101267.169052, "cord_y": 109163.55261699999 }, "geometry": { "type": "Point", "coordinates": [ -74.066117219999967, 4.679058560000044 ] } },
{ "type": "Feature", "properties": { "categoria": "Disposición inadecuada de grasas y aceites", "localidad": "BARRIOS UNIDOS", "direccion": "Siete de Agosto", "cod_locali": 12.0, "grupo_sac": "Estructura ecológica principal y espacios del agua", "sac": "Contaminación Hídrica", "codigo_sac": "EH002", "gestor": "Andrea Bayona Pineda", "cord_x": 100684.01365, "cord_y": 106245.27447400001 }, "geometry": { "type": "Point", "coordinates": [ -74.071373896999944, 4.65267945100004 ] } },
{ "type": "Feature", "properties": { "categoria": "Disposición inadecuada de grasas y aceites", "localidad": "BARRIOS UNIDOS", "direccion": "Barrio Benjamin Herrera", "cod_locali": 12.0, "grupo_sac": "Estructura ecológica principal y espacios del agua", "sac": "Contaminación Hídrica", "codigo_sac": "EH002", "gestor": "Andrea Bayona Pineda", "cord_x": 100135.058212, "cord_y": 106355.445076 }, "geometry": { "type": "Point", "coordinates": [ -74.076319361999936, 4.653675846000056 ] } },
{ "type": "Feature", "properties": { "categoria": "Disposición inadecuada de grasas y aceites", "localidad": "BARRIOS UNIDOS", "direccion": "Barrio Rionegro", "cod_locali": 12.0, "grupo_sac": "Estructura ecológica principal y espacios del agua", "sac": "Contaminación Hídrica", "codigo_sac": "EH002", "gestor": "Andrea Bayona Pineda", "cord_x": 101383.473453, "cord_y": 109454.48495300001 }, "geometry": { "type": "Point", "coordinates": [ -74.065069085999937, 4.681688312000063 ] } },
{ "type": "Feature", "properties": { "categoria": "Ruido por tráfico vehicular", "localidad": "BARRIOS UNIDOS", "direccion": "NQS desde Cl 63 hasta Cl 92", "cod_locali": 12.0, "grupo_sac": "Contaminación", "sac": "Contaminación por ruido", "codigo_sac": "CR004", "gestor": "Andrea Bayona Pineda", "cord_x": 100825.426519, "cord_y": 108308.693709 }, "geometry": { "type": "Point", "coordinates": [ -74.070097884999939, 4.671331535000036 ] } },
{ "type": "Feature", "properties": { "categoria": "Ruido por tráfico vehicular", "localidad": "BARRIOS UNIDOS", "direccion": "Av Caracas desde Cl 63 hasta Cl 72", "cod_locali": 12.0, "grupo_sac": "Contaminación", "sac": "Contaminación por ruido", "codigo_sac": "CR004", "gestor": "Andrea Bayona Pineda", "cord_x": 101762.617245, "cord_y": 107235.283637 }, "geometry": { "type": "Point", "coordinates": [ -74.061655636999944, 4.661627506000059 ] } },
{ "type": "Feature", "properties": { "categoria": "Ruido por tráfico vehicular", "localidad": "BARRIOS UNIDOS", "direccion": "Av Cl 80 desde Cr 80 hasta Cr 14", "cod_locali": 12.0, "grupo_sac": "Contaminación", "sac": "Contaminación por ruido", "codigo_sac": "CR004", "gestor": "Andrea Bayona Pineda", "cord_x": 100219.03935000001, "cord_y": 109176.328176 }, "geometry": { "type": "Point", "coordinates": [ -74.075560207999956, 4.679175066000028 ] } },
{ "type": "Feature", "properties": { "categoria": "Ruido por tráfico vehicular", "localidad": "BARRIOS UNIDOS", "direccion": "Av Suba desde Cl 80 hasta Cl 68", "cod_locali": 12.0, "grupo_sac": "Contaminación", "sac": "Contaminación por ruido", "codigo_sac": "CR004", "gestor": "Andrea Bayona Pineda", "cord_x": 101442.949243, "cord_y": 109385.190217 }, "geometry": { "type": "Point", "coordinates": [ -74.064533316999984, 4.681061862000035 ] } },
{ "type": "Feature", "properties": { "categoria": "Emisiones de gases por fuentes móviles", "localidad": "BARRIOS UNIDOS", "direccion": "NQS desde Cl 63 hasta Cl 92", "cod_locali": 12.0, "grupo_sac": "Contaminación", "sac": "Contaminación del aire", "codigo_sac": "CA003", "gestor": "Andrea Bayona Pineda", "cord_x": 100825.426519, "cord_y": 108308.693709 }, "geometry": { "type": "Point", "coordinates": [ -74.070097884999939, 4.671331535000036 ] } },
{ "type": "Feature", "properties": { "categoria": "Emisiones de gases por fuentes móviles", "localidad": "BARRIOS UNIDOS", "direccion": "Av Caracas desde Cl 63 hasta Cl 72", "cod_locali": 12.0, "grupo_sac": "Contaminación", "sac": "Contaminación del aire", "codigo_sac": "CA003", "gestor": "Andrea Bayona Pineda", "cord_x": 101762.617245, "cord_y": 107235.283637 }, "geometry": { "type": "Point", "coordinates": [ -74.061655636999944, 4.661627506000059 ] } },
{ "type": "Feature", "properties": { "categoria": "Emisiones de gases por fuentes móviles", "localidad": "BARRIOS UNIDOS", "direccion": "Av 68 desde Cl 63 hasta Cl 100", "cod_locali": 12.0, "grupo_sac": "Contaminación", "sac": "Contaminación del aire", "codigo_sac": "CA003", "gestor": "Andrea Bayona Pineda", "cord_x": 99697.408348600002, "cord_y": 109580.247378 }, "geometry": { "type": "Point", "coordinates": [ -74.080259437999985, 4.682826743000021 ] } },
{ "type": "Feature", "properties": { "categoria": "Emisiones de gases por fuentes móviles", "localidad": "BARRIOS UNIDOS", "direccion": "Av Cl 80 desde Cr 80 hasta Cr 14", "cod_locali": 12.0, "grupo_sac": "Contaminación", "sac": "Contaminación del aire", "codigo_sac": "CA003", "gestor": "Andrea Bayona Pineda", "cord_x": 100219.03935000001, "cord_y": 109176.328176 }, "geometry": { "type": "Point", "coordinates": [ -74.075560207999956, 4.679175066000028 ] } },
{ "type": "Feature", "properties": { "categoria": "Emisiones de gases por fuentes móviles", "localidad": "BARRIOS UNIDOS", "direccion": "Av Suba desde Cl 80 hasta Cl 68", "cod_locali": 12.0, "grupo_sac": "Contaminación", "sac": "Contaminación del aire", "codigo_sac": "CA003", "gestor": "Andrea Bayona Pineda", "cord_x": 101442.949243, "cord_y": 109385.190217 }, "geometry": { "type": "Point", "coordinates": [ -74.064533316999984, 4.681061862000035 ] } },
{ "type": "Feature", "properties": { "categoria": "Disposición inadecuada de residuos sólidos", "localidad": "BARRIOS UNIDOS", "direccion": "Canal Brazo Salitre en la NQS", "cod_locali": 12.0, "grupo_sac": "Contaminación", "sac": "Manejo inadecuado de residuos sólidos", "codigo_sac": "CR004", "gestor": "Andrea Bayona Pineda", "cord_x": 99988.123277599996, "cord_y": 106903.44865200001 }, "geometry": { "type": "Point", "coordinates": [ -74.077642624999953, 4.658629642000051 ] } },
{ "type": "Feature", "properties": { "categoria": "Emisión de gases por fuentes fijas", "localidad": "BARRIOS UNIDOS", "direccion": "Cementerio del norte", "cod_locali": 12.0, "grupo_sac": "Contaminación", "sac": "Contaminación del aire", "codigo_sac": "CA001", "gestor": "Andrea Bayona Pineda", "cord_x": 100296.004374, "cord_y": 107477.35415100001 }, "geometry": { "type": "Point", "coordinates": [ -74.074868360999972, 4.663817169000026 ] } },
{ "type": "Feature", "properties": { "categoria": "Percepción de olores ofensivos", "localidad": "BARRIOS UNIDOS", "direccion": "Cementerio del norte", "cod_locali": 12.0, "grupo_sac": "Contaminación", "sac": "Contaminación del aire", "codigo_sac": "CA004", "gestor": "Andrea Bayona Pineda", "cord_x": 100296.004374, "cord_y": 107477.35415100001 }, "geometry": { "type": "Point", "coordinates": [ -74.074868360999972, 4.663817169000026 ] } },
{ "type": "Feature", "properties": { "categoria": "Emisiones de gases por fuentes móviles", "localidad": "BARRIOS UNIDOS", "direccion": "Siete de Agosto", "cod_locali": 12.0, "grupo_sac": "Contaminación", "sac": "Contaminación del aire", "codigo_sac": "CA003", "gestor": "Andrea Bayona Pineda", "cord_x": 100684.01365, "cord_y": 106245.27447400001 }, "geometry": { "type": "Point", "coordinates": [ -74.071373896999944, 4.65267945100004 ] } },
{ "type": "Feature", "properties": { "categoria": "Ruido por perifoneo y emisiones sonoras", "localidad": "BARRIOS UNIDOS", "direccion": "Siete de Agosto", "cod_locali": 12.0, "grupo_sac": "Contaminación", "sac": "Contaminación por ruido", "codigo_sac": "CR003", "gestor": "Andrea Bayona Pineda", "cord_x": 100684.01365, "cord_y": 106245.27447400001 }, "geometry": { "type": "Point", "coordinates": [ -74.071373896999944, 4.65267945100004 ] } },
{ "type": "Feature", "properties": { "categoria": "Tenencia inadecuada de animales de compañía", "localidad": "BARRIOS UNIDOS", "direccion": "Cl. 74a con 63 - Simon Bolivar", "cod_locali": 12.0, "grupo_sac": "Fauna", "sac": "Fauna doméstica y animales de compañía", "codigo_sac": "FD001", "gestor": "Andrea Bayona Pineda", "cord_x": 99648.961814499999, "cord_y": 108825.177173 }, "geometry": { "type": "Point", "coordinates": [ -74.080696551999949, 4.676001349000046 ] } },
{ "type": "Feature", "properties": { "categoria": "Tenencia inadecuada de animales de compañía", "localidad": "BARRIOS UNIDOS", "direccion": "La Libertad", "cod_locali": 12.0, "grupo_sac": "Fauna", "sac": "Fauna doméstica y animales de compañía", "codigo_sac": "FD001", "gestor": "Andrea Bayona Pineda", "cord_x": 100126.44601699999, "cord_y": 108985.65313799999 }, "geometry": { "type": "Point", "coordinates": [ -74.07639458899996, 4.677451549000068 ] } },
{ "type": "Feature", "properties": { "categoria": "Tenencia inadecuada de animales de compañía", "localidad": "BARRIOS UNIDOS", "direccion": "Los Andes", "cod_locali": 12.0, "grupo_sac": "Fauna", "sac": "Fauna doméstica y animales de compañía", "codigo_sac": "FD001", "gestor": "Andrea Bayona Pineda", "cord_x": 100544.759938, "cord_y": 109777.15631799999 }, "geometry": { "type": "Point", "coordinates": [ -74.072625095999967, 4.684605929000043 ] } },
{ "type": "Feature", "properties": { "categoria": "Tenencia inadecuada de animales de compañía", "localidad": "BARRIOS UNIDOS", "direccion": "Rionegro", "cod_locali": 12.0, "grupo_sac": "Fauna", "sac": "Fauna doméstica y animales de compañía", "codigo_sac": "FD001", "gestor": "Andrea Bayona Pineda", "cord_x": 101036.622078, "cord_y": 109380.929458 }, "geometry": { "type": "Point", "coordinates": [ -74.068194086999938, 4.681023767000056 ] } },
{ "type": "Feature", "properties": { "categoria": "Tenencia inadecuada de animales de compañía", "localidad": "BARRIOS UNIDOS", "direccion": "Jorge Eliecer Gaitan", "cod_locali": 12.0, "grupo_sac": "Fauna", "sac": "Fauna doméstica y animales de compañía", "codigo_sac": "FD001", "gestor": "Andrea Bayona Pineda", "cord_x": 100555.58728199999, "cord_y": 108736.178269 }, "geometry": { "type": "Point", "coordinates": [ -74.072528536999982, 4.675196030000052 ] } },
{ "type": "Feature", "properties": { "categoria": "Acumulación de residuos orgánicos e inorgánicos en cuerpo de agua", "localidad": "TEUSAQUILLO", "direccion": "DG 40A BIS 14A 00", "cod_locali": 13.0, "grupo_sac": "Estructura ecológica principal y espacios del agua", "sac": "Contaminación Hídrica", "codigo_sac": "EH001", "gestor": "AMANDA COLMENARES", "cord_x": 100956.124491, "cord_y": 103652.62644599999 }, "geometry": { "type": "Point", "coordinates": [ -74.068925, 4.629243 ] } },
{ "type": "Feature", "properties": { "categoria": "Ocupación por habitante de calle y cambuches", "localidad": "TEUSAQUILLO", "direccion": "DG 42 A 19 00", "cod_locali": 13.0, "grupo_sac": "Estructura ecológica principal y espacios del agua", "sac": "Invasión EEP", "codigo_sac": "EI003", "gestor": "AMANDA COLMENARES", "cord_x": 100563.704004, "cord_y": 103883.239317 }, "geometry": { "type": "Point", "coordinates": [ -74.07246, 4.631328 ] } },
{ "type": "Feature", "properties": { "categoria": "Ocupación por habitante de calle y cambuches", "localidad": "TEUSAQUILLO", "direccion": "DG 40A 18 00", "cod_locali": 13.0, "grupo_sac": "Estructura ecológica principal y espacios del agua", "sac": "Invasión EEP", "codigo_sac": "EI003", "gestor": "AMANDA COLMENARES", "cord_x": 100673.716293, "cord_y": 103803.710922 }, "geometry": { "type": "Point", "coordinates": [ -74.071469, 4.630609 ] } },
{ "type": "Feature", "properties": { "categoria": "Ocupación por habitante de calle y cambuches", "localidad": "TEUSAQUILLO", "direccion": "DG 42 A 22 00", "cod_locali": 13.0, "grupo_sac": "Estructura ecológica principal y espacios del agua", "sac": "Invasión EEP", "codigo_sac": "EI003", "gestor": "AMANDA COLMENARES", "cord_x": 100388.52712899999, "cord_y": 104023.16287 }, "geometry": { "type": "Point", "coordinates": [ -74.074038, 4.632593 ] } },
{ "type": "Feature", "properties": { "categoria": "Ocupación por habitante de calle y cambuches", "localidad": "TEUSAQUILLO", "direccion": "CL 46 26 00", "cod_locali": 13.0, "grupo_sac": "Estructura ecológica principal y espacios del agua", "sac": "Invasión EEP", "codigo_sac": "EI003", "gestor": "AMANDA COLMENARES", "cord_x": 100114.536716, "cord_y": 104385.103002 }, "geometry": { "type": "Point", "coordinates": [ -74.076506, 4.635865 ] } },
{ "type": "Feature", "properties": { "categoria": "Acumulación de residuos orgánicos e inorgánicos en cuerpo de agua", "localidad": "TEUSAQUILLO", "direccion": "DG 40 A BIS 15 00", "cod_locali": 13.0, "grupo_sac": "Estructura ecológica principal y espacios del agua", "sac": "Contaminación Hídrica", "codigo_sac": "EH001", "gestor": "AMANDA COLMENARES", "cord_x": 100907.166881, "cord_y": 103700.30083399999 }, "geometry": { "type": "Point", "coordinates": [ -74.069366, 4.629674 ] } },
{ "type": "Feature", "properties": { "categoria": "Acumulación de residuos orgánicos e inorgánicos en cuerpo de agua", "localidad": "TEUSAQUILLO", "direccion": "TV 25 A 45 00", "cod_locali": 13.0, "grupo_sac": "Estructura ecológica principal y espacios del agua", "sac": "Contaminación Hídrica", "codigo_sac": "EH001", "gestor": "AMANDA COLMENARES", "cord_x": 100183.703628, "cord_y": 104259.217684 }, "geometry": { "type": "Point", "coordinates": [ -74.075883, 4.634727 ] } },
{ "type": "Feature", "properties": { "categoria": "Areas que requieren de restauración ecológica", "localidad": "TEUSAQUILLO", "direccion": "AC 68 22A 00", "cod_locali": 13.0, "grupo_sac": "Estructura ecológica principal y espacios del agua", "sac": "Mantenimiento silvicultural", "codigo_sac": "ES001", "gestor": "AMANDA COLMENARES", "cord_x": 96573.952422200004, "cord_y": 105495.07295099999 }, "geometry": { "type": "Point", "coordinates": [ -74.108402, 4.645901 ] } },
{ "type": "Feature", "properties": { "categoria": "Ocupación por habitante de calle y cambuches", "localidad": "TEUSAQUILLO", "direccion": "AC 62 22A 00", "cod_locali": 13.0, "grupo_sac": "Estructura ecológica principal y espacios del agua", "sac": "Invasión EEP", "codigo_sac": "EI003", "gestor": "AMANDA COLMENARES", "cord_x": 96496.473005899999, "cord_y": 105514.538946 }, "geometry": { "type": "Point", "coordinates": [ -74.1091, 4.646077 ] } },
{ "type": "Feature", "properties": { "categoria": "Disposición inadecuada de residuos sólidos", "localidad": "TEUSAQUILLO", "direccion": "AC 63 15 00", "cod_locali": 13.0, "grupo_sac": "Contaminación", "sac": "Manejo inadecuado de residuos sólidos", "codigo_sac": "CR004", "gestor": "AMANDA COLMENARES", "cord_x": 101301.751301, "cord_y": 105926.026486 }, "geometry": { "type": "Point", "coordinates": [ -74.065809, 4.649793 ] } },
{ "type": "Feature", "properties": { "categoria": "Disposición ilegal de Residuos de Construcción y Demolición", "localidad": "TEUSAQUILLO", "direccion": "CL 61 15 00", "cod_locali": 13.0, "grupo_sac": "Contaminación", "sac": "Manejo inadecuado de residuos sólidos", "codigo_sac": "CR002", "gestor": "AMANDA COLMENARES", "cord_x": 101161.01857499999, "cord_y": 105789.940684 }, "geometry": { "type": "Point", "coordinates": [ -74.067077, 4.648563 ] } },
{ "type": "Feature", "properties": { "categoria": "Ocupación por habitante de calle y cambuches", "localidad": "TEUSAQUILLO", "direccion": "CR 17 46 00", "cod_locali": 13.0, "grupo_sac": "Estructura ecológica principal y espacios del agua", "sac": "Invasión EEP", "codigo_sac": "EI003", "gestor": "AMANDA COLMENARES", "cord_x": 100779.779549, "cord_y": 104322.336108 }, "geometry": { "type": "Point", "coordinates": [ -74.070513, 4.635297 ] } },
{ "type": "Feature", "properties": { "categoria": "Disposición inadecuada de residuos sólidos", "localidad": "TEUSAQUILLO", "direccion": "CL 62 24 00", "cod_locali": 13.0, "grupo_sac": "Contaminación", "sac": "Manejo inadecuado de residuos sólidos", "codigo_sac": "CR004", "gestor": "AMANDA COLMENARES", "cord_x": 100550.83104400001, "cord_y": 105974.951516 }, "geometry": { "type": "Point", "coordinates": [ -74.072574, 4.650236 ] } },
{ "type": "Feature", "properties": { "categoria": "Disposición inadecuada de residuos sólidos", "localidad": "TEUSAQUILLO", "direccion": "AC 24 61B 00", "cod_locali": 13.0, "grupo_sac": "Contaminación", "sac": "Manejo inadecuado de residuos sólidos", "codigo_sac": "CR004", "gestor": "AMANDA COLMENARES", "cord_x": 100361.497026, "cord_y": 105663.298841 }, "geometry": { "type": "Point", "coordinates": [ -74.07428, 4.647419 ] } },
{ "type": "Feature", "properties": { "categoria": "Disposición inadecuada de residuos sólidos", "localidad": "TEUSAQUILLO", "direccion": "AC 24 54 00", "cod_locali": 13.0, "grupo_sac": "Contaminación", "sac": "Manejo inadecuado de residuos sólidos", "codigo_sac": "CR004", "gestor": "AMANDA COLMENARES", "cord_x": 100673.228525, "cord_y": 105263.75070800001 }, "geometry": { "type": "Point", "coordinates": [ -74.071472, 4.643807 ] } },
{ "type": "Feature", "properties": { "categoria": "Disposición inadecuada de residuos sólidos", "localidad": "TEUSAQUILLO", "direccion": "AC 24 49 00", "cod_locali": 13.0, "grupo_sac": "Contaminación", "sac": "Manejo inadecuado de residuos sólidos", "codigo_sac": "CR004", "gestor": "AMANDA COLMENARES", "cord_x": 100307.103659, "cord_y": 104600.621394 }, "geometry": { "type": "Point", "coordinates": [ -74.074771, 4.637813 ] } },
{ "type": "Feature", "properties": { "categoria": "Disposición inadecuada de residuos sólidos", "localidad": "TEUSAQUILLO", "direccion": "CR 17 50 00", "cod_locali": 13.0, "grupo_sac": "Contaminación", "sac": "Manejo inadecuado de residuos sólidos", "codigo_sac": "CR004", "gestor": "AMANDA COLMENARES", "cord_x": 100869.769025, "cord_y": 104629.996285 }, "geometry": { "type": "Point", "coordinates": [ -74.069702, 4.638078 ] } },
{ "type": "Feature", "properties": { "categoria": "Ocupación por habitante de calle y cambuches", "localidad": "TEUSAQUILLO", "direccion": "AC 14 59 00", "cod_locali": 13.0, "grupo_sac": "Estructura ecológica principal y espacios del agua", "sac": "Invasión EEP", "codigo_sac": "EI003", "gestor": "AMANDA COLMENARES", "cord_x": 101340.980442, "cord_y": 105524.016496 }, "geometry": { "type": "Point", "coordinates": [ -74.065456, 4.646159 ] } },
{ "type": "Feature", "properties": { "categoria": "Ocupación por habitante de calle y cambuches", "localidad": "TEUSAQUILLO", "direccion": "AC 14 31 00", "cod_locali": 13.0, "grupo_sac": "Estructura ecológica principal y espacios del agua", "sac": "Invasión EEP", "codigo_sac": "EI003", "gestor": "AMANDA COLMENARES", "cord_x": 100674.08009800001, "cord_y": 102462.37312800001 }, "geometry": { "type": "Point", "coordinates": [ -74.071467, 4.618484 ] } },
{ "type": "Feature", "properties": { "categoria": "Ocupación por habitante de calle y cambuches", "localidad": "TEUSAQUILLO", "direccion": "AC 26 19 00", "cod_locali": 13.0, "grupo_sac": "Estructura ecológica principal y espacios del agua", "sac": "Invasión EEP", "codigo_sac": "EI003", "gestor": "AMANDA COLMENARES", "cord_x": 100310.31405, "cord_y": 102492.20452 }, "geometry": { "type": "Point", "coordinates": [ -74.074744, 4.618754 ] } },
{ "type": "Feature", "properties": { "categoria": "Disposición ilegal de Residuos de Construcción y Demolición", "localidad": "TEUSAQUILLO", "direccion": "CL 26 19 BIS 00", "cod_locali": 13.0, "grupo_sac": "Contaminación", "sac": "Manejo inadecuado de residuos sólidos", "codigo_sac": "CR002", "gestor": "AMANDA COLMENARES", "cord_x": 100255.140614, "cord_y": 102532.356124 }, "geometry": { "type": "Point", "coordinates": [ -74.075241, 4.619117 ] } },
{ "type": "Feature", "properties": { "categoria": "Disposición inadecuada de residuos sólidos", "localidad": "TEUSAQUILLO", "direccion": "CL 26 39 00", "cod_locali": 13.0, "grupo_sac": "Contaminación", "sac": "Manejo inadecuado de residuos sólidos", "codigo_sac": "CR004", "gestor": "AMANDA COLMENARES", "cord_x": 98856.017777500005, "cord_y": 104100.127222 }, "geometry": { "type": "Point", "coordinates": [ -74.087844, 4.63329 ] } },
{ "type": "Feature", "properties": { "categoria": "Ocupación por habitante de calle y cambuches", "localidad": "TEUSAQUILLO", "direccion": "AC 26 30 00", "cod_locali": 13.0, "grupo_sac": "Estructura ecológica principal y espacios del agua", "sac": "Invasión EEP", "codigo_sac": "EI003", "gestor": "AMANDA COLMENARES", "cord_x": 99564.831590600006, "cord_y": 103419.508607 }, "geometry": { "type": "Point", "coordinates": [ -74.081459, 4.627137 ] } },
{ "type": "Feature", "properties": { "categoria": "Disposición inadecuada de residuos sólidos", "localidad": "TEUSAQUILLO", "direccion": "CL 53 57 15", "cod_locali": 13.0, "grupo_sac": "Contaminación", "sac": "Manejo inadecuado de residuos sólidos", "codigo_sac": "CR004", "gestor": "AMANDA COLMENARES", "cord_x": 98585.250628900001, "cord_y": 105897.332192 }, "geometry": { "type": "Point", "coordinates": [ -74.090282, 4.649536 ] } },
{ "type": "Feature", "properties": { "categoria": "Disposición inadecuada de residuos sólidos", "localidad": "TEUSAQUILLO", "direccion": "CL 44  59 6", "cod_locali": 13.0, "grupo_sac": "Contaminación", "sac": "Manejo inadecuado de residuos sólidos", "codigo_sac": "CR004", "gestor": "AMANDA COLMENARES", "cord_x": 98129.490472699996, "cord_y": 105817.757237 }, "geometry": { "type": "Point", "coordinates": [ -74.094388, 4.648817 ] } },
{ "type": "Feature", "properties": { "categoria": "Disposición inadecuada de residuos sólidos", "localidad": "TEUSAQUILLO", "direccion": "CL 49 26 52", "cod_locali": 13.0, "grupo_sac": "Contaminación", "sac": "Manejo inadecuado de residuos sólidos", "codigo_sac": "CR004", "gestor": "AMANDA COLMENARES", "cord_x": 98132.637125399997, "cord_y": 105294.386717 }, "geometry": { "type": "Point", "coordinates": [ -74.09436, 4.644086 ] } },
{ "type": "Feature", "properties": { "categoria": "Disposición inadecuada de residuos sólidos", "localidad": "TEUSAQUILLO", "direccion": "Av. de las Américas 18 66", "cod_locali": 13.0, "grupo_sac": "Contaminación", "sac": "Manejo inadecuado de residuos sólidos", "codigo_sac": "CR004", "gestor": "AMANDA COLMENARES", "cord_x": 99768.773916200007, "cord_y": 103113.536653 }, "geometry": { "type": "Point", "coordinates": [ -74.079622, 4.624371 ] } },
{ "type": "Feature", "properties": { "categoria": "Disposición inadecuada de residuos sólidos", "localidad": "TEUSAQUILLO", "direccion": "CL 45c 21  2", "cod_locali": 13.0, "grupo_sac": "Contaminación", "sac": "Manejo inadecuado de residuos sólidos", "codigo_sac": "CR004", "gestor": "AMANDA COLMENARES", "cord_x": 100536.239007, "cord_y": 104337.134213 }, "geometry": { "type": "Point", "coordinates": [ -74.072707, 4.635431 ] } },
{ "type": "Feature", "properties": { "categoria": "Disposición inadecuada de residuos sólidos", "localidad": "TEUSAQUILLO", "direccion": "DG 40a  15 24", "cod_locali": 13.0, "grupo_sac": "Contaminación", "sac": "Manejo inadecuado de residuos sólidos", "codigo_sac": "CR004", "gestor": "AMANDA COLMENARES", "cord_x": 100872.653384, "cord_y": 103621.974006 }, "geometry": { "type": "Point", "coordinates": [ -74.069677, 4.628966 ] } },
{ "type": "Feature", "properties": { "categoria": "Disposición inadecuada de residuos sólidos", "localidad": "TEUSAQUILLO", "direccion": "DG 46a 16 a 77", "cod_locali": 13.0, "grupo_sac": "Contaminación", "sac": "Manejo inadecuado de residuos sólidos", "codigo_sac": "CR004", "gestor": "AMANDA COLMENARES", "cord_x": 100799.204234, "cord_y": 104328.975745 }, "geometry": { "type": "Point", "coordinates": [ -74.070338, 4.635357 ] } },
{ "type": "Feature", "properties": { "categoria": "Disposición inadecuada de residuos sólidos", "localidad": "TEUSAQUILLO", "direccion": "CR 17 50 00", "cod_locali": 13.0, "grupo_sac": "Contaminación", "sac": "Manejo inadecuado de residuos sólidos", "codigo_sac": "CR004", "gestor": "AMANDA COLMENARES", "cord_x": 100852.230793, "cord_y": 104629.441255 }, "geometry": { "type": "Point", "coordinates": [ -74.06986, 4.638073 ] } },
{ "type": "Feature", "properties": { "categoria": "Disposición inadecuada de residuos sólidos", "localidad": "TEUSAQUILLO", "direccion": "CR 40 24 31", "cod_locali": 13.0, "grupo_sac": "Contaminación", "sac": "Manejo inadecuado de residuos sólidos", "codigo_sac": "CR004", "gestor": "AMANDA COLMENARES", "cord_x": 98330.108085999993, "cord_y": 103832.260412 }, "geometry": { "type": "Point", "coordinates": [ -74.092582, 4.630869 ] } },
{ "type": "Feature", "properties": { "categoria": "Disposición inadecuada de residuos sólidos", "localidad": "TEUSAQUILLO", "direccion": "CR 45 24 26", "cod_locali": 13.0, "grupo_sac": "Contaminación", "sac": "Manejo inadecuado de residuos sólidos", "codigo_sac": "CR004", "gestor": "AMANDA COLMENARES", "cord_x": 98059.785234499999, "cord_y": 104255.05201699999 }, "geometry": { "type": "Point", "coordinates": [ -74.095017, 4.634691 ] } },
{ "type": "Feature", "properties": { "categoria": "Disposición inadecuada de residuos sólidos", "localidad": "TEUSAQUILLO", "direccion": "CR 24 45b 46", "cod_locali": 13.0, "grupo_sac": "Contaminación", "sac": "Manejo inadecuado de residuos sólidos", "codigo_sac": "CR004", "gestor": "AMANDA COLMENARES", "cord_x": 100282.706402, "cord_y": 104371.402206 }, "geometry": { "type": "Point", "coordinates": [ -74.074991, 4.635741 ] } },
{ "type": "Feature", "properties": { "categoria": "Disposición inadecuada de residuos sólidos", "localidad": "TEUSAQUILLO", "direccion": "Av. de las Américas 18 66", "cod_locali": 13.0, "grupo_sac": "Contaminación", "sac": "Manejo inadecuado de residuos sólidos", "codigo_sac": "CR004", "gestor": "AMANDA COLMENARES", "cord_x": 99793.196942199997, "cord_y": 103090.75004699999 }, "geometry": { "type": "Point", "coordinates": [ -74.079402, 4.624165 ] } },
{ "type": "Feature", "properties": { "categoria": "Disposición inadecuada de residuos sólidos", "localidad": "TEUSAQUILLO", "direccion": "CL 27 27 21", "cod_locali": 13.0, "grupo_sac": "Contaminación", "sac": "Manejo inadecuado de residuos sólidos", "codigo_sac": "CR004", "gestor": "AMANDA COLMENARES", "cord_x": 99969.251163299996, "cord_y": 103071.29675 }, "geometry": { "type": "Point", "coordinates": [ -74.077816, 4.623989 ] } },
{ "type": "Feature", "properties": { "categoria": "Disposición inadecuada de residuos sólidos", "localidad": "TEUSAQUILLO", "direccion": "CR 33 25b 99", "cod_locali": 13.0, "grupo_sac": "Contaminación", "sac": "Manejo inadecuado de residuos sólidos", "codigo_sac": "CR004", "gestor": "AMANDA COLMENARES", "cord_x": 99250.673624400006, "cord_y": 103624.58062199999 }, "geometry": { "type": "Point", "coordinates": [ -74.084289, 4.628991 ] } },
{ "type": "Feature", "properties": { "categoria": "Disposición inadecuada de residuos sólidos", "localidad": "TEUSAQUILLO", "direccion": "CR 58 59 76", "cod_locali": 13.0, "grupo_sac": "Contaminación", "sac": "Manejo inadecuado de residuos sólidos", "codigo_sac": "CR004", "gestor": "AMANDA COLMENARES", "cord_x": 98868.588820699995, "cord_y": 106435.55003300001 }, "geometry": { "type": "Point", "coordinates": [ -74.087729, 4.654401 ] } },
{ "type": "Feature", "properties": { "categoria": "Deficiencias en mantenimiento de arbolado urbano", "localidad": "TEUSAQUILLO", "direccion": "AC 53  50 00", "cod_locali": 13.0, "grupo_sac": "Estructura ecológica principal y espacios del agua", "sac": "Mantenimiento silvicultural", "codigo_sac": "ES003", "gestor": "AMANDA COLMENARES", "cord_x": 98957.119329199995, "cord_y": 105676.33227 }, "geometry": { "type": "Point", "coordinates": [ -74.086932, 4.647538 ] } },
{ "type": "Feature", "properties": { "categoria": "Deficiencias en mantenimiento de arbolado urbano", "localidad": "TEUSAQUILLO", "direccion": "AC 53  53 00", "cod_locali": 13.0, "grupo_sac": "Estructura ecológica principal y espacios del agua", "sac": "Mantenimiento silvicultural", "codigo_sac": "ES003", "gestor": "AMANDA COLMENARES", "cord_x": 98926.143287800005, "cord_y": 105759.077789 }, "geometry": { "type": "Point", "coordinates": [ -74.087211, 4.648286 ] } },
{ "type": "Feature", "properties": { "categoria": "Deficiencias en mantenimiento de arbolado urbano", "localidad": "TEUSAQUILLO", "direccion": "AC 53  55 00", "cod_locali": 13.0, "grupo_sac": "Estructura ecológica principal y espacios del agua", "sac": "Mantenimiento silvicultural", "codigo_sac": "ES003", "gestor": "AMANDA COLMENARES", "cord_x": 98696.922040999998, "cord_y": 105830.74441299999 }, "geometry": { "type": "Point", "coordinates": [ -74.089276, 4.648934 ] } },
{ "type": "Feature", "properties": { "categoria": "Deficiencias en mantenimiento de arbolado urbano", "localidad": "TEUSAQUILLO", "direccion": "AC 53  58 00", "cod_locali": 13.0, "grupo_sac": "Estructura ecológica principal y espacios del agua", "sac": "Mantenimiento silvicultural", "codigo_sac": "ES003", "gestor": "AMANDA COLMENARES", "cord_x": 98433.947690100002, "cord_y": 106024.98249900001 }, "geometry": { "type": "Point", "coordinates": [ -74.091645, 4.65069 ] } },
{ "type": "Feature", "properties": { "categoria": "Deficiencias en mantenimiento de arbolado urbano", "localidad": "TEUSAQUILLO", "direccion": "AC 53  60 00", "cod_locali": 13.0, "grupo_sac": "Estructura ecológica principal y espacios del agua", "sac": "Mantenimiento silvicultural", "codigo_sac": "ES003", "gestor": "AMANDA COLMENARES", "cord_x": 98305.401519599996, "cord_y": 106134.934691 }, "geometry": { "type": "Point", "coordinates": [ -74.092803, 4.651684 ] } },
{ "type": "Feature", "properties": { "categoria": "Deficiencias en mantenimiento de arbolado urbano", "localidad": "TEUSAQUILLO", "direccion": "AC 53  45 00", "cod_locali": 13.0, "grupo_sac": "Estructura ecológica principal y espacios del agua", "sac": "Mantenimiento silvicultural", "codigo_sac": "ES003", "gestor": "AMANDA COLMENARES", "cord_x": 99293.582274100001, "cord_y": 105440.17520899999 }, "geometry": { "type": "Point", "coordinates": [ -74.083901, 4.645403 ] } },
{ "type": "Feature", "properties": { "categoria": "Deficiencias en mantenimiento de arbolado urbano", "localidad": "TEUSAQUILLO", "direccion": "AC 53  46 00", "cod_locali": 13.0, "grupo_sac": "Estructura ecológica principal y espacios del agua", "sac": "Mantenimiento silvicultural", "codigo_sac": "ES003", "gestor": "AMANDA COLMENARES", "cord_x": 99203.999275599999, "cord_y": 105502.560293 }, "geometry": { "type": "Point", "coordinates": [ -74.084708, 4.645967 ] } },
{ "type": "Feature", "properties": { "categoria": "Deficiencias en mantenimiento de arbolado urbano", "localidad": "TEUSAQUILLO", "direccion": "AC 53  47 00", "cod_locali": 13.0, "grupo_sac": "Estructura ecológica principal y espacios del agua", "sac": "Mantenimiento silvicultural", "codigo_sac": "ES003", "gestor": "AMANDA COLMENARES", "cord_x": 99104.536689700006, "cord_y": 105572.90968700001 }, "geometry": { "type": "Point", "coordinates": [ -74.085604, 4.646603 ] } },
{ "type": "Feature", "properties": { "categoria": "Disposición inadecuada de residuos sólidos", "localidad": "TEUSAQUILLO", "direccion": "AC 14  CL 48 00", "cod_locali": 13.0, "grupo_sac": "Contaminación", "sac": "Manejo inadecuado de residuos sólidos", "codigo_sac": "CR004", "gestor": "AMANDA COLMENARES", "cord_x": 101126.32721, "cord_y": 104335.538533 }, "geometry": { "type": "Point", "coordinates": [ -74.067391, 4.635416 ] } },
{ "type": "Feature", "properties": { "categoria": "Ruido por música estridente", "localidad": "TEUSAQUILLO", "direccion": "CR 27 CL 53 00", "cod_locali": 13.0, "grupo_sac": "Contaminación", "sac": "Contaminación por ruido", "codigo_sac": "CR002", "gestor": "AMANDA COLMENARES", "cord_x": 100178.295474, "cord_y": 105061.80756099999 }, "geometry": { "type": "Point", "coordinates": [ -74.075931, 4.641982 ] } },
{ "type": "Feature", "properties": { "categoria": "Ruido por música estridente", "localidad": "TEUSAQUILLO", "direccion": "CR 27 CL 51 00", "cod_locali": 13.0, "grupo_sac": "Contaminación", "sac": "Contaminación por ruido", "codigo_sac": "CR002", "gestor": "AMANDA COLMENARES", "cord_x": 100142.017632, "cord_y": 104864.88995300001 }, "geometry": { "type": "Point", "coordinates": [ -74.076258, 4.640202 ] } },
{ "type": "Feature", "properties": { "categoria": "Emisiones de gases por fuentes móviles", "localidad": "TEUSAQUILLO", "direccion": "AC 14  CL 54A 00", "cod_locali": 13.0, "grupo_sac": "Contaminación", "sac": "Contaminación del aire", "codigo_sac": "CA003", "gestor": "AMANDA COLMENARES", "cord_x": 101292.95848, "cord_y": 105161.932505 }, "geometry": { "type": "Point", "coordinates": [ -74.065889, 4.642886 ] } },
{ "type": "Feature", "properties": { "categoria": "Emisiones de gases por fuentes móviles", "localidad": "TEUSAQUILLO", "direccion": "AC 14  CL 63 00", "cod_locali": 13.0, "grupo_sac": "Contaminación", "sac": "Contaminación del aire", "codigo_sac": "CA003", "gestor": "AMANDA COLMENARES", "cord_x": 101430.51529700001, "cord_y": 105891.857907 }, "geometry": { "type": "Point", "coordinates": [ -74.064649, 4.649484 ] } },
{ "type": "Feature", "properties": { "categoria": "Emisiones de gases por fuentes móviles", "localidad": "TEUSAQUILLO", "direccion": "AC 14  CL 49 00", "cod_locali": 13.0, "grupo_sac": "Contaminación", "sac": "Contaminación del aire", "codigo_sac": "CA003", "gestor": "AMANDA COLMENARES", "cord_x": 101173.37788299999, "cord_y": 104462.763528 }, "geometry": { "type": "Point", "coordinates": [ -74.066967, 4.636566 ] } },
{ "type": "Feature", "properties": { "categoria": "Afectación por presencia de antenas de telecomunicaciones", "localidad": "TEUSAQUILLO", "direccion": "AC 14  CL 47 00", "cod_locali": 13.0, "grupo_sac": "Contaminación", "sac": "Contaminación electromagnética", "codigo_sac": "CE002", "gestor": "AMANDA COLMENARES", "cord_x": 101142.772085, "cord_y": 104187.74424499999 }, "geometry": { "type": "Point", "coordinates": [ -74.067243, 4.63408 ] } },
{ "type": "Feature", "properties": { "categoria": "Afectación por presencia de antenas de telecomunicaciones", "localidad": "TEUSAQUILLO", "direccion": "AC 45  CR 24 00", "cod_locali": 13.0, "grupo_sac": "Contaminación", "sac": "Contaminación electromagnética", "codigo_sac": "CE002", "gestor": "AMANDA COLMENARES", "cord_x": 100246.87158599999, "cord_y": 104183.44532100001 }, "geometry": { "type": "Point", "coordinates": [ -74.075314, 4.634042 ] } },
{ "type": "Feature", "properties": { "categoria": "Percepción de olores ofensivos", "localidad": "Martires", "direccion": "calle22b con cra 25", "cod_locali": 14.0, "grupo_sac": "Contaminación", "sac": "Contaminación del aire", "codigo_sac": "CA004", "gestor": "Ciro Bernal", "cord_x": 99474.893781799998, "cord_y": 102468.450668 }, "geometry": { "type": "Point", "coordinates": [ -74.08227, 4.61854 ] } },
{ "type": "Feature", "properties": { "categoria": "Disposición inadecuada de residuos sólidos", "localidad": "Martires", "direccion": "calle 22 con cra 27", "cod_locali": 14.0, "grupo_sac": "Contaminación", "sac": "Manejo inadecuado de residuos sólidos", "codigo_sac": "CR004", "gestor": "Ciro Bernal", "cord_x": 99277.309884400005, "cord_y": 102414.33706200001 }, "geometry": { "type": "Point", "coordinates": [ -74.08405, 4.618051 ] } },
{ "type": "Feature", "properties": { "categoria": "Ruido por perifoneo y emisiones sonoras", "localidad": "Martires", "direccion": "calle 11 con cra 18", "cod_locali": 14.0, "grupo_sac": "Contaminación", "sac": "Contaminación por ruido", "codigo_sac": "CR003", "gestor": "Ciro Bernal", "cord_x": 99188.631693300005, "cord_y": 100962.809129 }, "geometry": { "type": "Point", "coordinates": [ -74.08485, 4.60493 ] } },
{ "type": "Feature", "properties": { "categoria": "Disposición inadecuada de residuos especiales y/o peligrosos", "localidad": "Martires", "direccion": "Cra 19A con Clle 6B", "cod_locali": 14.0, "grupo_sac": "Contaminación", "sac": "Manejo inadecuado de residuos sólidos", "codigo_sac": "CR003", "gestor": "Ciro Bernal", "cord_x": 98651.497329499995, "cord_y": 100607.2135 }, "geometry": { "type": "Point", "coordinates": [ -74.089689, 4.601716 ] } },
{ "type": "Feature", "properties": { "categoria": "Disposición inadecuada de residuos sólidos", "localidad": "Martires", "direccion": "Av Clle 6 con cra 25", "cod_locali": 14.0, "grupo_sac": "Contaminación", "sac": "Manejo inadecuado de residuos sólidos", "codigo_sac": "CR004", "gestor": "Ciro Bernal", "cord_x": 98204.457317699998, "cord_y": 100782.631476 }, "geometry": { "type": "Point", "coordinates": [ -74.093716, 4.603302 ] } },
{ "type": "Feature", "properties": { "categoria": "Disposición inadecuada de residuos sólidos", "localidad": "Martires", "direccion": "cra 25 con clle 19", "cod_locali": 14.0, "grupo_sac": "Contaminación", "sac": "Manejo inadecuado de residuos sólidos", "codigo_sac": "CR004", "gestor": "Ciro Bernal", "cord_x": 99200.301716899994, "cord_y": 102077.58556399999 }, "geometry": { "type": "Point", "coordinates": [ -74.084744, 4.615007 ] } },
{ "type": "Feature", "properties": { "categoria": "Disposición inadecuada de residuos sólidos", "localidad": "Martires", "direccion": "Clle 1D #21-38", "cod_locali": 14.0, "grupo_sac": "Contaminación", "sac": "Manejo inadecuado de residuos sólidos", "codigo_sac": "CR004", "gestor": "Ciro Bernal", "cord_x": 98067.432606100003, "cord_y": 99825.2668921 }, "geometry": { "type": "Point", "coordinates": [ -74.094951, 4.594648 ] } },
{ "type": "Feature", "properties": { "categoria": "Disposición inadecuada de residuos sólidos", "localidad": "ANTONIO NARIÑO", "direccion": "CALLE 1 CON CARRERA 13 COSTADO SUR", "cod_locali": 15.0, "grupo_sac": "Contaminación", "sac": "Manejo inadecuado de residuos sólidos", "codigo_sac": "CR004", "gestor": "SANTIAGO SIERRA TAPIA", "cord_x": 98854.275382099993, "cord_y": 99433.020338799994 }, "geometry": { "type": "Point", "coordinates": [ -74.087863161999962, 4.591101741000045 ] } },
{ "type": "Feature", "properties": { "categoria": "Disposición inadecuada de residuos sólidos", "localidad": "ANTONIO NARIÑO", "direccion": "CALLE 1 CON CARRERA 15 SEPARADOR ", "cod_locali": 15.0, "grupo_sac": "Contaminación", "sac": "Manejo inadecuado de residuos sólidos", "codigo_sac": "CR004", "gestor": "SANTIAGO SIERRA TAPIA", "cord_x": 98497.111958199996, "cord_y": 99598.635566700003 }, "geometry": { "type": "Point", "coordinates": [ -74.091080470999941, 4.592599077000045 ] } },
{ "type": "Feature", "properties": { "categoria": "Disposición inadecuada de residuos sólidos", "localidad": "ANTONIO NARIÑO", "direccion": "CALLE 1 CON CARRERA 27 SEPARADOR ", "cod_locali": 15.0, "grupo_sac": "Contaminación", "sac": "Manejo inadecuado de residuos sólidos", "codigo_sac": "CR004", "gestor": "SANTIAGO SIERRA TAPIA", "cord_x": 97153.936342700006, "cord_y": 99857.619537599996 }, "geometry": { "type": "Point", "coordinates": [ -74.103180045999977, 4.594941 ] } },
{ "type": "Feature", "properties": { "categoria": "Disposición inadecuada de residuos sólidos", "localidad": "ANTONIO NARIÑO", "direccion": "CARRERA 27 CON CALLE 23 SUR SEPARADOR", "cod_locali": 15.0, "grupo_sac": "Contaminación", "sac": "Manejo inadecuado de residuos sólidos", "codigo_sac": "CR004", "gestor": "SANTIAGO SIERRA TAPIA", "cord_x": 96451.416863499995, "cord_y": 99181.965450200005 }, "geometry": { "type": "Point", "coordinates": [ -74.109508881999943, 4.58883378500002 ] } },
{ "type": "Feature", "properties": { "categoria": "Disposición inadecuada de residuos sólidos", "localidad": "ANTONIO NARIÑO", "direccion": "CALLE 36 SUR CON CARRERA 27 COSTADO OCCIDENTAL PARED", "cod_locali": 15.0, "grupo_sac": "Contaminación", "sac": "Manejo inadecuado de residuos sólidos", "codigo_sac": "CR004", "gestor": "SANTIAGO SIERRA TAPIA", "cord_x": 95187.813845299999, "cord_y": 99232.864085699999 }, "geometry": { "type": "Point", "coordinates": [ -74.120891710999956, 4.589294383000038 ] } },
{ "type": "Feature", "properties": { "categoria": "Disposición inadecuada de residuos sólidos", "localidad": "ANTONIO NARIÑO", "direccion": "CALLE 31 SUR CON CARRERA 27 CAÑO", "cod_locali": 15.0, "grupo_sac": "Contaminación", "sac": "Manejo inadecuado de residuos sólidos", "codigo_sac": "CR004", "gestor": "SANTIAGO SIERRA TAPIA", "cord_x": 95791.203393100004, "cord_y": 99116.045905000006 }, "geometry": { "type": "Point", "coordinates": [ -74.11545627199996, 4.588238189000037 ] } },
{ "type": "Feature", "properties": { "categoria": "Disposición inadecuada de residuos sólidos", "localidad": "ANTONIO NARIÑO", "direccion": "CALLE 11 SUR CON CARRERA 24A", "cod_locali": 15.0, "grupo_sac": "Contaminación", "sac": "Manejo inadecuado de residuos sólidos", "codigo_sac": "CR004", "gestor": "SANTIAGO SIERRA TAPIA", "cord_x": 97493.427503800005, "cord_y": 99359.032366700005 }, "geometry": { "type": "Point", "coordinates": [ -74.100122091999935, 4.590433831000041 ] } },
{ "type": "Feature", "properties": { "categoria": "Disposición inadecuada de residuos sólidos", "localidad": "ANTONIO NARIÑO", "direccion": "CALLE 11 SUR CON CARRERA 24 GLORIETA LUNA PARK", "cod_locali": 15.0, "grupo_sac": "Contaminación", "sac": "Manejo inadecuado de residuos sólidos", "codigo_sac": "CR004", "gestor": "SANTIAGO SIERRA TAPIA", "cord_x": 97543.572237300003, "cord_y": 99280.449944399996 }, "geometry": { "type": "Point", "coordinates": [ -74.099670421999974, 4.589723456000058 ] } },
{ "type": "Feature", "properties": { "categoria": "Disposición inadecuada de residuos sólidos", "localidad": "ANTONIO NARIÑO", "direccion": "CALLE 30 SUR & CARRERA 27 COSTADO OCCIDENTAL", "cod_locali": 15.0, "grupo_sac": "Contaminación", "sac": "Manejo inadecuado de residuos sólidos", "codigo_sac": "CR004", "gestor": "SANTIAGO SIERRA TAPIA", "cord_x": 95885.271115199997, "cord_y": 99161.403149299993 }, "geometry": { "type": "Point", "coordinates": [ -74.114608868999937, 4.588648159000059 ] } },
{ "type": "Feature", "properties": { "categoria": "Disposición inadecuada de residuos sólidos", "localidad": "ANTONIO NARIÑO", "direccion": "CALLE 13 SUR CON CARRERA 22", "cod_locali": 15.0, "grupo_sac": "Contaminación", "sac": "Manejo inadecuado de residuos sólidos", "codigo_sac": "CR004", "gestor": "SANTIAGO SIERRA TAPIA", "cord_x": 97451.503875599999, "cord_y": 99254.327384300006 }, "geometry": { "type": "Point", "coordinates": [ -74.100499811999953, 4.589487375000033 ] } },
{ "type": "Feature", "properties": { "categoria": "Disposición inadecuada de residuos sólidos", "localidad": "ANTONIO NARIÑO", "direccion": "CARRERA 24 CON CALLE 3 SUR ", "cod_locali": 15.0, "grupo_sac": "Contaminación", "sac": "Manejo inadecuado de residuos sólidos", "codigo_sac": "CR004", "gestor": "SANTIAGO SIERRA TAPIA", "cord_x": 97912.2562665, "cord_y": 99712.8183919 }, "geometry": { "type": "Point", "coordinates": [ -74.096348948999946, 4.593631622000032 ] } },
{ "type": "Feature", "properties": { "categoria": "Disposición inadecuada de residuos sólidos", "localidad": "ANTONIO NARIÑO", "direccion": "CARRERA 24 CON CALLE 3  A SUR ", "cod_locali": 15.0, "grupo_sac": "Contaminación", "sac": "Manejo inadecuado de residuos sólidos", "codigo_sac": "CR004", "gestor": "SANTIAGO SIERRA TAPIA", "cord_x": 97877.406426100002, "cord_y": 99670.522517300007 }, "geometry": { "type": "Point", "coordinates": [ -74.096662912999989, 4.593249311000022 ] } },
{ "type": "Feature", "properties": { "categoria": "Disposición inadecuada de residuos sólidos", "localidad": "ANTONIO NARIÑO", "direccion": "CARRERA 24 CON CALLE 4 SUR ", "cod_locali": 15.0, "grupo_sac": "Contaminación", "sac": "Manejo inadecuado de residuos sólidos", "codigo_sac": "CR004", "gestor": "SANTIAGO SIERRA TAPIA", "cord_x": 97843.34038, "cord_y": 99627.903799000007 }, "geometry": { "type": "Point", "coordinates": [ -74.096969816999945, 4.592864081000073 ] } },
{ "type": "Feature", "properties": { "categoria": "Disposición inadecuada de residuos sólidos", "localidad": "ANTONIO NARIÑO", "direccion": "CARRERA 30  CON  CALLE 27 SUR SEPARADOR", "cod_locali": 15.0, "grupo_sac": "Contaminación", "sac": "Manejo inadecuado de residuos sólidos", "codigo_sac": "CR004", "gestor": "SANTIAGO SIERRA TAPIA", "cord_x": 96046.281590700004, "cord_y": 99755.946145199996 }, "geometry": { "type": "Point", "coordinates": [ -74.113158197999951, 4.594022462000055 ] } },
{ "type": "Feature", "properties": { "categoria": "Disposición inadecuada de residuos sólidos", "localidad": "ANTONIO NARIÑO", "direccion": "CARRERA 30  CON  CALLE 28 SUR SEPARADOR", "cod_locali": 15.0, "grupo_sac": "Contaminación", "sac": "Manejo inadecuado de residuos sólidos", "codigo_sac": "CR004", "gestor": "SANTIAGO SIERRA TAPIA", "cord_x": 95973.760131599993, "cord_y": 99704.484620899995 }, "geometry": { "type": "Point", "coordinates": [ -74.113811514999952, 4.593557306000037 ] } },
{ "type": "Feature", "properties": { "categoria": "Disposición inadecuada de residuos sólidos", "localidad": "ANTONIO NARIÑO", "direccion": "CARRERA 30  CON  CALLE 29 SUR SEPARADOR", "cod_locali": 15.0, "grupo_sac": "Contaminación", "sac": "Manejo inadecuado de residuos sólidos", "codigo_sac": "CR004", "gestor": "SANTIAGO SIERRA TAPIA", "cord_x": 95894.554570499997, "cord_y": 99648.0430031 }, "geometry": { "type": "Point", "coordinates": [ -74.114525044999937, 4.593047135000063 ] } },
{ "type": "Feature", "properties": { "categoria": "Disposición inadecuada de residuos sólidos", "localidad": "ANTONIO NARIÑO", "direccion": "CARRERA 27 CON   CALLE 38 SUR PUENTES MATATIGRES", "cod_locali": 15.0, "grupo_sac": "Contaminación", "sac": "Manejo inadecuado de residuos sólidos", "codigo_sac": "CR004", "gestor": "SANTIAGO SIERRA TAPIA", "cord_x": 94901.966088899993, "cord_y": 99188.703277299996 }, "geometry": { "type": "Point", "coordinates": [ -74.123466711999981, 4.588895280000031 ] } },
{ "type": "Feature", "properties": { "categoria": "Disposición inadecuada de residuos sólidos", "localidad": "ANTONIO NARIÑO", "direccion": "AVENIDA 1 MAYO CON CARRERA 11 SEPARADOR ", "cod_locali": 15.0, "grupo_sac": "Contaminación", "sac": "Manejo inadecuado de residuos sólidos", "codigo_sac": "CR004", "gestor": "SANTIAGO SIERRA TAPIA", "cord_x": 97905.409065500004, "cord_y": 97888.371369500004 }, "geometry": { "type": "Point", "coordinates": [ -74.096411780999972, 4.577139543000044 ] } },
{ "type": "Feature", "properties": { "categoria": "Disposición inadecuada de residuos sólidos", "localidad": "ANTONIO NARIÑO", "direccion": "AVENIDA 1 MAYO CON CARRERA 15 SEPARADOR ", "cod_locali": 15.0, "grupo_sac": "Contaminación", "sac": "Manejo inadecuado de residuos sólidos", "codigo_sac": "CR004", "gestor": "SANTIAGO SIERRA TAPIA", "cord_x": 97203.957255400004, "cord_y": 98333.379701700003 }, "geometry": { "type": "Point", "coordinates": [ -74.102730281999982, 4.581162611000025 ] } },
{ "type": "Feature", "properties": { "categoria": "Disposición inadecuada de residuos sólidos", "localidad": "ANTONIO NARIÑO", "direccion": "AVENIDA 1 MAYO CON CARRERA 12 SEPARADOR ", "cod_locali": 15.0, "grupo_sac": "Contaminación", "sac": "Manejo inadecuado de residuos sólidos", "codigo_sac": "CR004", "gestor": "SANTIAGO SIERRA TAPIA", "cord_x": 97709.731731799999, "cord_y": 98020.031831200002 }, "geometry": { "type": "Point", "coordinates": [ -74.098174380999978, 4.578329810000071 ] } },
{ "type": "Feature", "properties": { "categoria": "Disposición inadecuada de residuos sólidos", "localidad": "ANTONIO NARIÑO", "direccion": "AVENIDA 1 MAYO CON CARRERA 12 A SEPARADOR ", "cod_locali": 15.0, "grupo_sac": "Contaminación", "sac": "Manejo inadecuado de residuos sólidos", "codigo_sac": "CR004", "gestor": "SANTIAGO SIERRA TAPIA", "cord_x": 97649.533429699994, "cord_y": 98059.422302000006 }, "geometry": { "type": "Point", "coordinates": [ -74.098716630999945, 4.57868591600004 ] } },
{ "type": "Feature", "properties": { "categoria": "Disposición inadecuada de residuos sólidos", "localidad": "ANTONIO NARIÑO", "direccion": "AVENIDA 1 MAYO CON CARRERA 16 SEPARADOR ", "cod_locali": 15.0, "grupo_sac": "Contaminación", "sac": "Manejo inadecuado de residuos sólidos", "codigo_sac": "CR004", "gestor": "SANTIAGO SIERRA TAPIA", "cord_x": 97163.930717900002, "cord_y": 98409.763400099997 }, "geometry": { "type": "Point", "coordinates": [ -74.103090804999965, 4.581853104000061 ] } },
{ "type": "Feature", "properties": { "categoria": "Disposición inadecuada de residuos sólidos", "localidad": "ANTONIO NARIÑO", "direccion": "AVENIDA 1 MAYO CON CARRERA 17 SEPARADOR ", "cod_locali": 15.0, "grupo_sac": "Contaminación", "sac": "Manejo inadecuado de residuos sólidos", "codigo_sac": "CR004", "gestor": "SANTIAGO SIERRA TAPIA", "cord_x": 97088.750978099997, "cord_y": 98500.011594600001 }, "geometry": { "type": "Point", "coordinates": [ -74.103767986999969, 4.582668943000044 ] } },
{ "type": "Feature", "properties": { "categoria": "Presencia de actividades industriales o comerciales en áreas residenciales", "localidad": "ANTONIO NARIÑO", "direccion": "AVENIDA D1 DE MAYO ENTRA CARRERA 30 Y CARRERA 27", "cod_locali": 15.0, "grupo_sac": "Ordenamiento ambiental de territorio", "sac": "Usos del suelo", "codigo_sac": "OU003", "gestor": "SANTIAGO SIERRA TAPIA", "cord_x": 96081.965904900004, "cord_y": 99823.323439400003 }, "geometry": { "type": "Point", "coordinates": [ -74.112836713999968, 4.594631504000063 ] } },
{ "type": "Feature", "properties": { "categoria": "Acumulación de residuos orgánicos e inorgánicos en cuerpo de agua", "localidad": "ANTONIO NARIÑO", "direccion": "CALLE 11 SUR # 24 -05", "cod_locali": 15.0, "grupo_sac": "Estructura ecológica principal y espacios del agua", "sac": "Contaminación Hídrica", "codigo_sac": "EH001", "gestor": "SANTIAGO SIERRA TAPIA", "cord_x": 97559.6779924, "cord_y": 99314.711586200006 }, "geometry": { "type": "Point", "coordinates": [ -74.099525316999973, 4.590033154000025 ] } },
{ "type": "Feature", "properties": { "categoria": "Ruido por música estridente", "localidad": "ANTONIO NARIÑO", "direccion": "Barrio Restrepo -Sector discotecas", "cod_locali": 15.0, "grupo_sac": "Contaminación", "sac": "Contaminación por ruido", "codigo_sac": "CR002", "gestor": "SANTIAGO SIERRA TAPIA", "cord_x": 97432.910835100003, "cord_y": 98704.668087700004 }, "geometry": { "type": "Point", "coordinates": [ -74.100667619999967, 4.584518742000057 ] } },
{ "type": "Feature", "properties": { "categoria": "Saturación paisajística por publicidad exterior visual", "localidad": "ANTONIO NARIÑO", "direccion": "Barrio Restrepo -Sector discotecas", "cod_locali": 15.0, "grupo_sac": "Contaminación", "sac": "Contaminación visual", "codigo_sac": "CV001", "gestor": "SANTIAGO SIERRA TAPIA", "cord_x": 97097.462229800003, "cord_y": 98508.262237400006 }, "geometry": { "type": "Point", "coordinates": [ -74.10368951099997, 4.582743520000065 ] } },
{ "type": "Feature", "properties": { "categoria": "Vectores", "localidad": "ANTONIO NARIÑO", "direccion": "Canal del rio fucha desde la intersección de la carrera 10 hasta la autopista sur", "cod_locali": 15.0, "grupo_sac": "Fauna", "sac": "Presencia de vectores", "codigo_sac": "FV001", "gestor": "SANTIAGO SIERRA TAPIA", "cord_x": 98535.546645099996, "cord_y": 98353.335919899997 }, "geometry": { "type": "Point", "coordinates": [ -74.090735114999973, 4.581342169000038 ] } },
{ "type": "Feature", "properties": { "categoria": "Tráfico ilegal de especies de fauna silvestre", "localidad": "ANTONIO NARIÑO", "direccion": "Carrera 19 # 18 sur 30", "cod_locali": 15.0, "grupo_sac": "Fauna", "sac": "Tráfico de fauna silvestre", "codigo_sac": "FT001", "gestor": "SANTIAGO SIERRA TAPIA", "cord_x": 97247.955580599999, "cord_y": 98770.530935200004 }, "geometry": { "type": "Point", "coordinates": [ -74.10233369499997, 4.585114215000033 ] } },
{ "type": "Feature", "properties": { "categoria": "Ocupación por habitante de calle y cambuches", "localidad": "ANTONIO NARIÑO", "direccion": "Canal del rio fucha desde la intersección de la carrera 10 hasta la autopista sur", "cod_locali": 15.0, "grupo_sac": "Estructura ecológica principal y espacios del agua", "sac": "Invasión EEP", "codigo_sac": "EI003", "gestor": "SANTIAGO SIERRA TAPIA", "cord_x": 98535.546645099996, "cord_y": 98353.335919899997 }, "geometry": { "type": "Point", "coordinates": [ -74.090735114999973, 4.581342169000038 ] } },
{ "type": "Feature", "properties": { "categoria": "Emisiones de gases por fuentes móviles", "localidad": "ANTONIO NARIÑO", "direccion": "Avenida caracas # 22 sur 07", "cod_locali": 15.0, "grupo_sac": "Contaminación", "sac": "Contaminación del aire", "codigo_sac": "CA003", "gestor": "SANTIAGO SIERRA TAPIA", "cord_x": 97219.125008400006, "cord_y": 98344.569107999996 }, "geometry": { "type": "Point", "coordinates": [ -74.102593641999988, 4.581263749000072 ] } },
{ "type": "Feature", "properties": { "categoria": "Tenencia inadecuada de animales de compañía", "localidad": "ANTONIO NARIÑO", "direccion": "Carrera 11 # 13 a sur15", "cod_locali": 15.0, "grupo_sac": "Fauna", "sac": "Fauna doméstica y animales de compañía", "codigo_sac": "FD001", "gestor": "SANTIAGO SIERRA TAPIA", "cord_x": 98332.237310800003, "cord_y": 98370.8672716 }, "geometry": { "type": "Point", "coordinates": [ -74.092566543999965, 4.58150078400007 ] } },
{ "type": "Feature", "properties": { "categoria": "Disposición inadecuada de residuos sólidos", "localidad": "PUENTE ARANDA", "direccion": "canal comunero", "cod_locali": 16.0, "grupo_sac": "Contaminación", "sac": "Manejo inadecuado de residuos sólidos", "codigo_sac": "CR004", "gestor": "HERNAN FONSECA", "cord_x": 97627.967482599997, "cord_y": 101223.212973 }, "geometry": { "type": "Point", "coordinates": [ -74.098909, 4.607285 ] } },
{ "type": "Feature", "properties": { "categoria": "Disposición ilegal de Residuos de Construcción y Demolición", "localidad": "PUENTE ARANDA", "direccion": "canal fucha", "cod_locali": 16.0, "grupo_sac": "Contaminación", "sac": "Manejo inadecuado de residuos sólidos", "codigo_sac": "CR002", "gestor": "HERNAN FONSECA", "cord_x": 96303.154515000002, "cord_y": 100215.556994 }, "geometry": { "type": "Point", "coordinates": [ -74.110844, 4.598177 ] } },
{ "type": "Feature", "properties": { "categoria": "Disposición inadecuada de residuos sólidos", "localidad": "PUENTE ARANDA", "direccion": "canal albina", "cod_locali": 16.0, "grupo_sac": "Contaminación", "sac": "Manejo inadecuado de residuos sólidos", "codigo_sac": "CR004", "gestor": "HERNAN FONSECA", "cord_x": 95942.332687200003, "cord_y": 98782.052973400001 }, "geometry": { "type": "Point", "coordinates": [ -74.114095, 4.585219 ] } },
{ "type": "Feature", "properties": { "categoria": "Disposición inadecuada de residuos sólidos", "localidad": "PUENTE ARANDA", "direccion": "canal rio seco", "cod_locali": 16.0, "grupo_sac": "Contaminación", "sac": "Manejo inadecuado de residuos sólidos", "codigo_sac": "CR004", "gestor": "HERNAN FONSECA", "cord_x": 94748.941126200007, "cord_y": 99914.924652000002 }, "geometry": { "type": "Point", "coordinates": [ -74.124845, 4.59546 ] } },
{ "type": "Feature", "properties": { "categoria": "Emisión de gases por fuentes fijas", "localidad": "PUENTE ARANDA", "direccion": "UPZ ZONA INDUSTRIAL", "cod_locali": 16.0, "grupo_sac": "Contaminación", "sac": "Contaminación del aire", "codigo_sac": "CA001", "gestor": "HERNAN FONSECA", "cord_x": 96593.976938399996, "cord_y": 104675.558219 }, "geometry": { "type": "Point", "coordinates": [ -74.108222, 4.638493 ] } },
{ "type": "Feature", "properties": { "categoria": "Emisión de gases por fuentes fijas", "localidad": "PUENTE ARANDA", "direccion": "UPZ PUENTE ARANDA", "cod_locali": 16.0, "grupo_sac": "Contaminación", "sac": "Contaminación del aire", "codigo_sac": "CA001", "gestor": "HERNAN FONSECA", "cord_x": 97643.242070099994, "cord_y": 101883.870671 }, "geometry": { "type": "Point", "coordinates": [ -74.098771, 4.613257 ] } },
{ "type": "Feature", "properties": { "categoria": "Percepción de olores ofensivos", "localidad": "PUENTE ARANDA", "direccion": "Cra. 46 #20a 90", "cod_locali": 16.0, "grupo_sac": "Contaminación", "sac": "Contaminación del aire", "codigo_sac": "CA004", "gestor": "HERNAN FONSECA", "cord_x": 97305.228851799999, "cord_y": 103662.931673 }, "geometry": { "type": "Point", "coordinates": [ -74.101815, 4.629339 ] } },
{ "type": "Feature", "properties": { "categoria": "Disposición inadecuada de residuos sólidos", "localidad": "PUENTE ARANDA", "direccion": "Av. 3 #36-60", "cod_locali": 16.0, "grupo_sac": "Contaminación", "sac": "Manejo inadecuado de residuos sólidos", "codigo_sac": "CR004", "gestor": "HERNAN FONSECA", "cord_x": 96621.126517700002, "cord_y": 101432.89835600001 }, "geometry": { "type": "Point", "coordinates": [ -74.107979, 4.609181 ] } },
{ "type": "Feature", "properties": { "categoria": "Disposición inadecuada de residuos sólidos", "localidad": "PUENTE ARANDA", "direccion": "Av. Cra 30 #22-33", "cod_locali": 16.0, "grupo_sac": "Contaminación", "sac": "Manejo inadecuado de residuos sólidos", "codigo_sac": "CR004", "gestor": "HERNAN FONSECA", "cord_x": 98960.366422799998, "cord_y": 102704.92368599999 }, "geometry": { "type": "Point", "coordinates": [ -74.086905, 4.620678 ] } },
{ "type": "Feature", "properties": { "categoria": "Disposición inadecuada de residuos sólidos", "localidad": "PUENTE ARANDA", "direccion": "AV. 3 #41c-2", "cod_locali": 16.0, "grupo_sac": "Contaminación", "sac": "Manejo inadecuado de residuos sólidos", "codigo_sac": "CR004", "gestor": "HERNAN FONSECA", "cord_x": 95936.078674799995, "cord_y": 102051.483045 }, "geometry": { "type": "Point", "coordinates": [ -74.11415, 4.614773 ] } },
{ "type": "Feature", "properties": { "categoria": "Disposición inadecuada de residuos sólidos", "localidad": "PUENTE ARANDA", "direccion": "\nCl. 17a #58-43", "cod_locali": 16.0, "grupo_sac": "Contaminación", "sac": "Manejo inadecuado de residuos sólidos", "codigo_sac": "CR004", "gestor": "HERNAN FONSECA", "cord_x": 96483.8870914, "cord_y": 104223.31420399999 }, "geometry": { "type": "Point", "coordinates": [ -74.109214, 4.634405 ] } },
{ "type": "Feature", "properties": { "categoria": "Disposición inadecuada de residuos sólidos", "localidad": "CANDELARIA", "direccion": "Calle 12c con carrera 1", "cod_locali": 17.0, "grupo_sac": "Contaminación", "sac": "Manejo inadecuado de residuos sólidos", "codigo_sac": "CR004", "gestor": "LUISA FERNANDA HERRERA", "cord_x": 101038.876573, "cord_y": 100130.421516 }, "geometry": { "type": "Point", "coordinates": [ -74.068183, 4.597404 ] } },
{ "type": "Feature", "properties": { "categoria": "Emisión de gases por fuentes fijas", "localidad": "CANDELARIA", "direccion": "Cra. 1a & Cl. 12d", "cod_locali": 17.0, "grupo_sac": "Contaminación", "sac": "Contaminación del aire", "codigo_sac": "CA001", "gestor": "LUISA FERNANDA HERRERA", "cord_x": 100981.135106, "cord_y": 100288.38874 }, "geometry": { "type": "Point", "coordinates": [ -74.068703, 4.598832 ] } },
{ "type": "Feature", "properties": { "categoria": "Disposición inadecuada de residuos sólidos", "localidad": "CANDELARIA", "direccion": "Cra. 1a #12D-09", "cod_locali": 17.0, "grupo_sac": "Contaminación", "sac": "Manejo inadecuado de residuos sólidos", "codigo_sac": "CR004", "gestor": "LUISA FERNANDA HERRERA", "cord_x": 100975.47396600001, "cord_y": 100285.954357 }, "geometry": { "type": "Point", "coordinates": [ -74.068754, 4.59881 ] } },
{ "type": "Feature", "properties": { "categoria": "Anegamiento por reflujo de aguas lluvias", "localidad": "Usaquen", "direccion": "carrera 7 con calle 158", "cod_locali": 1.0, "grupo_sac": "Gestión de riesgos", "sac": "Inundaciones", "codigo_sac": "GIN001", "gestor": "Hader Reyes", "cord_x": 105916.064396, "cord_y": 115233.116155 }, "geometry": { "type": "Point", "coordinates": [ -74.024224, 4.733918 ] } },
{ "type": "Feature", "properties": { "categoria": "Disposición inadecuada de residuos sólidos", "localidad": "CANDELARIA", "direccion": "Cra Comuneros con  3B Bis", "cod_locali": 17.0, "grupo_sac": "Contaminación", "sac": "Manejo inadecuado de residuos sólidos", "codigo_sac": "CR004", "gestor": "LUISA FERNANDA HERRERA", "cord_x": 100429.522108, "cord_y": 99341.817028799996 }, "geometry": { "type": "Point", "coordinates": [ -74.073673, 4.590276 ] } },
{ "type": "Feature", "properties": { "categoria": "Disposición inadecuada de residuos sólidos", "localidad": "CANDELARIA", "direccion": "cra 3 calle 12c", "cod_locali": 17.0, "grupo_sac": "Contaminación", "sac": "Manejo inadecuado de residuos sólidos", "codigo_sac": "CR004", "gestor": "LUISA FERNANDA HERRERA", "cord_x": 100810.29432, "cord_y": 100284.16652499999 }, "geometry": { "type": "Point", "coordinates": [ -74.070242, 4.598794 ] } },
{ "type": "Feature", "properties": { "categoria": "Especies vegetales invasoras", "localidad": "CANDELARIA", "direccion": "Cl 12f #1-45 a", "cod_locali": 17.0, "grupo_sac": "Estructura ecológica principal y espacios del agua", "sac": "Mantenimiento silvicultural", "codigo_sac": "ES004", "gestor": "LUISA FERNANDA HERRERA", "cord_x": 101098.129166, "cord_y": 100363.73770100001 }, "geometry": { "type": "Point", "coordinates": [ -74.067649, 4.599513 ] } },
{ "type": "Feature", "properties": { "categoria": "Disposición inadecuada de residuos sólidos", "localidad": "CANDELARIA", "direccion": "Calle 6d #3-40", "cod_locali": 17.0, "grupo_sac": "Contaminación", "sac": "Manejo inadecuado de residuos sólidos", "codigo_sac": "CR004", "gestor": "LUISA FERNANDA HERRERA", "cord_x": 100681.656483, "cord_y": 99368.131683 }, "geometry": { "type": "Point", "coordinates": [ -74.071401683999966, 4.590513635000036 ] } },
{ "type": "Feature", "properties": { "categoria": "Ruido por perifoneo y emisiones sonoras", "localidad": "RAFAEL URIBE URIBE", "direccion": "carrera 27 # 41-04 sur", "cod_locali": 18.0, "grupo_sac": "Contaminación", "sac": "Contaminación por ruido", "codigo_sac": "CR003", "gestor": "DEISY SUAREZ", "cord_x": 94825.340924899996, "cord_y": 98658.796841500007 }, "geometry": { "type": "Point", "coordinates": [ -74.12415711999995, 4.584105213000043 ] } },
{ "type": "Feature", "properties": { "categoria": "Ruido por perifoneo y emisiones sonoras", "localidad": "RAFAEL URIBE URIBE", "direccion": "calle 47 # 27 sur", "cod_locali": 18.0, "grupo_sac": "Contaminación", "sac": "Contaminación por ruido", "codigo_sac": "CR003", "gestor": "DEISY SUAREZ", "cord_x": 94105.613551999995, "cord_y": 98428.6007885 }, "geometry": { "type": "Point", "coordinates": [ -74.13064060499994, 4.582024530000069 ] } },
{ "type": "Feature", "properties": { "categoria": "Ruido por perifoneo y emisiones sonoras", "localidad": "RAFAEL URIBE URIBE", "direccion": "KR 19b # 44-45", "cod_locali": 18.0, "grupo_sac": "Contaminación", "sac": "Contaminación por ruido", "codigo_sac": "CR003", "gestor": "DEISY SUAREZ", "cord_x": 96741.916165000002, "cord_y": 98299.072014399993 }, "geometry": { "type": "Point", "coordinates": [ -74.106892433999974, 4.580852730000061 ] } },
{ "type": "Feature", "properties": { "categoria": "Disposición inadecuada de residuos especiales y/o peligrosos", "localidad": "RAFAEL URIBE URIBE", "direccion": "KR 29 36 04 Sur", "cod_locali": 18.0, "grupo_sac": "Contaminación", "sac": "Manejo inadecuado de residuos sólidos", "codigo_sac": "CR003", "gestor": "DEISY SUAREZ", "cord_x": 95054.666449199998, "cord_y": 98916.740754400002 }, "geometry": { "type": "Point", "coordinates": [ -74.122091233999981, 4.586436829000036 ] } },
{ "type": "Feature", "properties": { "categoria": "Disposición ilegal de Residuos de Construcción y Demolición", "localidad": "RAFAEL URIBE URIBE", "direccion": "Cl 49 Bis Sur 5F 12", "cod_locali": 18.0, "grupo_sac": "Contaminación", "sac": "Manejo inadecuado de residuos sólidos", "codigo_sac": "CR002", "gestor": "DEISY SUAREZ", "cord_x": 96161.283599400005, "cord_y": 94707.129299099994 }, "geometry": { "type": "Point", "coordinates": [ -74.112124404999975, 4.548383621000028 ] } },
{ "type": "Feature", "properties": { "categoria": "Disposición inadecuada de residuos sólidos", "localidad": "RAFAEL URIBE URIBE", "direccion": "Dg 45B Bis Sur con 13D", "cod_locali": 18.0, "grupo_sac": "Contaminación", "sac": "Manejo inadecuado de residuos sólidos", "codigo_sac": "CR004", "gestor": "DEISY SUAREZ", "cord_x": 95102.547957699993, "cord_y": 97275.941255900005 }, "geometry": { "type": "Point", "coordinates": [ -74.121660419999955, 4.57160480500005 ] } },
{ "type": "Feature", "properties": { "categoria": "Disposición inadecuada de residuos sólidos", "localidad": "RAFAEL URIBE URIBE", "direccion": "TRANSVERSAR 13 A BIS CALLE 32 G SUR", "cod_locali": 18.0, "grupo_sac": "Contaminación", "sac": "Manejo inadecuado de residuos sólidos", "codigo_sac": "CR004", "gestor": "DEISY SUAREZ", "cord_x": 96032.309760799995, "cord_y": 97428.566009000002 }, "geometry": { "type": "Point", "coordinates": [ -74.113285033999944, 4.572984117000033 ] } },
{ "type": "Feature", "properties": { "categoria": "Disposición inadecuada de residuos sólidos", "localidad": "RAFAEL URIBE URIBE", "direccion": "Calle 33 Sur con Carrera 12 D", "cod_locali": 18.0, "grupo_sac": "Contaminación", "sac": "Manejo inadecuado de residuos sólidos", "codigo_sac": "CR004", "gestor": "DEISY SUAREZ", "cord_x": 96115.866208199994, "cord_y": 96905.3409407 }, "geometry": { "type": "Point", "coordinates": [ -74.112532576999968, 4.568254387000025 ] } },
{ "type": "Feature", "properties": { "categoria": "Disposición inadecuada de residuos sólidos", "localidad": "RAFAEL URIBE URIBE", "direccion": "Diagonal 38 F con carrera 36 sur", "cod_locali": 18.0, "grupo_sac": "Contaminación", "sac": "Manejo inadecuado de residuos sólidos", "codigo_sac": "CR004", "gestor": "DEISY SUAREZ", "cord_x": 96639.548976899998, "cord_y": 96653.669152699993 }, "geometry": { "type": "Point", "coordinates": [ -74.107815371999948, 4.56597916000004 ] } },
{ "type": "Feature", "properties": { "categoria": "Disposición inadecuada de residuos sólidos", "localidad": "RAFAEL URIBE URIBE", "direccion": "Calle 40 sur con carrera 10 - 33", "cod_locali": 18.0, "grupo_sac": "Contaminación", "sac": "Manejo inadecuado de residuos sólidos", "codigo_sac": "CR004", "gestor": "DEISY SUAREZ", "cord_x": 96590.322658200006, "cord_y": 96397.422326700005 }, "geometry": { "type": "Point", "coordinates": [ -74.108258922999937, 4.563662839000074 ] } },
{ "type": "Feature", "properties": { "categoria": "Disposición inadecuada de residuos sólidos", "localidad": "RAFAEL URIBE URIBE", "direccion": "Calle 43 A sur con Carrera 12", "cod_locali": 18.0, "grupo_sac": "Contaminación", "sac": "Manejo inadecuado de residuos sólidos", "codigo_sac": "CR004", "gestor": "DEISY SUAREZ", "cord_x": 96320.377048099996, "cord_y": 96414.486179200001 }, "geometry": { "type": "Point", "coordinates": [ -74.110690566999949, 4.563817214000039 ] } },
{ "type": "Feature", "properties": { "categoria": "Disposición inadecuada de residuos sólidos", "localidad": "RAFAEL URIBE URIBE", "direccion": "Calle 44 sur con carrera 5 D - 49", "cod_locali": 18.0, "grupo_sac": "Contaminación", "sac": "Manejo inadecuado de residuos sólidos", "codigo_sac": "CR004", "gestor": "DEISY SUAREZ", "cord_x": 96337.017748900005, "cord_y": 96329.962327300003 }, "geometry": { "type": "Point", "coordinates": [ -74.110540706999984, 4.563053153000055 ] } },
{ "type": "Feature", "properties": { "categoria": "Disposición inadecuada de residuos sólidos", "localidad": "RAFAEL URIBE URIBE", "direccion": "Calle 45 SUR # 9A", "cod_locali": 18.0, "grupo_sac": "Contaminación", "sac": "Manejo inadecuado de residuos sólidos", "codigo_sac": "CR004", "gestor": "DEISY SUAREZ", "cord_x": 96102.257882000005, "cord_y": 96255.992286299996 }, "geometry": { "type": "Point", "coordinates": [ -74.112655436999944, 4.562384603000055 ] } },
{ "type": "Feature", "properties": { "categoria": "Disposición inadecuada de residuos sólidos", "localidad": "RAFAEL URIBE URIBE", "direccion": "DIAGONAL 48 Y SUR TRANSVERSAL 5 R", "cod_locali": 18.0, "grupo_sac": "Contaminación", "sac": "Manejo inadecuado de residuos sólidos", "codigo_sac": "CR004", "gestor": "DEISY SUAREZ", "cord_x": 95741.623191599996, "cord_y": 95436.118791600005 }, "geometry": { "type": "Point", "coordinates": [ -74.115904317999934, 4.554973498000038 ] } },
{ "type": "Feature", "properties": { "categoria": "Disposición inadecuada de residuos sólidos", "localidad": "RAFAEL URIBE URIBE", "direccion": "Carrera 5 I # 48 k", "cod_locali": 18.0, "grupo_sac": "Contaminación", "sac": "Manejo inadecuado de residuos sólidos", "codigo_sac": "CR004", "gestor": "DEISY SUAREZ", "cord_x": 96198.621457600006, "cord_y": 95627.155317800003 }, "geometry": { "type": "Point", "coordinates": [ -74.11178767499996, 4.556700187000047 ] } },
{ "type": "Feature", "properties": { "categoria": "Disposición inadecuada de residuos sólidos", "localidad": "RAFAEL URIBE URIBE", "direccion": "CARA 12J CON CALLE 32 B BIS SUR", "cod_locali": 18.0, "grupo_sac": "Contaminación", "sac": "Manejo inadecuado de residuos sólidos", "codigo_sac": "CR004", "gestor": "DEISY SUAREZ", "cord_x": 96416.998187000005, "cord_y": 97053.246185800002 }, "geometry": { "type": "Point", "coordinates": [ -74.109819915999935, 4.569591243000048 ] } },
{ "type": "Feature", "properties": { "categoria": "Disposición inadecuada de residuos sólidos", "localidad": "RAFAEL URIBE URIBE", "direccion": "CALLE 32 SUR ENTRE CARRERA 18A Y 23", "cod_locali": 18.0, "grupo_sac": "Contaminación", "sac": "Manejo inadecuado de residuos sólidos", "codigo_sac": "CR004", "gestor": "DEISY SUAREZ", "cord_x": 95790.969837700002, "cord_y": 98438.869514100006 }, "geometry": { "type": "Point", "coordinates": [ -74.115458640999975, 4.582116854000049 ] } },
{ "type": "Feature", "properties": { "categoria": "Disposición inadecuada de residuos sólidos", "localidad": "RAFAEL URIBE URIBE", "direccion": "AV CARACAS CON CALLE 31 A SUR COSTADO SUR - NORTE", "cod_locali": 18.0, "grupo_sac": "Contaminación", "sac": "Manejo inadecuado de residuos sólidos", "codigo_sac": "CR004", "gestor": "DEISY SUAREZ", "cord_x": 96323.456719900001, "cord_y": 97954.569552999994 }, "geometry": { "type": "Point", "coordinates": [ -74.110662131999959, 4.57773880000002 ] } },
{ "type": "Feature", "properties": { "categoria": "Disposición ilegal de Residuos de Construcción y Demolición", "localidad": "RAFAEL URIBE URIBE", "direccion": "CALLE 27 SUR ENTRE CARRERA 10 Y AV CARACAS (SEPARADOR)", "cod_locali": 18.0, "grupo_sac": "Contaminación", "sac": "Manejo inadecuado de residuos sólidos", "codigo_sac": "CR002", "gestor": "DEISY SUAREZ", "cord_x": 96764.552444100002, "cord_y": 98079.626144299997 }, "geometry": { "type": "Point", "coordinates": [ -74.106688632999976, 4.57886903800005 ] } },
{ "type": "Feature", "properties": { "categoria": "Disposición inadecuada de residuos sólidos", "localidad": "RAFAEL URIBE URIBE", "direccion": "CARRERA 21 Y 24 ENTRE CALLE 22 Y 27 SUR PARQUE OLAYA", "cod_locali": 18.0, "grupo_sac": "Contaminación", "sac": "Manejo inadecuado de residuos sólidos", "codigo_sac": "CR004", "gestor": "DEISY SUAREZ", "cord_x": 96915.854645500003, "cord_y": 98689.456597800003 }, "geometry": { "type": "Point", "coordinates": [ -74.105325367999967, 4.584381522000058 ] } },
{ "type": "Feature", "properties": { "categoria": "Disposición inadecuada de residuos sólidos", "localidad": "RAFAEL URIBE URIBE", "direccion": "CANAL ALBINA AMBOS COSTADOS", "cod_locali": 18.0, "grupo_sac": "Contaminación", "sac": "Manejo inadecuado de residuos sólidos", "codigo_sac": "CR004", "gestor": "DEISY SUAREZ", "cord_x": 96270.408789299996, "cord_y": 98065.646565000003 }, "geometry": { "type": "Point", "coordinates": [ -74.111139943999945, 4.578742904000023 ] } },
{ "type": "Feature", "properties": { "categoria": "Disposición inadecuada de residuos sólidos", "localidad": "RAFAEL URIBE URIBE", "direccion": "CALLE 46 SUR CON CRA 22", "cod_locali": 18.0, "grupo_sac": "Contaminación", "sac": "Manejo inadecuado de residuos sólidos", "codigo_sac": "CR004", "gestor": "DEISY SUAREZ", "cord_x": 94593.761285899993, "cord_y": 97594.694147999995 }, "geometry": { "type": "Point", "coordinates": [ -74.126243503999945, 4.574486318000027 ] } },
{ "type": "Feature", "properties": { "categoria": "Disposición inadecuada de residuos sólidos", "localidad": "RAFAEL URIBE URIBE", "direccion": "CARRERA 24 Y CARRERA 24 B CON DIAG 42 C SUR", "cod_locali": 18.0, "grupo_sac": "Contaminación", "sac": "Manejo inadecuado de residuos sólidos", "codigo_sac": "CR004", "gestor": "DEISY SUAREZ", "cord_x": 94859.262031299993, "cord_y": 98176.1046527 }, "geometry": { "type": "Point", "coordinates": [ -74.123851689999981, 4.579741907000027 ] } },
{ "type": "Feature", "properties": { "categoria": "Disposición inadecuada de residuos sólidos", "localidad": "RAFAEL URIBE URIBE", "direccion": "AV CARACAS CON CALLE 28 SUR COSTADO SUR NORTE", "cod_locali": 18.0, "grupo_sac": "Contaminación", "sac": "Manejo inadecuado de residuos sólidos", "codigo_sac": "CR004", "gestor": "DEISY SUAREZ", "cord_x": 96503.148537200002, "cord_y": 98005.974534299996 }, "geometry": { "type": "Point", "coordinates": [ -74.109043424999982, 4.578203392000034 ] } },
{ "type": "Feature", "properties": { "categoria": "Disposición inadecuada de residuos sólidos", "localidad": "RAFAEL URIBE URIBE", "direccion": "AV CARACAS CON ENTRE CALLES 50 Y 22 SUR SEPARADOR", "cod_locali": 18.0, "grupo_sac": "Contaminación", "sac": "Manejo inadecuado de residuos sólidos", "codigo_sac": "CR004", "gestor": "DEISY SUAREZ", "cord_x": 97205.833111999993, "cord_y": 98334.789851900001 }, "geometry": { "type": "Point", "coordinates": [ -74.10271338299998, 4.581175357000063 ] } },
{ "type": "Feature", "properties": { "categoria": "Disposición inadecuada de residuos sólidos", "localidad": "RAFAEL URIBE URIBE", "direccion": "CALLE 31 B CON CRA 22 SUR COSTADO ORIENTE OCCIDENTE", "cod_locali": 18.0, "grupo_sac": "Contaminación", "sac": "Manejo inadecuado de residuos sólidos", "codigo_sac": "CR004", "gestor": "DEISY SUAREZ", "cord_x": 96033.631671099996, "cord_y": 98311.464866499999 }, "geometry": { "type": "Point", "coordinates": [ -74.113272757999937, 4.580965081000045 ] } },
{ "type": "Feature", "properties": { "categoria": "Disposición inadecuada de residuos sólidos", "localidad": "RAFAEL URIBE URIBE", "direccion": "CARRERA 31 B CON 22 SUR", "cod_locali": 18.0, "grupo_sac": "Contaminación", "sac": "Manejo inadecuado de residuos sólidos", "codigo_sac": "CR004", "gestor": "DEISY SUAREZ", "cord_x": 96281.372135600002, "cord_y": 99532.117567199995 }, "geometry": { "type": "Point", "coordinates": [ -74.111040529999968, 4.59199906200007 ] } },
{ "type": "Feature", "properties": { "categoria": "Disposición ilegal de Residuos de Construcción y Demolición", "localidad": "RAFAEL URIBE URIBE", "direccion": "CANAL RIO SECO CALLE 36 ENTRE CARRERA 25 Y CARRERA 30 AMBOS COSTADOS", "cod_locali": 18.0, "grupo_sac": "Contaminación", "sac": "Manejo inadecuado de residuos sólidos", "codigo_sac": "CR002", "gestor": "DEISY SUAREZ", "cord_x": 95084.457894499996, "cord_y": 98931.007959299997 }, "geometry": { "type": "Point", "coordinates": [ -74.121822860999941, 4.58656578800003 ] } },
{ "type": "Feature", "properties": { "categoria": "Disposición inadecuada de residuos sólidos", "localidad": "RAFAEL URIBE URIBE", "direccion": "CARRERA 19 CON CALLE 37 SUR", "cod_locali": 18.0, "grupo_sac": "Contaminación", "sac": "Manejo inadecuado de residuos sólidos", "codigo_sac": "CR004", "gestor": "DEISY SUAREZ", "cord_x": 95505.679390599995, "cord_y": 97828.019578599997 }, "geometry": { "type": "Point", "coordinates": [ -74.118028801999969, 4.576595183000052 ] } },
{ "type": "Feature", "properties": { "categoria": "Disposición inadecuada de residuos sólidos", "localidad": "RAFAEL URIBE URIBE", "direccion": "CALLE 31 B SUR CON CARRERA 23", "cod_locali": 18.0, "grupo_sac": "Contaminación", "sac": "Manejo inadecuado de residuos sólidos", "codigo_sac": "CR004", "gestor": "DEISY SUAREZ", "cord_x": 96014.957902800001, "cord_y": 98363.758899299995 }, "geometry": { "type": "Point", "coordinates": [ -74.113440951999962, 4.58143780100005 ] } },
{ "type": "Feature", "properties": { "categoria": "Disposición inadecuada de residuos sólidos", "localidad": "RAFAEL URIBE URIBE", "direccion": "CALLE 33 SUR ENTRE CARRERAS 18 A Y 23", "cod_locali": 18.0, "grupo_sac": "Contaminación", "sac": "Manejo inadecuado de residuos sólidos", "codigo_sac": "CR004", "gestor": "DEISY SUAREZ", "cord_x": 95767.525515200003, "cord_y": 98057.501598200004 }, "geometry": { "type": "Point", "coordinates": [ -74.115669978999961, 4.57866948800006 ] } },
{ "type": "Feature", "properties": { "categoria": "Disposición inadecuada de residuos sólidos", "localidad": "RAFAEL URIBE URIBE", "direccion": "CALLE 31 D SUR ENTRE CARRERA 22 Y 23", "cod_locali": 18.0, "grupo_sac": "Contaminación", "sac": "Manejo inadecuado de residuos sólidos", "codigo_sac": "CR004", "gestor": "DEISY SUAREZ", "cord_x": 95922.343733100002, "cord_y": 98328.655932399997 }, "geometry": { "type": "Point", "coordinates": [ -74.114275248999945, 4.581120526000063 ] } },
{ "type": "Feature", "properties": { "categoria": "Disposición inadecuada de residuos sólidos", "localidad": "RAFAEL URIBE URIBE", "direccion": "CALLE 36 SUR ENTRE AV CARACAS Y CARRERA 23", "cod_locali": 18.0, "grupo_sac": "Contaminación", "sac": "Manejo inadecuado de residuos sólidos", "codigo_sac": "CR004", "gestor": "DEISY SUAREZ", "cord_x": 95563.643210299997, "cord_y": 97810.439879600002 }, "geometry": { "type": "Point", "coordinates": [ -74.117506664999951, 4.576436250000029 ] } },
{ "type": "Feature", "properties": { "categoria": "Disposición inadecuada de residuos sólidos", "localidad": "RAFAEL URIBE URIBE", "direccion": "CALLE 34 SUR CARRERA 27", "cod_locali": 18.0, "grupo_sac": "Contaminación", "sac": "Manejo inadecuado de residuos sólidos", "codigo_sac": "CR004", "gestor": "DEISY SUAREZ", "cord_x": 95605.409421100005, "cord_y": 99138.192994800003 }, "geometry": { "type": "Point", "coordinates": [ -74.117129939999984, 4.588438459000031 ] } },
{ "type": "Feature", "properties": { "categoria": "Disposición inadecuada de residuos sólidos", "localidad": "RAFAEL URIBE URIBE", "direccion": "CARRERA 24 ENTRE CALLE 27 SUR Y 31 SUR", "cod_locali": 18.0, "grupo_sac": "Contaminación", "sac": "Manejo inadecuado de residuos sólidos", "codigo_sac": "CR004", "gestor": "DEISY SUAREZ", "cord_x": 96122.574787599995, "cord_y": 98626.799241500004 }, "geometry": { "type": "Point", "coordinates": [ -74.112471409999955, 4.583815508000043 ] } },
{ "type": "Feature", "properties": { "categoria": "Disposición inadecuada de residuos sólidos", "localidad": "RAFAEL URIBE URIBE", "direccion": "CALLE 40 SUR 12 I", "cod_locali": 18.0, "grupo_sac": "Contaminación", "sac": "Manejo inadecuado de residuos sólidos", "codigo_sac": "CR004", "gestor": "DEISY SUAREZ", "cord_x": 95736.224207000007, "cord_y": 97134.361536199998 }, "geometry": { "type": "Point", "coordinates": [ -74.115952299999947, 4.570324774000028 ] } },
{ "type": "Feature", "properties": { "categoria": "Disposición inadecuada de residuos sólidos", "localidad": "RAFAEL URIBE URIBE", "direccion": "CARRERA 13 B 37 SUR", "cod_locali": 18.0, "grupo_sac": "Contaminación", "sac": "Manejo inadecuado de residuos sólidos", "codigo_sac": "CR004", "gestor": "DEISY SUAREZ", "cord_x": 95615.272599400007, "cord_y": 97317.175440100007 }, "geometry": { "type": "Point", "coordinates": [ -74.117041765999943, 4.571977366000056 ] } },
{ "type": "Feature", "properties": { "categoria": "Disposición inadecuada de residuos sólidos", "localidad": "RAFAEL URIBE URIBE", "direccion": "DIAGONAL 40 C SUR CARRERA 12 A", "cod_locali": 18.0, "grupo_sac": "Contaminación", "sac": "Manejo inadecuado de residuos sólidos", "codigo_sac": "CR004", "gestor": "DEISY SUAREZ", "cord_x": 99223.764054800005, "cord_y": 94613.000836399995 }, "geometry": { "type": "Point", "coordinates": [ -74.084538454999972, 4.547530897000058 ] } },
{ "type": "Feature", "properties": { "categoria": "Disposición inadecuada de residuos sólidos", "localidad": "RAFAEL URIBE URIBE", "direccion": "DIAGONAL 32 B SUR CARRERA 12 J", "cod_locali": 18.0, "grupo_sac": "Contaminación", "sac": "Manejo inadecuado de residuos sólidos", "codigo_sac": "CR004", "gestor": "DEISY SUAREZ", "cord_x": 96340.393698, "cord_y": 97306.119934300004 }, "geometry": { "type": "Point", "coordinates": [ -74.110509854999975, 4.571877131000065 ] } },
{ "type": "Feature", "properties": { "categoria": "Disposición inadecuada de residuos sólidos", "localidad": "RAFAEL URIBE URIBE", "direccion": "CARRERA 11 A BIS 49 - 19 SUR", "cod_locali": 18.0, "grupo_sac": "Contaminación", "sac": "Manejo inadecuado de residuos sólidos", "codigo_sac": "CR004", "gestor": "DEISY SUAREZ", "cord_x": 95386.493240199998, "cord_y": 96202.922655000002 }, "geometry": { "type": "Point", "coordinates": [ -74.119103001999974, 4.561905156000023 ] } },
{ "type": "Feature", "properties": { "categoria": "Disposición inadecuada de residuos sólidos", "localidad": "RAFAEL URIBE URIBE", "direccion": "AV CARACAS ENTRE CALLE 50 C, 50D Y 51 SUR COSTADO SUR NORTE", "cod_locali": 18.0, "grupo_sac": "Contaminación", "sac": "Manejo inadecuado de residuos sólidos", "codigo_sac": "CR004", "gestor": "DEISY SUAREZ", "cord_x": 94585.231235900006, "cord_y": 96821.525701000006 }, "geometry": { "type": "Point", "coordinates": [ -74.126320539999938, 4.567497261000028 ] } },
{ "type": "Feature", "properties": { "categoria": "Disposición inadecuada de residuos sólidos", "localidad": "RAFAEL URIBE URIBE", "direccion": "CALLE 48 J SUR CRA 5 A ESQUINA SEPARADOR", "cod_locali": 18.0, "grupo_sac": "Contaminación", "sac": "Manejo inadecuado de residuos sólidos", "codigo_sac": "CR004", "gestor": "DEISY SUAREZ", "cord_x": 96609.162175999998, "cord_y": 95520.207270500003 }, "geometry": { "type": "Point", "coordinates": [ -74.108089639999946, 4.555733240000052 ] } },
{ "type": "Feature", "properties": { "categoria": "Disposición inadecuada de residuos sólidos", "localidad": "RAFAEL URIBE URIBE", "direccion": "CALLE 48 I BIS B SUR CARRERA 5 A", "cod_locali": 18.0, "grupo_sac": "Contaminación", "sac": "Manejo inadecuado de residuos sólidos", "codigo_sac": "CR004", "gestor": "DEISY SUAREZ", "cord_x": 96614.246534399994, "cord_y": 95542.6281629 }, "geometry": { "type": "Point", "coordinates": [ -74.108043830999975, 4.555935912000052 ] } },
{ "type": "Feature", "properties": { "categoria": "Disposición inadecuada de residuos sólidos", "localidad": "RAFAEL URIBE URIBE", "direccion": "CALLE 44 SUR CARRERA 5 D", "cod_locali": 18.0, "grupo_sac": "Contaminación", "sac": "Manejo inadecuado de residuos sólidos", "codigo_sac": "CR004", "gestor": "DEISY SUAREZ", "cord_x": 96572.719949200007, "cord_y": 96251.251651600003 }, "geometry": { "type": "Point", "coordinates": [ -74.108417556999939, 4.562341537000066 ] } },
{ "type": "Feature", "properties": { "categoria": "Disposición inadecuada de residuos sólidos", "localidad": "RAFAEL URIBE URIBE", "direccion": "DIAGONAL 48 J BIS SUR TRANVERSAL 5 A SEPARADOR", "cod_locali": 18.0, "grupo_sac": "Contaminación", "sac": "Manejo inadecuado de residuos sólidos", "codigo_sac": "CR004", "gestor": "DEISY SUAREZ", "cord_x": 96670.141254100003, "cord_y": 95633.836396500003 }, "geometry": { "type": "Point", "coordinates": [ -74.107540295999968, 4.556760362000034 ] } },
{ "type": "Feature", "properties": { "categoria": "Disposición inadecuada de residuos sólidos", "localidad": "RAFAEL URIBE URIBE", "direccion": "TRANSVERSAL 5 C CALLE 48 P SUR", "cod_locali": 18.0, "grupo_sac": "Contaminación", "sac": "Manejo inadecuado de residuos sólidos", "codigo_sac": "CR004", "gestor": "DEISY SUAREZ", "cord_x": 96387.368413200005, "cord_y": 95272.8730144 }, "geometry": { "type": "Point", "coordinates": [ -74.110087633999967, 4.553497565000043 ] } },
{ "type": "Feature", "properties": { "categoria": "Disposición inadecuada de residuos sólidos", "localidad": "RAFAEL URIBE URIBE", "direccion": "CALLE 48 A BIS SUR 5M - 10", "cod_locali": 18.0, "grupo_sac": "Contaminación", "sac": "Manejo inadecuado de residuos sólidos", "codigo_sac": "CR004", "gestor": "DEISY SUAREZ", "cord_x": 96101.148884199996, "cord_y": 95992.389161 }, "geometry": { "type": "Point", "coordinates": [ -74.112665537999987, 4.56000176200007 ] } },
{ "type": "Feature", "properties": { "categoria": "Disposición inadecuada de residuos sólidos", "localidad": "RAFAEL URIBE URIBE", "direccion": "CARRERA 5 I CON ENTRE CALLE 48 R SUR Y CALLE 49 C SUR - FRENTE HACIENDA MOLINOS", "cod_locali": 18.0, "grupo_sac": "Contaminación", "sac": "Manejo inadecuado de residuos sólidos", "codigo_sac": "CR004", "gestor": "DEISY SUAREZ", "cord_x": 96210.458698100003, "cord_y": 95641.283997699997 }, "geometry": { "type": "Point", "coordinates": [ -74.11168104099994, 4.556827898000051 ] } },
{ "type": "Feature", "properties": { "categoria": "Disposición inadecuada de residuos sólidos", "localidad": "RAFAEL URIBE URIBE", "direccion": "CALLE 48 I CON CARRERA 5 I", "cod_locali": 18.0, "grupo_sac": "Contaminación", "sac": "Manejo inadecuado de residuos sólidos", "codigo_sac": "CR004", "gestor": "DEISY SUAREZ", "cord_x": 96181.976103399997, "cord_y": 95574.809888899996 }, "geometry": { "type": "Point", "coordinates": [ -74.111937636999983, 4.556227017000026 ] } },
{ "type": "Feature", "properties": { "categoria": "Disposición inadecuada de residuos sólidos", "localidad": "RAFAEL URIBE URIBE", "direccion": "CARRERA 4 C CALLE 51 SUR", "cod_locali": 18.0, "grupo_sac": "Contaminación", "sac": "Manejo inadecuado de residuos sólidos", "codigo_sac": "CR004", "gestor": "DEISY SUAREZ", "cord_x": 95940.596899099997, "cord_y": 94332.576548099998 }, "geometry": { "type": "Point", "coordinates": [ -74.114112444999989, 4.544997941000076 ] } },
{ "type": "Feature", "properties": { "categoria": "Disposición inadecuada de residuos sólidos", "localidad": "RAFAEL URIBE URIBE", "direccion": "CALLE 49 C CARRERA 5 B BIS A", "cod_locali": 18.0, "grupo_sac": "Contaminación", "sac": "Manejo inadecuado de residuos sólidos", "codigo_sac": "CR004", "gestor": "DEISY SUAREZ", "cord_x": 96102.881479799995, "cord_y": 94596.239096599995 }, "geometry": { "type": "Point", "coordinates": [ -74.112650522999957, 4.547381253000026 ] } },
{ "type": "Feature", "properties": { "categoria": "Disposición inadecuada de residuos sólidos", "localidad": "RAFAEL URIBE URIBE", "direccion": "CALLE 49 C SUR CON CARRERA 5 F Y CALLE 49 B SUR CON CARRERA 5 B - PUENTES SAN AGUSTIN", "cod_locali": 18.0, "grupo_sac": "Contaminación", "sac": "Manejo inadecuado de residuos sólidos", "codigo_sac": "CR004", "gestor": "DEISY SUAREZ", "cord_x": 95928.371776999993, "cord_y": 94805.204031400004 }, "geometry": { "type": "Point", "coordinates": [ -74.114222373999951, 4.549270266000065 ] } },
{ "type": "Feature", "properties": { "categoria": "Deficiencias en la prestación del servicio de aseo", "localidad": "RAFAEL URIBE URIBE", "direccion": "CARRERA 3 A CON CALLE 48 X", "cod_locali": 18.0, "grupo_sac": "Contaminación", "sac": "Manejo inadecuado de residuos sólidos", "codigo_sac": "CR001", "gestor": "DEISY SUAREZ", "cord_x": 96579.788380700003, "cord_y": 94598.249584000005 }, "geometry": { "type": "Point", "coordinates": [ -74.108354673999941, 4.547399212000073 ] } },
{ "type": "Feature", "properties": { "categoria": "Disposición inadecuada de residuos sólidos", "localidad": "RAFAEL URIBE URIBE", "direccion": "CALLE 49 B SUR ENTRE CARRERA 3 A - Y 5 (AMBOS COSTADOS)", "cod_locali": 18.0, "grupo_sac": "Contaminación", "sac": "Manejo inadecuado de residuos sólidos", "codigo_sac": "CR004", "gestor": "DEISY SUAREZ", "cord_x": 96330.469822600004, "cord_y": 94363.9864026 }, "geometry": { "type": "Point", "coordinates": [ -74.110600572999942, 4.545281704000047 ] } },
{ "type": "Feature", "properties": { "categoria": "Disposición inadecuada de residuos sólidos", "localidad": "RAFAEL URIBE URIBE", "direccion": "CALLE 48 X SUR CARRERA 1 F - CAPS DIANA TURBAY", "cod_locali": 18.0, "grupo_sac": "Contaminación", "sac": "Manejo inadecuado de residuos sólidos", "codigo_sac": "CR004", "gestor": "DEISY SUAREZ", "cord_x": 96803.432852500002, "cord_y": 94432.905117300004 }, "geometry": { "type": "Point", "coordinates": [ -74.106340228999954, 4.54590446900005 ] } },
{ "type": "Feature", "properties": { "categoria": "Disposición inadecuada de residuos sólidos", "localidad": "RAFAEL URIBE URIBE", "direccion": "CALLE 48 Q SUR TRANSVERSAL 1", "cod_locali": 18.0, "grupo_sac": "Contaminación", "sac": "Manejo inadecuado de residuos sólidos", "codigo_sac": "CR004", "gestor": "DEISY SUAREZ", "cord_x": 97066.680924999993, "cord_y": 94525.831915699993 }, "geometry": { "type": "Point", "coordinates": [ -74.103968917999964, 4.546744346000025 ] } },
{ "type": "Feature", "properties": { "categoria": "Disposición inadecuada de residuos sólidos", "localidad": "RAFAEL URIBE URIBE", "direccion": "CALLE 48 Q SUR CARRERA 2 A", "cod_locali": 18.0, "grupo_sac": "Contaminación", "sac": "Manejo inadecuado de residuos sólidos", "codigo_sac": "CR004", "gestor": "DEISY SUAREZ", "cord_x": 96893.407828700001, "cord_y": 94723.623413599998 }, "geometry": { "type": "Point", "coordinates": [ -74.105529611999941, 4.548532374000047 ] } },
{ "type": "Feature", "properties": { "categoria": "Disposición inadecuada de residuos sólidos", "localidad": "RAFAEL URIBE URIBE", "direccion": "TRANSVERSAL 5 C CALLE 49 D SUR", "cod_locali": 18.0, "grupo_sac": "Contaminación", "sac": "Manejo inadecuado de residuos sólidos", "codigo_sac": "CR004", "gestor": "DEISY SUAREZ", "cord_x": 96058.087956200005, "cord_y": 94557.649958499998 }, "geometry": { "type": "Point", "coordinates": [ -74.113054026999976, 4.54703244500007 ] } },
{ "type": "Feature", "properties": { "categoria": "Disposición inadecuada de residuos sólidos", "localidad": "RAFAEL URIBE URIBE", "direccion": "CARRERA 24 ENTRE CALLE 22 Y 42 SUR", "cod_locali": 18.0, "grupo_sac": "Contaminación", "sac": "Manejo inadecuado de residuos sólidos", "codigo_sac": "CR004", "gestor": "DEISY SUAREZ", "cord_x": 95618.319623000003, "cord_y": 98451.358168899998 }, "geometry": { "type": "Point", "coordinates": [ -74.117013896999936, 4.582229811000047 ] } },
{ "type": "Feature", "properties": { "categoria": "Disposición inadecuada de residuos sólidos", "localidad": "RAFAEL URIBE URIBE", "direccion": "CALLE 59 SUR CON CARRERA 3 ESTE", "cod_locali": 18.0, "grupo_sac": "Contaminación", "sac": "Manejo inadecuado de residuos sólidos", "codigo_sac": "CR004", "gestor": "DEISY SUAREZ", "cord_x": 95929.282242899993, "cord_y": 93487.022710799996 }, "geometry": { "type": "Point", "coordinates": [ -74.114214704999938, 4.537354553000057 ] } },
{ "type": "Feature", "properties": { "categoria": "Disposición inadecuada de residuos sólidos", "localidad": "RAFAEL URIBE URIBE", "direccion": "Transversal 15 # 32", "cod_locali": 18.0, "grupo_sac": "Contaminación", "sac": "Manejo inadecuado de residuos sólidos", "codigo_sac": "CR004", "gestor": "DEISY SUAREZ", "cord_x": 95983.3086033, "cord_y": 97892.737208100007 }, "geometry": { "type": "Point", "coordinates": [ -74.113726247999978, 4.577180013000032 ] } },
{ "type": "Feature", "properties": { "categoria": "Disposición inadecuada de residuos sólidos", "localidad": "RAFAEL URIBE URIBE", "direccion": "Calle 36 J sur # 11", "cod_locali": 18.0, "grupo_sac": "Contaminación", "sac": "Manejo inadecuado de residuos sólidos", "codigo_sac": "CR004", "gestor": "DEISY SUAREZ", "cord_x": 96845.041459600005, "cord_y": 96619.688297500004 }, "geometry": { "type": "Point", "coordinates": [ -74.105964320999988, 4.565671887000065 ] } },
{ "type": "Feature", "properties": { "categoria": "Disposición inadecuada de residuos sólidos", "localidad": "RAFAEL URIBE URIBE", "direccion": "Calle 49 B Bis # 5Y", "cod_locali": 18.0, "grupo_sac": "Contaminación", "sac": "Manejo inadecuado de residuos sólidos", "codigo_sac": "CR004", "gestor": "DEISY SUAREZ", "cord_x": 95549.974870399994, "cord_y": 95556.444994499994 }, "geometry": { "type": "Point", "coordinates": [ -74.117630607999956, 4.556061259000046 ] } },
{ "type": "Feature", "properties": { "categoria": "Disposición inadecuada de residuos sólidos", "localidad": "RAFAEL URIBE URIBE", "direccion": "Transversal 12 G # 46", "cod_locali": 18.0, "grupo_sac": "Contaminación", "sac": "Manejo inadecuado de residuos sólidos", "codigo_sac": "CR004", "gestor": "DEISY SUAREZ", "cord_x": 95799.665657000005, "cord_y": 96787.271647100002 }, "geometry": { "type": "Point", "coordinates": [ -74.115380953999988, 4.567187229000069 ] } },
{ "type": "Feature", "properties": { "categoria": "Falta de mantenimiento de infraestructura del agua", "localidad": "RAFAEL URIBE URIBE", "direccion": "CL 32 SUR 13B 6", "cod_locali": 18.0, "grupo_sac": "Estructura ecológica principal y espacios del agua", "sac": "Servicio público de agua", "codigo_sac": "EA003", "gestor": "DEISY SUAREZ", "cord_x": 96607.26589, "cord_y": 97365.193938700002 }, "geometry": { "type": "Point", "coordinates": [ -74.108105833999957, 4.572411005000049 ] } },
{ "type": "Feature", "properties": { "categoria": "Falta de mantenimiento de infraestructura del agua", "localidad": "RAFAEL URIBE URIBE", "direccion": "CL 22A SUR 14", "cod_locali": 18.0, "grupo_sac": "Estructura ecológica principal y espacios del agua", "sac": "Servicio público de agua", "codigo_sac": "EA003", "gestor": "DEISY SUAREZ", "cord_x": 97277.227327600005, "cord_y": 98243.2363167 }, "geometry": { "type": "Point", "coordinates": [ -74.102070304999984, 4.580347719000031 ] } },
{ "type": "Feature", "properties": { "categoria": "Falta de mantenimiento de infraestructura del agua", "localidad": "RAFAEL URIBE URIBE", "direccion": "KR 10B 23 SUR 56", "cod_locali": 18.0, "grupo_sac": "Estructura ecológica principal y espacios del agua", "sac": "Servicio público de agua", "codigo_sac": "EA003", "gestor": "DEISY SUAREZ", "cord_x": 97812.908193499999, "cord_y": 97687.122205899999 }, "geometry": { "type": "Point", "coordinates": [ -74.097245161999979, 4.575320410000074 ] } },
{ "type": "Feature", "properties": { "categoria": "Falta de mantenimiento de infraestructura del agua", "localidad": "RAFAEL URIBE URIBE", "direccion": "KR 21 26 SUR 0", "cod_locali": 18.0, "grupo_sac": "Estructura ecológica principal y espacios del agua", "sac": "Servicio público de agua", "codigo_sac": "EA003", "gestor": "DEISY SUAREZ", "cord_x": 96622.138531000004, "cord_y": 98452.092629799998 }, "geometry": { "type": "Point", "coordinates": [ -74.107971333999956, 4.58223601900005 ] } },
{ "type": "Feature", "properties": { "categoria": "Falta de mantenimiento de infraestructura del agua", "localidad": "RAFAEL URIBE URIBE", "direccion": "KR 5C 48H SUR 0", "cod_locali": 18.0, "grupo_sac": "Estructura ecológica principal y espacios del agua", "sac": "Servicio público de agua", "codigo_sac": "EA003", "gestor": "DEISY SUAREZ", "cord_x": 96584.167130500005, "cord_y": 95790.418584600004 }, "geometry": { "type": "Point", "coordinates": [ -74.108314661999941, 4.558175829000049 ] } },
{ "type": "Feature", "properties": { "categoria": "Falta de mantenimiento de infraestructura del agua", "localidad": "RAFAEL URIBE URIBE", "direccion": "CL 40 SUR 24 44", "cod_locali": 18.0, "grupo_sac": "Estructura ecológica principal y espacios del agua", "sac": "Servicio público de agua", "codigo_sac": "EA003", "gestor": "DEISY SUAREZ", "cord_x": 95148.057893300007, "cord_y": 98361.613228899994 }, "geometry": { "type": "Point", "coordinates": [ -74.121250119999956, 4.581418725000049 ] } },
{ "type": "Feature", "properties": { "categoria": "Falta de mantenimiento de infraestructura del agua", "localidad": "RAFAEL URIBE URIBE", "direccion": "KR 5B 50D SUR 36", "cod_locali": 18.0, "grupo_sac": "Estructura ecológica principal y espacios del agua", "sac": "Servicio público de agua", "codigo_sac": "EA003", "gestor": "DEISY SUAREZ", "cord_x": 96361.702846600005, "cord_y": 94852.538851300007 }, "geometry": { "type": "Point", "coordinates": [ -74.11031901399997, 4.549697963000028 ] } },
{ "type": "Feature", "properties": { "categoria": "Falta de mantenimiento de infraestructura del agua", "localidad": "RAFAEL URIBE URIBE", "direccion": "CL 36A SUR 26 24", "cod_locali": 18.0, "grupo_sac": "Estructura ecológica principal y espacios del agua", "sac": "Servicio público de agua", "codigo_sac": "EA003", "gestor": "DEISY SUAREZ", "cord_x": 95127.159811100006, "cord_y": 98669.524656399997 }, "geometry": { "type": "Point", "coordinates": [ -74.121438275999935, 4.584202097000059 ] } },
{ "type": "Feature", "properties": { "categoria": "Falta de mantenimiento de infraestructura del agua", "localidad": "RAFAEL URIBE URIBE", "direccion": "KR 13A 32H SUR 11", "cod_locali": 18.0, "grupo_sac": "Estructura ecológica principal y espacios del agua", "sac": "Servicio público de agua", "codigo_sac": "EA003", "gestor": "DEISY SUAREZ", "cord_x": 95995.113640299998, "cord_y": 97414.270182399996 }, "geometry": { "type": "Point", "coordinates": [ -74.113620104999939, 4.572854905000042 ] } },
{ "type": "Feature", "properties": { "categoria": "Falta de mantenimiento de infraestructura del agua", "localidad": "RAFAEL URIBE URIBE", "direccion": "KR 12L 26A SUR 1", "cod_locali": 18.0, "grupo_sac": "Estructura ecológica principal y espacios del agua", "sac": "Servicio público de agua", "codigo_sac": "EA003", "gestor": "DEISY SUAREZ", "cord_x": 96917.587782699993, "cord_y": 98153.850875999997 }, "geometry": { "type": "Point", "coordinates": [ -74.105310033999956, 4.579539914000065 ] } },
{ "type": "Feature", "properties": { "categoria": "Falta de mantenimiento de infraestructura del agua", "localidad": "RAFAEL URIBE URIBE", "direccion": "KR 11I 40 SUR - 41", "cod_locali": 18.0, "grupo_sac": "Estructura ecológica principal y espacios del agua", "sac": "Servicio público de agua", "codigo_sac": "EA003", "gestor": "DEISY SUAREZ", "cord_x": 94785.213751699994, "cord_y": 98707.610406899999 }, "geometry": { "type": "Point", "coordinates": [ -74.124518579999972, 4.584546475000025 ] } },
{ "type": "Feature", "properties": { "categoria": "Falta de mantenimiento de infraestructura del agua", "localidad": "RAFAEL URIBE URIBE", "direccion": "CL 28C SUR 19 23", "cod_locali": 18.0, "grupo_sac": "Estructura ecológica principal y espacios del agua", "sac": "Servicio público de agua", "codigo_sac": "EA003", "gestor": "DEISY SUAREZ", "cord_x": 96387.903654299997, "cord_y": 98227.0918772 }, "geometry": { "type": "Point", "coordinates": [ -74.110081461999982, 4.580202236000048 ] } },
{ "type": "Feature", "properties": { "categoria": "Falta de mantenimiento de infraestructura del agua", "localidad": "RAFAEL URIBE URIBE", "direccion": "KR 5D BIS 48F SUR 7", "cod_locali": 18.0, "grupo_sac": "Estructura ecológica principal y espacios del agua", "sac": "Servicio público de agua", "codigo_sac": "EA003", "gestor": "DEISY SUAREZ", "cord_x": 96497.246014200005, "cord_y": 95766.326902300003 }, "geometry": { "type": "Point", "coordinates": [ -74.109097646999942, 4.557958094000071 ] } },
{ "type": "Feature", "properties": { "categoria": "Falta de mantenimiento de infraestructura del agua", "localidad": "RAFAEL URIBE URIBE", "direccion": "CL 46 SUR 20 75", "cod_locali": 18.0, "grupo_sac": "Estructura ecológica principal y espacios del agua", "sac": "Servicio público de agua", "codigo_sac": "EA003", "gestor": "DEISY SUAREZ", "cord_x": 96301.732946400007, "cord_y": 96165.226810699998 }, "geometry": { "type": "Point", "coordinates": [ -74.110858622999956, 4.561564041000054 ] } },
{ "type": "Feature", "properties": { "categoria": "Falta de mantenimiento de infraestructura del agua", "localidad": "RAFAEL URIBE URIBE", "direccion": "DG 46 SUR 17 15", "cod_locali": 18.0, "grupo_sac": "Estructura ecológica principal y espacios del agua", "sac": "Servicio público de agua", "codigo_sac": "EA003", "gestor": "DEISY SUAREZ", "cord_x": 94813.612460799995, "cord_y": 97066.827403500007 }, "geometry": { "type": "Point", "coordinates": [ -74.124263217999953, 4.569714606000048 ] } },
{ "type": "Feature", "properties": { "categoria": "Falta de mantenimiento de infraestructura del agua", "localidad": "RAFAEL URIBE URIBE", "direccion": "KR 6 ESTE 49C SUR 32", "cod_locali": 18.0, "grupo_sac": "Estructura ecológica principal y espacios del agua", "sac": "Servicio público de agua", "codigo_sac": "EA003", "gestor": "DEISY SUAREZ", "cord_x": 95528.711677900006, "cord_y": 97940.438017699998 }, "geometry": { "type": "Point", "coordinates": [ -74.117821284999934, 4.577611381000054 ] } },
{ "type": "Feature", "properties": { "categoria": "Falta de mantenimiento de infraestructura del agua", "localidad": "RAFAEL URIBE URIBE", "direccion": "AK 14 22 SUR 0", "cod_locali": 18.0, "grupo_sac": "Estructura ecológica principal y espacios del agua", "sac": "Servicio público de agua", "codigo_sac": "EA003", "gestor": "DEISY SUAREZ", "cord_x": 97216.106862999994, "cord_y": 98366.490363399993 }, "geometry": { "type": "Point", "coordinates": [ -74.102620817999934, 4.581461908000051 ] } },
{ "type": "Feature", "properties": { "categoria": "Falta de mantenimiento de infraestructura del agua", "localidad": "RAFAEL URIBE URIBE", "direccion": "CL 22 SUR 10", "cod_locali": 18.0, "grupo_sac": "Estructura ecológica principal y espacios del agua", "sac": "Servicio público de agua", "codigo_sac": "EA003", "gestor": "DEISY SUAREZ", "cord_x": 98100.8729265, "cord_y": 97773.710769400001 }, "geometry": { "type": "Point", "coordinates": [ -74.094651097999986, 4.576102943000024 ] } },
{ "type": "Feature", "properties": { "categoria": "Falta de mantenimiento de infraestructura del agua", "localidad": "RAFAEL URIBE URIBE", "direccion": "TV 13B BIS 46 SUR 64", "cod_locali": 18.0, "grupo_sac": "Estructura ecológica principal y espacios del agua", "sac": "Servicio público de agua", "codigo_sac": "EA003", "gestor": "DEISY SUAREZ", "cord_x": 95961.200372699997, "cord_y": 97476.431427799995 }, "geometry": { "type": "Point", "coordinates": [ -74.113925570999982, 4.573416826000027 ] } },
{ "type": "Feature", "properties": { "categoria": "Falta de mantenimiento de infraestructura del agua", "localidad": "RAFAEL URIBE URIBE", "direccion": "KR 9K 44A SUR 11", "cod_locali": 18.0, "grupo_sac": "Estructura ecológica principal y espacios del agua", "sac": "Servicio público de agua", "codigo_sac": "EA003", "gestor": "DEISY SUAREZ", "cord_x": 94535.183507199996, "cord_y": 98287.243701900006 }, "geometry": { "type": "Point", "coordinates": [ -74.126771004999966, 4.580746636000072 ] } },
{ "type": "Feature", "properties": { "categoria": "Falta de mantenimiento de infraestructura del agua", "localidad": "RAFAEL URIBE URIBE", "direccion": "KR 16D 46 SUR 68", "cod_locali": 18.0, "grupo_sac": "Estructura ecológica principal y espacios del agua", "sac": "Servicio público de agua", "codigo_sac": "EA003", "gestor": "DEISY SUAREZ", "cord_x": 95079.259572700001, "cord_y": 96945.9742329 }, "geometry": { "type": "Point", "coordinates": [ -74.121870304999959, 4.568622075000064 ] } },
{ "type": "Feature", "properties": { "categoria": "Falta de mantenimiento de infraestructura del agua", "localidad": "RAFAEL URIBE URIBE", "direccion": "CL 52 SUR 6 20", "cod_locali": 18.0, "grupo_sac": "Estructura ecológica principal y espacios del agua", "sac": "Servicio público de agua", "codigo_sac": "EA003", "gestor": "DEISY SUAREZ", "cord_x": 95752.854378699994, "cord_y": 94300.164574199996 }, "geometry": { "type": "Point", "coordinates": [ -74.115803584999981, 4.54470502700002 ] } },
{ "type": "Feature", "properties": { "categoria": "Falta de mantenimiento de infraestructura del agua", "localidad": "RAFAEL URIBE URIBE", "direccion": "KR 5B 48I SUR 17", "cod_locali": 18.0, "grupo_sac": "Estructura ecológica principal y espacios del agua", "sac": "Servicio público de agua", "codigo_sac": "EA003", "gestor": "DEISY SUAREZ", "cord_x": 96368.692947200005, "cord_y": 94887.458977100003 }, "geometry": { "type": "Point", "coordinates": [ -74.110256033999974, 4.550013621000062 ] } },
{ "type": "Feature", "properties": { "categoria": "Falta de mantenimiento de infraestructura del agua", "localidad": "RAFAEL URIBE URIBE", "direccion": "CL 48Q SUR 2D ESTE 21", "cod_locali": 18.0, "grupo_sac": "Estructura ecológica principal y espacios del agua", "sac": "Servicio público de agua", "codigo_sac": "EA003", "gestor": "DEISY SUAREZ", "cord_x": 97128.805135200004, "cord_y": 94183.048879900001 }, "geometry": { "type": "Point", "coordinates": [ -74.103409504999945, 4.543645722000065 ] } },
{ "type": "Feature", "properties": { "categoria": "Falta de mantenimiento de infraestructura del agua", "localidad": "RAFAEL URIBE URIBE", "direccion": "TV 13F BIS A 46 SUR 86", "cod_locali": 18.0, "grupo_sac": "Estructura ecológica principal y espacios del agua", "sac": "Servicio público de agua", "codigo_sac": "EA003", "gestor": "DEISY SUAREZ", "cord_x": 95236.494565800007, "cord_y": 96986.9043485 }, "geometry": { "type": "Point", "coordinates": [ -74.120453919999989, 4.568992012000024 ] } },
{ "type": "Feature", "properties": { "categoria": "Falta de mantenimiento de infraestructura del agua", "localidad": "RAFAEL URIBE URIBE", "direccion": "CL 29 BIS SUR 26C 49", "cod_locali": 18.0, "grupo_sac": "Estructura ecológica principal y espacios del agua", "sac": "Servicio público de agua", "codigo_sac": "EA003", "gestor": "DEISY SUAREZ", "cord_x": 95983.864999700003, "cord_y": 99121.417864799994 }, "geometry": { "type": "Point", "coordinates": [ -74.113720727999976, 4.588286671000048 ] } },
{ "type": "Feature", "properties": { "categoria": "Falta de mantenimiento de infraestructura del agua", "localidad": "RAFAEL URIBE URIBE", "direccion": "KR 5H 48K SUR 60", "cod_locali": 18.0, "grupo_sac": "Estructura ecológica principal y espacios del agua", "sac": "Servicio público de agua", "codigo_sac": "EA003", "gestor": "DEISY SUAREZ", "cord_x": 96182.144723799996, "cord_y": 95620.177450100004 }, "geometry": { "type": "Point", "coordinates": [ -74.111936097999944, 4.556637117000037 ] } },
{ "type": "Feature", "properties": { "categoria": "Falta de mantenimiento de infraestructura del agua", "localidad": "RAFAEL URIBE URIBE", "direccion": "AC 48Q SUR 3 28", "cod_locali": 18.0, "grupo_sac": "Estructura ecológica principal y espacios del agua", "sac": "Servicio público de agua", "codigo_sac": "EA003", "gestor": "DEISY SUAREZ", "cord_x": 96786.545406599995, "cord_y": 94857.842078400005 }, "geometry": { "type": "Point", "coordinates": [ -74.10649213399995, 4.549745699000027 ] } },
{ "type": "Feature", "properties": { "categoria": "Falta de mantenimiento de infraestructura del agua", "localidad": "RAFAEL URIBE URIBE", "direccion": "CL 35C SUR 26D 40", "cod_locali": 18.0, "grupo_sac": "Estructura ecológica principal y espacios del agua", "sac": "Servicio público de agua", "codigo_sac": "EA003", "gestor": "DEISY SUAREZ", "cord_x": 95172.965478099999, "cord_y": 99092.649061300006 }, "geometry": { "type": "Point", "coordinates": [ -74.121025513999939, 4.588026915000057 ] } },
{ "type": "Feature", "properties": { "categoria": "Acumulación de residuos orgánicos e inorgánicos en cuerpo de agua", "localidad": "RAFAEL URIBE URIBE", "direccion": "Cl 30 A Sur 26 06", "cod_locali": 18.0, "grupo_sac": "Estructura ecológica principal y espacios del agua", "sac": "Contaminación Hídrica", "codigo_sac": "EH001", "gestor": "DEISY SUAREZ", "cord_x": 95883.416727599993, "cord_y": 98984.694818999997 }, "geometry": { "type": "Point", "coordinates": [ -74.114625644999933, 4.587050805000047 ] } },
{ "type": "Feature", "properties": { "categoria": "Tráfico ilegal de especies de fauna silvestre", "localidad": "RAFAEL URIBE URIBE", "direccion": "CALLE 51 SUR 5X-00", "cod_locali": 18.0, "grupo_sac": "Fauna", "sac": "Tráfico de fauna silvestre", "codigo_sac": "FT001", "gestor": "DEISY SUAREZ", "cord_x": 95068.873385600004, "cord_y": 95681.449485499994 }, "geometry": { "type": "Point", "coordinates": [ -74.121964252999987, 4.557191400000022 ] } },
{ "type": "Feature", "properties": { "categoria": "Tenencia inadecuada de animales de compañía", "localidad": "RAFAEL URIBE URIBE", "direccion": "CL 35 SUR 23", "cod_locali": 18.0, "grupo_sac": "Fauna", "sac": "Fauna doméstica y animales de compañía", "codigo_sac": "FD001", "gestor": "DEISY SUAREZ", "cord_x": 95534.022783599998, "cord_y": 98419.834375299994 }, "geometry": { "type": "Point", "coordinates": [ -74.117773267999951, 4.581944883000062 ] } },
{ "type": "Feature", "properties": { "categoria": "Tenencia inadecuada de animales de compañía", "localidad": "RAFAEL URIBE URIBE", "direccion": "KR 12D 32 SUR 44", "cod_locali": 18.0, "grupo_sac": "Fauna", "sac": "Fauna doméstica y animales de compañía", "codigo_sac": "FD001", "gestor": "DEISY SUAREZ", "cord_x": 96710.9985056, "cord_y": 97290.605043799995 }, "geometry": { "type": "Point", "coordinates": [ -74.10717144299997, 4.57173670800006 ] } },
{ "type": "Feature", "properties": { "categoria": "Tenencia inadecuada de animales de compañía", "localidad": "RAFAEL URIBE URIBE", "direccion": "CL 33 SUR 20 0", "cod_locali": 18.0, "grupo_sac": "Fauna", "sac": "Fauna doméstica y animales de compañía", "codigo_sac": "FD001", "gestor": "DEISY SUAREZ", "cord_x": 95805.492078900003, "cord_y": 98055.336629600002 }, "geometry": { "type": "Point", "coordinates": [ -74.115327972999978, 4.578649903000041 ] } },
{ "type": "Feature", "properties": { "categoria": "Tenencia inadecuada de animales de compañía", "localidad": "RAFAEL URIBE URIBE", "direccion": "CL 48 SUR 9 90", "cod_locali": 18.0, "grupo_sac": "Fauna", "sac": "Fauna doméstica y animales de compañía", "codigo_sac": "FD001", "gestor": "DEISY SUAREZ", "cord_x": 94666.494594699994, "cord_y": 97042.202899600001 }, "geometry": { "type": "Point", "coordinates": [ -74.125588462999985, 4.569492053000033 ] } },
{ "type": "Feature", "properties": { "categoria": "Tenencia inadecuada de animales de compañía", "localidad": "RAFAEL URIBE URIBE", "direccion": "KR 5U 48L BIS SUR 0", "cod_locali": 18.0, "grupo_sac": "Fauna", "sac": "Fauna doméstica y animales de compañía", "codigo_sac": "FD001", "gestor": "DEISY SUAREZ", "cord_x": 95781.940452900002, "cord_y": 95848.103046400007 }, "geometry": { "type": "Point", "coordinates": [ -74.115540986999974, 4.558697617000064 ] } },
{ "type": "Feature", "properties": { "categoria": "Tenencia inadecuada de animales de compañía", "localidad": "RAFAEL URIBE URIBE", "direccion": "KR 10D 36A SUR 63", "cod_locali": 18.0, "grupo_sac": "Fauna", "sac": "Fauna doméstica y animales de compañía", "codigo_sac": "FD001", "gestor": "DEISY SUAREZ", "cord_x": 96899.084461299994, "cord_y": 96702.662399499997 }, "geometry": { "type": "Point", "coordinates": [ -74.105477461999953, 4.566421904000038 ] } },
{ "type": "Feature", "properties": { "categoria": "Tenencia inadecuada de animales de compañía", "localidad": "RAFAEL URIBE URIBE", "direccion": "KR 23 32 SUR", "cod_locali": 18.0, "grupo_sac": "Fauna", "sac": "Fauna doméstica y animales de compañía", "codigo_sac": "FD001", "gestor": "DEISY SUAREZ", "cord_x": 94950.781107999996, "cord_y": 98970.474408299997 }, "geometry": { "type": "Point", "coordinates": [ -74.123027038999965, 4.586922586000071 ] } },
{ "type": "Feature", "properties": { "categoria": "Tenencia inadecuada de animales de compañía", "localidad": "RAFAEL URIBE URIBE", "direccion": "KR 10C 36A SUR 69", "cod_locali": 18.0, "grupo_sac": "Fauna", "sac": "Fauna doméstica y animales de compañía", "codigo_sac": "FD001", "gestor": "DEISY SUAREZ", "cord_x": 97398.205361800006, "cord_y": 97327.729002699998 }, "geometry": { "type": "Point", "coordinates": [ -74.100981041999944, 4.572071923000067 ] } },
{ "type": "Feature", "properties": { "categoria": "Tenencia inadecuada de animales de compañía", "localidad": "RAFAEL URIBE URIBE", "direccion": "CL 48P SUR 3 70", "cod_locali": 18.0, "grupo_sac": "Fauna", "sac": "Fauna doméstica y animales de compañía", "codigo_sac": "FD001", "gestor": "DEISY SUAREZ", "cord_x": 96760.454941599994, "cord_y": 95177.062467900003 }, "geometry": { "type": "Point", "coordinates": [ -74.106726991999949, 4.55263130700007 ] } },
{ "type": "Feature", "properties": { "categoria": "Tenencia inadecuada de animales de compañía", "localidad": "RAFAEL URIBE URIBE", "direccion": "KR 13D BIS 40H SUR 19", "cod_locali": 18.0, "grupo_sac": "Fauna", "sac": "Fauna doméstica y animales de compañía", "codigo_sac": "FD001", "gestor": "DEISY SUAREZ", "cord_x": 96094.760819400006, "cord_y": 97772.713285999998 }, "geometry": { "type": "Point", "coordinates": [ -74.112722325999982, 4.576095010000074 ] } },
{ "type": "Feature", "properties": { "categoria": "Tenencia inadecuada de animales de compañía", "localidad": "RAFAEL URIBE URIBE", "direccion": "AK 14 31 SUR 0", "cod_locali": 18.0, "grupo_sac": "Fauna", "sac": "Fauna doméstica y animales de compañía", "codigo_sac": "FD001", "gestor": "DEISY SUAREZ", "cord_x": 96313.897590199995, "cord_y": 98001.786859600004 }, "geometry": { "type": "Point", "coordinates": [ -74.110748219999948, 4.578165625000054 ] } },
{ "type": "Feature", "properties": { "categoria": "Tenencia inadecuada de animales de compañía", "localidad": "RAFAEL URIBE URIBE", "direccion": "KR 10C 36A SUR 69", "cod_locali": 18.0, "grupo_sac": "Fauna", "sac": "Fauna doméstica y animales de compañía", "codigo_sac": "FD001", "gestor": "DEISY SUAREZ", "cord_x": 97393.112043899993, "cord_y": 97312.973075400005 }, "geometry": { "type": "Point", "coordinates": [ -74.101026930999979, 4.57193853900003 ] } },
{ "type": "Feature", "properties": { "categoria": "Tenencia inadecuada de animales de compañía", "localidad": "RAFAEL URIBE URIBE", "direccion": "DG 45 SUR 5M 45", "cod_locali": 18.0, "grupo_sac": "Fauna", "sac": "Fauna doméstica y animales de compañía", "codigo_sac": "FD001", "gestor": "DEISY SUAREZ", "cord_x": 96172.826394000003, "cord_y": 96177.357824100007 }, "geometry": { "type": "Point", "coordinates": [ -74.11201979599997, 4.561673756000062 ] } },
{ "type": "Feature", "properties": { "categoria": "Tenencia inadecuada de animales de compañía", "localidad": "RAFAEL URIBE URIBE", "direccion": "CL 35B SUR 26D 26", "cod_locali": 18.0, "grupo_sac": "Fauna", "sac": "Fauna doméstica y animales de compañía", "codigo_sac": "FD001", "gestor": "DEISY SUAREZ", "cord_x": 95279.645335299996, "cord_y": 98904.093452200003 }, "geometry": { "type": "Point", "coordinates": [ -74.120064578999973, 4.586322431000042 ] } },
{ "type": "Feature", "properties": { "categoria": "Tenencia inadecuada de animales de compañía", "localidad": "RAFAEL URIBE URIBE", "direccion": "KR 12G 36 SUR 31", "cod_locali": 18.0, "grupo_sac": "Fauna", "sac": "Fauna doméstica y animales de compañía", "codigo_sac": "FD001", "gestor": "DEISY SUAREZ", "cord_x": 95689.086375600004, "cord_y": 97017.613750400007 }, "geometry": { "type": "Point", "coordinates": [ -74.116376961999947, 4.569269450000036 ] } },
{ "type": "Feature", "properties": { "categoria": "Tenencia inadecuada de animales de compañía", "localidad": "RAFAEL URIBE URIBE", "direccion": "KR 4B 49D SUR 10", "cod_locali": 18.0, "grupo_sac": "Fauna", "sac": "Fauna doméstica y animales de compañía", "codigo_sac": "FD001", "gestor": "DEISY SUAREZ", "cord_x": 96125.023292900005, "cord_y": 94579.636406499994 }, "geometry": { "type": "Point", "coordinates": [ -74.11245108199995, 4.547231164000038 ] } },
{ "type": "Feature", "properties": { "categoria": "Tenencia inadecuada de animales de compañía", "localidad": "RAFAEL URIBE URIBE", "direccion": "KR 4B BIS 51A SUR 17", "cod_locali": 18.0, "grupo_sac": "Fauna", "sac": "Fauna doméstica y animales de compañía", "codigo_sac": "FD001", "gestor": "DEISY SUAREZ", "cord_x": 95922.478774500007, "cord_y": 94331.771142199999 }, "geometry": { "type": "Point", "coordinates": [ -74.114275647999989, 4.544990668000025 ] } },
{ "type": "Feature", "properties": { "categoria": "Tenencia inadecuada de animales de compañía", "localidad": "RAFAEL URIBE URIBE", "direccion": "CL 49B BIS A SUR 2B 0", "cod_locali": 18.0, "grupo_sac": "Fauna", "sac": "Fauna doméstica y animales de compañía", "codigo_sac": "FD001", "gestor": "DEISY SUAREZ", "cord_x": 96835.351274500004, "cord_y": 94047.855983300004 }, "geometry": { "type": "Point", "coordinates": [ -74.106052911999939, 4.542423798000073 ] } },
{ "type": "Feature", "properties": { "categoria": "Tenencia inadecuada de animales de compañía", "localidad": "RAFAEL URIBE URIBE", "direccion": "CL 25A SUR 24F 23", "cod_locali": 18.0, "grupo_sac": "Fauna", "sac": "Fauna doméstica y animales de compañía", "codigo_sac": "FD001", "gestor": "DEISY SUAREZ", "cord_x": 96567.356895899997, "cord_y": 98762.708115100002 }, "geometry": { "type": "Point", "coordinates": [ -74.108464666999964, 4.585043854000048 ] } },
{ "type": "Feature", "properties": { "categoria": "Tenencia inadecuada de animales de compañía", "localidad": "RAFAEL URIBE URIBE", "direccion": "DG 53C SUR 3 0", "cod_locali": 18.0, "grupo_sac": "Fauna", "sac": "Fauna doméstica y animales de compañía", "codigo_sac": "FD001", "gestor": "DEISY SUAREZ", "cord_x": 96020.080189900007, "cord_y": 94064.147165100003 }, "geometry": { "type": "Point", "coordinates": [ -74.113396593999937, 4.542571438000039 ] } },
{ "type": "Feature", "properties": { "categoria": "Tenencia inadecuada de animales de compañía", "localidad": "RAFAEL URIBE URIBE", "direccion": "TV 12G BIS A 42 SUR 10", "cod_locali": 18.0, "grupo_sac": "Fauna", "sac": "Fauna doméstica y animales de compañía", "codigo_sac": "FD001", "gestor": "DEISY SUAREZ", "cord_x": 95873.171792099994, "cord_y": 96903.132646400001 }, "geometry": { "type": "Point", "coordinates": [ -74.114718765999953, 4.568234526000026 ] } },
{ "type": "Feature", "properties": { "categoria": "Tenencia inadecuada de animales de compañía", "localidad": "RAFAEL URIBE URIBE", "direccion": "KR 12H 31C SUR 17", "cod_locali": 18.0, "grupo_sac": "Fauna", "sac": "Fauna doméstica y animales de compañía", "codigo_sac": "FD001", "gestor": "DEISY SUAREZ", "cord_x": 96664.922084899998, "cord_y": 97568.780415300003 }, "geometry": { "type": "Point", "coordinates": [ -74.107586364999975, 4.574251297000046 ] } },
{ "type": "Feature", "properties": { "categoria": "Tenencia inadecuada de animales de compañía", "localidad": "RAFAEL URIBE URIBE", "direccion": "KR 19 35A SUR 41", "cod_locali": 18.0, "grupo_sac": "Fauna", "sac": "Fauna doméstica y animales de compañía", "codigo_sac": "FD001", "gestor": "DEISY SUAREZ", "cord_x": 95652.583006700006, "cord_y": 97909.292186000006 }, "geometry": { "type": "Point", "coordinates": [ -74.116705450999973, 4.577329793000047 ] } },
{ "type": "Feature", "properties": { "categoria": "Tenencia inadecuada de animales de compañía", "localidad": "RAFAEL URIBE URIBE", "direccion": "KR 4B BIS 51 SUR 18", "cod_locali": 18.0, "grupo_sac": "Fauna", "sac": "Fauna doméstica y animales de compañía", "codigo_sac": "FD001", "gestor": "DEISY SUAREZ", "cord_x": 95978.257788200004, "cord_y": 94350.499311399995 }, "geometry": { "type": "Point", "coordinates": [ -74.113773198999979, 4.54515993800004 ] } },
{ "type": "Feature", "properties": { "categoria": "Tenencia inadecuada de animales de compañía", "localidad": "RAFAEL URIBE URIBE", "direccion": "DG 49F BIS SUR 5Z 27", "cod_locali": 18.0, "grupo_sac": "Fauna", "sac": "Fauna doméstica y animales de compañía", "codigo_sac": "FD001", "gestor": "DEISY SUAREZ", "cord_x": 95439.771860499997, "cord_y": 95553.121662799997 }, "geometry": { "type": "Point", "coordinates": [ -74.118623299999967, 4.556031257000029 ] } },
{ "type": "Feature", "properties": { "categoria": "Tenencia inadecuada de animales de compañía", "localidad": "RAFAEL URIBE URIBE", "direccion": "DG 48Y SUR 5P 2", "cod_locali": 18.0, "grupo_sac": "Fauna", "sac": "Fauna doméstica y animales de compañía", "codigo_sac": "FD001", "gestor": "DEISY SUAREZ", "cord_x": 95877.235388100002, "cord_y": 95603.744519900007 }, "geometry": { "type": "Point", "coordinates": [ -74.114682679999987, 4.556488699000056 ] } },
{ "type": "Feature", "properties": { "categoria": "Tenencia inadecuada de animales de compañía", "localidad": "RAFAEL URIBE URIBE", "direccion": "CL 35A SUR 26 42", "cod_locali": 18.0, "grupo_sac": "Fauna", "sac": "Fauna doméstica y animales de compañía", "codigo_sac": "FD001", "gestor": "DEISY SUAREZ", "cord_x": 95398.876131600002, "cord_y": 98736.0656705 }, "geometry": { "type": "Point", "coordinates": [ -74.118990580999935, 4.584803504000035 ] } },
{ "type": "Feature", "properties": { "categoria": "Tenencia inadecuada de animales de compañía", "localidad": "RAFAEL URIBE URIBE", "direccion": "CL 42A SUR 23B 51", "cod_locali": 18.0, "grupo_sac": "Fauna", "sac": "Fauna doméstica y animales de compañía", "codigo_sac": "FD001", "gestor": "DEISY SUAREZ", "cord_x": 94791.255768300005, "cord_y": 98178.835678300005 }, "geometry": { "type": "Point", "coordinates": [ -74.124464298999953, 4.57976661400005 ] } },
{ "type": "Feature", "properties": { "categoria": "Tenencia inadecuada de animales de compañía", "localidad": "RAFAEL URIBE URIBE", "direccion": "KR 26A 36 SUR 18", "cod_locali": 18.0, "grupo_sac": "Fauna", "sac": "Fauna doméstica y animales de compañía", "codigo_sac": "FD001", "gestor": "DEISY SUAREZ", "cord_x": 95157.256675700002, "cord_y": 98685.788309900003 }, "geometry": { "type": "Point", "coordinates": [ -74.121167151999941, 4.584349102000033 ] } },
{ "type": "Feature", "properties": { "categoria": "Tenencia inadecuada de animales de compañía", "localidad": "RAFAEL URIBE URIBE", "direccion": "TV 13H BIS 49 SUR 3", "cod_locali": 18.0, "grupo_sac": "Fauna", "sac": "Fauna doméstica y animales de compañía", "codigo_sac": "FD001", "gestor": "DEISY SUAREZ", "cord_x": 94970.204163999995, "cord_y": 96904.299656699994 }, "geometry": { "type": "Point", "coordinates": [ -74.122852686999977, 4.568245390000072 ] } },
{ "type": "Feature", "properties": { "categoria": "Tenencia inadecuada de animales de compañía", "localidad": "RAFAEL URIBE URIBE", "direccion": "CL 26B SUR 12L 44", "cod_locali": 18.0, "grupo_sac": "Fauna", "sac": "Fauna doméstica y animales de compañía", "codigo_sac": "FD001", "gestor": "DEISY SUAREZ", "cord_x": 96817.359001699995, "cord_y": 98164.144274699996 }, "geometry": { "type": "Point", "coordinates": [ -74.106212901999982, 4.579633013000034 ] } },
{ "type": "Feature", "properties": { "categoria": "Tenencia inadecuada de animales de compañía", "localidad": "RAFAEL URIBE URIBE", "direccion": "KR 24 40 SUR 0", "cod_locali": 18.0, "grupo_sac": "Fauna", "sac": "Fauna doméstica y animales de compañía", "codigo_sac": "FD001", "gestor": "DEISY SUAREZ", "cord_x": 95000.386631500005, "cord_y": 98258.914246100001 }, "geometry": { "type": "Point", "coordinates": [ -74.122580395999989, 4.580490423000072 ] } },
{ "type": "Feature", "properties": { "categoria": "Tenencia inadecuada de animales de compañía", "localidad": "RAFAEL URIBE URIBE", "direccion": "KR 22B 44 SUR 50", "cod_locali": 18.0, "grupo_sac": "Fauna", "sac": "Fauna doméstica y animales de compañía", "codigo_sac": "FD001", "gestor": "DEISY SUAREZ", "cord_x": 94727.869149599996, "cord_y": 97929.591915800003 }, "geometry": { "type": "Point", "coordinates": [ -74.125035360999959, 4.577513592000059 ] } },
{ "type": "Feature", "properties": { "categoria": "Tenencia inadecuada de animales de compañía", "localidad": "RAFAEL URIBE URIBE", "direccion": "KR 1A 48X SUR 19", "cod_locali": 18.0, "grupo_sac": "Fauna", "sac": "Fauna doméstica y animales de compañía", "codigo_sac": "FD001", "gestor": "DEISY SUAREZ", "cord_x": 96890.512921400004, "cord_y": 94304.509913899994 }, "geometry": { "type": "Point", "coordinates": [ -74.105555902999981, 4.544743796000034 ] } },
{ "type": "Feature", "properties": { "categoria": "Tenencia inadecuada de animales de compañía", "localidad": "RAFAEL URIBE URIBE", "direccion": "KR 25A 32A SUR 37", "cod_locali": 18.0, "grupo_sac": "Fauna", "sac": "Fauna doméstica y animales de compañía", "codigo_sac": "FD001", "gestor": "DEISY SUAREZ", "cord_x": 96523.306757099999, "cord_y": 98844.328692800002 }, "geometry": { "type": "Point", "coordinates": [ -74.108861439999941, 4.58578168400004 ] } },
{ "type": "Feature", "properties": { "categoria": "Tenencia inadecuada de animales de compañía", "localidad": "RAFAEL URIBE URIBE", "direccion": "CL 41 SUR 13G 48", "cod_locali": 18.0, "grupo_sac": "Fauna", "sac": "Fauna doméstica y animales de compañía", "codigo_sac": "FD001", "gestor": "DEISY SUAREZ", "cord_x": 95279.430592499994, "cord_y": 97597.51869 }, "geometry": { "type": "Point", "coordinates": [ -74.120066948999977, 4.574511648000055 ] } },
{ "type": "Feature", "properties": { "categoria": "Tenencia inadecuada de animales de compañía", "localidad": "RAFAEL URIBE URIBE", "direccion": "CL 48M SUR 5B 0", "cod_locali": 18.0, "grupo_sac": "Fauna", "sac": "Fauna doméstica y animales de compañía", "codigo_sac": "FD001", "gestor": "DEISY SUAREZ", "cord_x": 96495.224540199997, "cord_y": 95364.452992199993 }, "geometry": { "type": "Point", "coordinates": [ -74.109116043999961, 4.554325353000024 ] } },
{ "type": "Feature", "properties": { "categoria": "Tenencia inadecuada de animales de compañía", "localidad": "RAFAEL URIBE URIBE", "direccion": "CL 49B SUR 9 89", "cod_locali": 18.0, "grupo_sac": "Fauna", "sac": "Fauna doméstica y animales de compañía", "codigo_sac": "FD001", "gestor": "DEISY SUAREZ", "cord_x": 95364.554562300007, "cord_y": 95930.2121644 }, "geometry": { "type": "Point", "coordinates": [ -74.119300715999941, 4.559439995000048 ] } },
{ "type": "Feature", "properties": { "categoria": "Tenencia inadecuada de animales de compañía", "localidad": "RAFAEL URIBE URIBE", "direccion": "CL 31 SUR 25 51", "cod_locali": 18.0, "grupo_sac": "Fauna", "sac": "Fauna doméstica y animales de compañía", "codigo_sac": "FD001", "gestor": "DEISY SUAREZ", "cord_x": 95915.678044200002, "cord_y": 98787.430715399998 }, "geometry": { "type": "Point", "coordinates": [ -74.114335107999977, 4.58526762300005 ] } },
{ "type": "Feature", "properties": { "categoria": "Tenencia inadecuada de animales de compañía", "localidad": "RAFAEL URIBE URIBE", "direccion": "KR 26 27 SUR 0", "cod_locali": 18.0, "grupo_sac": "Fauna", "sac": "Fauna doméstica y animales de compañía", "codigo_sac": "FD001", "gestor": "DEISY SUAREZ", "cord_x": 96302.447609199997, "cord_y": 98888.8598585 }, "geometry": { "type": "Point", "coordinates": [ -74.110850964999941, 4.586184326000023 ] } },
{ "type": "Feature", "properties": { "categoria": "Tenencia inadecuada de animales de compañía", "localidad": "RAFAEL URIBE URIBE", "direccion": "CL 44 SUR 25 0", "cod_locali": 18.0, "grupo_sac": "Fauna", "sac": "Fauna doméstica y animales de compañía", "codigo_sac": "FD001", "gestor": "DEISY SUAREZ", "cord_x": 92865.728594400003, "cord_y": 100069.424524 }, "geometry": { "type": "Point", "coordinates": [ -74.141809588999934, 4.596856917000025 ] } },
{ "type": "Feature", "properties": { "categoria": "Tenencia inadecuada de animales de compañía", "localidad": "RAFAEL URIBE URIBE", "direccion": "CL 48R SUR 1A ESTE 11", "cod_locali": 18.0, "grupo_sac": "Fauna", "sac": "Fauna doméstica y animales de compañía", "codigo_sac": "FD001", "gestor": "DEISY SUAREZ", "cord_x": 96922.795318200006, "cord_y": 94708.485137399999 }, "geometry": { "type": "Point", "coordinates": [ -74.105264904999956, 4.548395516000028 ] } },
{ "type": "Feature", "properties": { "categoria": "Tenencia inadecuada de animales de compañía", "localidad": "RAFAEL URIBE URIBE", "direccion": "DG 32F SUR 12A 26", "cod_locali": 18.0, "grupo_sac": "Fauna", "sac": "Fauna doméstica y animales de compañía", "codigo_sac": "FD001", "gestor": "DEISY SUAREZ", "cord_x": 96121.602984700003, "cord_y": 97030.496905099993 }, "geometry": { "type": "Point", "coordinates": [ -74.112480846999972, 4.569385732000057 ] } },
{ "type": "Feature", "properties": { "categoria": "Tenencia inadecuada de animales de compañía", "localidad": "RAFAEL URIBE URIBE", "direccion": "DG 36 SUR 16B 26", "cod_locali": 18.0, "grupo_sac": "Fauna", "sac": "Fauna doméstica y animales de compañía", "codigo_sac": "FD001", "gestor": "DEISY SUAREZ", "cord_x": 95589.156443600004, "cord_y": 97592.487416300006 }, "geometry": { "type": "Point", "coordinates": [ -74.117276919999938, 4.574466059000031 ] } },
{ "type": "Feature", "properties": { "categoria": "Tenencia inadecuada de animales de compañía", "localidad": "RAFAEL URIBE URIBE", "direccion": "CL 32 SUR 12D 29", "cod_locali": 18.0, "grupo_sac": "Fauna", "sac": "Fauna doméstica y animales de compañía", "codigo_sac": "FD001", "gestor": "DEISY SUAREZ", "cord_x": 96384.066890500006, "cord_y": 97551.728967999996 }, "geometry": { "type": "Point", "coordinates": [ -74.11011633399994, 4.574097294000069 ] } },
{ "type": "Feature", "properties": { "categoria": "Tenencia inadecuada de animales de compañía", "localidad": "RAFAEL URIBE URIBE", "direccion": "CL 48Y SUR 2D ESTE 1", "cod_locali": 18.0, "grupo_sac": "Fauna", "sac": "Fauna doméstica y animales de compañía", "codigo_sac": "FD001", "gestor": "DEISY SUAREZ", "cord_x": 96661.998473200001, "cord_y": 94509.969380299997 }, "geometry": { "type": "Point", "coordinates": [ -74.107614190999982, 4.546601163000048 ] } },
{ "type": "Feature", "properties": { "categoria": "Tenencia inadecuada de animales de compañía", "localidad": "RAFAEL URIBE URIBE", "direccion": "CL 48P SUR 5H 18", "cod_locali": 18.0, "grupo_sac": "Fauna", "sac": "Fauna doméstica y animales de compañía", "codigo_sac": "FD001", "gestor": "DEISY SUAREZ", "cord_x": 96146.799877800004, "cord_y": 95457.396057699996 }, "geometry": { "type": "Point", "coordinates": [ -74.112254548999942, 4.555165669000075 ] } },
{ "type": "Feature", "properties": { "categoria": "Zonas con riesgo de remoción en masa, flujos y receptaciones", "localidad": "RAFAEL URIBE URIBE", "direccion": "TV 13H BIS A 49D SUR 37", "cod_locali": 18.0, "grupo_sac": "Gestión de riesgos", "sac": "Movimiento en masa", "codigo_sac": "GM002", "gestor": "DEISY SUAREZ", "cord_x": 96154.311642500004, "cord_y": 95691.819961200003 }, "geometry": { "type": "Point", "coordinates": [ -74.11218678299997, 4.557284742000036 ] } },
{ "type": "Feature", "properties": { "categoria": "Zonas con riesgo de remoción en masa, flujos y receptaciones", "localidad": "RAFAEL URIBE URIBE", "direccion": "KR 2B 48N SUR 24", "cod_locali": 18.0, "grupo_sac": "Gestión de riesgos", "sac": "Movimiento en masa", "codigo_sac": "GM002", "gestor": "DEISY SUAREZ", "cord_x": 96821.821221899998, "cord_y": 94689.994456500004 }, "geometry": { "type": "Point", "coordinates": [ -74.106174461999956, 4.548228421000033 ] } },
{ "type": "Feature", "properties": { "categoria": "Zonas con riesgo de remoción en masa, flujos y receptaciones", "localidad": "RAFAEL URIBE URIBE", "direccion": "KR 13C # 40G 24 SUR", "cod_locali": 18.0, "grupo_sac": "Gestión de riesgos", "sac": "Movimiento en masa", "codigo_sac": "GM002", "gestor": "DEISY SUAREZ", "cord_x": 94621.863900800003, "cord_y": 96564.5492658 }, "geometry": { "type": "Point", "coordinates": [ -74.125990619999982, 4.565174312000067 ] } },
{ "type": "Feature", "properties": { "categoria": "Zonas con riesgo de remoción en masa, flujos y receptaciones", "localidad": "RAFAEL URIBE URIBE", "direccion": "TV 16F BIS 49D SUR 23", "cod_locali": 18.0, "grupo_sac": "Gestión de riesgos", "sac": "Movimiento en masa", "codigo_sac": "GM002", "gestor": "DEISY SUAREZ", "cord_x": 94973.170540699997, "cord_y": 96755.069591299994 }, "geometry": { "type": "Point", "coordinates": [ -74.122826010999972, 4.566896424000049 ] } },
{ "type": "Feature", "properties": { "categoria": "Zonas con riesgo de remoción en masa, flujos y receptaciones", "localidad": "RAFAEL URIBE URIBE", "direccion": "TV 12 48A SUR 18", "cod_locali": 18.0, "grupo_sac": "Gestión de riesgos", "sac": "Movimiento en masa", "codigo_sac": "GM002", "gestor": "DEISY SUAREZ", "cord_x": 95747.488028099993, "cord_y": 96599.286822900001 }, "geometry": { "type": "Point", "coordinates": [ -74.115851040999985, 4.565487960000041 ] } },
{ "type": "Feature", "properties": { "categoria": "Zonas con riesgo de remoción en masa, flujos y receptaciones", "localidad": "RAFAEL URIBE URIBE", "direccion": "KR 10 48 F 79 SUR", "cod_locali": 18.0, "grupo_sac": "Gestión de riesgos", "sac": "Movimiento en masa", "codigo_sac": "GM002", "gestor": "DEISY SUAREZ", "cord_x": 95972.751086300006, "cord_y": 96300.200378599999 }, "geometry": { "type": "Point", "coordinates": [ -74.113822004999975, 4.562784277000048 ] } },
{ "type": "Feature", "properties": { "categoria": "Zonas con riesgo de remoción en masa, flujos y receptaciones", "localidad": "RAFAEL URIBE URIBE", "direccion": "CL 48Q SUR 1F 0", "cod_locali": 18.0, "grupo_sac": "Gestión de riesgos", "sac": "Movimiento en masa", "codigo_sac": "GM002", "gestor": "DEISY SUAREZ", "cord_x": 97040.290074999997, "cord_y": 94561.823602999997 }, "geometry": { "type": "Point", "coordinates": [ -74.104206619999957, 4.547069707000048 ] } },
{ "type": "Feature", "properties": { "categoria": "Zonas con riesgo de remoción en masa, flujos y receptaciones", "localidad": "RAFAEL URIBE URIBE", "direccion": "CL 50B SUR KR 12 A BIS", "cod_locali": 18.0, "grupo_sac": "Gestión de riesgos", "sac": "Movimiento en masa", "codigo_sac": "GM002", "gestor": "DEISY SUAREZ", "cord_x": 94924.319520300007, "cord_y": 96167.451649399998 }, "geometry": { "type": "Point", "coordinates": [ -74.123266230999945, 4.561584663000076 ] } },
{ "type": "Feature", "properties": { "categoria": "Zonas con riesgo de remoción en masa, flujos y receptaciones", "localidad": "RAFAEL URIBE URIBE", "direccion": "KR 4 ESTE 59A SUR 39", "cod_locali": 18.0, "grupo_sac": "Gestión de riesgos", "sac": "Movimiento en masa", "codigo_sac": "GM002", "gestor": "DEISY SUAREZ", "cord_x": 96222.255592700007, "cord_y": 93538.636502399997 }, "geometry": { "type": "Point", "coordinates": [ -74.111575693999953, 4.537820993000025 ] } },
{ "type": "Feature", "properties": { "categoria": "Zonas con riesgo de remoción en masa, flujos y receptaciones", "localidad": "RAFAEL URIBE URIBE", "direccion": "KR 2F ESTE 49C SUR 88", "cod_locali": 18.0, "grupo_sac": "Gestión de riesgos", "sac": "Movimiento en masa", "codigo_sac": "GM002", "gestor": "DEISY SUAREZ", "cord_x": 96722.993394300007, "cord_y": 93907.224548800004 }, "geometry": { "type": "Point", "coordinates": [ -74.107065062999936, 4.541152615000044 ] } },
{ "type": "Feature", "properties": { "categoria": "Zonas con riesgo de remoción en masa, flujos y receptaciones", "localidad": "RAFAEL URIBE URIBE", "direccion": "CL 50 D SUR 5 10", "cod_locali": 18.0, "grupo_sac": "Gestión de riesgos", "sac": "Movimiento en masa", "codigo_sac": "GM002", "gestor": "DEISY SUAREZ", "cord_x": 94785.121110699998, "cord_y": 96260.511555100005 }, "geometry": { "type": "Point", "coordinates": [ -74.124520090999965, 4.562425918000031 ] } },
{ "type": "Feature", "properties": { "categoria": "Zonas con riesgo de remoción en masa, flujos y receptaciones", "localidad": "RAFAEL URIBE URIBE", "direccion": "KR 8 39F SUR 24", "cod_locali": 18.0, "grupo_sac": "Gestión de riesgos", "sac": "Movimiento en masa", "codigo_sac": "GM002", "gestor": "DEISY SUAREZ", "cord_x": 98025.756046199996, "cord_y": 97367.452775400001 }, "geometry": { "type": "Point", "coordinates": [ -74.095328018999965, 4.572430623000059 ] } },
{ "type": "Feature", "properties": { "categoria": "Zonas con riesgo de remoción en masa, flujos y receptaciones", "localidad": "RAFAEL URIBE URIBE", "direccion": "DG 54 SUR 3F 53", "cod_locali": 18.0, "grupo_sac": "Gestión de riesgos", "sac": "Movimiento en masa", "codigo_sac": "GM002", "gestor": "DEISY SUAREZ", "cord_x": 96124.860319, "cord_y": 93787.461452200005 }, "geometry": { "type": "Point", "coordinates": [ -74.112452886999961, 4.540070291000063 ] } },
{ "type": "Feature", "properties": { "categoria": "Zonas con riesgo de remoción en masa, flujos y receptaciones", "localidad": "RAFAEL URIBE URIBE", "direccion": "KR 5 C ESTE 49 F SUR", "cod_locali": 18.0, "grupo_sac": "Gestión de riesgos", "sac": "Movimiento en masa", "codigo_sac": "GM002", "gestor": "DEISY SUAREZ", "cord_x": 96087.244243099994, "cord_y": 94732.411075199998 }, "geometry": { "type": "Point", "coordinates": [ -74.112791320999975, 4.54861218800005 ] } },
{ "type": "Feature", "properties": { "categoria": "Zonas con riesgo de remoción en masa, flujos y receptaciones", "localidad": "RAFAEL URIBE URIBE", "direccion": "CL 43 SUR 11G 16", "cod_locali": 18.0, "grupo_sac": "Gestión de riesgos", "sac": "Movimiento en masa", "codigo_sac": "GM002", "gestor": "DEISY SUAREZ", "cord_x": 95963.040350499999, "cord_y": 96726.251769499999 }, "geometry": { "type": "Point", "coordinates": [ -74.113909303999947, 4.566635574000031 ] } },
{ "type": "Feature", "properties": { "categoria": "Zonas con riesgo de remoción en masa, flujos y receptaciones", "localidad": "RAFAEL URIBE URIBE", "direccion": "AV GUACAMAYAS 1F SUR", "cod_locali": 18.0, "grupo_sac": "Gestión de riesgos", "sac": "Movimiento en masa", "codigo_sac": "GM002", "gestor": "DEISY SUAREZ", "cord_x": 97257.181841099999, "cord_y": 94930.221244200002 }, "geometry": { "type": "Point", "coordinates": [ -74.102252714999963, 4.550399722000066 ] } },
{ "type": "Feature", "properties": { "categoria": "Zonas con riesgo de remoción en masa, flujos y receptaciones", "localidad": "RAFAEL URIBE URIBE", "direccion": "DG 48I BIS SUR 5Q 36", "cod_locali": 18.0, "grupo_sac": "Gestión de riesgos", "sac": "Movimiento en masa", "codigo_sac": "GM002", "gestor": "DEISY SUAREZ", "cord_x": 95905.768971700003, "cord_y": 95870.384718200003 }, "geometry": { "type": "Point", "coordinates": [ -74.114425546999939, 4.558898983000063 ] } },
{ "type": "Feature", "properties": { "categoria": "Zonas con riesgo de remoción en masa, flujos y receptaciones", "localidad": "RAFAEL URIBE URIBE", "direccion": "CL 49B SUR 4 0", "cod_locali": 18.0, "grupo_sac": "Gestión de riesgos", "sac": "Movimiento en masa", "codigo_sac": "GM002", "gestor": "DEISY SUAREZ", "cord_x": 95808.334331399994, "cord_y": 95182.3539303 }, "geometry": { "type": "Point", "coordinates": [ -74.115303494999978, 4.552679563000027 ] } },
{ "type": "Feature", "properties": { "categoria": "Zonas con riesgo de incendio forestal", "localidad": "RAFAEL URIBE URIBE", "direccion": "KR 14 38 SUR 56", "cod_locali": 18.0, "grupo_sac": "Gestión de riesgos", "sac": "Incendios", "codigo_sac": "GI001", "gestor": "DEISY SUAREZ", "cord_x": 95836.188779499993, "cord_y": 97060.161694499999 }, "geometry": { "type": "Point", "coordinates": [ -74.115051846999961, 4.569654005000075 ] } },
{ "type": "Feature", "properties": { "categoria": "Zonas con riesgo de incendio forestal", "localidad": "RAFAEL URIBE URIBE", "direccion": "DG 45 SUR 5J 36", "cod_locali": 18.0, "grupo_sac": "Gestión de riesgos", "sac": "Incendios", "codigo_sac": "GI001", "gestor": "DEISY SUAREZ", "cord_x": 96266.546114199999, "cord_y": 96236.109108599994 }, "geometry": { "type": "Point", "coordinates": [ -74.111175550999974, 4.562204798000039 ] } },
{ "type": "Feature", "properties": { "categoria": "Zonas con riesgo de incendio forestal", "localidad": "RAFAEL URIBE URIBE", "direccion": "CL 36B SUR 10D 21", "cod_locali": 18.0, "grupo_sac": "Gestión de riesgos", "sac": "Incendios", "codigo_sac": "GI001", "gestor": "DEISY SUAREZ", "cord_x": 96896.399213900004, "cord_y": 96682.993346999996 }, "geometry": { "type": "Point", "coordinates": [ -74.105501659999959, 4.566244107000045 ] } },
{ "type": "Feature", "properties": { "categoria": "Zonas con riesgo de incendio forestal", "localidad": "RAFAEL URIBE URIBE", "direccion": "CL 39F SUR 3C", "cod_locali": 18.0, "grupo_sac": "Gestión de riesgos", "sac": "Incendios", "codigo_sac": "GI001", "gestor": "DEISY SUAREZ", "cord_x": 97245.832598399997, "cord_y": 96003.846374400004 }, "geometry": { "type": "Point", "coordinates": [ -74.102354353999942, 4.560104768000031 ] } },
{ "type": "Feature", "properties": { "categoria": "Emposamiento y encharcamiento", "localidad": "RAFAEL URIBE URIBE", "direccion": "CL 48Y SUR 2A ESTE 16", "cod_locali": 18.0, "grupo_sac": "Gestión de riesgos", "sac": "Inundaciones", "codigo_sac": "GIN004", "gestor": "DEISY SUAREZ", "cord_x": 96664.936536399997, "cord_y": 94528.372684500006 }, "geometry": { "type": "Point", "coordinates": [ -74.107587716999944, 4.546767518000024 ] } },
{ "type": "Feature", "properties": { "categoria": "Emposamiento y encharcamiento", "localidad": "RAFAEL URIBE URIBE", "direccion": "CL 50A SUR 5T 0", "cod_locali": 18.0, "grupo_sac": "Gestión de riesgos", "sac": "Inundaciones", "codigo_sac": "GIN004", "gestor": "DEISY SUAREZ", "cord_x": 95249.518364999996, "cord_y": 95500.536613899996 }, "geometry": { "type": "Point", "coordinates": [ -74.120337088999975, 4.555555979000076 ] } },
{ "type": "Feature", "properties": { "categoria": "Emposamiento y encharcamiento", "localidad": "RAFAEL URIBE URIBE", "direccion": "KR 27 26C SUR 50", "cod_locali": 18.0, "grupo_sac": "Gestión de riesgos", "sac": "Inundaciones", "codigo_sac": "GIN004", "gestor": "DEISY SUAREZ", "cord_x": 96195.270375699998, "cord_y": 99163.501441100001 }, "geometry": { "type": "Point", "coordinates": [ -74.111816319999946, 4.58866699500004 ] } },
{ "type": "Feature", "properties": { "categoria": "Zonas con riesgo de remoción en masa, flujos y receptaciones", "localidad": "RAFAEL URIBE URIBE", "direccion": "CRA 4 E 49C-52 S, DG 49C S 3A-43 E", "cod_locali": 18.0, "grupo_sac": "Gestión de riesgos", "sac": "Movimiento en masa", "codigo_sac": "GM002", "gestor": "DEISY SUAREZ", "cord_x": 96838.687278900004, "cord_y": 93774.412298299998 }, "geometry": { "type": "Point", "coordinates": [ -74.106023, 4.539952 ] } },
{ "type": "Feature", "properties": { "categoria": "Zonas con riesgo de remoción en masa, flujos y receptaciones", "localidad": "RAFAEL URIBE URIBE", "direccion": "Entre la Calle 40 i sur -Carrere 13 c y la Calle 41 sur", "cod_locali": 18.0, "grupo_sac": "Gestión de riesgos", "sac": "Movimiento en masa", "codigo_sac": "GM002", "gestor": "DEISY SUAREZ", "cord_x": 95776.334275700006, "cord_y": 97102.970632099998 }, "geometry": { "type": "Point", "coordinates": [ -74.115591, 4.570041 ] } },
{ "type": "Feature", "properties": { "categoria": "Zonas con riesgo de remoción en masa, flujos y receptaciones", "localidad": "RAFAEL URIBE URIBE", "direccion": "CARRERA 12 BIS CON CALLE 49 A  SUR", "cod_locali": 18.0, "grupo_sac": "Gestión de riesgos", "sac": "Movimiento en masa", "codigo_sac": "GM002", "gestor": "DEISY SUAREZ", "cord_x": 95401.009950699998, "cord_y": 96244.144706799998 }, "geometry": { "type": "Point", "coordinates": [ -74.118972221999968, 4.562277778000066 ] } },
{ "type": "Feature", "properties": { "categoria": "Zonas con riesgo de remoción en masa, flujos y receptaciones", "localidad": "RAFAEL URIBE URIBE", "direccion": "Cr 13C # 40G 24 S", "cod_locali": 18.0, "grupo_sac": "Gestión de riesgos", "sac": "Movimiento en masa", "codigo_sac": "GM002", "gestor": "DEISY SUAREZ", "cord_x": 95548.638074300005, "cord_y": 97350.209253099994 }, "geometry": { "type": "Point", "coordinates": [ -74.117642, 4.572276 ] } },
{ "type": "Feature", "properties": { "categoria": "Zonas con riesgo de remoción en masa, flujos y receptaciones", "localidad": "RAFAEL URIBE URIBE", "direccion": "Calle 51 Sur #11-36", "cod_locali": 18.0, "grupo_sac": "Gestión de riesgos", "sac": "Movimiento en masa", "codigo_sac": "GM002", "gestor": "DEISY SUAREZ", "cord_x": 94935.786021499996, "cord_y": 95968.252764399993 }, "geometry": { "type": "Point", "coordinates": [ -74.123163, 4.559784 ] } },
{ "type": "Feature", "properties": { "categoria": "Zonas con riesgo de remoción en masa, flujos y receptaciones", "localidad": "RAFAEL URIBE URIBE", "direccion": "Transv 13g bis #49B - 27", "cod_locali": 18.0, "grupo_sac": "Gestión de riesgos", "sac": "Movimiento en masa", "codigo_sac": "GM002", "gestor": "DEISY SUAREZ", "cord_x": 95030.901314300005, "cord_y": 96668.183604399994 }, "geometry": { "type": "Point", "coordinates": [ -74.122306, 4.566111 ] } },
{ "type": "Feature", "properties": { "categoria": "Zonas con riesgo de remoción en masa, flujos y receptaciones", "localidad": "RAFAEL URIBE URIBE", "direccion": "Calle 48R Sur # 1A -11 Este", "cod_locali": 18.0, "grupo_sac": "Gestión de riesgos", "sac": "Movimiento en masa", "codigo_sac": "GM002", "gestor": "DEISY SUAREZ", "cord_x": 96924.468118000004, "cord_y": 94391.264834700007 }, "geometry": { "type": "Point", "coordinates": [ -74.10525, 4.545528 ] } },
{ "type": "Feature", "properties": { "categoria": "Zonas con riesgo de remoción en masa, flujos y receptaciones", "localidad": "RAFAEL URIBE URIBE", "direccion": "CLL 48X BIS S  2 - 40 E", "cod_locali": 18.0, "grupo_sac": "Gestión de riesgos", "sac": "Movimiento en masa", "codigo_sac": "GM002", "gestor": "DEISY SUAREZ", "cord_x": 97066.341381799997, "cord_y": 94062.444958799999 }, "geometry": { "type": "Point", "coordinates": [ -74.103972221999982, 4.542555556000025 ] } },
{ "type": "Feature", "properties": { "categoria": "Zonas con riesgo de remoción en masa, flujos y receptaciones", "localidad": "RAFAEL URIBE URIBE", "direccion": "CL 48X BIS SUR 4A ESTE", "cod_locali": 18.0, "grupo_sac": "Gestión de riesgos", "sac": "Movimiento en masa", "codigo_sac": "GM002", "gestor": "DEISY SUAREZ", "cord_x": 97479.605036099994, "cord_y": 93509.3429665 }, "geometry": { "type": "Point", "coordinates": [ -74.10025, 4.537555556000029 ] } },
{ "type": "Feature", "properties": { "categoria": "Zonas con riesgo de remoción en masa, flujos y receptaciones", "localidad": "RAFAEL URIBE URIBE", "direccion": "DG 49 B BIS A SUR # 1B 35 ESTE \n", "cod_locali": 18.0, "grupo_sac": "Gestión de riesgos", "sac": "Movimiento en masa", "codigo_sac": "GM002", "gestor": "DEISY SUAREZ", "cord_x": 96672.481442300006, "cord_y": 94024.195473100001 }, "geometry": { "type": "Point", "coordinates": [ -74.10752, 4.54221 ] } },
{ "type": "Feature", "properties": { "categoria": "Zonas con riesgo de remoción en masa, flujos y receptaciones", "localidad": "RAFAEL URIBE URIBE", "direccion": "ENTRE LAS CALLES CALLE 49B SUR  Y 40C SUR- BARRIOS RIO DE JANEIRO Y DIANA TURBAY LA SERRANIA", "cod_locali": 18.0, "grupo_sac": "Gestión de riesgos", "sac": "Movimiento en masa", "codigo_sac": "GM002", "gestor": "DEISY SUAREZ", "cord_x": 96853.566770899997, "cord_y": 93936.4425778 }, "geometry": { "type": "Point", "coordinates": [ -74.105888888999971, 4.541416667000021 ] } },
{ "type": "Feature", "properties": { "categoria": "Zonas con riesgo de remoción en masa, flujos y receptaciones", "localidad": "RAFAEL URIBE URIBE", "direccion": "DG 52 SUR CON CARRERA 5A BIS", "cod_locali": 18.0, "grupo_sac": "Gestión de riesgos", "sac": "Movimiento en masa", "codigo_sac": "GM002", "gestor": "DEISY SUAREZ", "cord_x": 95782.693251499993, "cord_y": 94302.177324300006 }, "geometry": { "type": "Point", "coordinates": [ -74.115534804999982, 4.54472320900004 ] } },
{ "type": "Feature", "properties": { "categoria": "Zonas con riesgo de remoción en masa, flujos y receptaciones", "localidad": "RAFAEL URIBE URIBE", "direccion": "Carrera 4 D No. 49 A - 09 Sur, Calle 49C Sur entre la Carrera 5 Y Carrera 5 Bis", "cod_locali": 18.0, "grupo_sac": "Gestión de riesgos", "sac": "Movimiento en masa", "codigo_sac": "GM002", "gestor": "DEISY SUAREZ", "cord_x": 96265.697386500004, "cord_y": 94418.111859600001 }, "geometry": { "type": "Point", "coordinates": [ -74.111184, 4.545771 ] } },
{ "type": "Feature", "properties": { "categoria": "Zonas con riesgo de remoción en masa, flujos y receptaciones", "localidad": "RAFAEL URIBE URIBE", "direccion": "TODO EL BARRIO", "cod_locali": 18.0, "grupo_sac": "Gestión de riesgos", "sac": "Movimiento en masa", "codigo_sac": "GM002", "gestor": "DEISY SUAREZ", "cord_x": 97050.233647800007, "cord_y": 94658.322069899994 }, "geometry": { "type": "Point", "coordinates": [ -74.104117, 4.547942 ] } },
{ "type": "Feature", "properties": { "categoria": "Zonas con riesgo de remoción en masa, flujos y receptaciones", "localidad": "RAFAEL URIBE URIBE", "direccion": "CARRERA 12 BIS CON CALLE 49 A  SUR", "cod_locali": 18.0, "grupo_sac": "Gestión de riesgos", "sac": "Movimiento en masa", "codigo_sac": "GM002", "gestor": "DEISY SUAREZ", "cord_x": 95401.009950699998, "cord_y": 96244.144706799998 }, "geometry": { "type": "Point", "coordinates": [ -74.118972221999968, 4.562277778000066 ] } },
{ "type": "Feature", "properties": { "categoria": "Zonas con riesgo de remoción en masa, flujos y receptaciones", "localidad": "RAFAEL URIBE URIBE", "direccion": "Calle 48 K Sur con carrera 11 A\nCalle 49A Sur No. 11A", "cod_locali": 18.0, "grupo_sac": "Gestión de riesgos", "sac": "Movimiento en masa", "codigo_sac": "GM002", "gestor": "DEISY SUAREZ", "cord_x": 95438.009918600001, "cord_y": 96360.917523700002 }, "geometry": { "type": "Point", "coordinates": [ -74.118638888999953, 4.56333333300006 ] } },
{ "type": "Feature", "properties": { "categoria": "Zonas con riesgo de remoción en masa, flujos y receptaciones", "localidad": "RAFAEL URIBE URIBE", "direccion": "Calle 49 Bis Sur No. 5F-12 \n", "cod_locali": 18.0, "grupo_sac": "Gestión de riesgos", "sac": "Movimiento en masa", "codigo_sac": "GM002", "gestor": "DEISY SUAREZ", "cord_x": 96012.005915000002, "cord_y": 94850.645485600005 }, "geometry": { "type": "Point", "coordinates": [ -74.113469, 4.549681 ] } },
{ "type": "Feature", "properties": { "categoria": "Zonas con riesgo de remoción en masa, flujos y receptaciones", "localidad": "RAFAEL URIBE URIBE", "direccion": "DG 32H SUR 13 27", "cod_locali": 18.0, "grupo_sac": "Gestión de riesgos", "sac": "Movimiento en masa", "codigo_sac": "GM002", "gestor": "DEISY SUAREZ", "cord_x": 95999.679152800003, "cord_y": 97361.955004599993 }, "geometry": { "type": "Point", "coordinates": [ -74.113579, 4.572382 ] } },
{ "type": "Feature", "properties": { "categoria": "Zonas con riesgo de remoción en masa, flujos y receptaciones", "localidad": "RAFAEL URIBE URIBE", "direccion": "Cra. 10 #48F -79 SUR \n", "cod_locali": 18.0, "grupo_sac": "Gestión de riesgos", "sac": "Movimiento en masa", "codigo_sac": "GM002", "gestor": "DEISY SUAREZ", "cord_x": 95718.648407000001, "cord_y": 96145.836007499995 }, "geometry": { "type": "Point", "coordinates": [ -74.116111, 4.561389 ] } },
{ "type": "Feature", "properties": { "categoria": "Zonas con riesgo de remoción en masa, flujos y receptaciones", "localidad": "RAFAEL URIBE URIBE", "direccion": "Dg. 48j Sur #1-96 \n", "cod_locali": 18.0, "grupo_sac": "Gestión de riesgos", "sac": "Movimiento en masa", "codigo_sac": "GM002", "gestor": "DEISY SUAREZ", "cord_x": 96841.133673499993, "cord_y": 95678.793507399998 }, "geometry": { "type": "Point", "coordinates": [ -74.106, 4.557166667000047 ] } },
{ "type": "Feature", "properties": { "categoria": "Zonas con riesgo de remoción en masa, flujos y receptaciones", "localidad": "RAFAEL URIBE URIBE", "direccion": "CL 48R SUR ENTRE KR 2A ESTE Y 2D ESTE", "cod_locali": 18.0, "grupo_sac": "Gestión de riesgos", "sac": "Movimiento en masa", "codigo_sac": "GM002", "gestor": "DEISY SUAREZ", "cord_x": 97052.418988499994, "cord_y": 94233.247483600004 }, "geometry": { "type": "Point", "coordinates": [ -74.104097539999941, 4.544099534000054 ] } },
{ "type": "Feature", "properties": { "categoria": "Zonas con riesgo de remoción en masa, flujos y receptaciones", "localidad": "RAFAEL URIBE URIBE", "direccion": "Carrera 3G Bis este No. 59 - 16 sur\nCarrera 3F este No. 50-02 sur", "cod_locali": 18.0, "grupo_sac": "Gestión de riesgos", "sac": "Movimiento en masa", "codigo_sac": "GM002", "gestor": "DEISY SUAREZ", "cord_x": 96934.184503600001, "cord_y": 93792.350943800004 }, "geometry": { "type": "Point", "coordinates": [ -74.105162786999983, 4.540114108000068 ] } },
{ "type": "Feature", "properties": { "categoria": "Zonas con riesgo de remoción en masa, flujos y receptaciones", "localidad": "RAFAEL URIBE URIBE", "direccion": "DG 51 A BIS SUR", "cod_locali": 18.0, "grupo_sac": "Gestión de riesgos", "sac": "Movimiento en masa", "codigo_sac": "GM002", "gestor": "DEISY SUAREZ", "cord_x": 96477.351876300003, "cord_y": 93773.557022499997 }, "geometry": { "type": "Point", "coordinates": [ -74.109277777999978, 4.539944444000071 ] } },
{ "type": "Feature", "properties": { "categoria": "Zonas con riesgo de remoción en masa, flujos y receptaciones", "localidad": "RAFAEL URIBE URIBE", "direccion": "CARRERA 12 CON CALLE 48C SUR", "cod_locali": 18.0, "grupo_sac": "Gestión de riesgos", "sac": "Movimiento en masa", "codigo_sac": "GM002", "gestor": "DEISY SUAREZ", "cord_x": 96020.826100499995, "cord_y": 96042.557128 }, "geometry": { "type": "Point", "coordinates": [ -74.11338905599996, 4.56045528900006 ] } },
{ "type": "Feature", "properties": { "categoria": "Zonas con riesgo de remoción en masa, flujos y receptaciones", "localidad": "RAFAEL URIBE URIBE", "direccion": "Transversal 13 H Bis A No.49 D 43 Sur - Parque", "cod_locali": 18.0, "grupo_sac": "Gestión de riesgos", "sac": "Movimiento en masa", "codigo_sac": "GM002", "gestor": "DEISY SUAREZ", "cord_x": 94929.102557200007, "cord_y": 96665.746472400002 }, "geometry": { "type": "Point", "coordinates": [ -74.123223, 4.566089 ] } },
{ "type": "Feature", "properties": { "categoria": "Zonas con riesgo de remoción en masa, flujos y receptaciones", "localidad": "RAFAEL URIBE URIBE", "direccion": "Calle 39 F sur entre KR 8 bis y KR 7b", "cod_locali": 18.0, "grupo_sac": "Gestión de riesgos", "sac": "Movimiento en masa", "codigo_sac": "GM002", "gestor": "DEISY SUAREZ", "cord_x": 96891.283767999994, "cord_y": 96176.979991400003 }, "geometry": { "type": "Point", "coordinates": [ -74.105548, 4.56167 ] } },
{ "type": "Feature", "properties": { "categoria": "Zonas con riesgo de remoción en masa, flujos y receptaciones", "localidad": "RAFAEL URIBE URIBE", "direccion": "DG 48M Sur 5R-16 \n", "cod_locali": 18.0, "grupo_sac": "Gestión de riesgos", "sac": "Movimiento en masa", "codigo_sac": "GM002", "gestor": "DEISY SUAREZ", "cord_x": 95949.937811700001, "cord_y": 95629.581407899997 }, "geometry": { "type": "Point", "coordinates": [ -74.114027777999979, 4.556722222000076 ] } },
{ "type": "Feature", "properties": { "categoria": "Zonas con riesgo de remoción en masa, flujos y receptaciones", "localidad": "RAFAEL URIBE URIBE", "direccion": "AV. CARACAS/CLL 51 SUR 11A 26\n", "cod_locali": 18.0, "grupo_sac": "Gestión de riesgos", "sac": "Movimiento en masa", "codigo_sac": "GM002", "gestor": "DEISY SUAREZ", "cord_x": 94903.330206900006, "cord_y": 96000.4058047 }, "geometry": { "type": "Point", "coordinates": [ -74.123455348999983, 4.56007465700003 ] } },
{ "type": "Feature", "properties": { "categoria": "Zonas con riesgo de remoción en masa, flujos y receptaciones", "localidad": "RAFAEL URIBE URIBE", "direccion": "Cr 13 B # 49 Sur - 83 \n", "cod_locali": 18.0, "grupo_sac": "Gestión de riesgos", "sac": "Movimiento en masa", "codigo_sac": "GM002", "gestor": "DEISY SUAREZ", "cord_x": 95228.614979899998, "cord_y": 96677.151188899996 }, "geometry": { "type": "Point", "coordinates": [ -74.120525, 4.566192 ] } },
{ "type": "Feature", "properties": { "categoria": "Zonas con riesgo de remoción en masa, flujos y receptaciones", "localidad": "RAFAEL URIBE URIBE", "direccion": "Calle 48B Sur No 5F-30  \n", "cod_locali": 18.0, "grupo_sac": "Gestión de riesgos", "sac": "Movimiento en masa", "codigo_sac": "GM002", "gestor": "DEISY SUAREZ", "cord_x": 96432.367982099997, "cord_y": 95894.638811299999 }, "geometry": { "type": "Point", "coordinates": [ -74.109682, 4.559118 ] } },
{ "type": "Feature", "properties": { "categoria": "Zonas con riesgo de remoción en masa, flujos y receptaciones", "localidad": "RAFAEL URIBE URIBE", "direccion": "Carrera 10 C No. 49F 98 Sur", "cod_locali": 18.0, "grupo_sac": "Gestión de riesgos", "sac": "Movimiento en masa", "codigo_sac": "GM002", "gestor": "DEISY SUAREZ", "cord_x": 95098.310352700006, "cord_y": 95967.926336200006 }, "geometry": { "type": "Point", "coordinates": [ -74.121699, 4.559781 ] } },
{ "type": "Feature", "properties": { "categoria": "Zonas con riesgo de remoción en masa, flujos y receptaciones", "localidad": "RAFAEL URIBE URIBE", "direccion": "Calle 48Z Sur entre Carreras 3 A Este y 7 Este", "cod_locali": 18.0, "grupo_sac": "Gestión de riesgos", "sac": "Movimiento en masa", "codigo_sac": "GM002", "gestor": "DEISY SUAREZ", "cord_x": 97042.732829899993, "cord_y": 93835.489255399996 }, "geometry": { "type": "Point", "coordinates": [ -74.104185, 4.540504 ] } },
{ "type": "Feature", "properties": { "categoria": "Zonas con riesgo de remoción en masa, flujos y receptaciones", "localidad": "RAFAEL URIBE URIBE", "direccion": "Calle 49C BIS D SUR # 3- 15 ESTE", "cod_locali": 18.0, "grupo_sac": "Gestión de riesgos", "sac": "Movimiento en masa", "codigo_sac": "GM002", "gestor": "DEISY SUAREZ", "cord_x": 96763.195696399998, "cord_y": 93775.624983000002 }, "geometry": { "type": "Point", "coordinates": [ -74.106703, 4.539963 ] } },
{ "type": "Feature", "properties": { "categoria": "Zonas con riesgo de remoción en masa, flujos y receptaciones", "localidad": "RAFAEL URIBE URIBE", "direccion": "KR 14 # 38 02", "cod_locali": 18.0, "grupo_sac": "Gestión de riesgos", "sac": "Movimiento en masa", "codigo_sac": "GM002", "gestor": "DEISY SUAREZ", "cord_x": 95314.056744100002, "cord_y": 97699.666293400005 }, "geometry": { "type": "Point", "coordinates": [ -74.119755, 4.575435 ] } },
{ "type": "Feature", "properties": { "categoria": "Zonas con riesgo de remoción en masa, flujos y receptaciones", "localidad": "RAFAEL URIBE URIBE", "direccion": "COLEGIO MARIA CANO (CL 48F SUR 9)", "cod_locali": 18.0, "grupo_sac": "Gestión de riesgos", "sac": "Movimiento en masa", "codigo_sac": "GM002", "gestor": "DEISY SUAREZ", "cord_x": 95812.166833700001, "cord_y": 95923.429901900003 }, "geometry": { "type": "Point", "coordinates": [ -74.115268681999964, 4.559378523000021 ] } },
{ "type": "Feature", "properties": { "categoria": "Zonas con riesgo de remoción en masa, flujos y receptaciones", "localidad": "RAFAEL URIBE URIBE", "direccion": "KR 13 B 32 F 11 SUR", "cod_locali": 18.0, "grupo_sac": "Gestión de riesgos", "sac": "Movimiento en masa", "codigo_sac": "GM002", "gestor": "DEISY SUAREZ", "cord_x": 95988.569947099997, "cord_y": 97536.8535118 }, "geometry": { "type": "Point", "coordinates": [ -74.113679, 4.573963 ] } },
{ "type": "Feature", "properties": { "categoria": "Zonas con riesgo de remoción en masa, flujos y receptaciones", "localidad": "RAFAEL URIBE URIBE", "direccion": "Diagonal 32D Bis A Sur # 14C – 29 (dirección nueva)", "cod_locali": 18.0, "grupo_sac": "Gestión de riesgos", "sac": "Movimiento en masa", "codigo_sac": "GM002", "gestor": "DEISY SUAREZ", "cord_x": 96264.388289800001, "cord_y": 97464.136458299996 }, "geometry": { "type": "Point", "coordinates": [ -74.111194443999977, 4.573305556000037 ] } },
{ "type": "Feature", "properties": { "categoria": "Necesidad de procesos de educación ambiental comunitaria", "localidad": "RAFAEL URIBE URIBE", "direccion": "CL 31 A SUR No. 12 D - 0", "cod_locali": 18.0, "grupo_sac": "Ordenamiento ambiental de territorio", "sac": "Usos del suelo", "codigo_sac": "PE002", "gestor": "DEISY SUAREZ", "cord_x": 96881.4576676, "cord_y": 97423.585471 }, "geometry": { "type": "Point", "coordinates": [ -74.105635872999983, 4.572938699000076 ] } },
{ "type": "Feature", "properties": { "categoria": "Necesidad de procesos de educación ambiental comunitaria", "localidad": "RAFAEL URIBE URIBE", "direccion": "CL 31 A SUR No. 12 D - 0", "cod_locali": 18.0, "grupo_sac": "Participación y educación ambiental", "sac": "Educación ambiental", "codigo_sac": "PE002", "gestor": "DEISY SUAREZ", "cord_x": 96881.4576676, "cord_y": 97423.585471 }, "geometry": { "type": "Point", "coordinates": [ -74.105635872999983, 4.572938699000076 ] } },
{ "type": "Feature", "properties": { "categoria": "Necesidad de procesos de educación ambiental comunitaria", "localidad": "RAFAEL URIBE URIBE", "direccion": "CL 28 SUR No. 14 - 51", "cod_locali": 18.0, "grupo_sac": "Participación y educación ambiental", "sac": "Educación ambiental", "codigo_sac": "PE002", "gestor": "DEISY SUAREZ", "cord_x": 96512.606587200004, "cord_y": 98016.582427200003 }, "geometry": { "type": "Point", "coordinates": [ -74.108958220999966, 4.578299277000042 ] } },
{ "type": "Feature", "properties": { "categoria": "Necesidad de procesos de educación ambiental comunitaria", "localidad": "RAFAEL URIBE URIBE", "direccion": "CR 5 U No. 49 - 0 SUR", "cod_locali": 18.0, "grupo_sac": "Participación y educación ambiental", "sac": "Educación ambiental", "codigo_sac": "PE002", "gestor": "DEISY SUAREZ", "cord_x": 95597.857678100001, "cord_y": 95421.686847899997 }, "geometry": { "type": "Point", "coordinates": [ -74.117199336999988, 4.554843095000024 ] } },
{ "type": "Feature", "properties": { "categoria": "Vertimientos aguas residuales domesticas", "localidad": "SUMAPAZ", "direccion": "SIN DATO", "cod_locali": 20.0, "grupo_sac": "Estructura ecológica principal y espacios del agua", "sac": "Contaminación Hídrica", "codigo_sac": "EH003", "gestor": "Andrey Ardila", "cord_x": 92440.576147300002, "cord_y": 52997.716352800002 }, "geometry": { "type": "Point", "coordinates": [ -74.145640047999962, 4.171349889000055 ] } },
{ "type": "Feature", "properties": { "categoria": "Necesidad de procesos de educación ambiental comunitaria", "localidad": "RAFAEL URIBE URIBE", "direccion": "CR 3 A BIS ESTE No. 60 - 0 SUR", "cod_locali": 18.0, "grupo_sac": "Participación y educación ambiental", "sac": "Educación ambiental", "codigo_sac": "PE002", "gestor": "DEISY SUAREZ", "cord_x": 96983.840765800007, "cord_y": 93502.492146400007 }, "geometry": { "type": "Point", "coordinates": [ -74.104715651999982, 4.537493900000072 ] } },
{ "type": "Feature", "properties": { "categoria": "Necesidad de procesos de educación ambiental comunitaria", "localidad": "RAFAEL URIBE URIBE", "direccion": "CL 41 SUR No. 26 - 90", "cod_locali": 18.0, "grupo_sac": "Participación y educación ambiental", "sac": "Educación ambiental", "codigo_sac": "PE002", "gestor": "DEISY SUAREZ", "cord_x": 94895.198860999997, "cord_y": 98555.954898299999 }, "geometry": { "type": "Point", "coordinates": [ -74.123527856999942, 4.583175553000046 ] } },
{ "type": "Feature", "properties": { "categoria": "Necesidad de procesos de educación ambiental comunitaria", "localidad": "RAFAEL URIBE URIBE", "direccion": "CL 52 SUR No. 1 B - 50 ESTE", "cod_locali": 18.0, "grupo_sac": "Participación y educación ambiental", "sac": "Educación ambiental", "codigo_sac": "PE002", "gestor": "DEISY SUAREZ", "cord_x": 96366.922627099993, "cord_y": 93931.1096063 }, "geometry": { "type": "Point", "coordinates": [ -74.110272412999961, 4.541368693000038 ] } },
{ "type": "Feature", "properties": { "categoria": "Necesidad de procesos de educación ambiental comunitaria", "localidad": "RAFAEL URIBE URIBE", "direccion": "CR 21 B No. 28 B - 12 SUR", "cod_locali": 18.0, "grupo_sac": "Participación y educación ambiental", "sac": "Educación ambiental", "codigo_sac": "PE002", "gestor": "DEISY SUAREZ", "cord_x": 96289.882599400007, "cord_y": 98421.659638500001 }, "geometry": { "type": "Point", "coordinates": [ -74.110964361999947, 4.581961075000038 ] } },
{ "type": "Feature", "properties": { "categoria": "Necesidad de procesos de educación ambiental comunitaria", "localidad": "RAFAEL URIBE URIBE", "direccion": "CL 31 A SUR No. 12 D - 0", "cod_locali": 18.0, "grupo_sac": "Participación y educación ambiental", "sac": "Reconocimiento territorial", "codigo_sac": "PE002", "gestor": "DEISY SUAREZ", "cord_x": 96881.4576676, "cord_y": 97423.585471 }, "geometry": { "type": "Point", "coordinates": [ -74.105635872999983, 4.572938699000076 ] } },
{ "type": "Feature", "properties": { "categoria": "Necesidad de procesos de educación ambiental comunitaria", "localidad": "RAFAEL URIBE URIBE", "direccion": "CL 39 SUR No. 28 A - 12", "cod_locali": 18.0, "grupo_sac": "Participación y educación ambiental", "sac": "Educación ambiental", "codigo_sac": "PE002", "gestor": "DEISY SUAREZ", "cord_x": 95023.858019199994, "cord_y": 98925.306992700003 }, "geometry": { "type": "Point", "coordinates": [ -74.122368759999972, 4.586514273000034 ] } },
{ "type": "Feature", "properties": { "categoria": "Necesidad de procesos de educación ambiental comunitaria", "localidad": "RAFAEL URIBE URIBE", "direccion": "CL 50 B No. 11 A - 42 SUR", "cod_locali": 18.0, "grupo_sac": "Participación y educación ambiental", "sac": "Educación ambiental", "codigo_sac": "PE002", "gestor": "DEISY SUAREZ", "cord_x": 94974.416066899998, "cord_y": 96036.853253499998 }, "geometry": { "type": "Point", "coordinates": [ -74.12281500499995, 4.560404103000053 ] } },
{ "type": "Feature", "properties": { "categoria": "Necesidad de procesos de educación ambiental comunitaria", "localidad": "RAFAEL URIBE URIBE", "direccion": "DG 54 C SUR No. 3 F - 48", "cod_locali": 18.0, "grupo_sac": "Participación y educación ambiental", "sac": "Educación ambiental", "codigo_sac": "PE002", "gestor": "DEISY SUAREZ", "cord_x": 98247.451142799997, "cord_y": 93312.109574200003 }, "geometry": { "type": "Point", "coordinates": [ -74.093333676999976, 4.535772185000042 ] } },
{ "type": "Feature", "properties": { "categoria": "Necesidad de procesos de educación ambiental comunitaria", "localidad": "RAFAEL URIBE URIBE", "direccion": "CL 36 SUR No. 13 F - 85", "cod_locali": 18.0, "grupo_sac": "Participación y educación ambiental", "sac": "Educación ambiental", "codigo_sac": "PE002", "gestor": "DEISY SUAREZ", "cord_x": 95590.949032799996, "cord_y": 97506.199172499997 }, "geometry": { "type": "Point", "coordinates": [ -74.117260803999955, 4.573686056000042 ] } },
{ "type": "Feature", "properties": { "categoria": "Necesidad de procesos de educación ambiental comunitaria", "localidad": "RAFAEL URIBE URIBE", "direccion": "CL 52 SUR No. 1 B - 50", "cod_locali": 18.0, "grupo_sac": "Participación y educación ambiental", "sac": "Educación ambiental", "codigo_sac": "PE002", "gestor": "DEISY SUAREZ", "cord_x": 96364.658448799993, "cord_y": 93926.921706299996 }, "geometry": { "type": "Point", "coordinates": [ -74.110292809999976, 4.541330838000022 ] } },
{ "type": "Feature", "properties": { "categoria": "Necesidad de procesos de educación ambiental comunitaria", "localidad": "RAFAEL URIBE URIBE", "direccion": "CL 41 B SUR No. 23 C - 74", "cod_locali": 18.0, "grupo_sac": "Participación y educación ambiental", "sac": "Educación ambiental", "codigo_sac": "PE002", "gestor": "DEISY SUAREZ", "cord_x": 94986.3719213, "cord_y": 98103.548761800004 }, "geometry": { "type": "Point", "coordinates": [ -74.122706688999983, 4.579086001000064 ] } },
{ "type": "Feature", "properties": { "categoria": "Tenencia inadecuada de animales de compañía", "localidad": "SUMAPAZ", "direccion": "SIN DATO", "cod_locali": 20.0, "grupo_sac": "Fauna", "sac": "Fauna doméstica y animales de compañía", "codigo_sac": "FD001", "gestor": "Andrey Ardila", "cord_x": 70493.0903693, "cord_y": 34311.6425714 }, "geometry": { "type": "Point", "coordinates": [ -74.343197295999971, 4.002411250000023 ] } },
{ "type": "Feature", "properties": { "categoria": "Necesidad de procesos de educación ambiental comunitaria", "localidad": "RAFAEL URIBE URIBE", "direccion": "CR 24 B No. 29 - 2", "cod_locali": 18.0, "grupo_sac": "Participación y educación ambiental", "sac": "Educación ambiental", "codigo_sac": "PE002", "gestor": "DEISY SUAREZ", "cord_x": 96062.808295800001, "cord_y": 98741.289567600004 }, "geometry": { "type": "Point", "coordinates": [ -74.113009748999957, 4.58485046900006 ] } },
{ "type": "Feature", "properties": { "categoria": "Necesidad de procesos de educación ambiental comunitaria", "localidad": "RAFAEL URIBE URIBE", "direccion": "CR 12 B No. 24 - 0 SUR", "cod_locali": 18.0, "grupo_sac": "Participación y educación ambiental", "sac": "Reconocimiento territorial", "codigo_sac": "PE002", "gestor": "DEISY SUAREZ", "cord_x": 97410.442259400006, "cord_y": 97917.193648999993 }, "geometry": { "type": "Point", "coordinates": [ -74.100870472999986, 4.577400381000075 ] } },
{ "type": "Feature", "properties": { "categoria": "Necesidad de procesos de educación ambiental comunitaria", "localidad": "RAFAEL URIBE URIBE", "direccion": "CR 21 B No. 28 B - 12 SUR", "cod_locali": 18.0, "grupo_sac": "Participación y educación ambiental", "sac": "Educación ambiental", "codigo_sac": "PE002", "gestor": "DEISY SUAREZ", "cord_x": 96278.169036099993, "cord_y": 98430.944762900006 }, "geometry": { "type": "Point", "coordinates": [ -74.111069875999988, 4.582045014000073 ] } },
{ "type": "Feature", "properties": { "categoria": "Necesidad de procesos de educación ambiental comunitaria", "localidad": "RAFAEL URIBE URIBE", "direccion": "AV CARACAS No. 23 - 24 SUR", "cod_locali": 18.0, "grupo_sac": "Participación y educación ambiental", "sac": "Reconocimiento territorial", "codigo_sac": "PE002", "gestor": "DEISY SUAREZ", "cord_x": 96707.545852700001, "cord_y": 98761.233676799995 }, "geometry": { "type": "Point", "coordinates": [ -74.107201817999965, 4.585030457000073 ] } },
{ "type": "Feature", "properties": { "categoria": "Necesidad de procesos de educación ambiental comunitaria", "localidad": "RAFAEL URIBE URIBE", "direccion": "CR 13 N No. 32 F - 16 SUR", "cod_locali": 18.0, "grupo_sac": "Participación y educación ambiental", "sac": "Educación ambiental", "codigo_sac": "PE002", "gestor": "DEISY SUAREZ", "cord_x": 96094.712696100003, "cord_y": 97354.382002099999 }, "geometry": { "type": "Point", "coordinates": [ -74.112722936999944, 4.572313504000022 ] } },
{ "type": "Feature", "properties": { "categoria": "Necesidad de procesos de educación ambiental comunitaria", "localidad": "RAFAEL URIBE URIBE", "direccion": "TV 5 C No. 51 A - 30 SUR", "cod_locali": 18.0, "grupo_sac": "Participación y educación ambiental", "sac": "Educación ambiental", "codigo_sac": "PE002", "gestor": "DEISY SUAREZ", "cord_x": 95803.466934299999, "cord_y": 94500.528324300001 }, "geometry": { "type": "Point", "coordinates": [ -74.115347604999954, 4.546516197000074 ] } },
{ "type": "Feature", "properties": { "categoria": "Necesidad de procesos de educación ambiental comunitaria", "localidad": "RAFAEL URIBE URIBE", "direccion": "CL 5 A SUR No. 5 C - 40", "cod_locali": 18.0, "grupo_sac": "Participación y educación ambiental", "sac": "Reconocimiento territorial", "codigo_sac": "PE002", "gestor": "DEISY SUAREZ", "cord_x": 95995.336626999997, "cord_y": 94617.150412400006 }, "geometry": { "type": "Point", "coordinates": [ -74.113619248999953, 4.547570326000027 ] } },
{ "type": "Feature", "properties": { "categoria": "Necesidad de procesos de educación ambiental comunitaria", "localidad": "RAFAEL URIBE URIBE", "direccion": "CR 5 F No. 48 V - 0", "cod_locali": 18.0, "grupo_sac": "Participación y educación ambiental", "sac": "Reconocimiento territorial", "codigo_sac": "PE002", "gestor": "DEISY SUAREZ", "cord_x": 96320.258926099996, "cord_y": 95486.902283599993 }, "geometry": { "type": "Point", "coordinates": [ -74.110692046999986, 4.555432315000076 ] } },
{ "type": "Feature", "properties": { "categoria": "Necesidad de procesos de educación ambiental comunitaria", "localidad": "RAFAEL URIBE URIBE", "direccion": "CL 31 A SUR No. 12 D - 0", "cod_locali": 18.0, "grupo_sac": "Participación y educación ambiental", "sac": "Educación ambiental", "codigo_sac": "PE002", "gestor": "DEISY SUAREZ", "cord_x": 96881.4576676, "cord_y": 97423.585471 }, "geometry": { "type": "Point", "coordinates": [ -74.105635872999983, 4.572938699000076 ] } },
{ "type": "Feature", "properties": { "categoria": "Necesidad de procesos de educación ambiental comunitaria", "localidad": "RAFAEL URIBE URIBE", "direccion": "CR 10 No. 27 - 0", "cod_locali": 18.0, "grupo_sac": "Participación y educación ambiental", "sac": "Educación ambiental", "codigo_sac": "PE002", "gestor": "DEISY SUAREZ", "cord_x": 96156.452675499997, "cord_y": 94974.727947000007 }, "geometry": { "type": "Point", "coordinates": [ -74.112167805999945, 4.550802583000063 ] } },
{ "type": "Feature", "properties": { "categoria": "Necesidad de procesos de educación ambiental comunitaria", "localidad": "RAFAEL URIBE URIBE", "direccion": "CR 13 A No. 49 C - 24", "cod_locali": 18.0, "grupo_sac": "Participación y educación ambiental", "sac": "Educación ambiental", "codigo_sac": "PE002", "gestor": "DEISY SUAREZ", "cord_x": 94889.248102800004, "cord_y": 96574.942798699994 }, "geometry": { "type": "Point", "coordinates": [ -74.12358203399998, 4.56526819100003 ] } },
{ "type": "Feature", "properties": { "categoria": "Necesidad de procesos de educación ambiental comunitaria", "localidad": "RAFAEL URIBE URIBE", "direccion": "AV CARACAS No. 23 - 24 SUR", "cod_locali": 18.0, "grupo_sac": "Participación y educación ambiental", "sac": "Reconocimiento territorial", "codigo_sac": "PE002", "gestor": "DEISY SUAREZ", "cord_x": 96707.545852700001, "cord_y": 98761.233676799995 }, "geometry": { "type": "Point", "coordinates": [ -74.107201817999965, 4.585030457000073 ] } },
{ "type": "Feature", "properties": { "categoria": "Necesidad de procesos de educación ambiental comunitaria", "localidad": "RAFAEL URIBE URIBE", "direccion": "CR 5 D No. 48 M - 15", "cod_locali": 18.0, "grupo_sac": "Participación y educación ambiental", "sac": "Educación ambiental", "codigo_sac": "PE002", "gestor": "DEISY SUAREZ", "cord_x": 96353.892193799998, "cord_y": 95394.4554087 }, "geometry": { "type": "Point", "coordinates": [ -74.110389125999973, 4.554596625000045 ] } },
{ "type": "Feature", "properties": { "categoria": "Necesidad de procesos de educación ambiental comunitaria", "localidad": "RAFAEL URIBE URIBE", "direccion": "CR 24 No. 44 - 5 SUR", "cod_locali": 18.0, "grupo_sac": "Participación y educación ambiental", "sac": "Educación ambiental", "codigo_sac": "PE002", "gestor": "DEISY SUAREZ", "cord_x": 94689.342264799998, "cord_y": 98079.990204600006 }, "geometry": { "type": "Point", "coordinates": [ -74.125382375999948, 4.578873128000055 ] } },
{ "type": "Feature", "properties": { "categoria": "Necesidad de procesos de educación ambiental comunitaria", "localidad": "RAFAEL URIBE URIBE", "direccion": "CL 37 SUR No. 23 - 51", "cod_locali": 18.0, "grupo_sac": "Participación y educación ambiental", "sac": "Educación ambiental", "codigo_sac": "PE002", "gestor": "DEISY SUAREZ", "cord_x": 95378.023183500001, "cord_y": 98224.827780499996 }, "geometry": { "type": "Point", "coordinates": [ -74.119178604999945, 4.580182176000051 ] } },
{ "type": "Feature", "properties": { "categoria": "Necesidad de procesos de educación ambiental comunitaria", "localidad": "RAFAEL URIBE URIBE", "direccion": "CR 5 D No. 48 M - 15 SUR", "cod_locali": 18.0, "grupo_sac": "Participación y educación ambiental", "sac": "Educación ambiental", "codigo_sac": "PE002", "gestor": "DEISY SUAREZ", "cord_x": 96353.892193799998, "cord_y": 95394.4554087 }, "geometry": { "type": "Point", "coordinates": [ -74.110389125999973, 4.554596625000045 ] } },
{ "type": "Feature", "properties": { "categoria": "Necesidad de procesos de educación ambiental comunitaria", "localidad": "RAFAEL URIBE URIBE", "direccion": "AV CARACAS No. 23 - 24 SUR", "cod_locali": 18.0, "grupo_sac": "Participación y educación ambiental", "sac": "Reconocimiento territorial", "codigo_sac": "PE002", "gestor": "DEISY SUAREZ", "cord_x": 96707.545852700001, "cord_y": 98761.233676799995 }, "geometry": { "type": "Point", "coordinates": [ -74.107201817999965, 4.585030457000073 ] } },
{ "type": "Feature", "properties": { "categoria": "Necesidad de procesos de educación ambiental comunitaria", "localidad": "RAFAEL URIBE URIBE", "direccion": "CL 48 X SUR No. 5 P - 18", "cod_locali": 18.0, "grupo_sac": "Participación y educación ambiental", "sac": "Educación ambiental", "codigo_sac": "PE002", "gestor": "DEISY SUAREZ", "cord_x": 95875.958884299995, "cord_y": 95499.972192999994 }, "geometry": { "type": "Point", "coordinates": [ -74.114694219999933, 4.555550649000054 ] } },
{ "type": "Feature", "properties": { "categoria": "Necesidad de procesos de educación ambiental comunitaria", "localidad": "RAFAEL URIBE URIBE", "direccion": "CR 12 BIS No. 31 - 45 SUR", "cod_locali": 18.0, "grupo_sac": "Participación y educación ambiental", "sac": "Educación ambiental", "codigo_sac": "PE002", "gestor": "DEISY SUAREZ", "cord_x": 97012.333009499998, "cord_y": 97224.179357200002 }, "geometry": { "type": "Point", "coordinates": [ -74.104457047999972, 4.571136098000068 ] } },
{ "type": "Feature", "properties": { "categoria": "Necesidad de procesos de educación ambiental comunitaria", "localidad": "RAFAEL URIBE URIBE", "direccion": "TV 5 P No. 48 K - 19 SUR", "cod_locali": 18.0, "grupo_sac": "Participación y educación ambiental", "sac": "Educación ambiental", "codigo_sac": "PE002", "gestor": "DEISY SUAREZ", "cord_x": 95916.024943299999, "cord_y": 95707.048997899998 }, "geometry": { "type": "Point", "coordinates": [ -74.114333227999964, 4.557422505000034 ] } },
{ "type": "Feature", "properties": { "categoria": "Vertimientos ilegales industriales", "localidad": "CIUDAD BOLÍVAR", "direccion": "Cra. 19 bis a # 59a18 Sur", "cod_locali": 19.0, "grupo_sac": "Estructura ecológica principal y espacios del agua", "sac": "Contaminación Hídrica", "codigo_sac": "EH004", "gestor": "MIGUEL ÁNGEL SÁNCHEZ BAUTISTA", "cord_x": 93079.963322800002, "cord_y": 96372.660826399995 }, "geometry": { "type": "Point", "coordinates": [ -74.13988, 4.56344 ] } },
{ "type": "Feature", "properties": { "categoria": "Invasión de áreas protegidas", "localidad": "CIUDAD BOLÍVAR", "direccion": "PDEM Cerro Seco", "cod_locali": 19.0, "grupo_sac": "Ordenamiento ambiental de territorio", "sac": "Usos del suelo", "codigo_sac": "OU002", "gestor": "MIGUEL ÁNGEL SÁNCHEZ BAUTISTA", "cord_x": 89967.127968800007, "cord_y": 95624.863949799997 }, "geometry": { "type": "Point", "coordinates": [ -74.16792, 4.55668 ] } },
{ "type": "Feature", "properties": { "categoria": "Necesidad de procesos de participación ciudadana en el territorio", "localidad": "CIUDAD BOLÍVAR", "direccion": "Cra. 15 # 76a 20 sur", "cod_locali": 19.0, "grupo_sac": "Participación y educación ambiental", "sac": "Reconocimiento territorial", "codigo_sac": "PR002", "gestor": "MIGUEL ÁNGEL SÁNCHEZ BAUTISTA", "cord_x": 93560.691488299999, "cord_y": 93722.080228100007 }, "geometry": { "type": "Point", "coordinates": [ -74.13555, 4.53948 ] } },
{ "type": "Feature", "properties": { "categoria": "Actividades extractivas", "localidad": "CIUDAD BOLÍVAR", "direccion": "PDEM Cerro Seco", "cod_locali": 19.0, "grupo_sac": "Minería SAC", "sac": "Minería", "codigo_sac": "MM001", "gestor": "MIGUEL ÁNGEL SÁNCHEZ BAUTISTA", "cord_x": 89967.127968800007, "cord_y": 95624.863949799997 }, "geometry": { "type": "Point", "coordinates": [ -74.16792, 4.55668 ] } },
{ "type": "Feature", "properties": { "categoria": "Expansión urbana y asentamientos ilegales", "localidad": "CIUDAD BOLÍVAR", "direccion": "Dg. 67a Sur #76a39", "cod_locali": 19.0, "grupo_sac": "Ordenamiento ambiental de territorio", "sac": "Usos del suelo", "codigo_sac": "OU001", "gestor": "MIGUEL ÁNGEL SÁNCHEZ BAUTISTA", "cord_x": 88812.659306100002, "cord_y": 98217.812075900001 }, "geometry": { "type": "Point", "coordinates": [ -74.178320303999953, 4.580118579000043 ] } },
{ "type": "Feature", "properties": { "categoria": "Acumulación de residuos orgánicos e inorgánicos en cuerpo de agua", "localidad": "CIUDAD BOLÍVAR", "direccion": "Cll. 62 d sur #75h25", "cod_locali": 19.0, "grupo_sac": "Estructura ecológica principal y espacios del agua", "sac": "Contaminación Hídrica", "codigo_sac": "EH001", "gestor": "MIGUEL ÁNGEL SÁNCHEZ BAUTISTA", "cord_x": 88970.372871900006, "cord_y": 99272.2243858 }, "geometry": { "type": "Point", "coordinates": [ -74.1769, 4.58965 ] } },
{ "type": "Feature", "properties": { "categoria": "Actividades extractivas", "localidad": "CIUDAD BOLÍVAR", "direccion": "PDEM Cerro Seco", "cod_locali": 19.0, "grupo_sac": "Minería SAC", "sac": "Minería", "codigo_sac": "MM001", "gestor": "MIGUEL ÁNGEL SÁNCHEZ BAUTISTA", "cord_x": 89967.127968800007, "cord_y": 95624.863949799997 }, "geometry": { "type": "Point", "coordinates": [ -74.16792, 4.55668 ] } },
{ "type": "Feature", "properties": { "categoria": "Ruido por tráfico vehicular", "localidad": "CIUDAD BOLÍVAR", "direccion": "Cll. 65 a sur #70a48", "cod_locali": 19.0, "grupo_sac": "Contaminación", "sac": "Contaminación por ruido", "codigo_sac": "CR004", "gestor": "MIGUEL ÁNGEL SÁNCHEZ BAUTISTA", "cord_x": 90800.910909900005, "cord_y": 99014.410341399998 }, "geometry": { "type": "Point", "coordinates": [ -74.16041, 4.58732 ] } },
{ "type": "Feature", "properties": { "categoria": "Expansión urbana y asentamientos ilegales", "localidad": "CIUDAD BOLÍVAR", "direccion": "Quiba", "cod_locali": 19.0, "grupo_sac": "Ordenamiento ambiental de territorio", "sac": "Usos del suelo", "codigo_sac": "OU001", "gestor": "MIGUEL ÁNGEL SÁNCHEZ BAUTISTA", "cord_x": 89960.384007500004, "cord_y": 92814.977370599998 }, "geometry": { "type": "Point", "coordinates": [ -74.16798, 4.53128 ] } },
{ "type": "Feature", "properties": { "categoria": "Quemas ilegales", "localidad": "CIUDAD BOLÍVAR", "direccion": "PDEM Cerro Seco", "cod_locali": 19.0, "grupo_sac": "Contaminación", "sac": "Contaminación del aire", "codigo_sac": "CA005", "gestor": "MIGUEL ÁNGEL SÁNCHEZ BAUTISTA", "cord_x": 89595.262503100006, "cord_y": 96577.361524699998 }, "geometry": { "type": "Point", "coordinates": [ -74.17127, 4.56529 ] } },
{ "type": "Feature", "properties": { "categoria": "Emisión de gases por fuentes fijas", "localidad": "CIUDAD BOLÍVAR", "direccion": "Cll. 80 c bis sur # 16c10", "cod_locali": 19.0, "grupo_sac": "Contaminación", "sac": "Contaminación del aire", "codigo_sac": "CA001", "gestor": "MIGUEL ÁNGEL SÁNCHEZ BAUTISTA", "cord_x": 93203.223045399995, "cord_y": 93144.6107988 }, "geometry": { "type": "Point", "coordinates": [ -74.13877, 4.53426 ] } },
{ "type": "Feature", "properties": { "categoria": "Afectación por presencia de antenas de alta tensión\r\n", "localidad": "CIUDAD BOLÍVAR", "direccion": "Cll. C sur # 45 a 15", "cod_locali": 19.0, "grupo_sac": "Contaminación", "sac": "Contaminación electromagnética", "codigo_sac": "CE001", "gestor": "MIGUEL ÁNGEL SÁNCHEZ BAUTISTA", "cord_x": 91835.5132342, "cord_y": 97827.384715799999 }, "geometry": { "type": "Point", "coordinates": [ -74.15109, 4.57659 ] } },
{ "type": "Feature", "properties": { "categoria": "Vectores", "localidad": "CIUDAD BOLÍVAR", "direccion": "Tv. 49 #59c23 sur", "cod_locali": 19.0, "grupo_sac": "Fauna", "sac": "Presencia de vectores", "codigo_sac": "FV001", "gestor": "MIGUEL ÁNGEL SÁNCHEZ BAUTISTA", "cord_x": 91331.524432399994, "cord_y": 98020.984196699996 }, "geometry": { "type": "Point", "coordinates": [ -74.15563, 4.57834 ] } },
{ "type": "Feature", "properties": { "categoria": "Zonas con riesgo de incendio forestal", "localidad": "CIUDAD BOLÍVAR", "direccion": "PDEM Cerro Seco", "cod_locali": 19.0, "grupo_sac": "Gestión de riesgos", "sac": "Incendios", "codigo_sac": "GI001", "gestor": "MIGUEL ÁNGEL SÁNCHEZ BAUTISTA", "cord_x": 90455.600833999997, "cord_y": 96038.590384700001 }, "geometry": { "type": "Point", "coordinates": [ -74.16352, 4.56042 ] } },
{ "type": "Feature", "properties": { "categoria": "Disposición ilegal de Residuos de Construcción y Demolición", "localidad": "CIUDAD BOLÍVAR", "direccion": "RDH El Tunjo", "cod_locali": 19.0, "grupo_sac": "Contaminación", "sac": "Manejo inadecuado de residuos sólidos", "codigo_sac": "CR002", "gestor": "MIGUEL ÁNGEL SÁNCHEZ BAUTISTA", "cord_x": 92230.712857100007, "cord_y": 97403.687362099998 }, "geometry": { "type": "Point", "coordinates": [ -74.14753, 4.57276 ] } },
{ "type": "Feature", "properties": { "categoria": "Presencia de actividades industriales o comerciales en áreas residenciales", "localidad": "CIUDAD BOLÍVAR", "direccion": "Cll 80 b sur # Cra. 16Bisa", "cod_locali": 19.0, "grupo_sac": "Ordenamiento ambiental de territorio", "sac": "Usos del suelo", "codigo_sac": "OU003", "gestor": "MIGUEL ÁNGEL SÁNCHEZ BAUTISTA", "cord_x": 93089.983905200002, "cord_y": 93251.916322100005 }, "geometry": { "type": "Point", "coordinates": [ -74.13979, 4.53523 ] } },
{ "type": "Feature", "properties": { "categoria": "Acumulación de residuos orgánicos e inorgánicos en cuerpo de agua", "localidad": "CIUDAD BOLÍVAR", "direccion": "Cll. 73 sur #23a18", "cod_locali": 19.0, "grupo_sac": "Estructura ecológica principal y espacios del agua", "sac": "Contaminación Hídrica", "codigo_sac": "EH001", "gestor": "MIGUEL ÁNGEL SÁNCHEZ BAUTISTA", "cord_x": 91458.034331799994, "cord_y": 94129.177314999994 }, "geometry": { "type": "Point", "coordinates": [ -74.15449, 4.54316 ] } },
{ "type": "Feature", "properties": { "categoria": "Ocupación por habitante de calle y cambuches", "localidad": "CIUDAD BOLÍVAR", "direccion": "Cll 77. c sur #77d24", "cod_locali": 19.0, "grupo_sac": "Estructura ecológica principal y espacios del agua", "sac": "Invasión EEP", "codigo_sac": "EI003", "gestor": "MIGUEL ÁNGEL SÁNCHEZ BAUTISTA", "cord_x": 89889.464858299994, "cord_y": 97159.242308400004 }, "geometry": { "type": "Point", "coordinates": [ -74.16862, 4.57055 ] } },
{ "type": "Feature", "properties": { "categoria": "Presencia de semovientes en ronda hídrica", "localidad": "CIUDAD BOLÍVAR", "direccion": "PDEM Cerro Seco", "cod_locali": 19.0, "grupo_sac": "Estructura ecológica principal y espacios del agua", "sac": "Invasión EEP", "codigo_sac": "EI004", "gestor": "MIGUEL ÁNGEL SÁNCHEZ BAUTISTA", "cord_x": 89867.226920200002, "cord_y": 96009.8437366 }, "geometry": { "type": "Point", "coordinates": [ -74.16882, 4.56016 ] } },
{ "type": "Feature", "properties": { "categoria": "Disposición inadecuada de residuos sólidos", "localidad": "CIUDAD BOLÍVAR", "direccion": "Diag. 69 sur #48a15", "cod_locali": 19.0, "grupo_sac": "Contaminación", "sac": "Manejo inadecuado de residuos sólidos", "codigo_sac": "CR004", "gestor": "MIGUEL ÁNGEL SÁNCHEZ BAUTISTA", "cord_x": 91068.422204600007, "cord_y": 97636.011000700004 }, "geometry": { "type": "Point", "coordinates": [ -74.158, 4.57486 ] } },
{ "type": "Feature", "properties": { "categoria": "Falta visibilización y fortalecimiento a iniciativas comunitarias", "localidad": "CIUDAD BOLÍVAR", "direccion": "Tv. 45 sur #78c34", "cod_locali": 19.0, "grupo_sac": "Participación y educación ambiental", "sac": "Reconocimiento territorial", "codigo_sac": "PR001", "gestor": "MIGUEL ÁNGEL SÁNCHEZ BAUTISTA", "cord_x": 89742.925956899999, "cord_y": 97074.065262300006 }, "geometry": { "type": "Point", "coordinates": [ -74.16994, 4.56978 ] } },
{ "type": "Feature", "properties": { "categoria": "Expansión urbana y asentamientos ilegales", "localidad": "CIUDAD BOLÍVAR", "direccion": "PDEM Cerro Seco", "cod_locali": 19.0, "grupo_sac": "Ordenamiento ambiental de territorio", "sac": "Usos del suelo", "codigo_sac": "OU001", "gestor": "MIGUEL ÁNGEL SÁNCHEZ BAUTISTA", "cord_x": 89126.8166451, "cord_y": 97303.082536899994 }, "geometry": { "type": "Point", "coordinates": [ -74.17549, 4.57185 ] } },
{ "type": "Feature", "properties": { "categoria": "Acumulación de residuos orgánicos e inorgánicos en cuerpo de agua", "localidad": "CIUDAD BOLÍVAR", "direccion": "Cra. 18 g #74c20 sur", "cod_locali": 19.0, "grupo_sac": "Estructura ecológica principal y espacios del agua", "sac": "Contaminación Hídrica", "codigo_sac": "EH001", "gestor": "MIGUEL ÁNGEL SÁNCHEZ BAUTISTA", "cord_x": 92336.174192399994, "cord_y": 94078.284819499997 }, "geometry": { "type": "Point", "coordinates": [ -74.14658, 4.5427 ] } },
{ "type": "Feature", "properties": { "categoria": "Tenencia inadecuada de animales de compañía", "localidad": "CIUDAD BOLÍVAR", "direccion": "RDH El Tunjo", "cod_locali": 19.0, "grupo_sac": "Fauna", "sac": "Fauna doméstica y animales de compañía", "codigo_sac": "FD001", "gestor": "MIGUEL ÁNGEL SÁNCHEZ BAUTISTA", "cord_x": 92913.433241799998, "cord_y": 97768.753706599993 }, "geometry": { "type": "Point", "coordinates": [ -74.14138, 4.57606 ] } },
{ "type": "Feature", "properties": { "categoria": "Disposición inadecuada de residuos sólidos", "localidad": "CIUDAD BOLÍVAR", "direccion": "Cra. 43A # 66-51 Sur", "cod_locali": 19.0, "grupo_sac": "Contaminación", "sac": "Manejo inadecuado de residuos sólidos", "codigo_sac": "CR004", "gestor": "MIGUEL ÁNGEL SÁNCHEZ BAUTISTA", "cord_x": 91656.780032399998, "cord_y": 97235.539351 }, "geometry": { "type": "Point", "coordinates": [ -74.1527, 4.57124 ] } },
{ "type": "Feature", "properties": { "categoria": "Disposición inadecuada de residuos especiales y/o peligrosos", "localidad": "CIUDAD BOLÍVAR", "direccion": "Vía Pasquilla", "cod_locali": 19.0, "grupo_sac": "Contaminación", "sac": "Manejo inadecuado de residuos sólidos", "codigo_sac": "CR003", "gestor": "MIGUEL ÁNGEL SÁNCHEZ BAUTISTA", "cord_x": 91282.507450599995, "cord_y": 84813.420650100001 }, "geometry": { "type": "Point", "coordinates": [ -74.15607, 4.45895 ] } },
{ "type": "Feature", "properties": { "categoria": "Disposición inadecuada de residuos especiales y/o peligrosos", "localidad": "CIUDAD BOLÍVAR", "direccion": "Cll. 61 sur # 18pbisB", "cod_locali": 19.0, "grupo_sac": "Contaminación", "sac": "Manejo inadecuado de residuos sólidos", "codigo_sac": "CR003", "gestor": "MIGUEL ÁNGEL SÁNCHEZ BAUTISTA", "cord_x": 93147.686354200006, "cord_y": 95889.228008100006 }, "geometry": { "type": "Point", "coordinates": [ -74.13927, 4.55907 ] } },
{ "type": "Feature", "properties": { "categoria": "Deficiencias en mantenimiento de arbolado urbano", "localidad": "CIUDAD BOLÍVAR", "direccion": "Cll. 76 sur #44a16", "cod_locali": 19.0, "grupo_sac": "Estructura ecológica principal y espacios del agua", "sac": "Mantenimiento silvicultural", "codigo_sac": "ES003", "gestor": "MIGUEL ÁNGEL SÁNCHEZ BAUTISTA", "cord_x": 90095.943280099993, "cord_y": 97005.466745800004 }, "geometry": { "type": "Point", "coordinates": [ -74.16676, 4.56916 ] } },
{ "type": "Feature", "properties": { "categoria": "Deficiencias en mantenimiento de arbolado urbano", "localidad": "CIUDAD BOLÍVAR", "direccion": "Calle 72 D Bis No. Sur No 33-24", "cod_locali": 19.0, "grupo_sac": "Estructura ecológica principal y espacios del agua", "sac": "Mantenimiento silvicultural", "codigo_sac": "ES003", "gestor": "MIGUEL ÁNGEL SÁNCHEZ BAUTISTA", "cord_x": 90440.064880899998, "cord_y": 96290.816925000006 }, "geometry": { "type": "Point", "coordinates": [ -74.16366, 4.5627 ] } },
{ "type": "Feature", "properties": { "categoria": "Tráfico ilegal de especies de fauna silvestre", "localidad": "SUMAPAZ", "direccion": "SIN DATO", "cod_locali": 20.0, "grupo_sac": "Fauna", "sac": "Tráfico de fauna silvestre", "codigo_sac": "FT001", "gestor": "Andrey Ardila", "cord_x": 86482.972938000006, "cord_y": 65534.291137200002 }, "geometry": { "type": "Point", "coordinates": [ -74.199285506999956, 4.284673531000067 ] } },
{ "type": "Feature", "properties": { "categoria": "Accidentalidad de fauna silvestre", "localidad": "SUMAPAZ", "direccion": "SIN DATO", "cod_locali": 20.0, "grupo_sac": "Fauna", "sac": "Tráfico de fauna silvestre", "codigo_sac": "SD000", "gestor": "Andrey Ardila", "cord_x": 86941.312301700003, "cord_y": 65147.815128000002 }, "geometry": { "type": "Point", "coordinates": [ -74.195158142999958, 4.281180228000039 ] } },
{ "type": "Feature", "properties": { "categoria": "Accidentalidad de fauna silvestre", "localidad": "SUMAPAZ", "direccion": "SIN DATO", "cod_locali": 20.0, "grupo_sac": "Fauna", "sac": "Tráfico de fauna silvestre", "codigo_sac": "SD000", "gestor": "Andrey Ardila", "cord_x": 87037.485108499997, "cord_y": 64956.720194699999 }, "geometry": { "type": "Point", "coordinates": [ -74.194292045999987, 4.279452866000042 ] } },
{ "type": "Feature", "properties": { "categoria": "Accidentalidad de fauna silvestre", "localidad": "SUMAPAZ", "direccion": "SIN DATO", "cod_locali": 20.0, "grupo_sac": "Fauna", "sac": "Tráfico de fauna silvestre", "codigo_sac": "SD000", "gestor": "Andrey Ardila", "cord_x": 87149.691137400005, "cord_y": 64797.472225899997 }, "geometry": { "type": "Point", "coordinates": [ -74.193281599999978, 4.278013395000073 ] } },
{ "type": "Feature", "properties": { "categoria": "Accidentalidad de fauna silvestre", "localidad": "SUMAPAZ", "direccion": "SIN DATO", "cod_locali": 20.0, "grupo_sac": "Fauna", "sac": "Tráfico de fauna silvestre", "codigo_sac": "SD000", "gestor": "Andrey Ardila", "cord_x": 87614.331332700007, "cord_y": 60179.327186199997 }, "geometry": { "type": "Point", "coordinates": [ -74.189095466999959, 4.236267557000076 ] } },
{ "type": "Feature", "properties": { "categoria": "Accidentalidad de fauna silvestre", "localidad": "SUMAPAZ", "direccion": "SIN DATO", "cod_locali": 20.0, "grupo_sac": "Fauna", "sac": "Tráfico de fauna silvestre", "codigo_sac": "SD000", "gestor": "Andrey Ardila", "cord_x": 87806.741985100001, "cord_y": 60752.613787399998 }, "geometry": { "type": "Point", "coordinates": [ -74.18736327299996, 4.241449922000072 ] } },
{ "type": "Feature", "properties": { "categoria": "Accidentalidad de fauna silvestre", "localidad": "SUMAPAZ", "direccion": "SIN DATO", "cod_locali": 20.0, "grupo_sac": "Fauna", "sac": "Tráfico de fauna silvestre", "codigo_sac": "SD000", "gestor": "Andrey Ardila", "cord_x": 87736.7767915, "cord_y": 60381.113027799998 }, "geometry": { "type": "Point", "coordinates": [ -74.187993064999944, 4.238091677000057 ] } },
{ "type": "Feature", "properties": { "categoria": "Accidentalidad de fauna silvestre", "localidad": "SUMAPAZ", "direccion": "SIN DATO", "cod_locali": 20.0, "grupo_sac": "Fauna", "sac": "Tráfico de fauna silvestre", "codigo_sac": "SD000", "gestor": "Andrey Ardila", "cord_x": 87272.876452500001, "cord_y": 55768.8020263 }, "geometry": { "type": "Point", "coordinates": [ -74.192167601999984, 4.196398056000021 ] } },
{ "type": "Feature", "properties": { "categoria": "Accidentalidad de fauna silvestre", "localidad": "SUMAPAZ", "direccion": "SIN DATO", "cod_locali": 20.0, "grupo_sac": "Fauna", "sac": "Tráfico de fauna silvestre", "codigo_sac": "SD000", "gestor": "Andrey Ardila", "cord_x": 86232.753238599995, "cord_y": 54732.3727526 }, "geometry": { "type": "Point", "coordinates": [ -74.201531734999946, 4.18702855600003 ] } },
{ "type": "Feature", "properties": { "categoria": "Accidentalidad de fauna silvestre", "localidad": "SUMAPAZ", "direccion": "SIN DATO", "cod_locali": 20.0, "grupo_sac": "Fauna", "sac": "Tráfico de fauna silvestre", "codigo_sac": "SD000", "gestor": "Andrey Ardila", "cord_x": 85036.687292000002, "cord_y": 54388.992681000003 }, "geometry": { "type": "Point", "coordinates": [ -74.212300168999946, 4.183923709000055 ] } },
{ "type": "Feature", "properties": { "categoria": "Accidentalidad de fauna silvestre", "localidad": "SUMAPAZ", "direccion": "SIN DATO", "cod_locali": 20.0, "grupo_sac": "Fauna", "sac": "Tráfico de fauna silvestre", "codigo_sac": "SD000", "gestor": "Andrey Ardila", "cord_x": 82932.651848499998, "cord_y": 57293.472012400001 }, "geometry": { "type": "Point", "coordinates": [ -74.231246447, 4.210177174000023 ] } },
{ "type": "Feature", "properties": { "categoria": "Accidentalidad de fauna silvestre", "localidad": "SUMAPAZ", "direccion": "SIN DATO", "cod_locali": 20.0, "grupo_sac": "Fauna", "sac": "Tráfico de fauna silvestre", "codigo_sac": "SD000", "gestor": "Andrey Ardila", "cord_x": 82940.593382299994, "cord_y": 56604.690348299999 }, "geometry": { "type": "Point", "coordinates": [ -74.231174271999976, 4.203950884000051 ] } },
{ "type": "Feature", "properties": { "categoria": "Accidentalidad de fauna silvestre", "localidad": "SUMAPAZ", "direccion": "SIN DATO", "cod_locali": 20.0, "grupo_sac": "Fauna", "sac": "Tráfico de fauna silvestre", "codigo_sac": "SD000", "gestor": "Andrey Ardila", "cord_x": 82803.795021400001, "cord_y": 52900.175493199997 }, "geometry": { "type": "Point", "coordinates": [ -74.232402304999937, 4.170463467000047 ] } },
{ "type": "Feature", "properties": { "categoria": "Accidentalidad de fauna silvestre", "localidad": "SUMAPAZ", "direccion": "SIN DATO", "cod_locali": 20.0, "grupo_sac": "Fauna", "sac": "Tráfico de fauna silvestre", "codigo_sac": "SD000", "gestor": "Andrey Ardila", "cord_x": 81697.118788000007, "cord_y": 49643.3144178 }, "geometry": { "type": "Point", "coordinates": [ -74.242362415999935, 4.141021622000039 ] } },
{ "type": "Feature", "properties": { "categoria": "Accidentalidad de fauna silvestre", "localidad": "SUMAPAZ", "direccion": "SIN DATO", "cod_locali": 20.0, "grupo_sac": "Fauna", "sac": "Tráfico de fauna silvestre", "codigo_sac": "SD000", "gestor": "Andrey Ardila", "cord_x": 74880.431214099997, "cord_y": 39835.808567699998 }, "geometry": { "type": "Point", "coordinates": [ -74.303714985999989, 4.052356038000028 ] } },
{ "type": "Feature", "properties": { "categoria": "Accidentalidad de fauna silvestre", "localidad": "SUMAPAZ", "direccion": "SIN DATO", "cod_locali": 20.0, "grupo_sac": "Fauna", "sac": "Tráfico de fauna silvestre", "codigo_sac": "SD000", "gestor": "Andrey Ardila", "cord_x": 75243.334421799998, "cord_y": 40162.372843600002 }, "geometry": { "type": "Point", "coordinates": [ -74.30044873099996, 4.055308676000038 ] } },
{ "type": "Feature", "properties": { "categoria": "Accidentalidad de fauna silvestre", "localidad": "SUMAPAZ", "direccion": "SIN DATO", "cod_locali": 20.0, "grupo_sac": "Fauna", "sac": "Tráfico de fauna silvestre", "codigo_sac": "SD000", "gestor": "Andrey Ardila", "cord_x": 76445.567934699997, "cord_y": 42009.300492299997 }, "geometry": { "type": "Point", "coordinates": [ -74.289629261999949, 4.072006147000025 ] } },
{ "type": "Feature", "properties": { "categoria": "Accidentalidad de fauna silvestre", "localidad": "SUMAPAZ", "direccion": "SIN DATO", "cod_locali": 20.0, "grupo_sac": "Fauna", "sac": "Tráfico de fauna silvestre", "codigo_sac": "SD000", "gestor": "Andrey Ardila", "cord_x": 78203.153196700005, "cord_y": 42752.359540999998 }, "geometry": { "type": "Point", "coordinates": [ -74.27380833999996, 4.078725764000069 ] } },
{ "type": "Feature", "properties": { "categoria": "Accidentalidad de fauna silvestre", "localidad": "SUMAPAZ", "direccion": "SIN DATO", "cod_locali": 20.0, "grupo_sac": "Fauna", "sac": "Tráfico de fauna silvestre", "codigo_sac": "SD000", "gestor": "Andrey Ardila", "cord_x": 79053.563570300001, "cord_y": 42954.9608907 }, "geometry": { "type": "Point", "coordinates": [ -74.266153054999961, 4.080558377000045 ] } },
{ "type": "Feature", "properties": { "categoria": "Accidentalidad de fauna silvestre", "localidad": "SUMAPAZ", "direccion": "SIN DATO", "cod_locali": 20.0, "grupo_sac": "Fauna", "sac": "Tráfico de fauna silvestre", "codigo_sac": "SD000", "gestor": "Andrey Ardila", "cord_x": 80176.1637663, "cord_y": 43698.146338799997 }, "geometry": { "type": "Point", "coordinates": [ -74.256048077999935, 4.087277922000055 ] } },
{ "type": "Feature", "properties": { "categoria": "Tenencia inadecuada de animales de compañía", "localidad": "SUMAPAZ", "direccion": "SIN DATO", "cod_locali": 20.0, "grupo_sac": "Fauna", "sac": "Fauna doméstica y animales de compañía", "codigo_sac": "FD001", "gestor": "Andrey Ardila", "cord_x": 92276.483059899998, "cord_y": 53168.662801799997 }, "geometry": { "type": "Point", "coordinates": [ -74.147117420999962, 4.172895177000044 ] } },
{ "type": "Feature", "properties": { "categoria": "Tenencia inadecuada de animales de compañía", "localidad": "SUMAPAZ", "direccion": "SIN DATO", "cod_locali": 20.0, "grupo_sac": "Fauna", "sac": "Fauna doméstica y animales de compañía", "codigo_sac": "FD001", "gestor": "Andrey Ardila", "cord_x": 92378.044116799996, "cord_y": 58168.998911399998 }, "geometry": { "type": "Point", "coordinates": [ -74.146203016999948, 4.218096188000061 ] } },
{ "type": "Feature", "properties": { "categoria": "Tenencia inadecuada de animales de compañía", "localidad": "SUMAPAZ", "direccion": "SIN DATO", "cod_locali": 20.0, "grupo_sac": "Fauna", "sac": "Fauna doméstica y animales de compañía", "codigo_sac": "FD001", "gestor": "Andrey Ardila", "cord_x": 73719.670771399993, "cord_y": 37309.275631999997 }, "geometry": { "type": "Point", "coordinates": [ -74.31415932699997, 4.029515113000059 ] } },
{ "type": "Feature", "properties": { "categoria": "Tenencia inadecuada de animales de compañía", "localidad": "SUMAPAZ", "direccion": "SIN DATO", "cod_locali": 20.0, "grupo_sac": "Fauna", "sac": "Fauna doméstica y animales de compañía", "codigo_sac": "FD001", "gestor": "Andrey Ardila", "cord_x": 68206.997937499997, "cord_y": 32483.630666199999 }, "geometry": { "type": "Point", "coordinates": [ -74.363770778999935, 3.985881592000055 ] } },
{ "type": "Feature", "properties": { "categoria": "Tenencia inadecuada de animales de compañía", "localidad": "SUMAPAZ", "direccion": "SIN DATO", "cod_locali": 20.0, "grupo_sac": "Fauna", "sac": "Fauna doméstica y animales de compañía", "codigo_sac": "FD001", "gestor": "Andrey Ardila", "cord_x": 71342.484354100001, "cord_y": 28878.574193600001 }, "geometry": { "type": "Point", "coordinates": [ -74.335540441999967, 3.953300320000039 ] } },
{ "type": "Feature", "properties": { "categoria": "Tenencia inadecuada de animales de compañía", "localidad": "SUMAPAZ", "direccion": "SIN DATO", "cod_locali": 20.0, "grupo_sac": "Fauna", "sac": "Fauna doméstica y animales de compañía", "codigo_sac": "FD001", "gestor": "Andrey Ardila", "cord_x": 68791.998445999998, "cord_y": 21915.047841299998 }, "geometry": { "type": "Point", "coordinates": [ -74.358480953999958, 3.890347311000028 ] } },
{ "type": "Feature", "properties": { "categoria": "Tenencia inadecuada de animales de compañía", "localidad": "SUMAPAZ", "direccion": "SIN DATO", "cod_locali": 20.0, "grupo_sac": "Fauna", "sac": "Fauna doméstica y animales de compañía", "codigo_sac": "FD001", "gestor": "Andrey Ardila", "cord_x": 75327.870643200004, "cord_y": 37440.277451499998 }, "geometry": { "type": "Point", "coordinates": [ -74.29968312699998, 4.030702176000034 ] } },
{ "type": "Feature", "properties": { "categoria": "Vectores", "localidad": "SUMAPAZ", "direccion": "SIN DATO", "cod_locali": 20.0, "grupo_sac": "Fauna", "sac": "Presencia de vectores", "codigo_sac": "FV001", "gestor": "Andrey Ardila", "cord_x": 69766.1284285, "cord_y": 32131.394340499999 }, "geometry": { "type": "Point", "coordinates": [ -74.349736063999956, 3.982701115000054 ] } },
{ "type": "Feature", "properties": { "categoria": "Disposición inadecuada de residuos sólidos", "localidad": "SUMAPAZ", "direccion": "SIN DATO", "cod_locali": 20.0, "grupo_sac": "Contaminación", "sac": "Manejo inadecuado de residuos sólidos", "codigo_sac": "CR004", "gestor": "Andrey Ardila", "cord_x": 92371.107573300003, "cord_y": 58142.377532099999 }, "geometry": { "type": "Point", "coordinates": [ -74.146265471999982, 4.217855542000052 ] } },
{ "type": "Feature", "properties": { "categoria": "Disposición inadecuada de residuos sólidos", "localidad": "SUMAPAZ", "direccion": "SIN DATO", "cod_locali": 20.0, "grupo_sac": "Contaminación", "sac": "Manejo inadecuado de residuos sólidos", "codigo_sac": "CR004", "gestor": "Andrey Ardila", "cord_x": 89514.829222200002, "cord_y": 52868.178386699998 }, "geometry": { "type": "Point", "coordinates": [ -74.171981251999966, 4.17017850700006 ] } },
{ "type": "Feature", "properties": { "categoria": "Disposición inadecuada de residuos sólidos", "localidad": "SUMAPAZ", "direccion": "SIN DATO", "cod_locali": 20.0, "grupo_sac": "Contaminación", "sac": "Manejo inadecuado de residuos sólidos", "codigo_sac": "CR004", "gestor": "Andrey Ardila", "cord_x": 73693.7827426, "cord_y": 37273.460786199998 }, "geometry": { "type": "Point", "coordinates": [ -74.314392294999948, 4.029191313000069 ] } },
{ "type": "Feature", "properties": { "categoria": "Disposición inadecuada de residuos sólidos", "localidad": "SUMAPAZ", "direccion": "SIN DATO", "cod_locali": 20.0, "grupo_sac": "Contaminación", "sac": "Manejo inadecuado de residuos sólidos", "codigo_sac": "CR004", "gestor": "Andrey Ardila", "cord_x": 92268.219548599998, "cord_y": 53142.169617 }, "geometry": { "type": "Point", "coordinates": [ -74.147191819999989, 4.172655689000067 ] } },
{ "type": "Feature", "properties": { "categoria": "Disposición inadecuada de residuos sólidos", "localidad": "SUMAPAZ", "direccion": "SIN DATO", "cod_locali": 20.0, "grupo_sac": "Contaminación", "sac": "Manejo inadecuado de residuos sólidos", "codigo_sac": "CR004", "gestor": "Andrey Ardila", "cord_x": 87625.680280899993, "cord_y": 59957.240871299997 }, "geometry": { "type": "Point", "coordinates": [ -74.188993170999936, 4.234259995000059 ] } },
{ "type": "Feature", "properties": { "categoria": "Disposición inadecuada de residuos sólidos", "localidad": "SUMAPAZ", "direccion": "SIN DATO", "cod_locali": 20.0, "grupo_sac": "Contaminación", "sac": "Manejo inadecuado de residuos sólidos", "codigo_sac": "CR004", "gestor": "Andrey Ardila", "cord_x": 93882.755379900002, "cord_y": 55075.658902100004 }, "geometry": { "type": "Point", "coordinates": [ -74.132655410999973, 4.190133530000026 ] } },
{ "type": "Feature", "properties": { "categoria": "Vertimientos aguas residuales domesticas", "localidad": "SUMAPAZ", "direccion": "SIN DATO", "cod_locali": 20.0, "grupo_sac": "Estructura ecológica principal y espacios del agua", "sac": "Contaminación Hídrica", "codigo_sac": "EH003", "gestor": "Andrey Ardila", "cord_x": 68321.137380500004, "cord_y": 32409.735341 }, "geometry": { "type": "Point", "coordinates": [ -74.36274322099996, 3.98521388000006 ] } },
{ "type": "Feature", "properties": { "categoria": "Vertimientos aguas residuales domesticas", "localidad": "SUMAPAZ", "direccion": "SIN DATO", "cod_locali": 20.0, "grupo_sac": "Estructura ecológica principal y espacios del agua", "sac": "Contaminación Hídrica", "codigo_sac": "EH003", "gestor": "Andrey Ardila", "cord_x": 92428.652747, "cord_y": 58203.286563599999 }, "geometry": { "type": "Point", "coordinates": [ -74.14574734699994, 4.21840613400002 ] } },
{ "type": "Feature", "properties": { "categoria": "Inexistencia del sistema de alcantarillado", "localidad": "SUMAPAZ", "direccion": "SIN DATO", "cod_locali": 20.0, "grupo_sac": "Estructura ecológica principal y espacios del agua", "sac": "Servicio público de agua", "codigo_sac": "EA005", "gestor": "Andrey Ardila", "cord_x": 71332.756598199994, "cord_y": 28846.8470284 }, "geometry": { "type": "Point", "coordinates": [ -74.335627934999934, 3.953013499000065 ] } },
{ "type": "Feature", "properties": { "categoria": "Falta de saneamiento básico", "localidad": "SUMAPAZ", "direccion": "SIN DATO", "cod_locali": 20.0, "grupo_sac": "Estructura ecológica principal y espacios del agua", "sac": "Servicio público de agua", "codigo_sac": "EA004", "gestor": "Andrey Ardila", "cord_x": 68801.203963699998, "cord_y": 21902.1470505 }, "geometry": { "type": "Point", "coordinates": [ -74.358398074999968, 3.89023071400004 ] } },
{ "type": "Feature", "properties": { "categoria": "Disposición inadecuada de residuos sólidos", "localidad": "Usaquen", "direccion": "calle 161 con carrera 8", "cod_locali": 1.0, "grupo_sac": "Contaminación", "sac": "Manejo inadecuado de residuos sólidos", "codigo_sac": "CR004", "gestor": "Hader Reyes", "cord_x": 105578.38575099999, "cord_y": 115562.05998000001 }, "geometry": { "type": "Point", "coordinates": [ -74.027266, 4.736892 ] } },
{ "type": "Feature", "properties": { "categoria": "Disposición inadecuada de residuos sólidos", "localidad": "Usaquen", "direccion": "tv 7 con calle 163", "cod_locali": 1.0, "grupo_sac": "Contaminación", "sac": "Manejo inadecuado de residuos sólidos", "codigo_sac": "CR004", "gestor": "Hader Reyes", "cord_x": 105967.050129, "cord_y": 115618.657853 }, "geometry": { "type": "Point", "coordinates": [ -74.023764, 4.737403 ] } },
{ "type": "Feature", "properties": { "categoria": "Disposición ilegal de Residuos de Construcción y Demolición", "localidad": "Usaquen", "direccion": "carrera 15 con calle 166", "cod_locali": 1.0, "grupo_sac": "Contaminación", "sac": "Manejo inadecuado de residuos sólidos", "codigo_sac": "CR002", "gestor": "Hader Reyes", "cord_x": 104496.787363, "cord_y": 116492.58042100001 }, "geometry": { "type": "Point", "coordinates": [ -74.03701, 4.745305 ] } },
{ "type": "Feature", "properties": { "categoria": "Disposición inadecuada de residuos sólidos", "localidad": "Usaquen", "direccion": "carrera 9 entre calle 180 y 183", "cod_locali": 1.0, "grupo_sac": "Contaminación", "sac": "Manejo inadecuado de residuos sólidos", "codigo_sac": "CR004", "gestor": "Hader Reyes", "cord_x": 105118.280467, "cord_y": 117963.90086 }, "geometry": { "type": "Point", "coordinates": [ -74.031408, 4.758604 ] } },
{ "type": "Feature", "properties": { "categoria": "Disposición inadecuada de residuos sólidos", "localidad": "Usaquen", "direccion": "carrera 7 con calle 187 b", "cod_locali": 1.0, "grupo_sac": "Contaminación", "sac": "Manejo inadecuado de residuos sólidos", "codigo_sac": "CR004", "gestor": "Hader Reyes", "cord_x": 105553.344658, "cord_y": 118542.550607 }, "geometry": { "type": "Point", "coordinates": [ -74.027487, 4.763834 ] } },
{ "type": "Feature", "properties": { "categoria": "Disposición inadecuada de residuos sólidos", "localidad": "Usaquen", "direccion": "carrera 8 c con calle 160", "cod_locali": 1.0, "grupo_sac": "Contaminación", "sac": "Manejo inadecuado de residuos sólidos", "codigo_sac": "CR004", "gestor": "Hader Reyes", "cord_x": 105359.42198499999, "cord_y": 115488.788028 }, "geometry": { "type": "Point", "coordinates": [ -74.029239, 4.73623 ] } },
{ "type": "Feature", "properties": { "categoria": "Disposición inadecuada de residuos sólidos", "localidad": "Usaquen", "direccion": "carrera 4 con calle 189c", "cod_locali": 1.0, "grupo_sac": "Contaminación", "sac": "Manejo inadecuado de residuos sólidos", "codigo_sac": "CR004", "gestor": "Hader Reyes", "cord_x": 105929.40816000001, "cord_y": 118851.26412199999 }, "geometry": { "type": "Point", "coordinates": [ -74.024098, 4.766624 ] } },
{ "type": "Feature", "properties": { "categoria": "Disposición inadecuada de residuos sólidos", "localidad": "Usaquen", "direccion": "calle 162 con carrera 7", "cod_locali": 1.0, "grupo_sac": "Contaminación", "sac": "Manejo inadecuado de residuos sólidos", "codigo_sac": "CR004", "gestor": "Hader Reyes", "cord_x": 106059.950499, "cord_y": 115591.681535 }, "geometry": { "type": "Point", "coordinates": [ -74.022927, 4.737159 ] } },
{ "type": "Feature", "properties": { "categoria": "Disposición inadecuada de residuos sólidos", "localidad": "Usaquen", "direccion": "calle 167 con carrera 7", "cod_locali": 1.0, "grupo_sac": "Contaminación", "sac": "Manejo inadecuado de residuos sólidos", "codigo_sac": "CR004", "gestor": "Hader Reyes", "cord_x": 106147.502264, "cord_y": 116301.80762199999 }, "geometry": { "type": "Point", "coordinates": [ -74.022137, 4.743578 ] } },
{ "type": "Feature", "properties": { "categoria": "Ruido por música estridente", "localidad": "Usaquen", "direccion": "calle 163 con carrera 8b", "cod_locali": 1.0, "grupo_sac": "Contaminación", "sac": "Contaminación por ruido", "codigo_sac": "CR002", "gestor": "Hader Reyes", "cord_x": 105506.653355, "cord_y": 115767.701971 }, "geometry": { "type": "Point", "coordinates": [ -74.027912, 4.738751 ] } },
{ "type": "Feature", "properties": { "categoria": "Ruido por música estridente", "localidad": "Usaquen", "direccion": "calle 185 con carrera 12", "cod_locali": 1.0, "grupo_sac": "Contaminación", "sac": "Contaminación por ruido", "codigo_sac": "CR002", "gestor": "Hader Reyes", "cord_x": 104804.59667499999, "cord_y": 118247.163262 }, "geometry": { "type": "Point", "coordinates": [ -74.034234, 4.761165 ] } },
{ "type": "Feature", "properties": { "categoria": "Ruido por música estridente", "localidad": "Usaquen", "direccion": "calle 118 con carrear 5", "cod_locali": 1.0, "grupo_sac": "Contaminación", "sac": "Contaminación por ruido", "codigo_sac": "CR002", "gestor": "Hader Reyes", "cord_x": 105294.04945599999, "cord_y": 110859.844004 }, "geometry": { "type": "Point", "coordinates": [ -74.029835, 4.694387 ] } },
{ "type": "Feature", "properties": { "categoria": "Vectores", "localidad": "Usaquen", "direccion": "Calle 108 con carrera 18B", "cod_locali": 1.0, "grupo_sac": "Fauna", "sac": "Presencia de vectores", "codigo_sac": "FV001", "gestor": "Hader Reyes", "cord_x": 103109.71348400001, "cord_y": 110800.546712 }, "geometry": { "type": "Point", "coordinates": [ -74.049515, 4.693854 ] } },
{ "type": "Feature", "properties": { "categoria": "Vectores", "localidad": "Usaquen", "direccion": "carrera 5 con calle 127A", "cod_locali": 1.0, "grupo_sac": "Fauna", "sac": "Presencia de vectores", "codigo_sac": "FV001", "gestor": "Hader Reyes", "cord_x": 105741.94495799999, "cord_y": 111924.14391 }, "geometry": { "type": "Point", "coordinates": [ -74.025798, 4.704007 ] } },
{ "type": "Feature", "properties": { "categoria": "Vectores", "localidad": "Usaquen", "direccion": "Avenida Carrera 45 con Calle128B", "cod_locali": 1.0, "grupo_sac": "Fauna", "sac": "Presencia de vectores", "codigo_sac": "FV001", "gestor": "Hader Reyes", "cord_x": 102809.51448, "cord_y": 112988.468771 }, "geometry": { "type": "Point", "coordinates": [ -74.052217, 4.713632 ] } },
{ "type": "Feature", "properties": { "categoria": "Vectores", "localidad": "Usaquen", "direccion": "carrera 2 con calle 187C", "cod_locali": 1.0, "grupo_sac": "Fauna", "sac": "Presencia de vectores", "codigo_sac": "FV001", "gestor": "Hader Reyes", "cord_x": 106061.856296, "cord_y": 118589.103175 }, "geometry": { "type": "Point", "coordinates": [ -74.022905, 4.764254 ] } },
{ "type": "Feature", "properties": { "categoria": "Vectores", "localidad": "Usaquen", "direccion": "carrea 22 con calle 118", "cod_locali": 1.0, "grupo_sac": "Fauna", "sac": "Presencia de vectores", "codigo_sac": "FV001", "gestor": "Hader Reyes", "cord_x": 102701.163716, "cord_y": 111512.25934400001 }, "geometry": { "type": "Point", "coordinates": [ -74.053195, 4.700288 ] } },
{ "type": "Feature", "properties": { "categoria": "Vectores", "localidad": "Usaquen", "direccion": "Calle 127d con carrera19", "cod_locali": 1.0, "grupo_sac": "Fauna", "sac": "Presencia de vectores", "codigo_sac": "FV001", "gestor": "Hader Reyes", "cord_x": 103247.525486, "cord_y": 112673.466038 }, "geometry": { "type": "Point", "coordinates": [ -74.048271, 4.710784 ] } },
{ "type": "Feature", "properties": { "categoria": "Vectores", "localidad": "Usaquen", "direccion": "Calle 103a con carrera 16", "cod_locali": 1.0, "grupo_sac": "Fauna", "sac": "Presencia de vectores", "codigo_sac": "FV001", "gestor": "Hader Reyes", "cord_x": 103248.31136000001, "cord_y": 110241.79373 }, "geometry": { "type": "Point", "coordinates": [ -74.048267, 4.688803 ] } },
{ "type": "Feature", "properties": { "categoria": "Vectores", "localidad": "Usaquen", "direccion": "Carrera 16B con calle 167B", "cod_locali": 1.0, "grupo_sac": "Fauna", "sac": "Presencia de vectores", "codigo_sac": "FV001", "gestor": "Hader Reyes", "cord_x": 104374.796913, "cord_y": 116606.948798 }, "geometry": { "type": "Point", "coordinates": [ -74.038109, 4.746339 ] } },
{ "type": "Feature", "properties": { "categoria": "Vectores", "localidad": "Usaquen", "direccion": "carrera 12C con calle CL 151", "cod_locali": 1.0, "grupo_sac": "Fauna", "sac": "Presencia de vectores", "codigo_sac": "FV001", "gestor": "Hader Reyes", "cord_x": 104700.264576, "cord_y": 114851.140247 }, "geometry": { "type": "Point", "coordinates": [ -74.035179, 4.730467 ] } },
{ "type": "Feature", "properties": { "categoria": "Vectores", "localidad": "Usaquen", "direccion": "calle 106 con carrera 45", "cod_locali": 1.0, "grupo_sac": "Fauna", "sac": "Presencia de vectores", "codigo_sac": "FV001", "gestor": "Hader Reyes", "cord_x": 102405.354779, "cord_y": 110771.578844 }, "geometry": { "type": "Point", "coordinates": [ -74.055861, 4.693593 ] } },
{ "type": "Feature", "properties": { "categoria": "Vectores", "localidad": "Usaquen", "direccion": "Avenica Carrera 19 con calle 114", "cod_locali": 1.0, "grupo_sac": "Fauna", "sac": "Presencia de vectores", "codigo_sac": "FV001", "gestor": "Hader Reyes", "cord_x": 103000.119572, "cord_y": 111118.692211 }, "geometry": { "type": "Point", "coordinates": [ -74.050502, 4.69673 ] } },
{ "type": "Feature", "properties": { "categoria": "Vectores", "localidad": "Usaquen", "direccion": "calle 187B con avenida carrera 7", "cod_locali": 1.0, "grupo_sac": "Fauna", "sac": "Presencia de vectores", "codigo_sac": "FV001", "gestor": "Hader Reyes", "cord_x": 105557.006952, "cord_y": 118543.214998 }, "geometry": { "type": "Point", "coordinates": [ -74.027454, 4.76384 ] } },
{ "type": "Feature", "properties": { "categoria": "Vectores", "localidad": "Usaquen", "direccion": "Carrera 9a con calle 135a", "cod_locali": 1.0, "grupo_sac": "Fauna", "sac": "Presencia de vectores", "codigo_sac": "FV001", "gestor": "Hader Reyes", "cord_x": 104946.932147, "cord_y": 113163.68763299999 }, "geometry": { "type": "Point", "coordinates": [ -74.032959, 4.715213 ] } },
{ "type": "Feature", "properties": { "categoria": "Vectores", "localidad": "Usaquen", "direccion": "Avenida Carrera 15 con calle 134", "cod_locali": 1.0, "grupo_sac": "Fauna", "sac": "Presencia de vectores", "codigo_sac": "FV001", "gestor": "Hader Reyes", "cord_x": 103809.379675, "cord_y": 113284.646201 }, "geometry": { "type": "Point", "coordinates": [ -74.043208, 4.716308 ] } },
{ "type": "Feature", "properties": { "categoria": "Caídas y volcamientos en laderas, canales y quebradas", "localidad": "Usaquen", "direccion": "calle 127c con carrera 2", "cod_locali": 1.0, "grupo_sac": "Gestión de riesgos", "sac": "Movimiento en masa", "codigo_sac": "GM001", "gestor": "Hader Reyes", "cord_x": 106141.721758, "cord_y": 112008.843117 }, "geometry": { "type": "Point", "coordinates": [ -74.022196, 4.704772 ] } },
{ "type": "Feature", "properties": { "categoria": "Zonas con riesgo de remoción en masa, flujos y receptaciones", "localidad": "Usaquen", "direccion": "calle 167 con carrera 3", "cod_locali": 1.0, "grupo_sac": "Gestión de riesgos", "sac": "Movimiento en masa", "codigo_sac": "GM002", "gestor": "Hader Reyes", "cord_x": 106484.905587, "cord_y": 116259.277823 }, "geometry": { "type": "Point", "coordinates": [ -74.019097, 4.743193 ] } },
{ "type": "Feature", "properties": { "categoria": "Zonas con riesgo de remoción en masa, flujos y receptaciones", "localidad": "Usaquen", "direccion": "calle 189 con carrera 7", "cod_locali": 1.0, "grupo_sac": "Gestión de riesgos", "sac": "Movimiento en masa", "codigo_sac": "GM002", "gestor": "Hader Reyes", "cord_x": 105506.477688, "cord_y": 118731.603026 }, "geometry": { "type": "Point", "coordinates": [ -74.027909, 4.765543 ] } },
{ "type": "Feature", "properties": { "categoria": "Zonas con riesgo de remoción en masa, flujos y receptaciones", "localidad": "Usaquen", "direccion": "calle 164 a con carrera 3", "cod_locali": 1.0, "grupo_sac": "Gestión de riesgos", "sac": "Movimiento en masa", "codigo_sac": "GM002", "gestor": "Hader Reyes", "cord_x": 106478.77104399999, "cord_y": 115820.64322300001 }, "geometry": { "type": "Point", "coordinates": [ -74.019153, 4.739228 ] } },
{ "type": "Feature", "properties": { "categoria": "Zonas con riesgo de remoción en masa, flujos y receptaciones", "localidad": "Usaquen", "direccion": "calle 186 con carrera 1", "cod_locali": 1.0, "grupo_sac": "Gestión de riesgos", "sac": "Movimiento en masa", "codigo_sac": "GM002", "gestor": "Hader Reyes", "cord_x": 106150.565177, "cord_y": 118399.39484399999 }, "geometry": { "type": "Point", "coordinates": [ -74.022106, 4.762539 ] } },
{ "type": "Feature", "properties": { "categoria": "Zonas con riesgo de remoción en masa, flujos y receptaciones", "localidad": "Usaquen", "direccion": "calle 162 con carrera 3 este", "cod_locali": 1.0, "grupo_sac": "Gestión de riesgos", "sac": "Movimiento en masa", "codigo_sac": "GM002", "gestor": "Hader Reyes", "cord_x": 106863.60695, "cord_y": 114981.945956 }, "geometry": { "type": "Point", "coordinates": [ -74.015687, 4.731646 ] } },
{ "type": "Feature", "properties": { "categoria": "Desbordamientos de canales y quebradas", "localidad": "Usaquen", "direccion": "carrera 45 con calle 202", "cod_locali": 1.0, "grupo_sac": "Gestión de riesgos", "sac": "Inundaciones", "codigo_sac": "GIN003", "gestor": "Hader Reyes", "cord_x": 104091.937406, "cord_y": 120676.626751 }, "geometry": { "type": "Point", "coordinates": [ -74.040652, 4.783127 ] } },
{ "type": "Feature", "properties": { "categoria": "Zonas con riesgo de remoción en masa, flujos y receptaciones", "localidad": "Usaquen", "direccion": "calle 181 con carrera 5", "cod_locali": 1.0, "grupo_sac": "Gestión de riesgos", "sac": "Movimiento en masa", "codigo_sac": "GM002", "gestor": "Hader Reyes", "cord_x": 105965.534094, "cord_y": 117907.95926600001 }, "geometry": { "type": "Point", "coordinates": [ -74.023774, 4.758097 ] } },
{ "type": "Feature", "properties": { "categoria": "Zonas con riesgo de remoción en masa, flujos y receptaciones", "localidad": "Usaquen", "direccion": "calle 191 con carrera 5", "cod_locali": 1.0, "grupo_sac": "Gestión de riesgos", "sac": "Movimiento en masa", "codigo_sac": "GM002", "gestor": "Hader Reyes", "cord_x": 105768.681557, "cord_y": 119000.11152400001 }, "geometry": { "type": "Point", "coordinates": [ -74.025545990999944, 4.767969753000045 ] } },
{ "type": "Feature", "properties": { "categoria": "Zonas con riesgo de remoción en masa, flujos y receptaciones", "localidad": "Usaquen", "direccion": "carrera 9 con calle 207", "cod_locali": 1.0, "grupo_sac": "Gestión de riesgos", "sac": "Movimiento en masa", "codigo_sac": "GM002", "gestor": "Hader Reyes", "cord_x": 105121.465555, "cord_y": 120817.619882 }, "geometry": { "type": "Point", "coordinates": [ -74.031375, 4.7844 ] } },
{ "type": "Feature", "properties": { "categoria": "Zonas con riesgo de remoción en masa, flujos y receptaciones", "localidad": "Usaquen", "direccion": "carrera 9 con calle 215", "cod_locali": 1.0, "grupo_sac": "Gestión de riesgos", "sac": "Movimiento en masa", "codigo_sac": "GM002", "gestor": "Hader Reyes", "cord_x": 105006.588752, "cord_y": 121567.647989 }, "geometry": { "type": "Point", "coordinates": [ -74.032409, 4.79118 ] } },
{ "type": "Feature", "properties": { "categoria": "Zonas con riesgo de remoción en masa, flujos y receptaciones", "localidad": "Usaquen", "direccion": "carrera 9 con calle 221", "cod_locali": 1.0, "grupo_sac": "Gestión de riesgos", "sac": "Movimiento en masa", "codigo_sac": "GM002", "gestor": "Hader Reyes", "cord_x": 104941.48032800001, "cord_y": 122023.41819 }, "geometry": { "type": "Point", "coordinates": [ -74.032995, 4.7953 ] } },
{ "type": "Feature", "properties": { "categoria": "Zonas con riesgo de remoción en masa, flujos y receptaciones", "localidad": "Usaquen", "direccion": "carrera 1 con calle 160b", "cod_locali": 1.0, "grupo_sac": "Gestión de riesgos", "sac": "Movimiento en masa", "codigo_sac": "GM002", "gestor": "Hader Reyes", "cord_x": 106509.98405899999, "cord_y": 115076.68687799999 }, "geometry": { "type": "Point", "coordinates": [ -74.018873, 4.732503 ] } },
{ "type": "Feature", "properties": { "categoria": "Zonas con riesgo de remoción en masa, flujos y receptaciones", "localidad": "Usaquen", "direccion": "calle 188 con carrera 5", "cod_locali": 1.0, "grupo_sac": "Gestión de riesgos", "sac": "Movimiento en masa", "codigo_sac": "GM002", "gestor": "Hader Reyes", "cord_x": 105756.753924, "cord_y": 118661.841248 }, "geometry": { "type": "Point", "coordinates": [ -74.025654, 4.764912 ] } },
{ "type": "Feature", "properties": { "categoria": "Zonas con riesgo de remoción en masa, flujos y receptaciones", "localidad": "Usaquen", "direccion": "carrera 7 con calle 145", "cod_locali": 1.0, "grupo_sac": "Gestión de riesgos", "sac": "Movimiento en masa", "codigo_sac": "GM002", "gestor": "Hader Reyes", "cord_x": 105615.221443, "cord_y": 113696.46482 }, "geometry": { "type": "Point", "coordinates": [ -74.026937, 4.720028 ] } },
{ "type": "Feature", "properties": { "categoria": "Zonas con riesgo de remoción en masa, flujos y receptaciones", "localidad": "Usaquen", "direccion": "calle 167 con carrera 5a", "cod_locali": 1.0, "grupo_sac": "Gestión de riesgos", "sac": "Movimiento en masa", "codigo_sac": "GM002", "gestor": "Hader Reyes", "cord_x": 106278.129277, "cord_y": 116316.987007 }, "geometry": { "type": "Point", "coordinates": [ -74.02096, 4.743715 ] } },
{ "type": "Feature", "properties": { "categoria": "Anegamiento por reflujo de aguas lluvias", "localidad": "Usaquen", "direccion": "carrera 7 con calle 174", "cod_locali": 1.0, "grupo_sac": "Gestión de riesgos", "sac": "Inundaciones", "codigo_sac": "GIN001", "gestor": "Hader Reyes", "cord_x": 105906.59179799999, "cord_y": 117338.99737500001 }, "geometry": { "type": "Point", "coordinates": [ -74.024306, 4.752954 ] } },
{ "type": "Feature", "properties": { "categoria": "Anegamiento por reflujo de aguas lluvias", "localidad": "Usaquen", "direccion": "carrera 7 con calle 163", "cod_locali": 1.0, "grupo_sac": "Gestión de riesgos", "sac": "Inundaciones", "codigo_sac": "GIN001", "gestor": "Hader Reyes", "cord_x": 106070.70854000001, "cord_y": 115634.495839 }, "geometry": { "type": "Point", "coordinates": [ -74.02283, 4.737546 ] } },
{ "type": "Feature", "properties": { "categoria": "Anegamiento por reflujo de aguas lluvias", "localidad": "Usaquen", "direccion": "calle 193 con carrera 15", "cod_locali": 1.0, "grupo_sac": "Gestión de riesgos", "sac": "Inundaciones", "codigo_sac": "GIN001", "gestor": "Hader Reyes", "cord_x": 104660.67892799999, "cord_y": 119460.37930299999 }, "geometry": { "type": "Point", "coordinates": [ -74.035529, 4.772132 ] } },
{ "type": "Feature", "properties": { "categoria": "Anegamiento por reflujo de aguas lluvias", "localidad": "Usaquen", "direccion": "calle 192 con carrera 11", "cod_locali": 1.0, "grupo_sac": "Gestión de riesgos", "sac": "Inundaciones", "codigo_sac": "GIN001", "gestor": "Hader Reyes", "cord_x": 105073.23994699999, "cord_y": 119186.536001 }, "geometry": { "type": "Point", "coordinates": [ -74.031812, 4.769656 ] } },
{ "type": "Feature", "properties": { "categoria": "Desbordamientos de canales y quebradas", "localidad": "Usaquen", "direccion": "calle109 con carrera 9", "cod_locali": 1.0, "grupo_sac": "Gestión de riesgos", "sac": "Inundaciones", "codigo_sac": "GIN003", "gestor": "Hader Reyes", "cord_x": 104231.36747100001, "cord_y": 110355.882729 }, "geometry": { "type": "Point", "coordinates": [ -74.03941, 4.689833 ] } },
{ "type": "Feature", "properties": { "categoria": "Desbordamientos de canales y quebradas", "localidad": "Usaquen", "direccion": "carrera 7 con calle 222", "cod_locali": 1.0, "grupo_sac": "Gestión de riesgos", "sac": "Inundaciones", "codigo_sac": "GIN003", "gestor": "Hader Reyes", "cord_x": 105110.035596, "cord_y": 122135.400304 }, "geometry": { "type": "Point", "coordinates": [ -74.031476, 4.796312 ] } },
{ "type": "Feature", "properties": { "categoria": "Anegamiento por reflujo de aguas lluvias", "localidad": "Usaquen", "direccion": "carrera 9 con calle 185", "cod_locali": 1.0, "grupo_sac": "Gestión de riesgos", "sac": "Inundaciones", "codigo_sac": "GIN001", "gestor": "Hader Reyes", "cord_x": 105119.78439299999, "cord_y": 118262.592278 }, "geometry": { "type": "Point", "coordinates": [ -74.031394, 4.761304 ] } },
{ "type": "Feature", "properties": { "categoria": "Anegamiento por reflujo de aguas lluvias", "localidad": "Usaquen", "direccion": "carrera 45 con calle 220", "cod_locali": 1.0, "grupo_sac": "Gestión de riesgos", "sac": "Inundaciones", "codigo_sac": "GIN001", "gestor": "Hader Reyes", "cord_x": 104302.79687000001, "cord_y": 122092.34591800001 }, "geometry": { "type": "Point", "coordinates": [ -74.03875, 4.795924 ] } },
{ "type": "Feature", "properties": { "categoria": "Desbordamientos de canales y quebradas", "localidad": "Usaquen", "direccion": "carrera 7 con calle 108", "cod_locali": 1.0, "grupo_sac": "Gestión de riesgos", "sac": "Inundaciones", "codigo_sac": "GIN003", "gestor": "Hader Reyes", "cord_x": 104752.649771, "cord_y": 110009.483207 }, "geometry": { "type": "Point", "coordinates": [ -74.034714, 4.686701 ] } },
{ "type": "Feature", "properties": { "categoria": "Zonas con riesgo de incendio forestal", "localidad": "Usaquen", "direccion": "cerros orientales", "cod_locali": 1.0, "grupo_sac": "Gestión de riesgos", "sac": "Incendios", "codigo_sac": "GI001", "gestor": "Hader Reyes", "cord_x": 107193.373127, "cord_y": 116013.59963 }, "geometry": { "type": "Point", "coordinates": [ -74.012714, 4.740971 ] } },
{ "type": "Feature", "properties": { "categoria": "Zonas con riesgo de incendio forestal", "localidad": "Usaquen", "direccion": "cerros orientales", "cod_locali": 1.0, "grupo_sac": "Gestión de riesgos", "sac": "Incendios", "codigo_sac": "GI001", "gestor": "Hader Reyes", "cord_x": 106328.673836, "cord_y": 117890.103218 }, "geometry": { "type": "Point", "coordinates": [ -74.020502, 4.757935 ] } },
{ "type": "Feature", "properties": { "categoria": "Zonas con riesgo de incendio forestal", "localidad": "Usaquen", "direccion": "cerros orientales", "cod_locali": 1.0, "grupo_sac": "Gestión de riesgos", "sac": "Incendios", "codigo_sac": "GI001", "gestor": "Hader Reyes", "cord_x": 107168.721305, "cord_y": 114928.460912 }, "geometry": { "type": "Point", "coordinates": [ -74.012938, 4.731162 ] } },
{ "type": "Feature", "properties": { "categoria": "Expansión urbana y asentamientos ilegales", "localidad": "Usaquen", "direccion": "carrera 3 con calle 164a", "cod_locali": 1.0, "grupo_sac": "Ordenamiento ambiental de territorio", "sac": "Usos del suelo", "codigo_sac": "OU001", "gestor": "Hader Reyes", "cord_x": 106561.12989700001, "cord_y": 115781.717928 }, "geometry": { "type": "Point", "coordinates": [ -74.018411, 4.738876 ] } },
{ "type": "Feature", "properties": { "categoria": "Disposición inadecuada de residuos sólidos", "localidad": "CHAPINERO", "direccion": "CALLE 62 CARRERA 1 A\n3", "cod_locali": 2.0, "grupo_sac": "Contaminación", "sac": "Manejo inadecuado de residuos sólidos", "codigo_sac": "CR004", "gestor": "Juan Esteban Triana", "cord_x": 101909.656869, "cord_y": 105662.32350300001 }, "geometry": { "type": "Point", "coordinates": [ -74.060332664999976, 4.647408614000028 ] } },
{ "type": "Feature", "properties": { "categoria": "Disposición inadecuada de residuos sólidos", "localidad": "CHAPINERO", "direccion": "Kr 1 A Cll 65", "cod_locali": 2.0, "grupo_sac": "Contaminación", "sac": "Manejo inadecuado de residuos sólidos", "codigo_sac": "CR004", "gestor": "Juan Esteban Triana", "cord_x": 102563.10214, "cord_y": 105522.57548699999 }, "geometry": { "type": "Point", "coordinates": [ -74.054445956999984, 4.646144621000076 ] } },
{ "type": "Feature", "properties": { "categoria": "Disposición inadecuada de residuos sólidos", "localidad": "CHAPINERO", "direccion": "Av caracas Cll 60 a bis", "cod_locali": 2.0, "grupo_sac": "Contaminación", "sac": "Manejo inadecuado de residuos sólidos", "codigo_sac": "CR004", "gestor": "Juan Esteban Triana", "cord_x": 101416.304584, "cord_y": 105604.293164 }, "geometry": { "type": "Point", "coordinates": [ -74.064777323999976, 4.646884581000052 ] } },
{ "type": "Feature", "properties": { "categoria": "Disposición inadecuada de residuos sólidos", "localidad": "CHAPINERO", "direccion": "Calle 64 carrera 11", "cod_locali": 2.0, "grupo_sac": "Contaminación", "sac": "Manejo inadecuado de residuos sólidos", "codigo_sac": "CR004", "gestor": "Juan Esteban Triana", "cord_x": 101662.82971599999, "cord_y": 105987.45294800001 }, "geometry": { "type": "Point", "coordinates": [ -74.062555975999942, 4.650347882000062 ] } },
{ "type": "Feature", "properties": { "categoria": "Disposición inadecuada de residuos sólidos", "localidad": "CHAPINERO", "direccion": "Calle 92 con autopista norte", "cod_locali": 2.0, "grupo_sac": "Contaminación", "sac": "Manejo inadecuado de residuos sólidos", "codigo_sac": "CR004", "gestor": "Juan Esteban Triana", "cord_x": 102100.032406, "cord_y": 109181.245503 }, "geometry": { "type": "Point", "coordinates": [ -74.058613618999971, 4.679217591000054 ] } },
{ "type": "Feature", "properties": { "categoria": "Disposición inadecuada de residuos sólidos", "localidad": "CHAPINERO", "direccion": "Caracas con calle 62", "cod_locali": 2.0, "grupo_sac": "Contaminación", "sac": "Manejo inadecuado de residuos sólidos", "codigo_sac": "CR004", "gestor": "Juan Esteban Triana", "cord_x": 101433.668894, "cord_y": 105835.959204 }, "geometry": { "type": "Point", "coordinates": [ -74.064620647999959, 4.648978702000022 ] } },
{ "type": "Feature", "properties": { "categoria": "Disposición inadecuada de residuos sólidos", "localidad": "CHAPINERO", "direccion": "Calle 62 con carrera 9 a", "cod_locali": 2.0, "grupo_sac": "Contaminación", "sac": "Manejo inadecuado de residuos sólidos", "codigo_sac": "CR004", "gestor": "Juan Esteban Triana", "cord_x": 101690.279192, "cord_y": 105750.95481700001 }, "geometry": { "type": "Point", "coordinates": [ -74.062308937999944, 4.648210034000044 ] } },
{ "type": "Feature", "properties": { "categoria": "Disposición inadecuada de residuos sólidos", "localidad": "CHAPINERO", "direccion": "Tv 4 a bis este # 61 - 53", "cod_locali": 2.0, "grupo_sac": "Contaminación", "sac": "Manejo inadecuado de residuos sólidos", "codigo_sac": "CR004", "gestor": "Juan Esteban Triana", "cord_x": 102647.264645, "cord_y": 104998.042659 }, "geometry": { "type": "Point", "coordinates": [ -74.053688360999956, 4.641403021000031 ] } },
{ "type": "Feature", "properties": { "categoria": "Disposición inadecuada de residuos sólidos", "localidad": "CHAPINERO", "direccion": "Calle 65 b con carrera 1", "cod_locali": 2.0, "grupo_sac": "Contaminación", "sac": "Manejo inadecuado de residuos sólidos", "codigo_sac": "CR004", "gestor": "Juan Esteban Triana", "cord_x": 102623.60698500001, "cord_y": 105624.48347000001 }, "geometry": { "type": "Point", "coordinates": [ -74.053900750999958, 4.647065744000031 ] } },
{ "type": "Feature", "properties": { "categoria": "Disposición inadecuada de residuos sólidos", "localidad": "CHAPINERO", "direccion": "Carrera 13 con calle 46", "cod_locali": 2.0, "grupo_sac": "Contaminación", "sac": "Manejo inadecuado de residuos sólidos", "codigo_sac": "CR004", "gestor": "Juan Esteban Triana", "cord_x": 101254.353615, "cord_y": 104083.39118399999 }, "geometry": { "type": "Point", "coordinates": [ -74.066237889999968, 4.63313658900006 ] } },
{ "type": "Feature", "properties": { "categoria": "Disposición inadecuada de residuos sólidos", "localidad": "CHAPINERO", "direccion": "Avenida Caracas con\ncalle 40 c", "cod_locali": 2.0, "grupo_sac": "Contaminación", "sac": "Manejo inadecuado de residuos sólidos", "codigo_sac": "CR004", "gestor": "Juan Esteban Triana", "cord_x": 101023.946245, "cord_y": 103602.042317 }, "geometry": { "type": "Point", "coordinates": [ -74.068314060999967, 4.628785678000042 ] } },
{ "type": "Feature", "properties": { "categoria": "Disposición inadecuada de residuos sólidos", "localidad": "CHAPINERO", "direccion": "Kr 1 Calle 45 B BIS", "cod_locali": 2.0, "grupo_sac": "Contaminación", "sac": "Manejo inadecuado de residuos sólidos", "codigo_sac": "CR004", "gestor": "Juan Esteban Triana", "cord_x": 102586.28227700001, "cord_y": 105709.983429 }, "geometry": { "type": "Point", "coordinates": [ -74.05423690799995, 4.647838663000073 ] } },
{ "type": "Feature", "properties": { "categoria": "Disposición inadecuada de residuos sólidos", "localidad": "CHAPINERO", "direccion": "Calle 100 b con carrera\n4 este", "cod_locali": 2.0, "grupo_sac": "Contaminación", "sac": "Manejo inadecuado de residuos sólidos", "codigo_sac": "CR004", "gestor": "Juan Esteban Triana", "cord_x": 106151.18292200001, "cord_y": 108479.191638 }, "geometry": { "type": "Point", "coordinates": [ -74.022116404999963, 4.672865868000031 ] } },
{ "type": "Feature", "properties": { "categoria": "Disposición inadecuada de residuos sólidos", "localidad": "CHAPINERO", "direccion": "Calle 77 con Autopista\nNorte", "cod_locali": 2.0, "grupo_sac": "Contaminación", "sac": "Manejo inadecuado de residuos sólidos", "codigo_sac": "CR004", "gestor": "Juan Esteban Triana", "cord_x": 101871.905822, "cord_y": 107591.36823399999 }, "geometry": { "type": "Point", "coordinates": [ -74.060670647999984, 4.664846202000035 ] } },
{ "type": "Feature", "properties": { "categoria": "Disposición inadecuada de residuos sólidos", "localidad": "CHAPINERO", "direccion": "Avenida Calle 57 con\nCarrera 9", "cod_locali": 2.0, "grupo_sac": "Contaminación", "sac": "Manejo inadecuado de residuos sólidos", "codigo_sac": "CR004", "gestor": "Juan Esteban Triana", "cord_x": 101847.259313, "cord_y": 105778.163394 }, "geometry": { "type": "Point", "coordinates": [ -74.060894675999975, 4.648455815000034 ] } },
{ "type": "Feature", "properties": { "categoria": "Disposición inadecuada de residuos sólidos", "localidad": "CHAPINERO", "direccion": "Carrera 13A con Calle 97", "cod_locali": 2.0, "grupo_sac": "Contaminación", "sac": "Manejo inadecuado de residuos sólidos", "codigo_sac": "CR004", "gestor": "Juan Esteban Triana", "cord_x": 103303.587638, "cord_y": 109440.59327700001 }, "geometry": { "type": "Point", "coordinates": [ -74.047770004999961, 4.681560509000064 ] } },
{ "type": "Feature", "properties": { "categoria": "Zonas con riesgo de remoción en masa, flujos y receptaciones", "localidad": "CHAPINERO", "direccion": "Cra. 1 Bis B No. 65B - 15", "cod_locali": 2.0, "grupo_sac": "Gestión de riesgos", "sac": "Movimiento en masa", "codigo_sac": "GM002", "gestor": "Juan Esteban Triana", "cord_x": 102562.974848, "cord_y": 105623.47801200001 }, "geometry": { "type": "Point", "coordinates": [ -74.054446985999959, 4.647056727000063 ] } },
{ "type": "Feature", "properties": { "categoria": "Zonas con riesgo de remoción en masa, flujos y receptaciones", "localidad": "CHAPINERO", "direccion": "Diagonal 40A - 5-43 Este", "cod_locali": 2.0, "grupo_sac": "Gestión de riesgos", "sac": "Movimiento en masa", "codigo_sac": "GM002", "gestor": "Juan Esteban Triana", "cord_x": 101120.271651, "cord_y": 103458.99308099999 }, "geometry": { "type": "Point", "coordinates": [ -74.067446433999976, 4.627492491000055 ] } },
{ "type": "Feature", "properties": { "categoria": "Zonas con riesgo de remoción en masa, flujos y receptaciones", "localidad": "CHAPINERO", "direccion": "Transv. 4 No. 45 C", "cod_locali": 2.0, "grupo_sac": "Gestión de riesgos", "sac": "Movimiento en masa", "codigo_sac": "GM002", "gestor": "Juan Esteban Triana", "cord_x": 102245.185868, "cord_y": 103806.21607900001 }, "geometry": { "type": "Point", "coordinates": [ -74.057312, 4.63063 ] } },
{ "type": "Feature", "properties": { "categoria": "Zonas con riesgo de remoción en masa, flujos y receptaciones", "localidad": "CHAPINERO", "direccion": "Tranversar 2  esteNo. 77-77", "cod_locali": 2.0, "grupo_sac": "Gestión de riesgos", "sac": "Movimiento en masa", "codigo_sac": "GM002", "gestor": "Juan Esteban Triana", "cord_x": 103361.794354, "cord_y": 106738.79642 }, "geometry": { "type": "Point", "coordinates": [ -74.047249032999957, 4.657137636000073 ] } },
{ "type": "Feature", "properties": { "categoria": "Zonas con riesgo de remoción en masa, flujos y receptaciones", "localidad": "CHAPINERO", "direccion": "Diagonal 57 No. 4-16", "cod_locali": 2.0, "grupo_sac": "Gestión de riesgos", "sac": "Movimiento en masa", "codigo_sac": "GM002", "gestor": "Juan Esteban Triana", "cord_x": 102532.889662, "cord_y": 104918.579562 }, "geometry": { "type": "Point", "coordinates": [ -74.054718846999947, 4.64068485100006 ] } },
{ "type": "Feature", "properties": { "categoria": "Zonas con riesgo de remoción en masa, flujos y receptaciones", "localidad": "CHAPINERO", "direccion": "Carrera 1 B No. 54 45", "cod_locali": 2.0, "grupo_sac": "Gestión de riesgos", "sac": "Movimiento en masa", "codigo_sac": "GM002", "gestor": "Juan Esteban Triana", "cord_x": 102067.233507, "cord_y": 104663.68207900001 }, "geometry": { "type": "Point", "coordinates": [ -74.058914174999984, 4.638381245000062 ] } },
{ "type": "Feature", "properties": { "categoria": "Zonas con riesgo de remoción en masa, flujos y receptaciones", "localidad": "CHAPINERO", "direccion": "Cra 2 ESTE No. 43 - 30", "cod_locali": 2.0, "grupo_sac": "Gestión de riesgos", "sac": "Movimiento en masa", "codigo_sac": "GM002", "gestor": "Juan Esteban Triana", "cord_x": 101987.115212, "cord_y": 103713.21362 }, "geometry": { "type": "Point", "coordinates": [ -74.059637, 4.629789596000023 ] } },
{ "type": "Feature", "properties": { "categoria": "Zonas con riesgo de remoción en masa, flujos y receptaciones", "localidad": "CHAPINERO", "direccion": "Carrera 4 No, 87 - 84", "cod_locali": 2.0, "grupo_sac": "Gestión de riesgos", "sac": "Movimiento en masa", "codigo_sac": "GM002", "gestor": "Juan Esteban Triana", "cord_x": 103779.838506, "cord_y": 107975.10406 }, "geometry": { "type": "Point", "coordinates": [ -74.043481203999988, 4.668312655000022 ] } },
{ "type": "Feature", "properties": { "categoria": "Zonas con riesgo de remoción en masa, flujos y receptaciones", "localidad": "CHAPINERO", "direccion": "Cra 2 ESTE No. 46 - 14", "cod_locali": 2.0, "grupo_sac": "Gestión de riesgos", "sac": "Movimiento en masa", "codigo_sac": "GM002", "gestor": "Juan Esteban Triana", "cord_x": 102035.903942, "cord_y": 103973.542294 }, "geometry": { "type": "Point", "coordinates": [ -74.05919718499996, 4.63214277700007 ] } },
{ "type": "Feature", "properties": { "categoria": "Zonas con riesgo de remoción en masa, flujos y receptaciones", "localidad": "CHAPINERO", "direccion": "CRA 2 A 72-30", "cod_locali": 2.0, "grupo_sac": "Gestión de riesgos", "sac": "Movimiento en masa", "codigo_sac": "GM002", "gestor": "Juan Esteban Triana", "cord_x": 102853.46059, "cord_y": 106360.949267 }, "geometry": { "type": "Point", "coordinates": [ -74.051829117999944, 4.653722730000027 ] } },
{ "type": "Feature", "properties": { "categoria": "Zonas con riesgo de remoción en masa, flujos y receptaciones", "localidad": "CHAPINERO", "direccion": "Av. Circunvalar - Cll 41", "cod_locali": 2.0, "grupo_sac": "Gestión de riesgos", "sac": "Movimiento en masa", "codigo_sac": "GM002", "gestor": "Juan Esteban Triana", "cord_x": 101871.643835, "cord_y": 103979.93642500001 }, "geometry": { "type": "Point", "coordinates": [ -74.060676961999945, 4.632200758000067 ] } },
{ "type": "Feature", "properties": { "categoria": "Zonas con riesgo de remoción en masa, flujos y receptaciones", "localidad": "CHAPINERO", "direccion": "Cra 5 No. 39 - 00", "cod_locali": 2.0, "grupo_sac": "Gestión de riesgos", "sac": "Movimiento en masa", "codigo_sac": "GM002", "gestor": "Juan Esteban Triana", "cord_x": 101664.430612, "cord_y": 103414.19391099999 }, "geometry": { "type": "Point", "coordinates": [ -74.062544303999971, 4.627086965000046 ] } },
{ "type": "Feature", "properties": { "categoria": "Zonas con riesgo de remoción en masa, flujos y receptaciones", "localidad": "CHAPINERO", "direccion": "Calle 102 cra 5C este", "cod_locali": 2.0, "grupo_sac": "Gestión de riesgos", "sac": "Movimiento en masa", "codigo_sac": "GM002", "gestor": "Juan Esteban Triana", "cord_x": 106451.853428, "cord_y": 108393.60095 }, "geometry": { "type": "Point", "coordinates": [ -74.019407717999968, 4.672091688000023 ] } },
{ "type": "Feature", "properties": { "categoria": "Zonas con riesgo de remoción en masa, flujos y receptaciones", "localidad": "CHAPINERO", "direccion": "Km, 5 vía la Calera Trv 12 con calle 96 y 97", "cod_locali": 2.0, "grupo_sac": "Gestión de riesgos", "sac": "Movimiento en masa", "codigo_sac": "GM002", "gestor": "Juan Esteban Triana", "cord_x": 106636.942547, "cord_y": 107610.846858 }, "geometry": { "type": "Point", "coordinates": [ -74.017741488999945, 4.665015713000059 ] } },
{ "type": "Feature", "properties": { "categoria": "Vectores", "localidad": "ANTONIO NARIÑO", "direccion": "Parque central del Restrepo Calle 19b sur # 17-2", "cod_locali": 15.0, "grupo_sac": "Fauna", "sac": "Presencia de vectores", "codigo_sac": "FV001", "gestor": "Liliana Rondón Salazar", "cord_x": 97252.7057336, "cord_y": 98600.144043299995 }, "geometry": { "type": "Point", "coordinates": [ -74.102291, 4.583574 ] } },
{ "type": "Feature", "properties": { "categoria": "Zonas con riesgo de remoción en masa, flujos y receptaciones", "localidad": "CHAPINERO", "direccion": "TRV 1 ESTE No. 54a-47", "cod_locali": 2.0, "grupo_sac": "Gestión de riesgos", "sac": "Movimiento en masa", "codigo_sac": "GM002", "gestor": "Juan Esteban Triana", "cord_x": 102205.07484299999, "cord_y": 104756.39546699999 }, "geometry": { "type": "Point", "coordinates": [ -74.057672276999938, 4.639219170000047 ] } },
{ "type": "Feature", "properties": { "categoria": "Zonas con riesgo de remoción en masa, flujos y receptaciones", "localidad": "CHAPINERO", "direccion": "CALLE 43 No. 3-35", "cod_locali": 2.0, "grupo_sac": "Gestión de riesgos", "sac": "Movimiento en masa", "codigo_sac": "GM002", "gestor": "Juan Esteban Triana", "cord_x": 101964.391197, "cord_y": 103395.444286 }, "geometry": { "type": "Point", "coordinates": [ -74.059842064999941, 4.626917152000033 ] } },
{ "type": "Feature", "properties": { "categoria": "Zonas con riesgo de remoción en masa, flujos y receptaciones", "localidad": "CHAPINERO", "direccion": "CALLE 91 No. 3.89", "cod_locali": 2.0, "grupo_sac": "Gestión de riesgos", "sac": "Movimiento en masa", "codigo_sac": "GM002", "gestor": "Juan Esteban Triana", "cord_x": 104072.547767, "cord_y": 108058.194433 }, "geometry": { "type": "Point", "coordinates": [ -74.04084400499994, 4.669063355000048 ] } },
{ "type": "Feature", "properties": { "categoria": "Zonas con riesgo de remoción en masa, flujos y receptaciones", "localidad": "CHAPINERO", "direccion": "CALLE 45 D No. 4-06 este", "cod_locali": 2.0, "grupo_sac": "Gestión de riesgos", "sac": "Movimiento en masa", "codigo_sac": "GM002", "gestor": "Juan Esteban Triana", "cord_x": 102246.822501, "cord_y": 103877.334394 }, "geometry": { "type": "Point", "coordinates": [ -74.057297174999974, 4.631272871000021 ] } },
{ "type": "Feature", "properties": { "categoria": "Zonas con riesgo de remoción en masa, flujos y receptaciones", "localidad": "CHAPINERO", "direccion": "AV CIRCUNVALR CALLE 59", "cod_locali": 2.0, "grupo_sac": "Gestión de riesgos", "sac": "Movimiento en masa", "codigo_sac": "GM002", "gestor": "Juan Esteban Triana", "cord_x": 102148.12745099999, "cord_y": 105193.118609 }, "geometry": { "type": "Point", "coordinates": [ -74.058184817999972, 4.643166983000071 ] } },
{ "type": "Feature", "properties": { "categoria": "Emposamiento y encharcamiento", "localidad": "CHAPINERO", "direccion": "Diagonal 42 este con Carrera 1A", "cod_locali": 2.0, "grupo_sac": "Gestión de riesgos", "sac": "Inundaciones", "codigo_sac": "GIN004", "gestor": "Juan Esteban Triana", "cord_x": 102278.86519300001, "cord_y": 103354.71144899999 }, "geometry": { "type": "Point", "coordinates": [ -74.057009103999974, 4.626548595000031 ] } },
{ "type": "Feature", "properties": { "categoria": "Falta obras de mitigación y estabilización", "localidad": "CHAPINERO", "direccion": "CALLE 80 CRA 15 Y 16 A", "cod_locali": 2.0, "grupo_sac": "Gestión de riesgos", "sac": "Infraestructura", "codigo_sac": "GE002", "gestor": "Juan Esteban Triana", "cord_x": 102275.672582, "cord_y": 107782.755383 }, "geometry": { "type": "Point", "coordinates": [ -74.057032813999967, 4.666575786000067 ] } },
{ "type": "Feature", "properties": { "categoria": "Riesgo por amenaza de caída de infraestructura física", "localidad": "CHAPINERO", "direccion": "KR 5A ESTE 99 46", "cod_locali": 2.0, "grupo_sac": "Gestión de riesgos", "sac": "Infraestructura", "codigo_sac": "GE004", "gestor": "Juan Esteban Triana", "cord_x": 106148.91386299999, "cord_y": 108287.574331 }, "geometry": { "type": "Point", "coordinates": [ -74.02213715299996, 4.671133755000028 ] } },
{ "type": "Feature", "properties": { "categoria": "Disposición inadecuada de residuos sólidos", "localidad": "CHAPINERO", "direccion": "Tv. 5 Este # 58-16", "cod_locali": 2.0, "grupo_sac": "Contaminación", "sac": "Manejo inadecuado de residuos sólidos", "codigo_sac": "CR004", "gestor": "Juan Esteban Triana", "cord_x": 102743.41169399999, "cord_y": 104823.31471200001 }, "geometry": { "type": "Point", "coordinates": [ -74.05282239099995, 4.639823457000034 ] } },
{ "type": "Feature", "properties": { "categoria": "Vertimientos aguas residuales domesticas", "localidad": "CHAPINERO", "direccion": "Tv. 5 Este # 58-16", "cod_locali": 2.0, "grupo_sac": "Estructura ecológica principal y espacios del agua", "sac": "Contaminación Hídrica", "codigo_sac": "EH003", "gestor": "Juan Esteban Triana", "cord_x": 102743.41169399999, "cord_y": 104823.31471200001 }, "geometry": { "type": "Point", "coordinates": [ -74.05282239099995, 4.639823457000034 ] } },
{ "type": "Feature", "properties": { "categoria": "Invasión de áreas protegidas", "localidad": "CHAPINERO", "direccion": "Tv. 5 Este # 58-16", "cod_locali": 2.0, "grupo_sac": "Ordenamiento ambiental de territorio", "sac": "Usos del suelo", "codigo_sac": "OU002", "gestor": "Juan Esteban Triana", "cord_x": 102743.41169399999, "cord_y": 104823.31471200001 }, "geometry": { "type": "Point", "coordinates": [ -74.05282239099995, 4.639823457000034 ] } },
{ "type": "Feature", "properties": { "categoria": "Disposición inadecuada de residuos sólidos", "localidad": "CHAPINERO", "direccion": "Quebrada la Sureña\nCalle 100 con carrera 7A este", "cod_locali": 2.0, "grupo_sac": "Contaminación", "sac": "Manejo inadecuado de residuos sólidos", "codigo_sac": "CR004", "gestor": "Juan Esteban Triana", "cord_x": 105919.100509, "cord_y": 108048.89647399999 }, "geometry": { "type": "Point", "coordinates": [ -74.024207976999946, 4.668976601000054 ] } },
{ "type": "Feature", "properties": { "categoria": "Vertimientos aguas residuales domesticas", "localidad": "CHAPINERO", "direccion": "Quebrada la Sureña\nCalle 100 con carrera 7A este", "cod_locali": 2.0, "grupo_sac": "Estructura ecológica principal y espacios del agua", "sac": "Contaminación Hídrica", "codigo_sac": "EH003", "gestor": "Juan Esteban Triana", "cord_x": 105919.100509, "cord_y": 108048.89647399999 }, "geometry": { "type": "Point", "coordinates": [ -74.024207976999946, 4.668976601000054 ] } },
{ "type": "Feature", "properties": { "categoria": "Invasión de áreas protegidas", "localidad": "CHAPINERO", "direccion": "Quebrada la Sureña\nCalle 100 con carrera 7A este", "cod_locali": 2.0, "grupo_sac": "Ordenamiento ambiental de territorio", "sac": "Usos del suelo", "codigo_sac": "OU002", "gestor": "Juan Esteban Triana", "cord_x": 105919.100509, "cord_y": 108048.89647399999 }, "geometry": { "type": "Point", "coordinates": [ -74.024207976999946, 4.668976601000054 ] } },
{ "type": "Feature", "properties": { "categoria": "Disposición inadecuada de residuos sólidos", "localidad": "CHAPINERO", "direccion": "Cra. 9 Este # 95a50", "cod_locali": 2.0, "grupo_sac": "Contaminación", "sac": "Manejo inadecuado de residuos sólidos", "codigo_sac": "CR004", "gestor": "Juan Esteban Triana", "cord_x": 106213.892326, "cord_y": 107759.519661 }, "geometry": { "type": "Point", "coordinates": [ -74.021552589999942, 4.666360323000049 ] } },
{ "type": "Feature", "properties": { "categoria": "Vertimientos aguas residuales domesticas", "localidad": "CHAPINERO", "direccion": "Cra. 9 Este # 95a50", "cod_locali": 2.0, "grupo_sac": "Estructura ecológica principal y espacios del agua", "sac": "Contaminación Hídrica", "codigo_sac": "EH003", "gestor": "Juan Esteban Triana", "cord_x": 106213.892326, "cord_y": 107759.519661 }, "geometry": { "type": "Point", "coordinates": [ -74.021552589999942, 4.666360323000049 ] } },
{ "type": "Feature", "properties": { "categoria": "Invasión de áreas protegidas", "localidad": "CHAPINERO", "direccion": "Cra. 9 Este # 95a50", "cod_locali": 2.0, "grupo_sac": "Ordenamiento ambiental de territorio", "sac": "Usos del suelo", "codigo_sac": "OU002", "gestor": "Juan Esteban Triana", "cord_x": 106213.892326, "cord_y": 107759.519661 }, "geometry": { "type": "Point", "coordinates": [ -74.021552589999942, 4.666360323000049 ] } },
{ "type": "Feature", "properties": { "categoria": "Tenencia inadecuada de animales de compañía", "localidad": "CHAPINERO", "direccion": "Cra. 1 # 73 - 42", "cod_locali": 2.0, "grupo_sac": "Fauna", "sac": "Fauna doméstica y animales de compañía", "codigo_sac": "FD001", "gestor": "Juan Esteban Triana", "cord_x": 103066.025933, "cord_y": 106386.69095 }, "geometry": { "type": "Point", "coordinates": [ -74.049914072999968, 4.653955161000056 ] } },
{ "type": "Feature", "properties": { "categoria": "Invasión de áreas protegidas", "localidad": "CHAPINERO", "direccion": "Cra. 1 # 73 - 42", "cod_locali": 2.0, "grupo_sac": "Ordenamiento ambiental de territorio", "sac": "Usos del suelo", "codigo_sac": "OU002", "gestor": "Juan Esteban Triana", "cord_x": 103066.025933, "cord_y": 106386.69095 }, "geometry": { "type": "Point", "coordinates": [ -74.049914072999968, 4.653955161000056 ] } },
{ "type": "Feature", "properties": { "categoria": "Invasión de áreas protegidas", "localidad": "CHAPINERO", "direccion": "Carrera 7ma calle 94", "cod_locali": 2.0, "grupo_sac": "Ordenamiento ambiental de territorio", "sac": "Usos del suelo", "codigo_sac": "OU002", "gestor": "Juan Esteban Triana", "cord_x": 103918.82374599999, "cord_y": 108738.44488700001 }, "geometry": { "type": "Point", "coordinates": [ -74.042228032999958, 4.675212661000046 ] } },
{ "type": "Feature", "properties": { "categoria": "Areas que requieren de restauración ecológica", "localidad": "CHAPINERO", "direccion": "Carrera 7ma calle 94", "cod_locali": 2.0, "grupo_sac": "Estructura ecológica principal y espacios del agua", "sac": "Mantenimiento silvicultural", "codigo_sac": "ES001", "gestor": "Juan Esteban Triana", "cord_x": 103918.82374599999, "cord_y": 108738.44488700001 }, "geometry": { "type": "Point", "coordinates": [ -74.042228032999958, 4.675212661000046 ] } },
{ "type": "Feature", "properties": { "categoria": "Ocupación por habitante de calle y cambuches", "localidad": "CHAPINERO", "direccion": "Carrera 2 Este Número. 72 - 00", "cod_locali": 2.0, "grupo_sac": "Estructura ecológica principal y espacios del agua", "sac": "Invasión EEP", "codigo_sac": "EI003", "gestor": "Juan Esteban Triana", "cord_x": 103217.91157500001, "cord_y": 106125.20472199999 }, "geometry": { "type": "Point", "coordinates": [ -74.048546053999985, 4.651591275000044 ] } },
{ "type": "Feature", "properties": { "categoria": "Caídas y volcamientos en laderas, canales y quebradas", "localidad": "CHAPINERO", "direccion": "Carrera 2 Este Número. 72 - 00", "cod_locali": 2.0, "grupo_sac": "Gestión de riesgos", "sac": "Movimiento en masa", "codigo_sac": "GM001", "gestor": "Juan Esteban Triana", "cord_x": 103217.91157500001, "cord_y": 106125.20472199999 }, "geometry": { "type": "Point", "coordinates": [ -74.048546053999985, 4.651591275000044 ] } },
{ "type": "Feature", "properties": { "categoria": "Tenencia inadecuada de animales de compañía", "localidad": "CHAPINERO", "direccion": "Carrera 2 Este Número. 72 - 00", "cod_locali": 2.0, "grupo_sac": "Fauna", "sac": "Fauna doméstica y animales de compañía", "codigo_sac": "FD001", "gestor": "Juan Esteban Triana", "cord_x": 103217.91157500001, "cord_y": 106125.20472199999 }, "geometry": { "type": "Point", "coordinates": [ -74.048546053999985, 4.651591275000044 ] } },
{ "type": "Feature", "properties": { "categoria": "Disposición inadecuada de residuos sólidos", "localidad": "CHAPINERO", "direccion": "Calle 42 transversal 7A Este", "cod_locali": 2.0, "grupo_sac": "Contaminación", "sac": "Manejo inadecuado de residuos sólidos", "codigo_sac": "CR004", "gestor": "Juan Esteban Triana", "cord_x": 102437.39831400001, "cord_y": 103411.269084 }, "geometry": { "type": "Point", "coordinates": [ -74.055580859999964, 4.627059665000047 ] } },
{ "type": "Feature", "properties": { "categoria": "Invasión de áreas protegidas", "localidad": "CHAPINERO", "direccion": "Calle 42 transversal 7A Este", "cod_locali": 2.0, "grupo_sac": "Ordenamiento ambiental de territorio", "sac": "Usos del suelo", "codigo_sac": "OU002", "gestor": "Juan Esteban Triana", "cord_x": 102437.39831400001, "cord_y": 103411.269084 }, "geometry": { "type": "Point", "coordinates": [ -74.055580859999964, 4.627059665000047 ] } },
{ "type": "Feature", "properties": { "categoria": "Invasión de áreas protegidas", "localidad": "CHAPINERO", "direccion": "Calle 47 bis con Carrera 3B este", "cod_locali": 2.0, "grupo_sac": "Ordenamiento ambiental de territorio", "sac": "Usos del suelo", "codigo_sac": "OU002", "gestor": "Juan Esteban Triana", "cord_x": 101819.093094, "cord_y": 103610.599688 }, "geometry": { "type": "Point", "coordinates": [ -74.061150780999981, 4.628862204000029 ] } },
{ "type": "Feature", "properties": { "categoria": "Disposición inadecuada de residuos sólidos", "localidad": "CHAPINERO", "direccion": "Calle 47 bis con Carrera 3B este", "cod_locali": 2.0, "grupo_sac": "Contaminación", "sac": "Manejo inadecuado de residuos sólidos", "codigo_sac": "CR004", "gestor": "Juan Esteban Triana", "cord_x": 101819.093094, "cord_y": 103610.599688 }, "geometry": { "type": "Point", "coordinates": [ -74.061150780999981, 4.628862204000029 ] } },
{ "type": "Feature", "properties": { "categoria": "Vertimientos aguas residuales domesticas", "localidad": "CHAPINERO", "direccion": "Entre la Carrera 7ma y Autopista Norte, entre la calle 88 - 87", "cod_locali": 2.0, "grupo_sac": "Estructura ecológica principal y espacios del agua", "sac": "Contaminación Hídrica", "codigo_sac": "EH003", "gestor": "Juan Esteban Triana", "cord_x": 103474.84176900001, "cord_y": 108086.82225100001 }, "geometry": { "type": "Point", "coordinates": [ -74.046228848999988, 4.669322926000063 ] } },
{ "type": "Feature", "properties": { "categoria": "Desbordamientos de canales y quebradas", "localidad": "CHAPINERO", "direccion": "Entre la Carrera 7ma y Autopista Norte, entre la calle 88 - 87", "cod_locali": 2.0, "grupo_sac": "Gestión de riesgos", "sac": "Inundaciones", "codigo_sac": "GIN003", "gestor": "Juan Esteban Triana", "cord_x": 103474.84176900001, "cord_y": 108086.82225100001 }, "geometry": { "type": "Point", "coordinates": [ -74.046228848999988, 4.669322926000063 ] } },
{ "type": "Feature", "properties": { "categoria": "Invasión de áreas protegidas", "localidad": "CHAPINERO", "direccion": "Quebrada San Antonio", "cod_locali": 2.0, "grupo_sac": "Ordenamiento ambiental de territorio", "sac": "Usos del suelo", "codigo_sac": "OU002", "gestor": "Juan Esteban Triana", "cord_x": 107041.18382200001, "cord_y": 107745.024535 }, "geometry": { "type": "Point", "coordinates": [ -74.01409937699998, 4.666227928000069 ] } },
{ "type": "Feature", "properties": { "categoria": "Disposición inadecuada de residuos sólidos", "localidad": "CHAPINERO", "direccion": "Quebrada San Antonio", "cod_locali": 2.0, "grupo_sac": "Contaminación", "sac": "Manejo inadecuado de residuos sólidos", "codigo_sac": "CR004", "gestor": "Juan Esteban Triana", "cord_x": 107041.18382200001, "cord_y": 107745.024535 }, "geometry": { "type": "Point", "coordinates": [ -74.01409937699998, 4.666227928000069 ] } },
{ "type": "Feature", "properties": { "categoria": "Ocupación por habitante de calle y cambuches", "localidad": "CHAPINERO", "direccion": "Diagonal 40A con carrera 7ma.", "cod_locali": 2.0, "grupo_sac": "Estructura ecológica principal y espacios del agua", "sac": "Invasión EEP", "codigo_sac": "EI003", "gestor": "Juan Esteban Triana", "cord_x": 101298.617491, "cord_y": 103269.329192 }, "geometry": { "type": "Point", "coordinates": [ -74.065839959999948, 4.625777846000062 ] } },
{ "type": "Feature", "properties": { "categoria": "Disposición inadecuada de residuos sólidos", "localidad": "CHAPINERO", "direccion": "Diagonal 40A con carrera 7ma.", "cod_locali": 2.0, "grupo_sac": "Contaminación", "sac": "Manejo inadecuado de residuos sólidos", "codigo_sac": "CR004", "gestor": "Juan Esteban Triana", "cord_x": 101298.617491, "cord_y": 103269.329192 }, "geometry": { "type": "Point", "coordinates": [ -74.065839959999948, 4.625777846000062 ] } },
{ "type": "Feature", "properties": { "categoria": "Tenencia inadecuada de animales de compañía", "localidad": "CHAPINERO", "direccion": "Tv. 11a E # 95 – 98", "cod_locali": 2.0, "grupo_sac": "Fauna", "sac": "Fauna doméstica y animales de compañía", "codigo_sac": "FD001", "gestor": "Juan Esteban Triana", "cord_x": 106061.354421, "cord_y": 107830.457639 }, "geometry": { "type": "Point", "coordinates": [ -74.022926722999955, 4.667001808000066 ] } },
{ "type": "Feature", "properties": { "categoria": "Expansión urbana y asentamientos ilegales", "localidad": "CHAPINERO", "direccion": "Tv. 11a E # 95 – 98", "cod_locali": 2.0, "grupo_sac": "Ordenamiento ambiental de territorio", "sac": "Usos del suelo", "codigo_sac": "OU001", "gestor": "Juan Esteban Triana", "cord_x": 106061.354421, "cord_y": 107830.457639 }, "geometry": { "type": "Point", "coordinates": [ -74.022926722999955, 4.667001808000066 ] } },
{ "type": "Feature", "properties": { "categoria": "Especies vegetales invasoras", "localidad": "CHAPINERO", "direccion": "Tv. 11a E # 95 – 98", "cod_locali": 2.0, "grupo_sac": "Estructura ecológica principal y espacios del agua", "sac": "Mantenimiento silvicultural", "codigo_sac": "ES004", "gestor": "Juan Esteban Triana", "cord_x": 106061.354421, "cord_y": 107830.457639 }, "geometry": { "type": "Point", "coordinates": [ -74.022926722999955, 4.667001808000066 ] } },
{ "type": "Feature", "properties": { "categoria": "Disposición inadecuada de residuos sólidos", "localidad": "CHAPINERO", "direccion": "Vereda el Verjón Bajo Chapinero", "cod_locali": 2.0, "grupo_sac": "Contaminación", "sac": "Manejo inadecuado de residuos sólidos", "codigo_sac": "CR004", "gestor": "Juan Esteban Triana", "cord_x": 107140.599714, "cord_y": 104711.38173199999 }, "geometry": { "type": "Point", "coordinates": [ -74.013208879999979, 4.638805270000034 ] } },
{ "type": "Feature", "properties": { "categoria": "Especies vegetales invasoras", "localidad": "CHAPINERO", "direccion": "Vereda el Verjón Bajo Chapinero", "cod_locali": 2.0, "grupo_sac": "Estructura ecológica principal y espacios del agua", "sac": "Mantenimiento silvicultural", "codigo_sac": "ES004", "gestor": "Juan Esteban Triana", "cord_x": 107140.599714, "cord_y": 104711.38173199999 }, "geometry": { "type": "Point", "coordinates": [ -74.013208879999979, 4.638805270000034 ] } },
{ "type": "Feature", "properties": { "categoria": "Ruido por música estridente", "localidad": "CHAPINERO", "direccion": "Parque de los Hippis", "cod_locali": 2.0, "grupo_sac": "Contaminación", "sac": "Contaminación por ruido", "codigo_sac": "CR002", "gestor": "Juan Esteban Triana", "cord_x": 101746.681891, "cord_y": 105450.580883 }, "geometry": { "type": "Point", "coordinates": [ -74.061801130999982, 4.645494750000069 ] } },
{ "type": "Feature", "properties": { "categoria": "Ruido por música estridente", "localidad": "CHAPINERO", "direccion": "Sector Marly - Calle 51 y Sucre", "cod_locali": 2.0, "grupo_sac": "Contaminación", "sac": "Contaminación por ruido", "codigo_sac": "CR002", "gestor": "Juan Esteban Triana", "cord_x": 101299.53982599999, "cord_y": 104480.041266 }, "geometry": { "type": "Point", "coordinates": [ -74.065830409999933, 4.636722053000028 ] } },
{ "type": "Feature", "properties": { "categoria": "Ruido por música estridente", "localidad": "CHAPINERO", "direccion": "Avenida caracas - carrera 13 con calle 54", "cod_locali": 2.0, "grupo_sac": "Contaminación", "sac": "Contaminación por ruido", "codigo_sac": "CR002", "gestor": "Juan Esteban Triana", "cord_x": 101401.372643, "cord_y": 104944.90401899999 }, "geometry": { "type": "Point", "coordinates": [ -74.064912530999948, 4.640924064000046 ] } },
{ "type": "Feature", "properties": { "categoria": "Ruido por música estridente", "localidad": "CHAPINERO", "direccion": "Calle 84 Bis #No. 13 54", "cod_locali": 2.0, "grupo_sac": "Contaminación", "sac": "Contaminación por ruido", "codigo_sac": "CR002", "gestor": "Juan Esteban Triana", "cord_x": 102575.110807, "cord_y": 108054.88554 }, "geometry": { "type": "Point", "coordinates": [ -74.054334788999938, 4.669035348000023 ] } },
{ "type": "Feature", "properties": { "categoria": "Deficiencias en mantenimiento de arbolado urbano", "localidad": "ENGATIVA", "direccion": "Cra 70 # 77 - 49", "cod_locali": 10.0, "grupo_sac": "Estructura ecológica principal y espacios del agua", "sac": "Mantenimiento silvicultural", "codigo_sac": "ES003", "gestor": "MARIA CONCHITA VELASQUEZ", "cord_x": 95479.185431999998, "cord_y": 112971.893606 }, "geometry": { "type": "Point", "coordinates": [ -74.118262, 4.713488 ] } },
{ "type": "Feature", "properties": { "categoria": "Deficiencias en mantenimiento de arbolado urbano", "localidad": "ENGATIVA", "direccion": "Dg 78 C - Tv 107 B", "cod_locali": 10.0, "grupo_sac": "Estructura ecológica principal y espacios del agua", "sac": "Mantenimiento silvicultural", "codigo_sac": "ES003", "gestor": "MARIA CONCHITA VELASQUEZ", "cord_x": 95504.0425559, "cord_y": 113084.51188799999 }, "geometry": { "type": "Point", "coordinates": [ -74.118038, 4.714506 ] } },
{ "type": "Feature", "properties": { "categoria": "Deficiencias en mantenimiento de arbolado urbano", "localidad": "ENGATIVA", "direccion": "Cl 78 B - Cra 107", "cod_locali": 10.0, "grupo_sac": "Estructura ecológica principal y espacios del agua", "sac": "Mantenimiento silvicultural", "codigo_sac": "ES003", "gestor": "MARIA CONCHITA VELASQUEZ", "cord_x": 95483.844855799995, "cord_y": 113024.773023 }, "geometry": { "type": "Point", "coordinates": [ -74.11822, 4.713966 ] } },
{ "type": "Feature", "properties": { "categoria": "Deficiencias en mantenimiento de arbolado urbano", "localidad": "ENGATIVA", "direccion": "Cl 78 # 104 A", "cod_locali": 10.0, "grupo_sac": "Estructura ecológica principal y espacios del agua", "sac": "Mantenimiento silvicultural", "codigo_sac": "ES003", "gestor": "MARIA CONCHITA VELASQUEZ", "cord_x": 95669.762806900006, "cord_y": 112792.57684199999 }, "geometry": { "type": "Point", "coordinates": [ -74.116545, 4.711867 ] } },
{ "type": "Feature", "properties": { "categoria": "Deficiencias en mantenimiento de arbolado urbano", "localidad": "ENGATIVA", "direccion": "Cl. 77a Bis #107-16", "cod_locali": 10.0, "grupo_sac": "Estructura ecológica principal y espacios del agua", "sac": "Mantenimiento silvicultural", "codigo_sac": "ES003", "gestor": "MARIA CONCHITA VELASQUEZ", "cord_x": 95314.033474399999, "cord_y": 112945.83465 }, "geometry": { "type": "Point", "coordinates": [ -74.11975, 4.713252500000067 ] } },
{ "type": "Feature", "properties": { "categoria": "Deficiencias en mantenimiento de arbolado urbano", "localidad": "ENGATIVA", "direccion": "Cl. 78 #104a-2", "cod_locali": 10.0, "grupo_sac": "Estructura ecológica principal y espacios del agua", "sac": "Mantenimiento silvicultural", "codigo_sac": "ES003", "gestor": "MARIA CONCHITA VELASQUEZ", "cord_x": 95506.946413700003, "cord_y": 112642.22927700001 }, "geometry": { "type": "Point", "coordinates": [ -74.118012, 4.710508 ] } },
{ "type": "Feature", "properties": { "categoria": "Deficiencias en mantenimiento de arbolado urbano", "localidad": "ENGATIVA", "direccion": "Cra. 115d #69b-2 a 69b-98", "cod_locali": 10.0, "grupo_sac": "Estructura ecológica principal y espacios del agua", "sac": "Mantenimiento silvicultural", "codigo_sac": "ES003", "gestor": "MARIA CONCHITA VELASQUEZ", "cord_x": 93598.462500299996, "cord_y": 112928.69591 }, "geometry": { "type": "Point", "coordinates": [ -74.135207, 4.713098 ] } },
{ "type": "Feature", "properties": { "categoria": "Deficiencias en mantenimiento de arbolado urbano", "localidad": "ENGATIVA", "direccion": "Cra 116a #81-39 a 81-1", "cod_locali": 10.0, "grupo_sac": "Estructura ecológica principal y espacios del agua", "sac": "Mantenimiento silvicultural", "codigo_sac": "ES003", "gestor": "MARIA CONCHITA VELASQUEZ", "cord_x": 95135.844478600004, "cord_y": 114329.925378 }, "geometry": { "type": "Point", "coordinates": [ -74.121355, 4.725764 ] } },
{ "type": "Feature", "properties": { "categoria": "Deficiencias en mantenimiento de arbolado urbano", "localidad": "ENGATIVA", "direccion": "Cl. 83a #116a-86", "cod_locali": 10.0, "grupo_sac": "Estructura ecológica principal y espacios del agua", "sac": "Mantenimiento silvicultural", "codigo_sac": "ES003", "gestor": "MARIA CONCHITA VELASQUEZ", "cord_x": 95293.770185000001, "cord_y": 114594.216879 }, "geometry": { "type": "Point", "coordinates": [ -74.119932, 4.728153 ] } },
{ "type": "Feature", "properties": { "categoria": "Deficiencias en mantenimiento de arbolado urbano", "localidad": "ENGATIVA", "direccion": "Cl. 66a #95-2 a 95-78", "cod_locali": 10.0, "grupo_sac": "Estructura ecológica principal y espacios del agua", "sac": "Mantenimiento silvicultural", "codigo_sac": "ES003", "gestor": "MARIA CONCHITA VELASQUEZ", "cord_x": 95600.142823899994, "cord_y": 110848.765019 }, "geometry": { "type": "Point", "coordinates": [ -74.117173, 4.694296 ] } },
{ "type": "Feature", "properties": { "categoria": "Disposición inadecuada de residuos sólidos", "localidad": "ENGATIVA", "direccion": "Tv. 113 #67a-76 a 67a-98", "cod_locali": 10.0, "grupo_sac": "Contaminación", "sac": "Manejo inadecuado de residuos sólidos", "codigo_sac": "CR004", "gestor": "MARIA CONCHITA VELASQUEZ", "cord_x": 93688.151407900004, "cord_y": 112411.852855 }, "geometry": { "type": "Point", "coordinates": [ -74.134399, 4.708426 ] } },
{ "type": "Feature", "properties": { "categoria": "Disposición ilegal de Residuos de Construcción y Demolición", "localidad": "ENGATIVA", "direccion": "Calle 64 #128-48", "cod_locali": 10.0, "grupo_sac": "Contaminación", "sac": "Manejo inadecuado de residuos sólidos", "codigo_sac": "CR002", "gestor": "MARIA CONCHITA VELASQUEZ", "cord_x": 92556.008791999993, "cord_y": 113931.73183400001 }, "geometry": { "type": "Point", "coordinates": [ -74.144599299999982, 4.722165 ] } },
{ "type": "Feature", "properties": { "categoria": "Disposición inadecuada de residuos sólidos", "localidad": "ENGATIVA", "direccion": "Cl. 66a #90-99 a 90-1", "cod_locali": 10.0, "grupo_sac": "Contaminación", "sac": "Manejo inadecuado de residuos sólidos", "codigo_sac": "CR004", "gestor": "MARIA CONCHITA VELASQUEZ", "cord_x": 96058.887577200003, "cord_y": 110620.23245900001 }, "geometry": { "type": "Point", "coordinates": [ -74.11304, 4.69223 ] } },
{ "type": "Feature", "properties": { "categoria": "Disposición inadecuada de residuos sólidos", "localidad": "ENGATIVA", "direccion": "Cl. 98 #91-31", "cod_locali": 10.0, "grupo_sac": "Contaminación", "sac": "Manejo inadecuado de residuos sólidos", "codigo_sac": "CR004", "gestor": "MARIA CONCHITA VELASQUEZ", "cord_x": 98019.170385499994, "cord_y": 113231.677788 }, "geometry": { "type": "Point", "coordinates": [ -74.095377, 4.715835 ] } },
{ "type": "Feature", "properties": { "categoria": "Disposición inadecuada de residuos sólidos", "localidad": "ENGATIVA", "direccion": "Av. 70 #74-59", "cod_locali": 10.0, "grupo_sac": "Contaminación", "sac": "Manejo inadecuado de residuos sólidos", "codigo_sac": "CR004", "gestor": "MARIA CONCHITA VELASQUEZ", "cord_x": 98626.881722100006, "cord_y": 109957.52712100001 }, "geometry": { "type": "Point", "coordinates": [ -74.089904, 4.686238 ] } },
{ "type": "Feature", "properties": { "categoria": "Emposamiento y encharcamiento", "localidad": "ENGATIVA", "direccion": "CL 66 A #86-35", "cod_locali": 10.0, "grupo_sac": "Gestión de riesgos", "sac": "Inundaciones", "codigo_sac": "GIN004", "gestor": "MARIA CONCHITA VELASQUEZ", "cord_x": 96407.4180299, "cord_y": 110398.81331699999 }, "geometry": { "type": "Point", "coordinates": [ -74.1099, 4.690228330000025 ] } },
{ "type": "Feature", "properties": { "categoria": "Desbordamientos de canales y quebradas", "localidad": "ENGATIVA", "direccion": "CL 105F #69-2", "cod_locali": 10.0, "grupo_sac": "Gestión de riesgos", "sac": "Inundaciones", "codigo_sac": "GIN003", "gestor": "MARIA CONCHITA VELASQUEZ", "cord_x": 94943.813024799994, "cord_y": 111699.885173 }, "geometry": { "type": "Point", "coordinates": [ -74.123086, 4.701989900000058 ] } },
{ "type": "Feature", "properties": { "categoria": "Emposamiento y encharcamiento", "localidad": "ENGATIVA", "direccion": "CRA 112 #66-62", "cod_locali": 10.0, "grupo_sac": "Gestión de riesgos", "sac": "Inundaciones", "codigo_sac": "GIN004", "gestor": "MARIA CONCHITA VELASQUEZ", "cord_x": 93777.9472007, "cord_y": 112179.42931599999 }, "geometry": { "type": "Point", "coordinates": [ -74.13359, 4.706325 ] } },
{ "type": "Feature", "properties": { "categoria": "Emposamiento y encharcamiento", "localidad": "ENGATIVA", "direccion": "CRA 112 A #66-27", "cod_locali": 10.0, "grupo_sac": "Gestión de riesgos", "sac": "Inundaciones", "codigo_sac": "GIN004", "gestor": "MARIA CONCHITA VELASQUEZ", "cord_x": 93779.990542400003, "cord_y": 112120.059718 }, "geometry": { "type": "Point", "coordinates": [ -74.133571599999982, 4.705788330000075 ] } },
{ "type": "Feature", "properties": { "categoria": "Disposición inadecuada de residuos sólidos", "localidad": "ENGATIVA", "direccion": "CRA 112 A #66-27", "cod_locali": 10.0, "grupo_sac": "Contaminación", "sac": "Manejo inadecuado de residuos sólidos", "codigo_sac": "CR004", "gestor": "MARIA CONCHITA VELASQUEZ", "cord_x": 93779.990542400003, "cord_y": 112120.059718 }, "geometry": { "type": "Point", "coordinates": [ -74.133571599999982, 4.705788330000075 ] } },
{ "type": "Feature", "properties": { "categoria": "Disposición inadecuada de residuos sólidos", "localidad": "ENGATIVA", "direccion": "CR 121 A #63 B-29", "cod_locali": 10.0, "grupo_sac": "Contaminación", "sac": "Manejo inadecuado de residuos sólidos", "codigo_sac": "CR004", "gestor": "MARIA CONCHITA VELASQUEZ", "cord_x": 92542.992632099995, "cord_y": 112894.61307199999 }, "geometry": { "type": "Point", "coordinates": [ -74.144716599999981, 4.71279 ] } },
{ "type": "Feature", "properties": { "categoria": "Desbordamientos de canales y quebradas", "localidad": "ENGATIVA", "direccion": "CR 121 A #63B-29", "cod_locali": 10.0, "grupo_sac": "Gestión de riesgos", "sac": "Inundaciones", "codigo_sac": "GIN003", "gestor": "MARIA CONCHITA VELASQUEZ", "cord_x": 92550.9394856, "cord_y": 112905.299564 }, "geometry": { "type": "Point", "coordinates": [ -74.144645, 4.712886600000047 ] } },
{ "type": "Feature", "properties": { "categoria": "Disposición inadecuada de residuos sólidos", "localidad": "ENGATIVA", "direccion": "CL 63L #123-04", "cod_locali": 10.0, "grupo_sac": "Contaminación", "sac": "Manejo inadecuado de residuos sólidos", "codigo_sac": "CR004", "gestor": "MARIA CONCHITA VELASQUEZ", "cord_x": 92715.203842400006, "cord_y": 113069.51341 }, "geometry": { "type": "Point", "coordinates": [ -74.143165, 4.714371 ] } },
{ "type": "Feature", "properties": { "categoria": "Emposamiento y encharcamiento", "localidad": "ENGATIVA", "direccion": "CL 64 #127-20", "cod_locali": 10.0, "grupo_sac": "Gestión de riesgos", "sac": "Inundaciones", "codigo_sac": "GIN004", "gestor": "MARIA CONCHITA VELASQUEZ", "cord_x": 92720.012130400006, "cord_y": 113472.633447 }, "geometry": { "type": "Point", "coordinates": [ -74.143121659999963, 4.718014990000029 ] } },
{ "type": "Feature", "properties": { "categoria": "Desbordamientos de canales y quebradas", "localidad": "ENGATIVA", "direccion": "CL 64 #128-95", "cod_locali": 10.0, "grupo_sac": "Gestión de riesgos", "sac": "Inundaciones", "codigo_sac": "GIN003", "gestor": "MARIA CONCHITA VELASQUEZ", "cord_x": 92109.392077099998, "cord_y": 114280.203802 }, "geometry": { "type": "Point", "coordinates": [ -74.14862329999994, 4.725315 ] } },
{ "type": "Feature", "properties": { "categoria": "Zonas con riesgo de remoción en masa, flujos y receptaciones", "localidad": "ENGATIVA", "direccion": "CL 78B #12A-56", "cod_locali": 10.0, "grupo_sac": "Gestión de riesgos", "sac": "Movimiento en masa", "codigo_sac": "GM002", "gestor": "MARIA CONCHITA VELASQUEZ", "cord_x": 92709.646706, "cord_y": 114646.37542700001 }, "geometry": { "type": "Point", "coordinates": [ -74.143215, 4.728624990000071 ] } },
{ "type": "Feature", "properties": { "categoria": "Disposición inadecuada de residuos sólidos", "localidad": "ANTONIO NARIÑO", "direccion": "Calle 11 sur # 20-11", "cod_locali": 15.0, "grupo_sac": "Contaminación", "sac": "Manejo inadecuado de residuos sólidos", "codigo_sac": "CR004", "gestor": "Liliana Rondón Salazar", "cord_x": 97684.325598900003, "cord_y": 99249.126147699993 }, "geometry": { "type": "Point", "coordinates": [ -74.098402497999984, 4.589440220000029 ] } },
{ "type": "Feature", "properties": { "categoria": "Disposición inadecuada de residuos sólidos", "localidad": "ANTONIO NARIÑO", "direccion": "Calle 10 A sur # 22-20", "cod_locali": 15.0, "grupo_sac": "Contaminación", "sac": "Manejo inadecuado de residuos sólidos", "codigo_sac": "CR004", "gestor": "Liliana Rondón Salazar", "cord_x": 97586.086502100006, "cord_y": 99372.973402699994 }, "geometry": { "type": "Point", "coordinates": [ -74.099287386999947, 4.590559796000036 ] } },
{ "type": "Feature", "properties": { "categoria": "Disposición inadecuada de residuos sólidos", "localidad": "ANTONIO NARIÑO", "direccion": "Calle 11 sur # 20-13", "cod_locali": 15.0, "grupo_sac": "Contaminación", "sac": "Manejo inadecuado de residuos sólidos", "codigo_sac": "CR004", "gestor": "Liliana Rondón Salazar", "cord_x": 97645.450765300004, "cord_y": 99208.194256799994 }, "geometry": { "type": "Point", "coordinates": [ -74.098752716999968, 4.589070240000069 ] } },
{ "type": "Feature", "properties": { "categoria": "Disposición inadecuada de residuos sólidos", "localidad": "ANTONIO NARIÑO", "direccion": "Cra 24  # 04-34", "cod_locali": 15.0, "grupo_sac": "Contaminación", "sac": "Manejo inadecuado de residuos sólidos", "codigo_sac": "CR004", "gestor": "Liliana Rondón Salazar", "cord_x": 97855.527658899999, "cord_y": 99621.508850600003 }, "geometry": { "type": "Point", "coordinates": [ -74.096860033999974, 4.592806266000025 ] } },
{ "type": "Feature", "properties": { "categoria": "Disposición inadecuada de residuos sólidos", "localidad": "ANTONIO NARIÑO", "direccion": "Calle 3 A Sur # 24 A- 40", "cod_locali": 15.0, "grupo_sac": "Contaminación", "sac": "Manejo inadecuado de residuos sólidos", "codigo_sac": "CR004", "gestor": "Liliana Rondón Salazar", "cord_x": 97897.760465200001, "cord_y": 99681.538673000003 }, "geometry": { "type": "Point", "coordinates": [ -74.096479550999959, 4.593348879000075 ] } },
{ "type": "Feature", "properties": { "categoria": "Disposición inadecuada de residuos sólidos", "localidad": "ANTONIO NARIÑO", "direccion": "Calle 24 # 03A-28 Sur", "cod_locali": 15.0, "grupo_sac": "Contaminación", "sac": "Manejo inadecuado de residuos sólidos", "codigo_sac": "CR004", "gestor": "Liliana Rondón Salazar", "cord_x": 97905.812865700005, "cord_y": 99660.711598499998 }, "geometry": { "type": "Point", "coordinates": [ -74.096407025999952, 4.593160607000073 ] } },
{ "type": "Feature", "properties": { "categoria": "Disposición inadecuada de residuos sólidos", "localidad": "ANTONIO NARIÑO", "direccion": "Av Calle 1 # 18-60", "cod_locali": 15.0, "grupo_sac": "Contaminación", "sac": "Manejo inadecuado de residuos sólidos", "codigo_sac": "CR004", "gestor": "Liliana Rondón Salazar", "cord_x": 98473.739627400006, "cord_y": 99621.6354249 }, "geometry": { "type": "Point", "coordinates": [ -74.091291, 4.592807 ] } },
{ "type": "Feature", "properties": { "categoria": "Disposición inadecuada de residuos sólidos", "localidad": "ANTONIO NARIÑO", "direccion": "Calle 10 sur # 13-18", "cod_locali": 15.0, "grupo_sac": "Contaminación", "sac": "Manejo inadecuado de residuos sólidos", "codigo_sac": "CR004", "gestor": "Liliana Rondón Salazar", "cord_x": 98263.432074099997, "cord_y": 98895.140842099994 }, "geometry": { "type": "Point", "coordinates": [ -74.093186, 4.58624 ] } },
{ "type": "Feature", "properties": { "categoria": "Disposición inadecuada de residuos sólidos", "localidad": "ANTONIO NARIÑO", "direccion": "Av Caracas # 64", "cod_locali": 15.0, "grupo_sac": "Contaminación", "sac": "Manejo inadecuado de residuos sólidos", "codigo_sac": "CR004", "gestor": "Liliana Rondón Salazar", "cord_x": 98320.026976299996, "cord_y": 99104.790529899998 }, "geometry": { "type": "Point", "coordinates": [ -74.092676038999969, 4.588135089000048 ] } },
{ "type": "Feature", "properties": { "categoria": "Disposición inadecuada de residuos sólidos", "localidad": "ANTONIO NARIÑO", "direccion": "Calle 22 sur # 16-05", "cod_locali": 15.0, "grupo_sac": "Contaminación", "sac": "Manejo inadecuado de residuos sólidos", "codigo_sac": "CR004", "gestor": "Liliana Rondón Salazar", "cord_x": 97164.019563599999, "cord_y": 98418.601991300005 }, "geometry": { "type": "Point", "coordinates": [ -74.10309, 4.581933 ] } },
{ "type": "Feature", "properties": { "categoria": "Disposición inadecuada de residuos sólidos", "localidad": "ANTONIO NARIÑO", "direccion": "Calle 22 sur # 16-93", "cod_locali": 15.0, "grupo_sac": "Contaminación", "sac": "Manejo inadecuado de residuos sólidos", "codigo_sac": "CR004", "gestor": "Liliana Rondón Salazar", "cord_x": 97107.178046700006, "cord_y": 98487.739567199998 }, "geometry": { "type": "Point", "coordinates": [ -74.103602, 4.582558 ] } },
{ "type": "Feature", "properties": { "categoria": "Disposición inadecuada de residuos sólidos", "localidad": "ANTONIO NARIÑO", "direccion": "Cra 19 # 21 - 26", "cod_locali": 15.0, "grupo_sac": "Contaminación", "sac": "Manejo inadecuado de residuos sólidos", "codigo_sac": "CR004", "gestor": "Liliana Rondón Salazar", "cord_x": 97064.878168900002, "cord_y": 98570.484996400002 }, "geometry": { "type": "Point", "coordinates": [ -74.103983, 4.583306 ] } },
{ "type": "Feature", "properties": { "categoria": "Disposición inadecuada de residuos sólidos", "localidad": "ANTONIO NARIÑO", "direccion": "Calle 1 # 13-77 sur", "cod_locali": 15.0, "grupo_sac": "Contaminación", "sac": "Manejo inadecuado de residuos sólidos", "codigo_sac": "CR004", "gestor": "Liliana Rondón Salazar", "cord_x": 98851.740652699998, "cord_y": 99427.406875800007 }, "geometry": { "type": "Point", "coordinates": [ -74.087886, 4.591051 ] } },
{ "type": "Feature", "properties": { "categoria": "Tenencia inadecuada de animales de compañía", "localidad": "ANTONIO NARIÑO", "direccion": "Clle 7 sur # 11 A - 20", "cod_locali": 15.0, "grupo_sac": "Fauna", "sac": "Fauna doméstica y animales de compañía", "codigo_sac": "FD001", "gestor": "Liliana Rondón Salazar", "cord_x": 98594.912528600005, "cord_y": 98831.003367600002 }, "geometry": { "type": "Point", "coordinates": [ -74.0902, 4.58566 ] } },
{ "type": "Feature", "properties": { "categoria": "Disposición inadecuada de residuos sólidos", "localidad": "ANTONIO NARIÑO", "direccion": "Calle 11 sur # 24-88", "cod_locali": 15.0, "grupo_sac": "Contaminación", "sac": "Manejo inadecuado de residuos sólidos", "codigo_sac": "CR004", "gestor": "Liliana Rondón Salazar", "cord_x": 97519.079435399995, "cord_y": 99380.735362299994 }, "geometry": { "type": "Point", "coordinates": [ -74.099891, 4.59063 ] } },
{ "type": "Feature", "properties": { "categoria": "Disposición inadecuada de residuos especiales y/o peligrosos", "localidad": "ANTONIO NARIÑO", "direccion": "Cra 22 # 3A - 22 sur", "cod_locali": 15.0, "grupo_sac": "Contaminación", "sac": "Manejo inadecuado de residuos sólidos", "codigo_sac": "CR003", "gestor": "Liliana Rondón Salazar", "cord_x": 97844.427944700001, "cord_y": 99659.533878600007 }, "geometry": { "type": "Point", "coordinates": [ -74.09696, 4.59315 ] } },
{ "type": "Feature", "properties": { "categoria": "Disposición inadecuada de residuos sólidos", "localidad": "ANTONIO NARIÑO", "direccion": "Carrera 24 con calle 10 A sur", "cod_locali": 15.0, "grupo_sac": "Contaminación", "sac": "Manejo inadecuado de residuos sólidos", "codigo_sac": "CR004", "gestor": "Liliana Rondón Salazar", "cord_x": 97592.133067899995, "cord_y": 99235.488702100003 }, "geometry": { "type": "Point", "coordinates": [ -74.099233, 4.589317 ] } },
{ "type": "Feature", "properties": { "categoria": "Disposición inadecuada de residuos sólidos", "localidad": "ANTONIO NARIÑO", "direccion": "Carrera 24 # 4 - 17 sur", "cod_locali": 15.0, "grupo_sac": "Contaminación", "sac": "Manejo inadecuado de residuos sólidos", "codigo_sac": "CR004", "gestor": "Liliana Rondón Salazar", "cord_x": 97807.243344899995, "cord_y": 99611.077274099996 }, "geometry": { "type": "Point", "coordinates": [ -74.097295, 4.592712 ] } },
{ "type": "Feature", "properties": { "categoria": "Disposición inadecuada de residuos sólidos", "localidad": "ANTONIO NARIÑO", "direccion": "cra 22 # 3-38 sur", "cod_locali": 15.0, "grupo_sac": "Contaminación", "sac": "Manejo inadecuado de residuos sólidos", "codigo_sac": "CR004", "gestor": "Liliana Rondón Salazar", "cord_x": 97888.053718900002, "cord_y": 99669.161348399997 }, "geometry": { "type": "Point", "coordinates": [ -74.096567, 4.593237 ] } },
{ "type": "Feature", "properties": { "categoria": "Disposición inadecuada de residuos sólidos", "localidad": "ANTONIO NARIÑO", "direccion": "Cra 24 # 4-06 sur", "cod_locali": 15.0, "grupo_sac": "Contaminación", "sac": "Manejo inadecuado de residuos sólidos", "codigo_sac": "CR004", "gestor": "Liliana Rondón Salazar", "cord_x": 97853.089318800005, "cord_y": 99620.815502800004 }, "geometry": { "type": "Point", "coordinates": [ -74.096882, 4.5928 ] } },
{ "type": "Feature", "properties": { "categoria": "Tráfico ilegal de especies de fauna silvestre", "localidad": "ANTONIO NARIÑO", "direccion": "Plaza de mercado del Restrepo", "cod_locali": 15.0, "grupo_sac": "Fauna", "sac": "Tráfico de fauna silvestre", "codigo_sac": "FT001", "gestor": "Liliana Rondón Salazar", "cord_x": 97243.814555200006, "cord_y": 98768.0731753 }, "geometry": { "type": "Point", "coordinates": [ -74.102371, 4.585092 ] } },
{ "type": "Feature", "properties": { "categoria": "Disposición ilegal de Residuos de Construcción y Demolición", "localidad": "ANTONIO NARIÑO", "direccion": "Cra 24 # 20 - 21 sur", "cod_locali": 15.0, "grupo_sac": "Contaminación", "sac": "Manejo inadecuado de residuos sólidos", "codigo_sac": "CR002", "gestor": "Liliana Rondón Salazar", "cord_x": 97542.956878500001, "cord_y": 99220.882881500002 }, "geometry": { "type": "Point", "coordinates": [ -74.099676, 4.589185 ] } },
{ "type": "Feature", "properties": { "categoria": "Ruido por perifoneo y emisiones sonoras", "localidad": "ANTONIO NARIÑO", "direccion": "Calle 17 sur # 17 -53", "cod_locali": 15.0, "grupo_sac": "Contaminación", "sac": "Contaminación por ruido", "codigo_sac": "CR003", "gestor": "Liliana Rondón Salazar", "cord_x": 97441.966199100003, "cord_y": 98787.113253799995 }, "geometry": { "type": "Point", "coordinates": [ -74.100586, 4.585264 ] } },
{ "type": "Feature", "properties": { "categoria": "Disposición inadecuada de residuos especiales y/o peligrosos", "localidad": "ANTONIO NARIÑO", "direccion": "Cra 28 # 14 sur 64", "cod_locali": 15.0, "grupo_sac": "Contaminación", "sac": "Manejo inadecuado de residuos sólidos", "codigo_sac": "CR003", "gestor": "Liliana Rondón Salazar", "cord_x": 96994.982533999995, "cord_y": 99767.560745700001 }, "geometry": { "type": "Point", "coordinates": [ -74.104612, 4.594127 ] } },
{ "type": "Feature", "properties": { "categoria": "Acumulación de residuos orgánicos e inorgánicos en cuerpo de agua", "localidad": "ANTONIO NARIÑO", "direccion": "Ronda fuente hídrica", "cod_locali": 15.0, "grupo_sac": "Estructura ecológica principal y espacios del agua", "sac": "Contaminación Hídrica", "codigo_sac": "EH001", "gestor": "Liliana Rondón Salazar", "cord_x": 98493.705235000001, "cord_y": 98394.577356599999 }, "geometry": { "type": "Point", "coordinates": [ -74.091112, 4.581715 ] } },
{ "type": "Feature", "properties": { "categoria": "Acumulación de residuos orgánicos e inorgánicos en cuerpo de agua", "localidad": "ANTONIO NARIÑO", "direccion": "Ronda fuente hídrica", "cod_locali": 15.0, "grupo_sac": "Estructura ecológica principal y espacios del agua", "sac": "Contaminación Hídrica", "codigo_sac": "EH001", "gestor": "Liliana Rondón Salazar", "cord_x": 97932.407589399998, "cord_y": 98797.5450557 }, "geometry": { "type": "Point", "coordinates": [ -74.096168, 4.585358 ] } },
{ "type": "Feature", "properties": { "categoria": "Acumulación de residuos orgánicos e inorgánicos en cuerpo de agua", "localidad": "ANTONIO NARIÑO", "direccion": "Ronda fuente hídrica", "cod_locali": 15.0, "grupo_sac": "Estructura ecológica principal y espacios del agua", "sac": "Contaminación Hídrica", "codigo_sac": "EH001", "gestor": "Liliana Rondón Salazar", "cord_x": 97878.119433300002, "cord_y": 98858.938477400006 }, "geometry": { "type": "Point", "coordinates": [ -74.096657, 4.585913 ] } },
{ "type": "Feature", "properties": { "categoria": "Acumulación de residuos orgánicos e inorgánicos en cuerpo de agua", "localidad": "ANTONIO NARIÑO", "direccion": "Ronda fuente hídrica", "cod_locali": 15.0, "grupo_sac": "Estructura ecológica principal y espacios del agua", "sac": "Contaminación Hídrica", "codigo_sac": "EH001", "gestor": "Liliana Rondón Salazar", "cord_x": 97814.284281700006, "cord_y": 98923.760672400007 }, "geometry": { "type": "Point", "coordinates": [ -74.097232, 4.586499 ] } },
{ "type": "Feature", "properties": { "categoria": "Acumulación de residuos orgánicos e inorgánicos en cuerpo de agua", "localidad": "ANTONIO NARIÑO", "direccion": "Ronda fuente hídrica", "cod_locali": 15.0, "grupo_sac": "Estructura ecológica principal y espacios del agua", "sac": "Contaminación Hídrica", "codigo_sac": "EH001", "gestor": "Liliana Rondón Salazar", "cord_x": 97764.214626400004, "cord_y": 98985.818216400003 }, "geometry": { "type": "Point", "coordinates": [ -74.097683, 4.58706 ] } },
{ "type": "Feature", "properties": { "categoria": "Acumulación de residuos orgánicos e inorgánicos en cuerpo de agua", "localidad": "ANTONIO NARIÑO", "direccion": "Ronda fuente hídrica", "cod_locali": 15.0, "grupo_sac": "Estructura ecológica principal y espacios del agua", "sac": "Contaminación Hídrica", "codigo_sac": "EH001", "gestor": "Liliana Rondón Salazar", "cord_x": 97731.685470600001, "cord_y": 99034.601904900002 }, "geometry": { "type": "Point", "coordinates": [ -74.097976, 4.587501 ] } },
{ "type": "Feature", "properties": { "categoria": "Acumulación de residuos orgánicos e inorgánicos en cuerpo de agua", "localidad": "ANTONIO NARIÑO", "direccion": "Ronda fuente hídrica", "cod_locali": 15.0, "grupo_sac": "Estructura ecológica principal y espacios del agua", "sac": "Contaminación Hídrica", "codigo_sac": "EH001", "gestor": "Liliana Rondón Salazar", "cord_x": 97692.384129500002, "cord_y": 99092.898954499993 }, "geometry": { "type": "Point", "coordinates": [ -74.09833, 4.588028 ] } },
{ "type": "Feature", "properties": { "categoria": "Acumulación de residuos orgánicos e inorgánicos en cuerpo de agua", "localidad": "ANTONIO NARIÑO", "direccion": "Ronda fuente hídrica", "cod_locali": 15.0, "grupo_sac": "Estructura ecológica principal y espacios del agua", "sac": "Contaminación Hídrica", "codigo_sac": "EH001", "gestor": "Liliana Rondón Salazar", "cord_x": 97661.631101799998, "cord_y": 99143.342176299993 }, "geometry": { "type": "Point", "coordinates": [ -74.098607, 4.588484 ] } },
{ "type": "Feature", "properties": { "categoria": "Acumulación de residuos orgánicos e inorgánicos en cuerpo de agua", "localidad": "ANTONIO NARIÑO", "direccion": "Ronda fuente hídrica", "cod_locali": 15.0, "grupo_sac": "Estructura ecológica principal y espacios del agua", "sac": "Contaminación Hídrica", "codigo_sac": "EH001", "gestor": "Liliana Rondón Salazar", "cord_x": 97604.677932299994, "cord_y": 99223.320712999994 }, "geometry": { "type": "Point", "coordinates": [ -74.09912, 4.589207 ] } },
{ "type": "Feature", "properties": { "categoria": "Tráfico ilegal de especies de fauna silvestre", "localidad": "SUMAPAZ", "direccion": "Anda Bobos", "cod_locali": 20.0, "grupo_sac": "Fauna", "sac": "Tráfico de fauna silvestre", "codigo_sac": "FT001", "gestor": "Andrey Ardila", "cord_x": 82088.454622100006, "cord_y": 50455.150594699997 }, "geometry": { "type": "Point", "coordinates": [ -74.238840109999956, 4.148360711000066 ] } },
{ "type": "Feature", "properties": { "categoria": "Acumulación de residuos orgánicos e inorgánicos en cuerpo de agua", "localidad": "ANTONIO NARIÑO", "direccion": "Ronda fuente hídrica", "cod_locali": 15.0, "grupo_sac": "Estructura ecológica principal y espacios del agua", "sac": "Contaminación Hídrica", "codigo_sac": "EH001", "gestor": "Liliana Rondón Salazar", "cord_x": 97568.26288, "cord_y": 99283.719903300007 }, "geometry": { "type": "Point", "coordinates": [ -74.099448, 4.589753 ] } },
{ "type": "Feature", "properties": { "categoria": "Acumulación de residuos orgánicos e inorgánicos en cuerpo de agua", "localidad": "ANTONIO NARIÑO", "direccion": "Ronda fuente hídrica", "cod_locali": 15.0, "grupo_sac": "Estructura ecológica principal y espacios del agua", "sac": "Contaminación Hídrica", "codigo_sac": "EH001", "gestor": "Liliana Rondón Salazar", "cord_x": 97525.632371600004, "cord_y": 99328.741741100006 }, "geometry": { "type": "Point", "coordinates": [ -74.099832, 4.59016 ] } },
{ "type": "Feature", "properties": { "categoria": "Acumulación de residuos orgánicos e inorgánicos en cuerpo de agua", "localidad": "ANTONIO NARIÑO", "direccion": "Ronda fuente hídrica", "cod_locali": 15.0, "grupo_sac": "Estructura ecológica principal y espacios del agua", "sac": "Contaminación Hídrica", "codigo_sac": "EH001", "gestor": "Liliana Rondón Salazar", "cord_x": 97435.928457999995, "cord_y": 99460.491065299997 }, "geometry": { "type": "Point", "coordinates": [ -74.10064, 4.591351 ] } },
{ "type": "Feature", "properties": { "categoria": "Vectores", "localidad": "ANTONIO NARIÑO", "direccion": "Calle 11 sur con cra 24D", "cod_locali": 15.0, "grupo_sac": "Fauna", "sac": "Presencia de vectores", "codigo_sac": "FV001", "gestor": "Liliana Rondón Salazar", "cord_x": 97403.513570499999, "cord_y": 99464.360888199997 }, "geometry": { "type": "Point", "coordinates": [ -74.100932, 4.591386 ] } },
{ "type": "Feature", "properties": { "categoria": "Vectores", "localidad": "ANTONIO NARIÑO", "direccion": "Cra 33 entre calles 37 bis sur y 38 bis sur", "cod_locali": 15.0, "grupo_sac": "Fauna", "sac": "Presencia de vectores", "codigo_sac": "FV001", "gestor": "Liliana Rondón Salazar", "cord_x": 95093.7553587, "cord_y": 99275.7410771 }, "geometry": { "type": "Point", "coordinates": [ -74.121739, 4.589682 ] } },
{ "type": "Feature", "properties": { "categoria": "Vectores", "localidad": "ANTONIO NARIÑO", "direccion": "Cra 33 entre calles 37 bis sur y 38 bis sur", "cod_locali": 15.0, "grupo_sac": "Fauna", "sac": "Presencia de vectores", "codigo_sac": "FV001", "gestor": "Liliana Rondón Salazar", "cord_x": 95168.353927499993, "cord_y": 99266.340524700005 }, "geometry": { "type": "Point", "coordinates": [ -74.121067, 4.589597 ] } },
{ "type": "Feature", "properties": { "categoria": "Vectores", "localidad": "ANTONIO NARIÑO", "direccion": "Cra 27 y Cra 29 A entre calles 14 sur y 12A sur", "cod_locali": 15.0, "grupo_sac": "Fauna", "sac": "Presencia de vectores", "codigo_sac": "FV001", "gestor": "Liliana Rondón Salazar", "cord_x": 97023.068965800005, "cord_y": 99746.322276000006 }, "geometry": { "type": "Point", "coordinates": [ -74.104359, 4.593935 ] } },
{ "type": "Feature", "properties": { "categoria": "Vectores", "localidad": "ANTONIO NARIÑO", "direccion": "Cra 27 y Cra 29 A entre calles 14 sur y 12A sur", "cod_locali": 15.0, "grupo_sac": "Fauna", "sac": "Presencia de vectores", "codigo_sac": "FV001", "gestor": "Liliana Rondón Salazar", "cord_x": 96979.328236700007, "cord_y": 99803.181284899998 }, "geometry": { "type": "Point", "coordinates": [ -74.104753, 4.594449 ] } },
{ "type": "Feature", "properties": { "categoria": "Vectores", "localidad": "ANTONIO NARIÑO", "direccion": "Cra 27 y Cra 29 A entre calles 14 sur y 12A sur", "cod_locali": 15.0, "grupo_sac": "Fauna", "sac": "Presencia de vectores", "codigo_sac": "FV001", "gestor": "Liliana Rondón Salazar", "cord_x": 96920.711104999995, "cord_y": 99883.049590900002 }, "geometry": { "type": "Point", "coordinates": [ -74.105281, 4.595171 ] } },
{ "type": "Feature", "properties": { "categoria": "Vectores", "localidad": "ANTONIO NARIÑO", "direccion": "Calle 12 A sur # 32 - 2", "cod_locali": 15.0, "grupo_sac": "Fauna", "sac": "Presencia de vectores", "codigo_sac": "FV001", "gestor": "Liliana Rondón Salazar", "cord_x": 96665.7152508, "cord_y": 100056.385652 }, "geometry": { "type": "Point", "coordinates": [ -74.107578, 4.596738 ] } },
{ "type": "Feature", "properties": { "categoria": "Ruido por perifoneo y emisiones sonoras", "localidad": "ANTONIO NARIÑO", "direccion": "Cra 10 con calle 19 sur", "cod_locali": 15.0, "grupo_sac": "Contaminación", "sac": "Contaminación por ruido", "codigo_sac": "CR003", "gestor": "Liliana Rondón Salazar", "cord_x": 98157.273572299993, "cord_y": 97829.476425000001 }, "geometry": { "type": "Point", "coordinates": [ -74.094143, 4.576607 ] } },
{ "type": "Feature", "properties": { "categoria": "Ruido por perifoneo y emisiones sonoras", "localidad": "ANTONIO NARIÑO", "direccion": "Calle 17 sur # 17-42", "cod_locali": 15.0, "grupo_sac": "Contaminación", "sac": "Contaminación por ruido", "codigo_sac": "CR003", "gestor": "Liliana Rondón Salazar", "cord_x": 97454.953804699995, "cord_y": 98795.853512500005 }, "geometry": { "type": "Point", "coordinates": [ -74.100469, 4.585343 ] } },
{ "type": "Feature", "properties": { "categoria": "Percepción de olores ofensivos", "localidad": "ANTONIO NARIÑO", "direccion": "Avenida carrera 30 con calle 30 sur", "cod_locali": 15.0, "grupo_sac": "Contaminación", "sac": "Contaminación del aire", "codigo_sac": "CA004", "gestor": "Liliana Rondón Salazar", "cord_x": 95805.756179100004, "cord_y": 99566.382475599996 }, "geometry": { "type": "Point", "coordinates": [ -74.115325, 4.592309 ] } },
{ "type": "Feature", "properties": { "categoria": "Disposición inadecuada de residuos sólidos", "localidad": "ANTONIO NARIÑO", "direccion": "Parque central del Restrepo Calle 19b sur # 17-2", "cod_locali": 15.0, "grupo_sac": "Contaminación", "sac": "Manejo inadecuado de residuos sólidos", "codigo_sac": "CR004", "gestor": "Liliana Rondón Salazar", "cord_x": 97252.7057336, "cord_y": 98600.144043299995 }, "geometry": { "type": "Point", "coordinates": [ -74.102291, 4.583574 ] } },
{ "type": "Feature", "properties": { "categoria": "Disposición ilegal de Residuos de Construcción y Demolición", "localidad": "CANDELARIA", "direccion": "av. Caracas # 54 38", "cod_locali": 17.0, "grupo_sac": "Contaminación", "sac": "Manejo inadecuado de residuos sólidos", "codigo_sac": "CR002", "gestor": "AMANDA COLMENARES", "cord_x": 100810.29432, "cord_y": 100284.16652499999 }, "geometry": { "type": "Point", "coordinates": [ -74.070242, 4.598794 ] } },
{ "type": "Feature", "properties": { "categoria": "Vectores", "localidad": "CANDELARIA", "direccion": "av. Caracas # 54 38", "cod_locali": 17.0, "grupo_sac": "Fauna", "sac": "Presencia de vectores", "codigo_sac": "FV001", "gestor": "AMANDA COLMENARES", "cord_x": 100810.29432, "cord_y": 100284.16652499999 }, "geometry": { "type": "Point", "coordinates": [ -74.070242, 4.598794 ] } },
{ "type": "Feature", "properties": { "categoria": "Disposición inadecuada de residuos sólidos", "localidad": "CANDELARIA", "direccion": "Cra 4 Este Cll 10", "cod_locali": 17.0, "grupo_sac": "Contaminación", "sac": "Manejo inadecuado de residuos sólidos", "codigo_sac": "CR004", "gestor": "DARIO FERNANDO GOMEZ CRUZ", "cord_x": 100938.24011499999, "cord_y": 99687.907676500006 }, "geometry": { "type": "Point", "coordinates": [ -74.06909, 4.593404 ] } },
{ "type": "Feature", "properties": { "categoria": "Disposición inadecuada de residuos sólidos", "localidad": "CANDELARIA", "direccion": "Cll 9 Cra 4 este", "cod_locali": 17.0, "grupo_sac": "Contaminación", "sac": "Manejo inadecuado de residuos sólidos", "codigo_sac": "CR004", "gestor": "DARIO FERNANDO GOMEZ CRUZ", "cord_x": 100896.85892300001, "cord_y": 99455.146719600001 }, "geometry": { "type": "Point", "coordinates": [ -74.069463, 4.5913 ] } },
{ "type": "Feature", "properties": { "categoria": "Disposición inadecuada de residuos sólidos", "localidad": "CANDELARIA", "direccion": "Cll 6 Cra 2 Este", "cod_locali": 17.0, "grupo_sac": "Contaminación", "sac": "Manejo inadecuado de residuos sólidos", "codigo_sac": "CR004", "gestor": "DARIO FERNANDO GOMEZ CRUZ", "cord_x": 100594.26476599999, "cord_y": 99294.596808500006 }, "geometry": { "type": "Point", "coordinates": [ -74.072189, 4.589849 ] } },
{ "type": "Feature", "properties": { "categoria": "Disposición inadecuada de residuos sólidos", "localidad": "CANDELARIA", "direccion": "Cra 2 Cll 6C BIS", "cod_locali": 17.0, "grupo_sac": "Contaminación", "sac": "Manejo inadecuado de residuos sólidos", "codigo_sac": "CR004", "gestor": "DARIO FERNANDO GOMEZ CRUZ", "cord_x": 100489.01026900001, "cord_y": 99466.608890300005 }, "geometry": { "type": "Point", "coordinates": [ -74.073137, 4.591404 ] } },
{ "type": "Feature", "properties": { "categoria": "Disposición inadecuada de residuos sólidos", "localidad": "CANDELARIA", "direccion": "Cra 2 Cll 6D", "cod_locali": 17.0, "grupo_sac": "Contaminación", "sac": "Manejo inadecuado de residuos sólidos", "codigo_sac": "CR004", "gestor": "DARIO FERNANDO GOMEZ CRUZ", "cord_x": 100459.25533099999, "cord_y": 99510.634868199995 }, "geometry": { "type": "Point", "coordinates": [ -74.073405, 4.591802 ] } },
{ "type": "Feature", "properties": { "categoria": "Disposición inadecuada de residuos sólidos", "localidad": "CANDELARIA", "direccion": "Cra 2 cll 6f", "cod_locali": 17.0, "grupo_sac": "Contaminación", "sac": "Manejo inadecuado de residuos sólidos", "codigo_sac": "CR004", "gestor": "DARIO FERNANDO GOMEZ CRUZ", "cord_x": 100491.10935699999, "cord_y": 99564.8447228 }, "geometry": { "type": "Point", "coordinates": [ -74.073118, 4.592292 ] } },
{ "type": "Feature", "properties": { "categoria": "Disposición inadecuada de residuos sólidos", "localidad": "CANDELARIA", "direccion": "cll 10 cra 2", "cod_locali": 17.0, "grupo_sac": "Contaminación", "sac": "Manejo inadecuado de residuos sólidos", "codigo_sac": "CR004", "gestor": "DARIO FERNANDO GOMEZ CRUZ", "cord_x": 100676.35673, "cord_y": 99817.864943499997 }, "geometry": { "type": "Point", "coordinates": [ -74.071449, 4.594579 ] } },
{ "type": "Feature", "properties": { "categoria": "Disposición inadecuada de residuos sólidos", "localidad": "CANDELARIA", "direccion": "cll 6b ra 7", "cod_locali": 17.0, "grupo_sac": "Contaminación", "sac": "Manejo inadecuado de residuos sólidos", "codigo_sac": "CR004", "gestor": "DARIO FERNANDO GOMEZ CRUZ", "cord_x": 99873.008562999996, "cord_y": 99596.20136000001 }, "geometry": { "type": "Point", "coordinates": [ -74.078686, 4.592576 ] } },
{ "type": "Feature", "properties": { "categoria": "Disposición inadecuada de residuos sólidos", "localidad": "CANDELARIA", "direccion": "cra 8 cll 6a", "cod_locali": 17.0, "grupo_sac": "Contaminación", "sac": "Manejo inadecuado de residuos sólidos", "codigo_sac": "CR004", "gestor": "DARIO FERNANDO GOMEZ CRUZ", "cord_x": 99751.454453600003, "cord_y": 99589.441751299993 }, "geometry": { "type": "Point", "coordinates": [ -74.079781, 4.592515 ] } },
{ "type": "Feature", "properties": { "categoria": "Disposición inadecuada de residuos sólidos", "localidad": "CANDELARIA", "direccion": "Cll 6 cra 8", "cod_locali": 17.0, "grupo_sac": "Contaminación", "sac": "Manejo inadecuado de residuos sólidos", "codigo_sac": "CR004", "gestor": "DARIO FERNANDO GOMEZ CRUZ", "cord_x": 99625.465015599999, "cord_y": 99527.70096 }, "geometry": { "type": "Point", "coordinates": [ -74.080916, 4.591957 ] } },
{ "type": "Feature", "properties": { "categoria": "Disposición inadecuada de residuos sólidos", "localidad": "CANDELARIA", "direccion": "cra 10 cll 8", "cod_locali": 17.0, "grupo_sac": "Contaminación", "sac": "Manejo inadecuado de residuos sólidos", "codigo_sac": "CR004", "gestor": "DARIO FERNANDO GOMEZ CRUZ", "cord_x": 99773.385192000002, "cord_y": 100112.70331 }, "geometry": { "type": "Point", "coordinates": [ -74.079583, 4.597245 ] } },
{ "type": "Feature", "properties": { "categoria": "Disposición inadecuada de residuos sólidos", "localidad": "CANDELARIA", "direccion": "cra 10 cll 10", "cod_locali": 17.0, "grupo_sac": "Contaminación", "sac": "Manejo inadecuado de residuos sólidos", "codigo_sac": "CR004", "gestor": "DARIO FERNANDO GOMEZ CRUZ", "cord_x": 99887.593371800001, "cord_y": 100314.716629 }, "geometry": { "type": "Point", "coordinates": [ -74.078554, 4.599071 ] } },
{ "type": "Feature", "properties": { "categoria": "Disposición inadecuada de residuos sólidos", "localidad": "CANDELARIA", "direccion": "cra 9 cll 12", "cod_locali": 17.0, "grupo_sac": "Contaminación", "sac": "Manejo inadecuado de residuos sólidos", "codigo_sac": "CR004", "gestor": "DARIO FERNANDO GOMEZ CRUZ", "cord_x": 100105.266097, "cord_y": 100455.12168 }, "geometry": { "type": "Point", "coordinates": [ -74.076593, 4.60034 ] } },
{ "type": "Feature", "properties": { "categoria": "Disposición inadecuada de residuos sólidos", "localidad": "CANDELARIA", "direccion": "cra 1 a cll 12 d", "cod_locali": 17.0, "grupo_sac": "Contaminación", "sac": "Manejo inadecuado de residuos sólidos", "codigo_sac": "CR004", "gestor": "DARIO FERNANDO GOMEZ CRUZ", "cord_x": 100970.700889, "cord_y": 100283.52007100001 }, "geometry": { "type": "Point", "coordinates": [ -74.068797, 4.598788 ] } },
{ "type": "Feature", "properties": { "categoria": "Disposición inadecuada de residuos sólidos", "localidad": "CANDELARIA", "direccion": "cll 12 c cra 3", "cod_locali": 17.0, "grupo_sac": "Contaminación", "sac": "Manejo inadecuado de residuos sólidos", "codigo_sac": "CR004", "gestor": "DARIO FERNANDO GOMEZ CRUZ", "cord_x": 100804.080024, "cord_y": 100264.03198 }, "geometry": { "type": "Point", "coordinates": [ -74.070298, 4.598612 ] } },
{ "type": "Feature", "properties": { "categoria": "Disposición inadecuada de residuos sólidos", "localidad": "CANDELARIA", "direccion": "cra 3 cll 12 d", "cod_locali": 17.0, "grupo_sac": "Contaminación", "sac": "Manejo inadecuado de residuos sólidos", "codigo_sac": "CR004", "gestor": "DARIO FERNANDO GOMEZ CRUZ", "cord_x": 100885.327231, "cord_y": 100362.718843 }, "geometry": { "type": "Point", "coordinates": [ -74.069566, 4.599504 ] } },
{ "type": "Feature", "properties": { "categoria": "Ocupación por habitante de calle y cambuches", "localidad": "CANDELARIA", "direccion": "cll 12 f cra 5 este", "cod_locali": 17.0, "grupo_sac": "Estructura ecológica principal y espacios del agua", "sac": "Invasión EEP", "codigo_sac": "EI003", "gestor": "DARIO FERNANDO GOMEZ CRUZ", "cord_x": 101201.59287399999, "cord_y": 100324.47706400001 }, "geometry": { "type": "Point", "coordinates": [ -74.066717, 4.599158 ] } },
{ "type": "Feature", "properties": { "categoria": "Ocupación por habitante de calle y cambuches", "localidad": "CANDELARIA", "direccion": "cll 12 f cra 5 este", "cod_locali": 17.0, "grupo_sac": "Estructura ecológica principal y espacios del agua", "sac": "Invasión EEP", "codigo_sac": "EI003", "gestor": "DARIO FERNANDO GOMEZ CRUZ", "cord_x": 101202.01979000001, "cord_y": 100402.269227 }, "geometry": { "type": "Point", "coordinates": [ -74.066713075999985, 4.599861201000067 ] } },
{ "type": "Feature", "properties": { "categoria": "Vectores", "localidad": "CADELARIA", "direccion": "cra 3 este cll 9", "cod_locali": 17.0, "grupo_sac": "Fauna", "sac": "Presencia de vectores", "codigo_sac": "FV001", "gestor": "DARIO FERNANDO GOMEZ CRUZ", "cord_x": 100799.94575300001, "cord_y": 99480.085991700005 }, "geometry": { "type": "Point", "coordinates": [ -74.070335995999983, 4.591525532000048 ] } },
{ "type": "Feature", "properties": { "categoria": "Especies vegetales invasoras", "localidad": "CANDELARIA", "direccion": "cra 3 este cll 9", "cod_locali": 17.0, "grupo_sac": "Estructura ecológica principal y espacios del agua", "sac": "Mantenimiento silvicultural", "codigo_sac": "ES004", "gestor": "DARIO FERNANDO GOMEZ CRUZ", "cord_x": 101222.01911, "cord_y": 100317.50992900001 }, "geometry": { "type": "Point", "coordinates": [ -74.066533, 4.599095 ] } },
{ "type": "Feature", "properties": { "categoria": "Necesidad de procesos de educación ambiental comunitaria", "localidad": "RAFAEL URIBE URIBE", "direccion": "CL 35 SUR 10 26", "cod_locali": 18.0, "grupo_sac": "Participación y educación ambiental", "sac": "Educación ambiental", "codigo_sac": "PE002", "gestor": "Deisy Suarez", "cord_x": 97124.045211799996, "cord_y": 96746.051418899995 }, "geometry": { "type": "Point", "coordinates": [ -74.103451, 4.566814 ] } },
{ "type": "Feature", "properties": { "categoria": "Necesidad de procesos de educación ambiental comunitaria", "localidad": "RAFAEL URIBE URIBE", "direccion": "Cl 48 C Sur # 5T 17", "cod_locali": 18.0, "grupo_sac": "Participación y educación ambiental", "sac": "Educación ambiental", "codigo_sac": "PE002", "gestor": "Deisy Suarez", "cord_x": 95919.018154599995, "cord_y": 96366.100166100005 }, "geometry": { "type": "Point", "coordinates": [ -74.114306, 4.56338 ] } },
{ "type": "Feature", "properties": { "categoria": "Necesidad de procesos de educación ambiental comunitaria", "localidad": "RAFAEL URIBE URIBE", "direccion": "CL 26B SUR # 10B 08", "cod_locali": 18.0, "grupo_sac": "Participación y educación ambiental", "sac": "Educación ambiental", "codigo_sac": "PE002", "gestor": "Deisy Suarez", "cord_x": 97656.968780399999, "cord_y": 97481.081467800002 }, "geometry": { "type": "Point", "coordinates": [ -74.09865, 4.573458 ] } },
{ "type": "Feature", "properties": { "categoria": "Necesidad de procesos de educación ambiental comunitaria", "localidad": "RAFAEL URIBE URIBE", "direccion": "Cra. 13 #22 Sur-31", "cod_locali": 18.0, "grupo_sac": "Participación y educación ambiental", "sac": "Educación ambiental", "codigo_sac": "PE002", "gestor": "Deisy Suarez", "cord_x": 97235.627915999998, "cord_y": 98311.631407399997 }, "geometry": { "type": "Point", "coordinates": [ -74.102445, 4.580966 ] } },
{ "type": "Feature", "properties": { "categoria": "Necesidad de procesos de educación ambiental comunitaria", "localidad": "RAFAEL URIBE URIBE", "direccion": "Av Primera de Mayo  Nº 21-34, Parque del Olaya", "cod_locali": 18.0, "grupo_sac": "Participación y educación ambiental", "sac": "Educación ambiental", "codigo_sac": "PE002", "gestor": "Deisy Suarez", "cord_x": 96917.006916400002, "cord_y": 98667.052501600003 }, "geometry": { "type": "Point", "coordinates": [ -74.105315, 4.584179 ] } },
{ "type": "Feature", "properties": { "categoria": "Disposición inadecuada de residuos sólidos", "localidad": "RAFAEL URIBE URIBE", "direccion": "K R 26 A 41 SUR 46", "cod_locali": 18.0, "grupo_sac": "Contaminación", "sac": "Manejo inadecuado de residuos sólidos", "codigo_sac": "PE002", "gestor": "Deisy Suarez", "cord_x": 94915.053381200007, "cord_y": 98568.063138400001 }, "geometry": { "type": "Point", "coordinates": [ -74.123349, 4.583285 ] } },
{ "type": "Feature", "properties": { "categoria": "Disposición ilegal de Residuos de Construcción y Demolición", "localidad": "RAFAEL URIBE URIBE", "direccion": "KR12 D ENTRE CL 22 SUR Y CL 27 SUR", "cod_locali": 18.0, "grupo_sac": "Contaminación", "sac": "Manejo inadecuado de residuos sólidos", "codigo_sac": "CR002", "gestor": "Deisy Suarez", "cord_x": 97538.031928199998, "cord_y": 98143.057169699998 }, "geometry": { "type": "Point", "coordinates": [ -74.099721, 4.579442 ] } },
{ "type": "Feature", "properties": { "categoria": "Disposición ilegal de Residuos de Construcción y Demolición", "localidad": "RAFAEL URIBE URIBE", "direccion": "KR 24 ENTRE CL 28 SUR Y 31 SUR", "cod_locali": 18.0, "grupo_sac": "Contaminación", "sac": "Manejo inadecuado de residuos sólidos", "codigo_sac": "CR002", "gestor": "Deisy Suarez", "cord_x": 96290.020204600005, "cord_y": 98696.002778299997 }, "geometry": { "type": "Point", "coordinates": [ -74.110963, 4.584441 ] } },
{ "type": "Feature", "properties": { "categoria": "Acumulación de residuos orgánicos e inorgánicos en cuerpo de agua", "localidad": "RAFAEL URIBE URIBE", "direccion": "CL 31 SUR ENTRE K2 12 D Y KR 30", "cod_locali": 18.0, "grupo_sac": "Estructura ecológica principal y espacios del agua", "sac": "Contaminación Hídrica", "codigo_sac": "EH001", "gestor": "Deisy Suarez", "cord_x": 96953.042716900003, "cord_y": 97485.020128999997 }, "geometry": { "type": "Point", "coordinates": [ -74.104991, 4.573494 ] } },
{ "type": "Feature", "properties": { "categoria": "Vertimientos aguas residuales domesticas", "localidad": "RAFAEL URIBE URIBE", "direccion": "CL 31 SUR ENTRE KR 27 Y KR 25", "cod_locali": 18.0, "grupo_sac": "Estructura ecológica principal y espacios del agua", "sac": "Contaminación Hídrica", "codigo_sac": "EH003", "gestor": "Deisy Suarez", "cord_x": 97185.968317000006, "cord_y": 97109.017629099995 }, "geometry": { "type": "Point", "coordinates": [ -74.102893, 4.570095 ] } },
{ "type": "Feature", "properties": { "categoria": "Ruido por perifoneo y emisiones sonoras", "localidad": "RAFAEL URIBE URIBE", "direccion": "KR 27 CON CL 39 SUR", "cod_locali": 18.0, "grupo_sac": "Contaminación", "sac": "Contaminación por ruido", "codigo_sac": "CR003", "gestor": "Deisy Suarez", "cord_x": 94909.055431500004, "cord_y": 98673.046626700001 }, "geometry": { "type": "Point", "coordinates": [ -74.123403, 4.584234 ] } },
{ "type": "Feature", "properties": { "categoria": "Disposición inadecuada de residuos sólidos", "localidad": "RAFAEL URIBE URIBE", "direccion": "CL 49 SUR CON KR 2", "cod_locali": 18.0, "grupo_sac": "Contaminación", "sac": "Manejo inadecuado de residuos sólidos", "codigo_sac": "CR004", "gestor": "Deisy Suarez", "cord_x": 96645.041133799998, "cord_y": 94382.067427100003 }, "geometry": { "type": "Point", "coordinates": [ -74.107767, 4.545445 ] } },
{ "type": "Feature", "properties": { "categoria": "Ruido por tráfico vehicular", "localidad": "RAFAEL URIBE URIBE", "direccion": "KR 24 ENTRE CL 36 SUR Y 40 SUR", "cod_locali": 18.0, "grupo_sac": "Contaminación", "sac": "Contaminación por ruido", "codigo_sac": "CR004", "gestor": "Deisy Suarez", "cord_x": 95410.055951500006, "cord_y": 98366.078401499995 }, "geometry": { "type": "Point", "coordinates": [ -74.11889, 4.581459 ] } },
{ "type": "Feature", "properties": { "categoria": "Disposición inadecuada de grasas y aceites", "localidad": "RAFAEL URIBE URIBE", "direccion": "DG 48Y ENTRE KR 5U Y TV 5C BIS", "cod_locali": 18.0, "grupo_sac": "Estructura ecológica principal y espacios del agua", "sac": "Contaminación Hídrica", "codigo_sac": "EH002", "gestor": "Deisy Suarez", "cord_x": 95653.954445800002, "cord_y": 95495.023388899994 }, "geometry": { "type": "Point", "coordinates": [ -74.116694, 4.555506 ] } },
{ "type": "Feature", "properties": { "categoria": "Ocupación por habitante de calle y cambuches", "localidad": "RAFAEL URIBE URIBE", "direccion": "CL 48 P SUR CON 5B", "cod_locali": 18.0, "grupo_sac": "Estructura ecológica principal y espacios del agua", "sac": "Invasión EEP", "codigo_sac": "EI003", "gestor": "Deisy Suarez", "cord_x": 96309.057622399996, "cord_y": 95367.059502499993 }, "geometry": { "type": "Point", "coordinates": [ -74.110793, 4.554349 ] } },
{ "type": "Feature", "properties": { "categoria": "Deficiencias en mantenimiento de arbolado urbano", "localidad": "RAFAEL URIBE URIBE", "direccion": "CL 32 SUR ENTRE KR 23C Y KR 24", "cod_locali": 18.0, "grupo_sac": "Estructura ecológica principal y espacios del agua", "sac": "Mantenimiento silvicultural", "codigo_sac": "ES003", "gestor": "Deisy Suarez", "cord_x": 95808.027116199999, "cord_y": 98404.039342100004 }, "geometry": { "type": "Point", "coordinates": [ -74.115305, 4.581802 ] } },
{ "type": "Feature", "properties": { "categoria": "Deficiencias en mantenimiento de arbolado urbano", "localidad": "RAFAEL URIBE URIBE", "direccion": "CL 36 SUR -AVENIDA QUIROGA ENTRE KR 25 Y KR 27", "cod_locali": 18.0, "grupo_sac": "Estructura ecológica principal y espacios del agua", "sac": "Mantenimiento silvicultural", "codigo_sac": "ES003", "gestor": "Deisy Suarez", "cord_x": 95301.036517300003, "cord_y": 98556.018397000007 }, "geometry": { "type": "Point", "coordinates": [ -74.119872, 4.583176 ] } },
{ "type": "Feature", "properties": { "categoria": "Deficiencias en mantenimiento de arbolado urbano", "localidad": "RAFAEL URIBE URIBE", "direccion": "CL 31 SUR ENTRE KR 26 Y KR 27 DENTRO DE LA RONDA DE LA ALBINA", "cod_locali": 18.0, "grupo_sac": "Estructura ecológica principal y espacios del agua", "sac": "Mantenimiento silvicultural", "codigo_sac": "ES003", "gestor": "Deisy Suarez", "cord_x": 95909.026912400004, "cord_y": 98844.001806999993 }, "geometry": { "type": "Point", "coordinates": [ -74.114395, 4.585779 ] } },
{ "type": "Feature", "properties": { "categoria": "Areas que requieren de restauración ecológica", "localidad": "RAFAEL URIBE URIBE", "direccion": "DG 32B SUR CON KR 12B", "cod_locali": 18.0, "grupo_sac": "Estructura ecológica principal y espacios del agua", "sac": "Mantenimiento silvicultural", "codigo_sac": "ES001", "gestor": "Deisy Suarez", "cord_x": 96348.040293099999, "cord_y": 97250.018695499995 }, "geometry": { "type": "Point", "coordinates": [ -74.110441, 4.57137 ] } },
{ "type": "Feature", "properties": { "categoria": "Areas que requieren de restauración ecológica", "localidad": "RAFAEL URIBE URIBE", "direccion": "CL 40 SUR CON KR 8", "cod_locali": 18.0, "grupo_sac": "Estructura ecológica principal y espacios del agua", "sac": "Mantenimiento silvicultural", "codigo_sac": "ES001", "gestor": "Deisy Suarez", "cord_x": 96836.999402700007, "cord_y": 96154.077430799996 }, "geometry": { "type": "Point", "coordinates": [ -74.106037, 4.561463 ] } },
{ "type": "Feature", "properties": { "categoria": "Areas que requieren de restauración ecológica", "localidad": "RAFAEL URIBE URIBE", "direccion": "CL 48 Q SUR CON KR 1C ESTE", "cod_locali": 18.0, "grupo_sac": "Estructura ecológica principal y espacios del agua", "sac": "Mantenimiento silvicultural", "codigo_sac": "ES001", "gestor": "Deisy Suarez", "cord_x": 97098.990340300006, "cord_y": 94308.084635099993 }, "geometry": { "type": "Point", "coordinates": [ -74.103678, 4.544776 ] } },
{ "type": "Feature", "properties": { "categoria": "Conexiones erradas", "localidad": "RAFAEL URIBE URIBE", "direccion": "CL 31 SUR ENTRE KR 27 Y KR 25", "cod_locali": 18.0, "grupo_sac": "Estructura ecológica principal y espacios del agua", "sac": "Servicio público de agua", "codigo_sac": "EA002", "gestor": "Deisy Suarez", "cord_x": 95814.546973200006, "cord_y": 99084.608308299998 }, "geometry": { "type": "Point", "coordinates": [ -74.115246, 4.587954 ] } },
{ "type": "Feature", "properties": { "categoria": "Falta de saneamiento básico", "localidad": "RAFAEL URIBE URIBE", "direccion": "CL 59 SUR CON KR 4 C ESTE", "cod_locali": 18.0, "grupo_sac": "Estructura ecológica principal y espacios del agua", "sac": "Servicio público de agua", "codigo_sac": "EA004", "gestor": "Deisy Suarez", "cord_x": 97079.268450999996, "cord_y": 93647.870601000002 }, "geometry": { "type": "Point", "coordinates": [ -74.103856, 4.538808 ] } },
{ "type": "Feature", "properties": { "categoria": "Tenencia inadecuada de animales de compañía", "localidad": "RAFAEL URIBE URIBE", "direccion": "CL 32 SUR CON KR 24B", "cod_locali": 18.0, "grupo_sac": "Fauna", "sac": "Fauna doméstica y animales de compañía", "codigo_sac": "FD001", "gestor": "Deisy Suarez", "cord_x": 95707.997418400002, "cord_y": 98622.078081400003 }, "geometry": { "type": "Point", "coordinates": [ -74.116206, 4.583773 ] } },
{ "type": "Feature", "properties": { "categoria": "Tenencia inadecuada de animales de compañía", "localidad": "RAFAEL URIBE URIBE", "direccion": "KR 24B ENTRE CL 31 B Y CL 32 SUR", "cod_locali": 18.0, "grupo_sac": "Fauna", "sac": "Fauna doméstica y animales de compañía", "codigo_sac": "FD001", "gestor": "Deisy Suarez", "cord_x": 95872.956388199993, "cord_y": 98671.092382799994 }, "geometry": { "type": "Point", "coordinates": [ -74.11472, 4.584216 ] } },
{ "type": "Feature", "properties": { "categoria": "Vectores", "localidad": "RAFAEL URIBE URIBE", "direccion": "CL 28 SUR ENTRE KR 12D hasta CL 31 A SUR CON KR 12G", "cod_locali": 18.0, "grupo_sac": "Fauna", "sac": "Presencia de vectores", "codigo_sac": "FV001", "gestor": "Deisy Suarez", "cord_x": 97049.950570200002, "cord_y": 97577.066279699997 }, "geometry": { "type": "Point", "coordinates": [ -74.104118, 4.574326 ] } },
{ "type": "Feature", "properties": { "categoria": "Vectores", "localidad": "RAFAEL URIBE URIBE", "direccion": "KR 15 con CL 27A SUR", "cod_locali": 18.0, "grupo_sac": "Fauna", "sac": "Presencia de vectores", "codigo_sac": "FV001", "gestor": "Deisy Suarez", "cord_x": 96615.981977300005, "cord_y": 98024.079775299993 }, "geometry": { "type": "Point", "coordinates": [ -74.108027, 4.578367 ] } },
{ "type": "Feature", "properties": { "categoria": "Vectores", "localidad": "RAFAEL URIBE URIBE", "direccion": "DG 46 SUR CON KR 5N (GAVIONES)", "cod_locali": 18.0, "grupo_sac": "Fauna", "sac": "Presencia de vectores", "codigo_sac": "FV001", "gestor": "Deisy Suarez", "cord_x": 96099.981195200002, "cord_y": 96126.051080200006 }, "geometry": { "type": "Point", "coordinates": [ -74.112676, 4.56121 ] } },
{ "type": "Feature", "properties": { "categoria": "Falta obras de mitigación y estabilización", "localidad": "RAFAEL URIBE URIBE", "direccion": "CL 32 H SUR CON KR 13A", "cod_locali": 18.0, "grupo_sac": "Gestión de riesgos", "sac": "Infraestructura", "codigo_sac": "GE002", "gestor": "Deisy Suarez", "cord_x": 96013.000581900007, "cord_y": 97362.066243199995 }, "geometry": { "type": "Point", "coordinates": [ -74.113459, 4.572383 ] } },
{ "type": "Feature", "properties": { "categoria": "Zonas con riesgo de remoción en masa, flujos y receptaciones", "localidad": "RAFAEL URIBE URIBE", "direccion": "KR 4D ESTE CON CL 59B SUR", "cod_locali": 18.0, "grupo_sac": "Gestión de riesgos", "sac": "Movimiento en masa", "codigo_sac": "GM002", "gestor": "Deisy Suarez", "cord_x": 97177.967776799996, "cord_y": 93563.026750899997 }, "geometry": { "type": "Point", "coordinates": [ -74.102967, 4.538041 ] } },
{ "type": "Feature", "properties": { "categoria": "Expansión urbana y asentamientos ilegales", "localidad": "RAFAEL URIBE URIBE", "direccion": "KR 5 ESTE  CON CL 59 D SUR", "cod_locali": 18.0, "grupo_sac": "Ordenamiento ambiental de territorio", "sac": "Usos del suelo", "codigo_sac": "OU001", "gestor": "Deisy Suarez", "cord_x": 97062.951863499999, "cord_y": 93598.088178000005 }, "geometry": { "type": "Point", "coordinates": [ -74.104003, 4.538358 ] } },
{ "type": "Feature", "properties": { "categoria": "Invasión de áreas protegidas", "localidad": "RAFAEL URIBE URIBE", "direccion": "CL 48 Q SUR 3 20 ESTE", "cod_locali": 18.0, "grupo_sac": "Ordenamiento ambiental de territorio", "sac": "Usos del suelo", "codigo_sac": "OU002", "gestor": "Deisy Suarez", "cord_x": 96745.044590200006, "cord_y": 94783.090270999994 }, "geometry": { "type": "Point", "coordinates": [ -74.106866, 4.54907 ] } },
{ "type": "Feature", "properties": { "categoria": "Necesidad de procesos de educación ambiental comunitaria", "localidad": "RAFAEL URIBE URIBE", "direccion": "CL 49 C SUR CON KR 5U", "cod_locali": 18.0, "grupo_sac": "Participación y educación ambiental", "sac": "Educación ambiental", "codigo_sac": "PE002", "gestor": "Deisy Suarez", "cord_x": 96912.957343999995, "cord_y": 93779.062764999995 }, "geometry": { "type": "Point", "coordinates": [ -74.105354, 4.539994 ] } },
{ "type": "Feature", "properties": { "categoria": "Disposición inadecuada de residuos sólidos", "localidad": "RAFAEL URIBE URIBE", "direccion": "calle 48 L sur # 5 H 65", "cod_locali": 18.0, "grupo_sac": "Contaminación", "sac": "Manejo inadecuado de residuos sólidos", "codigo_sac": "CR004", "gestor": "Deisy Suarez", "cord_x": 96179.049009800001, "cord_y": 95583.104781100003 }, "geometry": { "type": "Point", "coordinates": [ -74.111964, 4.556302 ] } },
{ "type": "Feature", "properties": { "categoria": "Disposición inadecuada de residuos sólidos", "localidad": "RAFAEL URIBE URIBE", "direccion": "calle 40 sur # 10-55", "cod_locali": 18.0, "grupo_sac": "Contaminación", "sac": "Manejo inadecuado de residuos sólidos", "codigo_sac": "CR004", "gestor": "Deisy Suarez", "cord_x": 96578.988792899996, "cord_y": 96435.052190500006 }, "geometry": { "type": "Point", "coordinates": [ -74.108361, 4.564003 ] } },
{ "type": "Feature", "properties": { "categoria": "Disposición inadecuada de residuos sólidos", "localidad": "RAFAEL URIBE URIBE", "direccion": "Av. Quiroga # 25-98", "cod_locali": 18.0, "grupo_sac": "Contaminación", "sac": "Manejo inadecuado de residuos sólidos", "codigo_sac": "CR004", "gestor": "Deisy Suarez", "cord_x": 95230.985861599998, "cord_y": 98643.078156200005 }, "geometry": { "type": "Point", "coordinates": [ -74.120503, 4.583963 ] } },
{ "type": "Feature", "properties": { "categoria": "Disposición inadecuada de residuos sólidos", "localidad": "RAFAEL URIBE URIBE", "direccion": "Carrera 29 # 38 A -1 sur", "cod_locali": 18.0, "grupo_sac": "Contaminación", "sac": "Manejo inadecuado de residuos sólidos", "codigo_sac": "CR004", "gestor": "Deisy Suarez", "cord_x": 94933.026398700007, "cord_y": 98894.077338799994 }, "geometry": { "type": "Point", "coordinates": [ -74.123187, 4.586232 ] } },
{ "type": "Feature", "properties": { "categoria": "Caídas y volcamientos en laderas, canales y quebradas", "localidad": "SUMAPAZ", "direccion": "SANTA ROSA", "cod_locali": 20.0, "grupo_sac": "Gestión de riesgos", "sac": "Movimiento en masa", "codigo_sac": "GM001", "gestor": "Andrey Ardila", "cord_x": 87723.354166300007, "cord_y": 60331.385813599998 }, "geometry": { "type": "Point", "coordinates": [ -74.188113898999973, 4.237642157000039 ] } },
{ "type": "Feature", "properties": { "categoria": "Caídas y volcamientos en laderas, canales y quebradas", "localidad": "SUMAPAZ", "direccion": "ÁNIMAS ALTAS", "cod_locali": 20.0, "grupo_sac": "Gestión de riesgos", "sac": "Movimiento en masa", "codigo_sac": "GM001", "gestor": "Andrey Ardila", "cord_x": 88261.237093400006, "cord_y": 50545.347904900002 }, "geometry": { "type": "Point", "coordinates": [ -74.183266669999966, 4.149180600000022 ] } },
{ "type": "Feature", "properties": { "categoria": "Caídas y volcamientos en laderas, canales y quebradas", "localidad": "SUMAPAZ", "direccion": "ÁNIMAS ALTAS", "cod_locali": 20.0, "grupo_sac": "Gestión de riesgos", "sac": "Movimiento en masa", "codigo_sac": "GM001", "gestor": "Andrey Ardila", "cord_x": 88261.237093400006, "cord_y": 50545.347904900002 }, "geometry": { "type": "Point", "coordinates": [ -74.183266669999966, 4.149180600000022 ] } },
{ "type": "Feature", "properties": { "categoria": "Caídas y volcamientos en laderas, canales y quebradas", "localidad": "SUMAPAZ", "direccion": "AURAS NAZARETH", "cod_locali": 20.0, "grupo_sac": "Gestión de riesgos", "sac": "Movimiento en masa", "codigo_sac": "GM001", "gestor": "Andrey Ardila", "cord_x": 89894.704435000007, "cord_y": 52732.5738958 }, "geometry": { "type": "Point", "coordinates": [ -74.168561109999985, 4.168952800000056 ] } },
{ "type": "Feature", "properties": { "categoria": "Caídas y volcamientos en laderas, canales y quebradas", "localidad": "SUMAPAZ", "direccion": "ÁNIMAS", "cod_locali": 20.0, "grupo_sac": "Gestión de riesgos", "sac": "Movimiento en masa", "codigo_sac": "GM001", "gestor": "Andrey Ardila", "cord_x": 88884.150943000001, "cord_y": 49847.149137699998 }, "geometry": { "type": "Point", "coordinates": [ -74.177658329999986, 4.142869400000052 ] } },
{ "type": "Feature", "properties": { "categoria": "Caídas y volcamientos en laderas, canales y quebradas", "localidad": "SUMAPAZ", "direccion": "PUEBLO SOLO", "cod_locali": 20.0, "grupo_sac": "Gestión de riesgos", "sac": "Movimiento en masa", "codigo_sac": "GM001", "gestor": "Andrey Ardila", "cord_x": 88824.588078500004, "cord_y": 49483.938747400003 }, "geometry": { "type": "Point", "coordinates": [ -74.17819443999997, 4.139586100000031 ] } },
{ "type": "Feature", "properties": { "categoria": "Caídas y volcamientos en laderas, canales y quebradas", "localidad": "SUMAPAZ", "direccion": "ÁNIMAS BAJAS", "cod_locali": 20.0, "grupo_sac": "Gestión de riesgos", "sac": "Movimiento en masa", "codigo_sac": "GM001", "gestor": "Andrey Ardila", "cord_x": 88326.587538000007, "cord_y": 49227.378001700003 }, "geometry": { "type": "Point", "coordinates": [ -74.182677779999949, 4.137266700000055 ] } },
{ "type": "Feature", "properties": { "categoria": "Caídas y volcamientos en laderas, canales y quebradas", "localidad": "SUMAPAZ", "direccion": "VÍA NAZARETH", "cod_locali": 20.0, "grupo_sac": "Gestión de riesgos", "sac": "Movimiento en masa", "codigo_sac": "GM001", "gestor": "Andrey Ardila", "cord_x": 90457.141292700006, "cord_y": 51986.454097000002 }, "geometry": { "type": "Point", "coordinates": [ -74.163497219999954, 4.162208300000032 ] } },
{ "type": "Feature", "properties": { "categoria": "Caídas y volcamientos en laderas, canales y quebradas", "localidad": "SUMAPAZ", "direccion": "ALTO DEL OSO", "cod_locali": 20.0, "grupo_sac": "Gestión de riesgos", "sac": "Movimiento en masa", "codigo_sac": "GM001", "gestor": "Andrey Ardila", "cord_x": 91564.167946500005, "cord_y": 52824.726554599998 }, "geometry": { "type": "Point", "coordinates": [ -74.153530559999979, 4.169786100000067 ] } },
{ "type": "Feature", "properties": { "categoria": "Caídas y volcamientos en laderas, canales y quebradas", "localidad": "SUMAPAZ", "direccion": "RAIZAL", "cod_locali": 20.0, "grupo_sac": "Gestión de riesgos", "sac": "Movimiento en masa", "codigo_sac": "GM001", "gestor": "Andrey Ardila", "cord_x": 93010.553069400004, "cord_y": 54027.4560748 }, "geometry": { "type": "Point", "coordinates": [ -74.140508329999989, 4.180658300000061 ] } },
{ "type": "Feature", "properties": { "categoria": "Caídas y volcamientos en laderas, canales y quebradas", "localidad": "SUMAPAZ", "direccion": "RAIZAL", "cod_locali": 20.0, "grupo_sac": "Gestión de riesgos", "sac": "Movimiento en masa", "codigo_sac": "GM001", "gestor": "Andrey Ardila", "cord_x": 92804.7594675, "cord_y": 55136.464353399999 }, "geometry": { "type": "Point", "coordinates": [ -74.142361109999968, 4.190683300000046 ] } },
{ "type": "Feature", "properties": { "categoria": "Caídas y volcamientos en laderas, canales y quebradas", "localidad": "SUMAPAZ", "direccion": "RAIZAL- LA SELVA", "cod_locali": 20.0, "grupo_sac": "Gestión de riesgos", "sac": "Movimiento en masa", "codigo_sac": "GM001", "gestor": "Andrey Ardila", "cord_x": 92483.276253599994, "cord_y": 56166.498332499999 }, "geometry": { "type": "Point", "coordinates": [ -74.145255559999953, 4.199994400000037 ] } },
{ "type": "Feature", "properties": { "categoria": "Caídas y volcamientos en laderas, canales y quebradas", "localidad": "SUMAPAZ", "direccion": "RAIZAL", "cod_locali": 20.0, "grupo_sac": "Gestión de riesgos", "sac": "Movimiento en masa", "codigo_sac": "GM001", "gestor": "Andrey Ardila", "cord_x": 91859.455354399994, "cord_y": 56939.642741099997 }, "geometry": { "type": "Point", "coordinates": [ -74.15087221999994, 4.206983300000047 ] } },
{ "type": "Feature", "properties": { "categoria": "Caídas y volcamientos en laderas, canales y quebradas", "localidad": "SUMAPAZ", "direccion": "BETANIA", "cod_locali": 20.0, "grupo_sac": "Gestión de riesgos", "sac": "Movimiento en masa", "codigo_sac": "GM001", "gestor": "Andrey Ardila", "cord_x": 88307.427242100006, "cord_y": 55275.146514699998 }, "geometry": { "type": "Point", "coordinates": [ -74.182852779999962, 4.191936100000021 ] } },
{ "type": "Feature", "properties": { "categoria": "Caídas y volcamientos en laderas, canales y quebradas", "localidad": "SUMAPAZ", "direccion": "SANTA ANA", "cod_locali": 20.0, "grupo_sac": "Gestión de riesgos", "sac": "Movimiento en masa", "codigo_sac": "GM001", "gestor": "Andrey Ardila", "cord_x": 68440.791469899996, "cord_y": 33786.983132200003 }, "geometry": { "type": "Point", "coordinates": [ -74.361669439999957, 3.99766390000002 ] } },
{ "type": "Feature", "properties": { "categoria": "Caídas y volcamientos en laderas, canales y quebradas", "localidad": "SUMAPAZ", "direccion": "LA UNIÓN", "cod_locali": 20.0, "grupo_sac": "Gestión de riesgos", "sac": "Movimiento en masa", "codigo_sac": "GM001", "gestor": "Andrey Ardila", "cord_x": 68098.413341299994, "cord_y": 33254.227462100003 }, "geometry": { "type": "Point", "coordinates": [ -74.36475, 3.992847200000028 ] } },
{ "type": "Feature", "properties": { "categoria": "Caídas y volcamientos en laderas, canales y quebradas", "localidad": "SUMAPAZ", "direccion": "PUENTE LA UNIÓN", "cod_locali": 20.0, "grupo_sac": "Gestión de riesgos", "sac": "Movimiento en masa", "codigo_sac": "GM001", "gestor": "Andrey Ardila", "cord_x": 68437.346674400003, "cord_y": 32414.928614299999 }, "geometry": { "type": "Point", "coordinates": [ -74.36169721999994, 3.985261100000059 ] } },
{ "type": "Feature", "properties": { "categoria": "Caídas y volcamientos en laderas, canales y quebradas", "localidad": "SUMAPAZ", "direccion": "TUNAL BAJO", "cod_locali": 20.0, "grupo_sac": "Gestión de riesgos", "sac": "Movimiento en masa", "codigo_sac": "GM001", "gestor": "Andrey Ardila", "cord_x": 68736.613512900003, "cord_y": 32111.5515213 }, "geometry": { "type": "Point", "coordinates": [ -74.359002779999969, 3.982519400000058 ] } },
{ "type": "Feature", "properties": { "categoria": "Caídas y volcamientos en laderas, canales y quebradas", "localidad": "SUMAPAZ", "direccion": "SAN JUAN CHORRERAS", "cod_locali": 20.0, "grupo_sac": "Gestión de riesgos", "sac": "Movimiento en masa", "codigo_sac": "GM001", "gestor": "Andrey Ardila", "cord_x": 74518.5249893, "cord_y": 33208.1912725 }, "geometry": { "type": "Point", "coordinates": [ -74.306961109999975, 3.992444400000068 ] } },
{ "type": "Feature", "properties": { "categoria": "Caídas y volcamientos en laderas, canales y quebradas", "localidad": "SUMAPAZ", "direccion": "SAN JUAN CHORRERAS", "cod_locali": 20.0, "grupo_sac": "Gestión de riesgos", "sac": "Movimiento en masa", "codigo_sac": "GM001", "gestor": "Andrey Ardila", "cord_x": 75655.842472499993, "cord_y": 35591.0117608 }, "geometry": { "type": "Point", "coordinates": [ -74.296727779999969, 4.013986100000068 ] } },
{ "type": "Feature", "properties": { "categoria": "Tráfico ilegal de especies de fauna silvestre", "localidad": "SUMAPAZ", "direccion": "Media Naranja", "cod_locali": 20.0, "grupo_sac": "Fauna", "sac": "Tráfico de fauna silvestre", "codigo_sac": "FT001", "gestor": "Andrey Ardila", "cord_x": 83218.856154499998, "cord_y": 54589.892599300001 }, "geometry": { "type": "Point", "coordinates": [ -74.228667, 4.185738215000072 ] } },
{ "type": "Feature", "properties": { "categoria": "Tráfico ilegal de especies de fauna silvestre", "localidad": "SUMAPAZ", "direccion": "Media Naranja", "cod_locali": 20.0, "grupo_sac": "Fauna", "sac": "Tráfico de fauna silvestre", "codigo_sac": "FT001", "gestor": "Andrey Ardila", "cord_x": 82939.641653700004, "cord_y": 56582.985436199997 }, "geometry": { "type": "Point", "coordinates": [ -74.231182819999958, 4.203754679000042 ] } },
{ "type": "Feature", "properties": { "categoria": "Tráfico ilegal de especies de fauna silvestre", "localidad": "SUMAPAZ", "direccion": "Santa Rosa", "cod_locali": 20.0, "grupo_sac": "Fauna", "sac": "Tráfico de fauna silvestre", "codigo_sac": "FT001", "gestor": "Andrey Ardila", "cord_x": 87887.178844800001, "cord_y": 61084.806871799999 }, "geometry": { "type": "Point", "coordinates": [ -74.186639169999978, 4.244452846000058 ] } },
{ "type": "Feature", "properties": { "categoria": "Tráfico ilegal de especies de fauna silvestre", "localidad": "SUMAPAZ", "direccion": "Santa Rosa", "cod_locali": 20.0, "grupo_sac": "Fauna", "sac": "Tráfico de fauna silvestre", "codigo_sac": "FT001", "gestor": "Andrey Ardila", "cord_x": 87865.170391599997, "cord_y": 60879.432124200001 }, "geometry": { "type": "Point", "coordinates": [ -74.186837239999988, 4.242596334000041 ] } },
{ "type": "Feature", "properties": { "categoria": "Tráfico ilegal de especies de fauna silvestre", "localidad": "SUMAPAZ", "direccion": "Santa Rosa", "cod_locali": 20.0, "grupo_sac": "Fauna", "sac": "Tráfico de fauna silvestre", "codigo_sac": "FT001", "gestor": "Andrey Ardila", "cord_x": 87752.493864599994, "cord_y": 61260.220390100003 }, "geometry": { "type": "Point", "coordinates": [ -74.18785196999994, 4.246038447000046 ] } },
{ "type": "Feature", "properties": { "categoria": "Tráfico ilegal de especies de fauna silvestre", "localidad": "SUMAPAZ", "direccion": "Santa Rosa", "cod_locali": 20.0, "grupo_sac": "Fauna", "sac": "Tráfico de fauna silvestre", "codigo_sac": "FT001", "gestor": "Andrey Ardila", "cord_x": 87584.985641699997, "cord_y": 62439.695293800003 }, "geometry": { "type": "Point", "coordinates": [ -74.189360819999933, 4.256700321000039 ] } },
{ "type": "Feature", "properties": { "categoria": "Tráfico ilegal de especies de fauna silvestre", "localidad": "SUMAPAZ", "direccion": "Santa Rosa", "cod_locali": 20.0, "grupo_sac": "Fauna", "sac": "Tráfico de fauna silvestre", "codigo_sac": "FT001", "gestor": "Andrey Ardila", "cord_x": 87443.757436300002, "cord_y": 63874.7941985 }, "geometry": { "type": "Point", "coordinates": [ -74.190633209999987, 4.269672936000063 ] } },
{ "type": "Feature", "properties": { "categoria": "Tráfico ilegal de especies de fauna silvestre", "localidad": "SUMAPAZ", "direccion": "Santa Rosa", "cod_locali": 20.0, "grupo_sac": "Fauna", "sac": "Tráfico de fauna silvestre", "codigo_sac": "FT001", "gestor": "Andrey Ardila", "cord_x": 87253.666763700006, "cord_y": 64585.3935165 }, "geometry": { "type": "Point", "coordinates": [ -74.192345239999952, 4.276096350000046 ] } },
{ "type": "Feature", "properties": { "categoria": "Tráfico ilegal de especies de fauna silvestre", "localidad": "SUMAPAZ", "direccion": "Santa Rosa", "cod_locali": 20.0, "grupo_sac": "Fauna", "sac": "Tráfico de fauna silvestre", "codigo_sac": "FT001", "gestor": "Andrey Ardila", "cord_x": 87220.290465600003, "cord_y": 64686.402929600001 }, "geometry": { "type": "Point", "coordinates": [ -74.192645829999947, 4.277009414000077 ] } },
{ "type": "Feature", "properties": { "categoria": "Tráfico ilegal de especies de fauna silvestre", "localidad": "SUMAPAZ", "direccion": "Santa Rosa", "cod_locali": 20.0, "grupo_sac": "Fauna", "sac": "Tráfico de fauna silvestre", "codigo_sac": "FT001", "gestor": "Andrey Ardila", "cord_x": 86875.085464799995, "cord_y": 65245.553917099998 }, "geometry": { "type": "Point", "coordinates": [ -74.195754539999939, 4.282063706000031 ] } },
{ "type": "Feature", "properties": { "categoria": "Tráfico ilegal de especies de fauna silvestre", "localidad": "SUMAPAZ", "direccion": "Santa Rosa", "cod_locali": 20.0, "grupo_sac": "Fauna", "sac": "Tráfico de fauna silvestre", "codigo_sac": "FT001", "gestor": "Andrey Ardila", "cord_x": 86822.0075297, "cord_y": 65311.256524999997 }, "geometry": { "type": "Point", "coordinates": [ -74.196232519999967, 4.282657599000061 ] } },
{ "type": "Feature", "properties": { "categoria": "Tráfico ilegal de especies de fauna silvestre", "localidad": "SUMAPAZ", "direccion": "Santa Rosa", "cod_locali": 20.0, "grupo_sac": "Fauna", "sac": "Tráfico de fauna silvestre", "codigo_sac": "FT001", "gestor": "Andrey Ardila", "cord_x": 86742.478391800003, "cord_y": 65391.024155799998 }, "geometry": { "type": "Point", "coordinates": [ -74.196948689999942, 4.283378617000039 ] } },
{ "type": "Feature", "properties": { "categoria": "Tráfico ilegal de especies de fauna silvestre", "localidad": "SUMAPAZ", "direccion": "Santa Rosa", "cod_locali": 20.0, "grupo_sac": "Fauna", "sac": "Tráfico de fauna silvestre", "codigo_sac": "FT001", "gestor": "Andrey Ardila", "cord_x": 86301.618934300001, "cord_y": 65614.127264299997 }, "geometry": { "type": "Point", "coordinates": [ -74.200918569999942, 4.285395101000063 ] } },
{ "type": "Feature", "properties": { "categoria": "Tráfico ilegal de especies de fauna silvestre", "localidad": "SUMAPAZ", "direccion": "Santa Rosa", "cod_locali": 20.0, "grupo_sac": "Fauna", "sac": "Tráfico de fauna silvestre", "codigo_sac": "FT001", "gestor": "Andrey Ardila", "cord_x": 86079.704804399997, "cord_y": 65704.318554700003 }, "geometry": { "type": "Point", "coordinates": [ -74.202916869999967, 4.286210247000042 ] } },
{ "type": "Feature", "properties": { "categoria": "Tenencia inadecuada de animales de compañía", "localidad": "SUMAPAZ", "direccion": "Betania", "cod_locali": 20.0, "grupo_sac": "Fauna", "sac": "Fauna doméstica y animales de compañía", "codigo_sac": "FD001", "gestor": "Andrey Ardila", "cord_x": 92380.640476200002, "cord_y": 58169.245921599999 }, "geometry": { "type": "Point", "coordinates": [ -74.146179639999957, 4.218098421000036 ] } },
{ "type": "Feature", "properties": { "categoria": "Tenencia inadecuada de animales de compañía", "localidad": "SUMAPAZ", "direccion": "Nazareth", "cod_locali": 20.0, "grupo_sac": "Fauna", "sac": "Fauna doméstica y animales de compañía", "codigo_sac": "FD001", "gestor": "Andrey Ardila", "cord_x": 92288.032315899996, "cord_y": 53154.486698399996 }, "geometry": { "type": "Point", "coordinates": [ -74.147013439999967, 4.172767030000045 ] } },
{ "type": "Feature", "properties": { "categoria": "Tenencia inadecuada de animales de compañía", "localidad": "SUMAPAZ", "direccion": "La Unión", "cod_locali": 20.0, "grupo_sac": "Fauna", "sac": "Fauna doméstica y animales de compañía", "codigo_sac": "FD001", "gestor": "Andrey Ardila", "cord_x": 68214.739606799994, "cord_y": 32485.557714 }, "geometry": { "type": "Point", "coordinates": [ -74.363701099999957, 3.985899030000041 ] } },
{ "type": "Feature", "properties": { "categoria": "Tenencia inadecuada de animales de compañía", "localidad": "SUMAPAZ", "direccion": "San Juan", "cod_locali": 20.0, "grupo_sac": "Fauna", "sac": "Fauna doméstica y animales de compañía", "codigo_sac": "FD001", "gestor": "Andrey Ardila", "cord_x": 73705.889450699993, "cord_y": 37248.980581099997 }, "geometry": { "type": "Point", "coordinates": [ -74.314283269999976, 4.028970045000051 ] } },
{ "type": "Feature", "properties": { "categoria": "Especies vegetales invasoras", "localidad": "SUMAPAZ", "direccion": "El Itsmo", "cod_locali": 20.0, "grupo_sac": "Estructura ecológica principal y espacios del agua", "sac": "Mantenimiento silvicultural", "codigo_sac": "ES004", "gestor": "Andrey Ardila", "cord_x": 88281.821253999995, "cord_y": 55291.431620900003 }, "geometry": { "type": "Point", "coordinates": [ -74.183083329999988, 4.192083300000036 ] } },
{ "type": "Feature", "properties": { "categoria": "Especies vegetales invasoras", "localidad": "SUMAPAZ", "direccion": "El Itsmo", "cod_locali": 20.0, "grupo_sac": "Estructura ecológica principal y espacios del agua", "sac": "Mantenimiento silvicultural", "codigo_sac": "ES004", "gestor": "Andrey Ardila", "cord_x": 88334.268542799997, "cord_y": 55263.773084599998 }, "geometry": { "type": "Point", "coordinates": [ -74.182611109999982, 4.191833300000042 ] } },
{ "type": "Feature", "properties": { "categoria": "Especies vegetales invasoras", "localidad": "SUMAPAZ", "direccion": "El Itsmo", "cod_locali": 20.0, "grupo_sac": "Estructura ecológica principal y espacios del agua", "sac": "Mantenimiento silvicultural", "codigo_sac": "ES004", "gestor": "Andrey Ardila", "cord_x": 88343.523706699998, "cord_y": 55260.708362799996 }, "geometry": { "type": "Point", "coordinates": [ -74.182527779999987, 4.191805600000066 ] } },
{ "type": "Feature", "properties": { "categoria": "Especies vegetales invasoras", "localidad": "SUMAPAZ", "direccion": "El Itsmo", "cod_locali": 20.0, "grupo_sac": "Estructura ecológica principal y espacios del agua", "sac": "Mantenimiento silvicultural", "codigo_sac": "ES004", "gestor": "Andrey Ardila", "cord_x": 88343.523706699998, "cord_y": 55260.708362799996 }, "geometry": { "type": "Point", "coordinates": [ -74.182527779999987, 4.191805600000066 ] } },
{ "type": "Feature", "properties": { "categoria": "Especies vegetales invasoras", "localidad": "SUMAPAZ", "direccion": "El Itsmo", "cod_locali": 20.0, "grupo_sac": "Estructura ecológica principal y espacios del agua", "sac": "Mantenimiento silvicultural", "codigo_sac": "ES004", "gestor": "Andrey Ardila", "cord_x": 88494.6993353, "cord_y": 55254.550844400001 }, "geometry": { "type": "Point", "coordinates": [ -74.181166669999982, 4.19175 ] } },
{ "type": "Feature", "properties": { "categoria": "Especies vegetales invasoras", "localidad": "SUMAPAZ", "direccion": "El Itsmo", "cod_locali": 20.0, "grupo_sac": "Estructura ecológica principal y espacios del agua", "sac": "Mantenimiento silvicultural", "codigo_sac": "ES004", "gestor": "Andrey Ardila", "cord_x": 88621.193427200007, "cord_y": 55248.394638099999 }, "geometry": { "type": "Point", "coordinates": [ -74.180027779999989, 4.191694400000074 ] } },
{ "type": "Feature", "properties": { "categoria": "Especies vegetales invasoras", "localidad": "SUMAPAZ", "direccion": "El Itsmo", "cod_locali": 20.0, "grupo_sac": "Estructura ecológica principal y espacios del agua", "sac": "Mantenimiento silvicultural", "codigo_sac": "ES004", "gestor": "Andrey Ardila", "cord_x": 88689.065430500006, "cord_y": 55180.789176600003 }, "geometry": { "type": "Point", "coordinates": [ -74.179416669999966, 4.191083300000059 ] } },
{ "type": "Feature", "properties": { "categoria": "Especies vegetales invasoras", "localidad": "SUMAPAZ", "direccion": "El Itsmo", "cod_locali": 20.0, "grupo_sac": "Estructura ecológica principal y espacios del agua", "sac": "Mantenimiento silvicultural", "codigo_sac": "ES004", "gestor": "Andrey Ardila", "cord_x": 88747.683358199996, "cord_y": 55140.840258900003 }, "geometry": { "type": "Point", "coordinates": [ -74.178888889999939, 4.190722200000039 ] } },
{ "type": "Feature", "properties": { "categoria": "Especies vegetales invasoras", "localidad": "SUMAPAZ", "direccion": "El Itsmo", "cod_locali": 20.0, "grupo_sac": "Estructura ecológica principal y espacios del agua", "sac": "Mantenimiento silvicultural", "codigo_sac": "ES004", "gestor": "Andrey Ardila", "cord_x": 88834.069155599995, "cord_y": 55119.331353599999 }, "geometry": { "type": "Point", "coordinates": [ -74.178111109999975, 4.190527800000041 ] } },
{ "type": "Feature", "properties": { "categoria": "Especies vegetales invasoras", "localidad": "SUMAPAZ", "direccion": "El Itsmo", "cod_locali": 20.0, "grupo_sac": "Estructura ecológica principal y espacios del agua", "sac": "Mantenimiento silvicultural", "codigo_sac": "ES004", "gestor": "Andrey Ardila", "cord_x": 88905.027508300002, "cord_y": 55067.091673800001 }, "geometry": { "type": "Point", "coordinates": [ -74.17747221999997, 4.190055600000051 ] } },
{ "type": "Feature", "properties": { "categoria": "Especies vegetales invasoras", "localidad": "SUMAPAZ", "direccion": "El Itsmo", "cod_locali": 20.0, "grupo_sac": "Estructura ecológica principal y espacios del agua", "sac": "Mantenimiento silvicultural", "codigo_sac": "ES004", "gestor": "Andrey Ardila", "cord_x": 89037.690580399998, "cord_y": 55030.2043662 }, "geometry": { "type": "Point", "coordinates": [ -74.176277779999964, 4.189722200000062 ] } },
{ "type": "Feature", "properties": { "categoria": "Especies vegetales invasoras", "localidad": "SUMAPAZ", "direccion": "Betania", "cod_locali": 20.0, "grupo_sac": "Estructura ecológica principal y espacios del agua", "sac": "Mantenimiento silvicultural", "codigo_sac": "ES004", "gestor": "Andrey Ardila", "cord_x": 90385.953890300007, "cord_y": 55764.588277000003 }, "geometry": { "type": "Point", "coordinates": [ -74.164138889999947, 4.196361100000047 ] } },
{ "type": "Feature", "properties": { "categoria": "Especies vegetales invasoras", "localidad": "SUMAPAZ", "direccion": "Laguan verde", "cod_locali": 20.0, "grupo_sac": "Estructura ecológica principal y espacios del agua", "sac": "Mantenimiento silvicultural", "codigo_sac": "ES004", "gestor": "Andrey Ardila", "cord_x": 90521.701070499999, "cord_y": 55684.692373700003 }, "geometry": { "type": "Point", "coordinates": [ -74.162916669999959, 4.195638900000063 ] } },
{ "type": "Feature", "properties": { "categoria": "Especies vegetales invasoras", "localidad": "SUMAPAZ", "direccion": "El Tabaco", "cod_locali": 20.0, "grupo_sac": "Estructura ecológica principal y espacios del agua", "sac": "Mantenimiento silvicultural", "codigo_sac": "ES004", "gestor": "Andrey Ardila", "cord_x": 91950.169069600001, "cord_y": 59326.067036300003 }, "geometry": { "type": "Point", "coordinates": [ -74.150055559999942, 4.22855560000005 ] } },
{ "type": "Feature", "properties": { "categoria": "Especies vegetales invasoras", "localidad": "SUMAPAZ", "direccion": "Betania", "cod_locali": 20.0, "grupo_sac": "Estructura ecológica principal y espacios del agua", "sac": "Mantenimiento silvicultural", "codigo_sac": "ES004", "gestor": "Andrey Ardila", "cord_x": 91922.391107799995, "cord_y": 56757.112060300002 }, "geometry": { "type": "Point", "coordinates": [ -74.150305559999936, 4.205333300000063 ] } },
{ "type": "Feature", "properties": { "categoria": "Especies vegetales invasoras", "localidad": "SUMAPAZ", "direccion": "Raizal", "cod_locali": 20.0, "grupo_sac": "Estructura ecológica principal y espacios del agua", "sac": "Mantenimiento silvicultural", "codigo_sac": "ES004", "gestor": "Andrey Ardila", "cord_x": 92937.4324242, "cord_y": 53890.104301599997 }, "geometry": { "type": "Point", "coordinates": [ -74.141166669999961, 4.179416700000047 ] } },
{ "type": "Feature", "properties": { "categoria": "Especies vegetales invasoras", "localidad": "SUMAPAZ", "direccion": "Las Auras", "cod_locali": 20.0, "grupo_sac": "Estructura ecológica principal y espacios del agua", "sac": "Mantenimiento silvicultural", "codigo_sac": "ES004", "gestor": "Andrey Ardila", "cord_x": 89935.431850599998, "cord_y": 52765.450330599997 }, "geometry": { "type": "Point", "coordinates": [ -74.168194439999979, 4.16925 ] } },
{ "type": "Feature", "properties": { "categoria": "Especies vegetales invasoras", "localidad": "SUMAPAZ", "direccion": "Las Auras", "cod_locali": 20.0, "grupo_sac": "Estructura ecológica principal y espacios del agua", "sac": "Mantenimiento silvicultural", "codigo_sac": "ES004", "gestor": "Andrey Ardila", "cord_x": 89808.933636400005, "cord_y": 52756.238880099998 }, "geometry": { "type": "Point", "coordinates": [ -74.169333329999972, 4.169166700000062 ] } },
{ "type": "Feature", "properties": { "categoria": "Especies vegetales invasoras", "localidad": "SUMAPAZ", "direccion": "Las Auras", "cod_locali": 20.0, "grupo_sac": "Estructura ecológica principal y espacios del agua", "sac": "Mantenimiento silvicultural", "codigo_sac": "ES004", "gestor": "Andrey Ardila", "cord_x": 88772.285285799997, "cord_y": 53189.546371500001 }, "geometry": { "type": "Point", "coordinates": [ -74.178666669999984, 4.17308330000003 ] } },
{ "type": "Feature", "properties": { "categoria": "Especies vegetales invasoras", "localidad": "SUMAPAZ", "direccion": "Las Auras", "cod_locali": 20.0, "grupo_sac": "Estructura ecológica principal y espacios del agua", "sac": "Mantenimiento silvicultural", "codigo_sac": "ES004", "gestor": "Andrey Ardila", "cord_x": 88735.276250199997, "cord_y": 53533.711421400003 }, "geometry": { "type": "Point", "coordinates": [ -74.179, 4.176194400000043 ] } },
{ "type": "Feature", "properties": { "categoria": "Especies vegetales invasoras", "localidad": "SUMAPAZ", "direccion": "Las Auras", "cod_locali": 20.0, "grupo_sac": "Estructura ecológica principal y espacios del agua", "sac": "Mantenimiento silvicultural", "codigo_sac": "ES004", "gestor": "Andrey Ardila", "cord_x": 88707.513524299997, "cord_y": 53650.487680099999 }, "geometry": { "type": "Point", "coordinates": [ -74.17925, 4.17725 ] } },
{ "type": "Feature", "properties": { "categoria": "Falta de saneamiento básico", "localidad": "SUMAPAZ", "direccion": "Tunal Alto", "cod_locali": 20.0, "grupo_sac": "Estructura ecológica principal y espacios del agua", "sac": "Servicio público de agua", "codigo_sac": "EA004", "gestor": "Andrey Ardila", "cord_x": 71341.162783799999, "cord_y": 28860.383142300001 }, "geometry": { "type": "Point", "coordinates": [ -74.335552299999961, 3.953135878000069 ] } },
{ "type": "Feature", "properties": { "categoria": "Falta de saneamiento básico", "localidad": "SUMAPAZ", "direccion": "Santa Ana", "cod_locali": 20.0, "grupo_sac": "Estructura ecológica principal y espacios del agua", "sac": "Servicio público de agua", "codigo_sac": "EA004", "gestor": "Andrey Ardila", "cord_x": 70520.734045999998, "cord_y": 34322.672976200003 }, "geometry": { "type": "Point", "coordinates": [ -74.342948489999969, 4.002511020000043 ] } },
{ "type": "Feature", "properties": { "categoria": "Uso intensivo de sustancias químicas en actividades agropecuarias", "localidad": "SUMAPAZ", "direccion": "Tunal Alto", "cod_locali": 20.0, "grupo_sac": "Ruralidad", "sac": "Actividades agropecuarias", "codigo_sac": "RA001", "gestor": "Andrey Ardila", "cord_x": 71084.354110100001, "cord_y": 29097.017501900002 }, "geometry": { "type": "Point", "coordinates": [ -74.337864269999955, 3.955274426000074 ] } },
{ "type": "Feature", "properties": { "categoria": "Uso intensivo de sustancias químicas en actividades agropecuarias", "localidad": "SUMAPAZ", "direccion": "San Antonio", "cod_locali": 20.0, "grupo_sac": "Ruralidad", "sac": "Actividades agropecuarias", "codigo_sac": "RA001", "gestor": "Andrey Ardila", "cord_x": 72731.360330399999, "cord_y": 41255.358227099998 }, "geometry": { "type": "Point", "coordinates": [ -74.32306344999995, 4.065184178000038 ] } },
{ "type": "Feature", "properties": { "categoria": "Disposición inadecuada de residuos sólidos", "localidad": "SUMAPAZ", "direccion": "Tunal Alto", "cod_locali": 20.0, "grupo_sac": "Contaminación", "sac": "Manejo inadecuado de residuos sólidos", "codigo_sac": "CR004", "gestor": "Andrey Ardila", "cord_x": 71298.208816500002, "cord_y": 28797.2528403 }, "geometry": { "type": "Point", "coordinates": [ -74.335938789999943, 3.952565117000063 ] } },
{ "type": "Feature", "properties": { "categoria": "Disposición inadecuada de residuos sólidos", "localidad": "SUMAPAZ", "direccion": "Raizal", "cod_locali": 20.0, "grupo_sac": "Contaminación", "sac": "Manejo inadecuado de residuos sólidos", "codigo_sac": "CR004", "gestor": "Andrey Ardila", "cord_x": 93219.983773300002, "cord_y": 55449.923130100004 }, "geometry": { "type": "Point", "coordinates": [ -74.138622619999978, 4.193516811000052 ] } },
{ "type": "Feature", "properties": { "categoria": "Disposición inadecuada de residuos sólidos", "localidad": "SUMAPAZ", "direccion": "Santa Rosa", "cod_locali": 20.0, "grupo_sac": "Contaminación", "sac": "Manejo inadecuado de residuos sólidos", "codigo_sac": "CR004", "gestor": "Andrey Ardila", "cord_x": 87639.553676299998, "cord_y": 60108.6321656 }, "geometry": { "type": "Point", "coordinates": [ -74.188868329999934, 4.23562851600002 ] } },
{ "type": "Feature", "properties": { "categoria": "Disposición inadecuada de residuos sólidos", "localidad": "SUMAPAZ", "direccion": "Santa Rosa", "cod_locali": 20.0, "grupo_sac": "Contaminación", "sac": "Manejo inadecuado de residuos sólidos", "codigo_sac": "CR004", "gestor": "Andrey Ardila", "cord_x": 86091.387770100002, "cord_y": 65704.531142899999 }, "geometry": { "type": "Point", "coordinates": [ -74.20281166999996, 4.286212176000049 ] } },
{ "type": "Feature", "properties": { "categoria": "Disposición inadecuada de residuos sólidos", "localidad": "SUMAPAZ", "direccion": "Nazareth", "cod_locali": 20.0, "grupo_sac": "Contaminación", "sac": "Manejo inadecuado de residuos sólidos", "codigo_sac": "CR004", "gestor": "Andrey Ardila", "cord_x": 92293.804653300002, "cord_y": 53133.4511881 }, "geometry": { "type": "Point", "coordinates": [ -74.146961469999951, 4.172576878000029 ] } },
{ "type": "Feature", "properties": { "categoria": "Disposición inadecuada de residuos sólidos", "localidad": "SUMAPAZ", "direccion": "Betania", "cod_locali": 20.0, "grupo_sac": "Contaminación", "sac": "Manejo inadecuado de residuos sólidos", "codigo_sac": "CR004", "gestor": "Andrey Ardila", "cord_x": 92365.547988200007, "cord_y": 58035.7094363 }, "geometry": { "type": "Point", "coordinates": [ -74.146315529999981, 4.216891306000036 ] } },
{ "type": "Feature", "properties": { "categoria": "Deficiencias en la prestación del servicio de aseo", "localidad": "SUMAPAZ", "direccion": "Animas Altas", "cod_locali": 20.0, "grupo_sac": "Contaminación", "sac": "Manejo inadecuado de residuos sólidos", "codigo_sac": "CR001", "gestor": "Andrey Ardila", "cord_x": 88306.138503599999, "cord_y": 49057.3331597 }, "geometry": { "type": "Point", "coordinates": [ -74.182861809999963, 4.135729553000033 ] } },
{ "type": "Feature", "properties": { "categoria": "Deficiencias en la prestación del servicio de aseo", "localidad": "SUMAPAZ", "direccion": "Sopas", "cod_locali": 20.0, "grupo_sac": "Contaminación", "sac": "Manejo inadecuado de residuos sólidos", "codigo_sac": "CR001", "gestor": "Andrey Ardila", "cord_x": 86644.028803099995, "cord_y": 48282.255867499996 }, "geometry": { "type": "Point", "coordinates": [ -74.197825079999973, 4.128722333000042 ] } },
{ "type": "Feature", "properties": { "categoria": "Deficiencias en la prestación del servicio de aseo", "localidad": "SUMAPAZ", "direccion": "San Jose", "cod_locali": 20.0, "grupo_sac": "Contaminación", "sac": "Manejo inadecuado de residuos sólidos", "codigo_sac": "CR001", "gestor": "Andrey Ardila", "cord_x": 65959.980322999996, "cord_y": 14312.4966367 }, "geometry": { "type": "Point", "coordinates": [ -74.38395031999994, 3.821616541000026 ] } },
{ "type": "Feature", "properties": { "categoria": "Disposición inadecuada de residuos sólidos", "localidad": "SUMAPAZ", "direccion": "Santa Rosa", "cod_locali": 20.0, "grupo_sac": "Contaminación", "sac": "Manejo inadecuado de residuos sólidos", "codigo_sac": "CR004", "gestor": "Andrey Ardila", "cord_x": 87458.450240599996, "cord_y": 56042.249459400002 }, "geometry": { "type": "Point", "coordinates": [ -74.190496919999987, 4.19887000500006 ] } }
]
}
