objectid,abrevia,cod_linea,nom_ruta,orig_ruta,dest_ruta,fec_impl,loc_orig,loc_dest,long_ruta,oper_ruta,cod_ruta,zon_dest,zon_orig,hor_habil,hor_sab,hor_fest,est_ruta,tip_bus,tip_serv,dias_oper,tip_hor,comp_sitp,ruta_rural,route_id,tipo_ruta,globalid,created_user,created_date,last_edited_user,last_edited_date,shape_Length
10421,AAA,GA503,GA503,San Bernardino,Est. Calle 100,13/07/2020,7,12,33.53354731,ETIB BO,A503-1,3,9,3:00 a. m. - 10:00 p. m.,4:00 a. m. - 9:45 p. m.,5:00 a. m. - 9:15 p. m.,2,4,1,3,1,2,3,0,1,{D5602DFF-2A7E-4229-A20C-3C4A4679722A},,,editorInfraSTS,2026/07/17 21:37:12+00,33533.5713572827
10422,BBB,GA503,GA503,Est. Calle 100,San Bernardino,13/07/2020,7,12,28.48388308,ETIB BO,G503-2,9,3,3:00 a. m. - 10:00 p. m.,4:00 a. m. - 9:45 p. m.,5:00 a. m. - 9:15 p. m.,2,4,1,3,1,2,3,0,1,{B4514BF1-B4AC-4F74-931A-29E8500FC5E0},,,editorInfraSTS,2026/07/17 21:37:12+00,28483.9070014086
10443,BBB,BB911,BB911,Portal Norte,Portal Norte, ,11,11,3.5330569, ,B911-3,2,2,4:30 a. m. - 10:00 p. m.,4:00 a. m. - 9:00 p. m., ,2,5,1,2,1,2,3,0,1,{9113042F-0736-4259-A7E8-76782829ABE8},,,editorInfraSTS,2026/07/14 19:36:51+00,3533.05727046309
10511,NA,BK23,BK23,Portal ElDorado – C.C.,Alcalá – Colegio S. To, ,9,1,23.03208517,No Aplica,B23,1,6,5:00 a. m. - 10:00 p. m.,5:30 a. m. - 10:00 p. m., ,1,2,1,2,1,1,3,12819,1,{8B35CEC7-D0BE-4925-8264-1FF746106B7B},,,editorInfraSTS,2026/07/17 21:22:59+00,23032.0869267055
10512,NA,BK23,BK23,Alcalá – Colegio S. To,Portal ElDorado – C.C., ,1,9,21.871957,No Aplica,K23,6,1,5:00 a. m. - 10:00 p. m.,5:30 a. m. - 10:00 p. m., ,1,2,1,2,1,1,3,12820,1,{2CB9A581-430F-46AD-B74E-59D335E56CD6},,,editorInfraSTS,2026/07/17 21:22:59+00,21871.9584562368
10513,NA,CM84,CM84,Calle 72,Etb Tibabuyes, ,2,11,15.67439403,No Aplica,C84,3,0,6:00 a. m. - 11:00 p. m.,6:00 a. m. - 11:00 p. m.,6:00 a. m. - 10:00 p. m.,1,3,2,3,1,1,3,12984,1,{13FF97C7-433F-4570-95F4-0D9E289FAEBE},,,editorInfraSTS,2026/07/17 21:22:59+00,15674.3944622659
10514,NA,HM83,HM83,Portal Usme,Museo Nacional, ,5,3,14.57137817,No Aplica,M83,0,12,4:30 a. m. - 11:00 p. m.,4:30 a. m. - 10:30 p. m.,4:30 a. m. - 10:00 p. m.,1,2,1,3,1,1,3,12825,1,{3C02552D-6123-4390-8537-A01BCFBA5E85},,,editorInfraSTS,2026/07/17 21:22:59+00,14571.3804541288
10515,NA,MK86,MK86,Hacienda Santa Barbara,Aeropuerto El Dorado, ,1,9,29.41782909,No Aplica,K86CV,6,1, , ,7:00 a. m. - 2:00 p. m.,1,3,2,4,3,1,3,0,3,{8AA5D91B-CD1B-4409-8138-FE6B727A2B05},,,editorInfraSTS,2026/07/17 21:25:54+00,29417.8345363406
10516,NA,MK86,MK86,Hacienda Santa Barbara,Aeropuerto El Dorado, ,1,9,26.00209154,No Aplica,K86,6,1,5:30 a. m. - 11:00 p. m.,5:30 a. m. - 11:00 p. m.,5:30 a. m. - 10:00 p. m.,1,3,2,3,1,1,3,13027,3,{396424CE-14C7-426F-A667-BB4E8A9B1E96},,,editorInfraSTS,2026/07/17 21:22:59+00,26002.0962968661
10517,NA,ML82,ML82,Portal 20 De Julio,Clinica El Bosque, ,1,4,19.3504159,No Aplica,M82,1,1,4:00 a. m. - 11:00 p. m.,4:00 a. m. - 11:00 p. m.,4:30 a. m. - 10:00 p. m.,1,3,2,3,1,1,3,12297,1,{8756CAA8-61ED-4A34-A2B9-A596C7C0C94F},,,editorInfraSTS,2026/07/17 21:22:59+00,19350.4181288551
10518,NA,ML82,ML82,Portal 20 De Julio,Clinica El Bosque, ,1,4,20.00893051,No Aplica,M82CV,13,1, , ,7:00 a. m. - 2:00 p. m.,1,3,2,4,3,1,3,0,1,{1E0448CE-B83B-4AA5-9140-6AD48C1D3C8D},,,editorInfraSTS,2026/07/17 21:25:54+00,20008.9327262219
10519,NA,ML82,ML82,Clinica El Bosque,Portal 20 De Julio, ,4,1,20.04916348,No Aplica,L82CV,13,13, , ,7:00 a. m. - 2:00 p. m.,1,3,2,4,3,1,3,0,1,{4D31ECED-3933-49F5-B665-C1F8913E10E0},,,editorInfraSTS,2026/07/17 21:25:54+00,20049.1654194566
10520,NA,GG45,GG45,San Mateo - Cc Unisur,Portal Sur - Jfk Coop. F, ,0,7,4.69461854,No Aplica,G45-1,9,9,5:00 a. m. - 8:00 a. m. _ 4:30 p. m. - 9:30 p. m.,5:00 a. m. - 8:00 a. m., ,1,1,1,2,2,1,3,11931,1,{EC7865CC-C4DD-42EE-ACD5-5EE262F119E6},,,editorInfraSTS,2026/07/17 21:22:59+00,4694.62715094804
10521,NA,GG45,GG45,Portal Sur - Jfk Coop. F,San Mateo - Cc Unisur, ,7,0,4.47491548,No Aplica,G45-2,9,9,5:30 a. m. - 9:00 a. m. _ 4:30 p. m. - 8:00 p. m.,5:00 a. m. - 8:00 a. m., ,1,1,1,2,2,1,3,10036,1,{23A6B3F4-C23F-42E0-8E3A-818FA07C78AD},,,editorInfraSTS,2026/07/17 21:22:59+00,4474.92383470777
10522,NA,HK54,HK54,Portal ElDorado – C.C.,Portal Usme, ,9,5,21.92567352,No Aplica,H54,6,6,5:30 a. m. - 11:00 p. m.,5:30 a. m. - 11:00 p. m.,4:30 a. m. - 10:00 p. m.,1,1,1,3,1,1,3,12811,1,{940FF3DD-18D1-4226-86CA-59E8AD1656B2},,,editorInfraSTS,2026/07/17 21:22:59+00,21925.6765742301
10523,NA,HK54,HK54,Portal Usme,Portal ElDorado – C.C., ,5,9,23.641725,No Aplica,K54,12,12,4:30 a. m. - 11:00 p. m.,4:30 a. m. - 11:00 p. m.,4:30 a. m. - 10:00 p. m.,1,1,1,3,1,1,3,12878,1,{9D96B834-7C3D-45F4-99F2-8D148B3BFA22},,,editorInfraSTS,2026/07/17 21:22:59+00,23641.7283962323
10524,NA,CH15,CH15,Portal Tunal,Portal Suba, ,6,11,28.62559113,No Aplica,C15,3,11,4:00 a. m. - 11:00 p. m.,4:00 a. m. - 11:00 p. m.,4:00 a. m. - 10:00 p. m.,1,2,1,3,1,1,3,12467,1,{C2DE532B-C70F-4F6A-AD9A-550787CA19A7},,,editorInfraSTS,2026/07/17 21:22:59+00,28625.5934874383
10525,NA,CH15,CH15,Portal Suba,Portal Tunal, ,11,6,27.65260717,No Aplica,H15,11,3,4:30 a. m. - 11:00 p. m.,5:30 a. m. - 11:00 p. m.,4:30 a. m. - 10:00 p. m.,1,2,1,3,1,1,3,12813,1,{08C8A984-E37B-4E65-9DE4-E60E94D96291},,,editorInfraSTS,2026/07/17 21:22:59+00,27652.6093911933
10526,NA,GM47,GM47,Museo Nacional,Portal Sur - Jfk Coop. F, ,3,7,13.45946728,No Aplica,G47,9,0,4:30 a. m. - 11:00 p. m.,5:00 a. m. - 11:00 p. m.,4:30 a. m. - 10:00 p. m.,1,2,1,3,1,1,3,10067,1,{6AA179D8-78B6-4EF0-AC91-139CFBEACB13},,,editorInfraSTS,2026/07/17 21:22:59+00,13459.4719950942
10527,NA,GM47,GM47,Portal Sur - Jfk Coop. F,Museo Nacional, ,7,3,13.98261014,No Aplica,M47,0,9,4:30 a. m. - 11:00 p. m.,4:30 a. m. - 11:00 p. m.,4:00 a. m. - 10:00 p. m.,1,2,1,3,1,1,3,10039,1,{6B0A89EC-3569-498F-B8E5-BED090813144},,,editorInfraSTS,2026/07/17 21:22:59+00,13982.6150455091
10528,NA,BG12,BG12,Portal Sur - Jfk Coop. F,Portal Norte-Unicervantes, ,7,11,27.24547659,No Aplica,B12,1,9,4:00 a. m. - 11:00 p. m.,4:00 a. m. - 11:00 p. m.,4:00 a. m. - 10:00 p. m.,1,2,1,3,1,1,3,12874,1,{3756EAE6-434F-4A94-A181-E1EB0EEFA8A1},,,editorInfraSTS,2026/07/17 21:22:59+00,27245.4823847792
10529,NA,BG12,BG12,General Santander,Portal Norte-Unicervantes, ,16,11,22.44460576,No Aplica,B12GS,1,9,5:30 a. m. - 8:00 a. m., , ,1,2,1,1,3,1,3,11876,2,{FB31B6C6-3455-49B4-9DA9-68A3C8771D3B},,,editorInfraSTS,2026/07/17 21:22:59+00,22444.6075554511
10530,NA,BG12,BG12,Portal Norte-Unicervantes,General Santander, ,11,16,22.25213942,No Aplica,G12GS,10,2,5:00 a. m. - 7:00 a. m., , ,1,2,1,1,3,1,3,11463,2,{1C3CFBA8-87F2-415C-A32D-C96E684D9AFB},,,editorInfraSTS,2026/07/17 21:22:59+00,22252.141216357
10531,NA,BG12,BG12,Portal Norte-Unicervantes,Portal Sur - Jfk Coop. F, ,11,7,26.80640483,No Aplica,G12,9,2,4:30 a. m. - 11:00 p. m.,4:30 a. m. - 11:00 p. m.,4:30 a. m. - 10:00 p. m.,1,2,1,3,1,1,3,12873,1,{89557A19-2F10-4A9F-BE3F-222ACD98A6C0},,,editorInfraSTS,2026/07/17 21:22:59+00,26806.4103867289
10532,NA,DL81,DL81,Portal 20 De Julio,Puente De Guadua, ,4,10,25.00481843,No Aplica,D81CV,4,13, , ,7:00 a. m. - 2:00 p. m.,1,3,2,4,1,1,3,0,1,{539B460C-883A-457D-85C2-DFA67E764079},,,editorInfraSTS,2026/07/17 21:25:54+00,25004.8199031527
10533,NA,DL81,DL81,Portal 20 De Julio,Puente De Guadua, ,4,10,23.51419977,No Aplica,D81,4,13,4:00 a. m. - 11:00 p. m.,4:00 a. m. - 10:30 p. m.,4:30 a. m. - 10:00 p. m.,1,3,2,3,1,1,3,12980,1,{CE9C0BB1-5579-4786-9D78-26D646BEBF34},,,editorInfraSTS,2026/07/17 21:22:59+00,23514.2012365502
10534,NA,DL81,DL81,Puente De Guadua,Portal 20 De Julio, ,10,4,25.44554704,No Aplica,L81CV,13,4, , ,7:00 a. m. - 2:00 p. m.,1,3,2,4,3,1,3,0,1,{46114796-70FB-482F-8D1D-6E667EB1D0A6},,,editorInfraSTS,2026/07/17 21:25:54+00,25445.5485016197
10535,NA,DL81,DL81,Puente De Guadua,Portal 20 De Julio, ,10,4,25.35920995,No Aplica,L81,13,4,5:00 a. m. - 11:00 p. m.,5:00 a. m. - 10:30 p. m.,5:00 a. m. - 10:00 p. m.,1,3,2,3,1,1,3,13089,1,{03B255BA-0F94-483F-A1D5-73A363DBACF8},,,editorInfraSTS,2026/07/17 21:22:59+00,25359.2114609564
10536,NA,2,2,Portal 20 De Julio,Museo Nacional, ,4,3,7.17954136,No Aplica,2 P,0,13,4:30 a. m. - 11:00 p. m.,4:30 a. m. - 11:00 p. m.,4:30 a. m. - 10:00 p. m.,1,2,1,3,1,1,3,10070,1,{474D47C6-AB24-4D4B-8B2B-1442DAC6E76E},,,editorInfraSTS,2026/07/17 21:22:59+00,7179.54153549001
10537,NA,2,2,Museo Nacional,Portal 20 De Julio, ,3,4,7.27723602,No Aplica,2 M,13,0,4:00 a. m. - 11:00 p. m.,4:00 a. m. - 11:00 p. m.,4:30 a. m. - 10:00 p. m.,1,2,1,3,1,1,3,10056,1,{879797BD-5E41-417A-8254-876A635A71EA},,,editorInfraSTS,2026/07/17 21:22:59+00,7277.23620771799
10538,NA,BH27,BH27,Portal Tunal,Portal Norte-Unicervantes, ,6,11,27.29078018,No Aplica,B27,1,11,5:00 a. m. - 9:00 a. m. _ 4:00 p. m. - 8:00 p. m., , ,1,2,1,1,2,1,3,12970,1,{81CE095A-67ED-42A4-ADD8-7057BCB7FE06},,,editorInfraSTS,2026/07/17 21:22:59+00,27290.7835588919
10539,NA,BH27,BH27,Portal Norte-Unicervantes,Portal Tunal, ,11,6,25.79978281,No Aplica,H27,11,2,6:00 a. m. - 9:00 a. m. _ 3:00 p. m. - 8:00 p. m., , ,1,2,1,1,2,1,3,12644,1,{0B45F61E-A565-4A2C-8C1D-4BFDFF9F5CCB},,,editorInfraSTS,2026/07/17 21:22:59+00,25799.7855692926
10540,NA,AG52,AG52,Portal Sur - Jfk Coop. F,Flores - Areandina, ,7,12,20.55403089,No Aplica,A52,0,9,5:00 a. m. - 8:30 a. m., , ,1,1,1,1,3,1,3,12931,1,{0ED54066-5B85-4ACB-B658-77EF60F2E6F0},,,editorInfraSTS,2026/07/17 21:22:59+00,20554.0360933143
10541,NA,AG52,AG52,Flores - Areandina,Portal Sur - Jfk Coop. F, ,12,7,20.10866667,No Aplica,G52,9,0,4:00 p. m. - 8:00 p. m., , ,1,1,1,1,4,1,3,12932,1,{1E7E6A2B-9BDE-4A71-9A76-14D4F27B55B7},,,editorInfraSTS,2026/07/17 21:22:59+00,20108.6713052386
10542,NA,7-2,7-2,Portal Suba,Polo - Fincomercio, ,11,12,10.93536514,No Aplica,7 E,3,3,4:30 a. m. - 11:00 p. m.,4:30 a. m. - 11:00 p. m.,4:30 a. m. - 10:00 p. m.,1,1,1,3,1,1,3,11627,1,{0702C2E1-F227-4E1A-8490-C95837CAB89F},,,editorInfraSTS,2026/07/17 21:22:59+00,10935.3652741894
10543,NA,7-1,7-1,Polo - Fincomercio,Portal Suba, ,11,12,11.37455299,No Aplica,7 P,3,3,4:30 a. m. - 11:00 p. m.,4:30 a. m. - 11:00 p. m.,4:30 a. m. - 10:00 p. m.,1,1,1,3,1,1,3,11856,1,{7D6C7359-A24B-4F8D-BE9A-5969903BBFEA},,,editorInfraSTS,2026/07/17 21:22:59+00,11374.5531437212
10544,NA,BK16,BK16,Portal ElDorado – C.C.,Terminal, ,1,9,26.61609332,No Aplica,B16,1,6,5:30 a. m. - 10:30 p. m.,5:30 a. m. - 10:00 p. m., ,1,1,1,2,1,1,3,13011,1,{59C68FD9-0F11-4E1C-AA19-C9710AD03E71},,,editorInfraSTS,2026/07/17 21:22:59+00,26616.095647948
10545,NA,BK16,BK16,Terminal,Portal ElDorado – C.C., ,9,1,25.74378627,No Aplica,K16,6,1,5:30 a. m. - 10:30 p. m.,5:30 a. m. - 10:00 p. m., ,1,1,1,2,1,1,3,13125,1,{09E39F2E-7576-4EBD-B357-6693688478A2},,,editorInfraSTS,2026/07/17 21:22:59+00,25743.7882920613
10546,NA,8,8,Guatoque - Veraguas,Terminal, ,14,11,21.0904908,No Aplica,8 G,1,0,4:30 a. m. - 11:00 p. m.,4:30 a. m. - 11:00 p. m.,4:30 a. m. - 10:00 p. m.,1,1,1,3,1,1,3,13009,1,{DD0546AB-AE1D-4373-BF9E-B60938A2233A},,,editorInfraSTS,2026/07/17 21:22:59+00,21090.4921225149
10547,NA,8,8,Terminal,Guatoque - Veraguas, ,11,14,21.14442753,No Aplica,8 T,0,2,4:30 a. m. - 11:00 p. m.,4:30 a. m. - 11:00 p. m.,4:30 a. m. - 10:00 p. m.,1,1,1,3,1,1,3,13189,1,{7EFF31E4-0EE7-4B87-9ED2-87499E3B0DF7},,,editorInfraSTS,2026/07/17 21:22:59+00,21144.4288688575
10548,NA,FJ23,FJ23,Las Aguas - Centro Colom,Portal Américas, ,3,8,14.47076634,No Aplica,F23,8,0,5:00 a. m. - 11:00 p. m.,5:00 a. m. - 11:00 p. m.,5:30 a. m. - 10:00 p. m.,1,1,1,3,1,1,3,11163,1,{CCB441EF-AE27-41BA-8450-210A5EC697C0},,,editorInfraSTS,2026/07/17 21:22:59+00,14470.7729599247
10549,NA,FJ23,FJ23,Las Aguas - Centro Colom,Portal Américas, ,3,8,9.93785075,No Aplica,F23B,8,0,5:00 a. m. - 11:00 p. m.,5:00 a. m. - 11:00 p. m.,5:30 a. m. - 10:00 p. m.,1,1,1,3,1,1,3,10082,1,{7A4EB135-4472-4678-A3C1-F83D878AF785},,,editorInfraSTS,2026/07/17 21:22:59+00,9937.8525719012
10550,NA,FJ23,FJ23,Portal Américas,Las Aguas - Centro Colom, ,8,3,14.6312415,No Aplica,J23,0,8,4:00 a. m. - 11:00 p. m.,4:00 a. m. - 11:00 p. m.,5:00 a. m. - 10:00 p. m.,1,2,1,3,1,1,3,11712,1,{6372E47B-BE81-4A89-A01B-704307171123},,,editorInfraSTS,2026/07/17 21:22:59+00,14631.2484908292
10551,NA,FJ23,FJ23,Banderas,Las Aguas - Centro Colom, ,8,3,9.77358196,No Aplica,J23B,0,7, , ,5:00 a. m. - 10:00 p. m.,1,2,1,1,3,1,3,12070,1,{D034B4A3-C7F0-4D24-8AF2-053848E533DC},,,editorInfraSTS,2026/07/17 21:22:59+00,9773.58376103771
10552,NA,BD10,BD10,Portal 80,Portal Norte-Unicervantes, ,10,1,17.43388034,No Aplica,B10,1,4,4:30 a. m. - 9:30 p. m.,5:30 a. m. - 9:30 p. m.,6:30 a. m. - 8:00 p. m.,1,2,1,3,1,1,3,10075,1,{BE1297B2-2866-46BC-9A6B-AA1648E339BD},,,editorInfraSTS,2026/07/17 21:22:59+00,17433.8815793919
10553,NA,BD10,BD10,Portal Norte-Unicervantes,Portal 80, ,1,10,18.05360479,No Aplica,D10,4,1,5:00 a. m. - 10:00 p. m.,6:00 a. m. - 10:00 p. m.,6:30 a. m. - 8:00 p. m.,1,2,1,3,1,1,3,10076,1,{797AE0F2-8461-4DAD-A4B7-BFD6577C9541},,,editorInfraSTS,2026/07/17 21:22:59+00,18053.6061109635
10554,NA,CL25,CL25,Portal 20 De Julio,Portal Suba, ,4,11,24.99745203,No Aplica,C25,3,13,4:30 a. m. - 10:00 p. m.,5:00 a. m. - 8:00 p. m.,4:30 a. m. - 10:00 p. m.,1,2,1,3,1,1,3,10073,1,{1A84EA47-33A3-4BA3-ABE2-7E0CBF235AD6},,,editorInfraSTS,2026/07/17 21:22:59+00,24997.452467887
10555,NA,CL25,CL25,Portal Suba,Portal 20 De Julio, ,11,4,25.30954634,No Aplica,L25,13,3,5:00 a. m. - 10:00 p. m.,5:00 a. m. - 8:00 p. m.,5:00 a. m. - 10:00 p. m.,1,2,1,3,1,1,3,10074,1,{D94D7C40-8C42-4FCE-9C37-FDF927906529},,,editorInfraSTS,2026/07/17 21:22:59+00,25309.5467948952
10556,NA,BC50,BC50,Portal Suba,Calle 161, ,11,11,20.22641839,No Aplica,B50,1,3,5:30 a. m. - 8:30 a. m., , ,1,1,1,1,3,1,3,11272,1,{2B39B05F-972D-4652-9D6F-31399C79789A},,,editorInfraSTS,2026/07/17 21:22:59+00,20226.4192648382
10557,NA,BC50,BC50,Calle 161,Portal Suba, ,11,11,20.23432682,No Aplica,C50,3,2,4:30 p. m. - 8:00 p. m., , ,1,1,1,1,4,1,3,11932,1,{9743FDE0-D61B-4D7D-A096-916770E4A691},,,editorInfraSTS,2026/07/17 21:22:59+00,20234.3277050763
10558,NA,EG48,EG48,CAD,San Mateo - CC Unisur, ,14,0,15.03272891,No Aplica,G48,9,6,4:00 p. m. - 10:00 p. m., , ,1,2,1,1,4,1,3,12824,1,{D1A80137-C11E-4CBE-A21E-6053B4C16C9D},,,editorInfraSTS,2026/07/17 21:22:59+00,15032.7411279598
10559,NA,KG43,KG43,Portal ElDorado – C.C.,San Mateo - Cc Unisur, ,9,0,24.76386202,No Aplica,G43,6,14,5:00 a. m. - 11:00 p. m.,5:00 a. m. - 11:00 p. m.,4:30 a. m. - 10:00 p. m.,1,1,1,3,1,1,3,11458,1,{EF327C67-AE90-44A8-B84A-CA6D9D36B12A},,,editorInfraSTS,2026/07/17 21:22:59+00,24763.8754163968
10560,NA,KG43,KG43,San Mateo - Cc Unisur,Portal ElDorado – C.C., ,0,9,23.74669299,No Aplica,K43,14,6,4:00 a. m. - 11:00 p. m.,4:00 a. m. - 11:00 p. m.,4:00 a. m. - 10:00 p. m.,1,1,1,3,1,1,3,11926,1,{E690EFB1-42A3-44A1-B6E0-B3C859B82911},,,editorInfraSTS,2026/07/17 21:22:59+00,23746.7059067562
10561,NA,EG48,EG48,San Mateo - CC Unisur,CAD, ,0,14,15.01230756,No Aplica,E48,6,9,4:00 a. m. - 9:00 a. m., , ,1,2,1,1,3,1,3,12823,1,{CA75C0D6-B17C-483B-88FF-01DBA159AD28},,,editorInfraSTS,2026/07/17 21:22:59+00,15012.3196113694
10562,NA,BH13,BH13,Portal Tunal,Portal Norte-Unicervantes, ,6,11,27.34039556,No Aplica,B13,1,11,5:00 a. m. - 10:00 p. m.,5:30 a. m. - 9:30 p. m., ,1,1,1,2,1,1,3,12814,1,{372FA537-AD47-449B-BD1A-557025D60581},,,editorInfraSTS,2026/07/17 21:22:59+00,27340.3989685574
10563,NA,BH13,BH13,Portal Norte-Unicervantes,Portal Tunal, ,11,6,25.75016743,No Aplica,H13,11,2,5:30 a. m. - 10:00 p. m.,6:30 a. m. - 10:00 p. m., ,1,1,1,2,1,1,3,12558,1,{3C579D21-A5D8-4F23-84F8-28A657A5FA8D},,,editorInfraSTS,2026/07/17 21:22:59+00,25750.1701596271
10564,NA,BF28,BF28,Portal Américas,Portal Norte-Unicervantes, ,8,1,29.16168162,No Aplica,B28,1,8,4:00 a. m. - 8:00 p. m.,4:00 a. m. - 8:00 p. m., ,1,1,1,2,1,1,3,12612,1,{49846C5B-8B97-4328-8842-332ADFC7C71B},,,editorInfraSTS,2026/07/17 21:22:59+00,29161.689491007
10565,NA,BF28,BF28,Portal Norte-Unicervantes,Portal Américas, ,1,8,29.06758666,No Aplica,F28,8,1,5:00 a. m. - 8:00 p. m.,5:00 a. m. - 8:00 p. m., ,1,1,1,2,1,1,3,12815,1,{154E279D-AABC-460A-9C55-547DE9EC30FA},,,editorInfraSTS,2026/07/17 21:22:59+00,29067.5942820297
10566,NA,GL41,GL41,Bicentenario,San Mateo - Cc Unisur, ,3,0,15.26243676,No Aplica,G41,9,13,5:00 a. m. - 9:00 p. m.,5:00 a. m. - 9:00 p. m., ,1,2,1,2,1,1,3,11878,1,{E0A0D2F2-6298-4970-B558-1CC4671DC05B},,,editorInfraSTS,2026/07/17 21:22:59+00,15262.4493036248
10567,NA,GL41,GL41,San Mateo - Cc Unisur,Bicentenario, ,11,3,15.13500619,No Aplica,L41,13,9,4:30 a. m. - 9:00 p. m.,4:30 a. m. - 9:00 p. m., ,1,2,1,2,1,1,3,11870,1,{F18BFA30-23C9-4857-B306-8553B4925E0C},,,editorInfraSTS,2026/07/17 21:22:59+00,15135.0188301592
10568,NA,BH72,BH72,Portal Usme,Toberin - Foundever, ,5,11,29.5486171,No Aplica,B72,1,12,4:30 a. m. - 11:00 p. m.,4:30 a. m. - 11:00 p. m.,4:00 a. m. - 10:00 p. m.,1,1,1,3,1,1,3,12879,1,{659E4255-1285-43D6-BC5B-9DEA0E0411ED},,,editorInfraSTS,2026/07/17 21:22:59+00,29548.6202353519
10569,NA,BH72,BH72,Toberin - Foundever,Portal Usme, ,11,5,29.38957663,No Aplica,H72,12,2,5:30 a. m. - 11:00 p. m.,5:30 a. m. - 11:00 p. m.,5:00 a. m. - 9:00 p. m.,1,1,1,3,1,1,3,12881,1,{A7D8F4D3-B23C-4509-B351-15605F5A01B0},,,editorInfraSTS,2026/07/17 21:22:59+00,29389.5796878422
10570,NA,CF19,CF19,Banderas,Portal Suba, ,8,11,27.44273741,No Aplica,C19,3,7,5:00 a. m. - 10:00 p. m.,5:30 a. m. - 10:00 p. m., ,1,2,1,2,1,1,3,12047,1,{1AE78C79-B749-4740-A0C4-9BA350DB5758},,,editorInfraSTS,2026/07/17 21:22:59+00,27442.7394498578
10573,NA,BG11,BG11,Portal Sur - Jfk Coop. F,Terminal, ,7,1,30.66487747,No Aplica,B11,1,9,5:00 a. m. - 9:00 p. m.,6:00 a. m. - 9:30 p. m., ,1,2,1,2,1,1,3,13007,1,{73CB8383-6296-4542-BB30-446F12F505A7},,,editorInfraSTS,2026/07/17 21:22:59+00,30664.8836759701
10574,NA,BG11,BG11,Terminal,Portal Sur - Jfk Coop. F, ,1,7,30.28856341,No Aplica,G11,9,1,6:00 a. m. - 10:00 p. m.,6:30 a. m. - 10:00 p. m., ,1,2,1,2,1,1,3,13008,1,{62699163-FD22-4EC9-AF81-360527A94566},,,editorInfraSTS,2026/07/17 21:22:59+00,30288.5692157813
10575,NA,CH17,CH17,Portal Usme,Portal Suba, ,5,11,30.71621765,No Aplica,C17,3,12,4:00 a. m. - 8:00 p. m.,4:00 a. m. - 3:00 p. m., ,1,1,1,2,1,1,3,11909,1,{9EBD668C-5105-48E7-B0E9-F2C956D6CC83},,,editorInfraSTS,2026/07/17 21:22:59+00,30716.2201786678
10576,NA,CH17,CH17,Portal Suba,Portal Usme, ,11,5,30.45099597,No Aplica,H17,12,3,4:30 a. m. - 8:00 p. m.,5:00 a. m. - 3:00 p. m., ,1,1,1,2,1,1,3,11910,1,{577263AA-BA9A-45F5-A375-9BDDCA3F9013},,,editorInfraSTS,2026/07/17 21:22:59+00,30450.9983713554
10577,NA,KL10,KL10,Portal 20 De Julio,Portal ElDorado – C.C., ,9,4,17.66142519,No Aplica,K10,6,6,4:00 a. m. - 11:00 p. m.,4:00 a. m. - 11:00 p. m., ,1,1,1,2,1,1,3,12462,1,{3AD465E0-F517-4D75-AD41-F387415CD9C9},,,editorInfraSTS,2026/07/17 21:22:59+00,17661.4265513882
10578,NA,KL10,KL10,Portal ElDorado – C.C.,Portal 20 De Julio, ,9,4,16.19372086,No Aplica,L10,13,6,5:00 a. m. - 11:00 p. m.,5:00 a. m. - 11:00 p. m., ,1,1,1,2,1,1,3,12030,1,{9D2A9395-4AEB-4955-B757-7016624DC0B9},,,editorInfraSTS,2026/07/17 21:22:59+00,16193.7218926827
10579,NA,DJ24,DJ24,Universidades – CityU,Portal 80, ,3,10,14.9136928,No Aplica,D24,4,0,6:00 a. m. - 11:00 p. m.,6:00 a. m. - 9:00 p. m., ,1,2,1,2,1,1,3,12243,1,{C5801FA2-EDB6-4B33-AF51-CB090D1F5AC8},,,editorInfraSTS,2026/07/17 21:22:59+00,14913.6932708746
10580,NA,DJ24,DJ24,Portal 80,Universidades – CityU, ,10,3,15.25444258,No Aplica,J24,0,4,5:30 a. m. - 10:00 p. m.,5:30 a. m. - 8:30 p. m., ,1,2,1,2,1,1,3,12818,1,{A3527CC7-6DC7-4389-B33C-5A2C02358AEB},,,editorInfraSTS,2026/07/17 21:22:59+00,15254.4430622382
10581,NA,DH20,DH20,Portal Usme,Portal 80, ,5,10,26.54493223,No Aplica,D20,4,12,5:00 a. m. - 10:00 p. m.,6:00 a. m. - 8:00 p. m., ,1,2,1,2,1,1,3,12066,1,{63EE6605-09E6-4C40-A2E6-43B821CD8211},,,editorInfraSTS,2026/07/17 21:22:59+00,26544.9349552033
10582,NA,DH20,DH20,Portal 80,Portal Usme, ,10,5,26.0762602,No Aplica,H20,12,4,4:30 a. m. - 10:00 p. m.,5:00 a. m. - 8:00 p. m., ,1,2,1,2,1,1,3,12067,1,{A54CF8A6-E58A-4681-B8D9-694295FFFC66},,,editorInfraSTS,2026/07/17 21:22:59+00,26076.2628074525
10583,NA,FM51,FM51,Museo Nacional,Portal Américas, ,3,8,15.02827327,No Aplica,F51,8,0,5:00 a. m. - 11:00 p. m.,5:00 a. m. - 11:00 p. m., ,1,1,1,2,1,1,3,11725,1,{7506AB05-0B9A-4413-9EBB-4987AB1AEA19},,,editorInfraSTS,2026/07/17 21:22:59+00,15028.2796892743
10584,NA,FM51,FM51,Portal Américas,Portal Américas, ,8,3,15.31916493,No Aplica,M51,0,8,4:30 a. m. - 11:00 p. m.,4:30 a. m. - 11:00 p. m., ,1,1,1,2,1,1,3,11724,1,{A91DCA97-F9C6-4D8C-AD0C-77F9309BAD80},,,editorInfraSTS,2026/07/17 21:22:59+00,15319.1721152607
10585,NA,3,3,Corferias,Portal Tunal, ,13,6,14.16680237,No Aplica,3 C,11,6,4:00 a. m. - 11:00 p. m.,4:00 a. m. - 11:00 p. m.,4:00 a. m. - 10:00 p. m.,1,1,1,3,1,1,3,11885,1,{BBE7C0F4-63BB-4B76-AE0D-5E6DB9722645},,,editorInfraSTS,2026/07/17 21:22:59+00,14166.804481849
10586,NA,3,3,Portal Tunal,Corferias, ,6,13,13.28066931,No Aplica,3 P,6,11,4:30 a. m. - 11:00 p. m.,4:30 a. m. - 11:00 p. m.,4:30 a. m. - 10:00 p. m.,1,1,1,3,1,1,3,13162,1,{D2CDE598-D151-4258-81B7-0499F6D81E98},,,editorInfraSTS,2026/07/17 21:22:59+00,13280.6712294377
10587,NA,DG22,DG22,Portal Sur - Jfk Coop. F,Portal 80, ,7,10,23.67714469,No Aplica,D22,4,9,4:30 a. m. - 11:00 p. m.,4:30 a. m. - 11:00 p. m.,5:30 a. m. - 10:00 p. m.,1,2,1,3,1,1,3,12871,1,{62E1024B-9F25-4579-B1B5-D11F6A0541DC},,,editorInfraSTS,2026/07/17 21:22:59+00,23677.1498676388
10588,NA,DG22,DG22,Portal 80,Portal Sur - Jfk Coop. F, ,10,7,23.51925106,No Aplica,G22,9,4,5:00 a. m. - 11:00 p. m.,5:00 a. m. - 11:00 p. m.,5:30 a. m. - 10:00 p. m.,1,2,1,3,1,1,3,12872,1,{B733B996-DC49-4575-A48C-9D3917F2C7F6},,,editorInfraSTS,2026/07/17 21:22:59+00,23519.256056212
10589,NA,H73,H73,Toberin - Foundever,Portal Tunal, ,11,6,25.37011718,No Aplica,H73,11,2, , , ,2,1,1,1,2,1,3,0,1,{7A958410-3A25-4122-A8CE-D23771972037},,,editorInfraSTS,2026/07/17 21:37:12+00,25370.1199722059
10590,NA,AF60,AF60,Portal Américas,Calle 76 - San Felipe, ,8,12,20.15082469,No Aplica,A60,4,8,4:30 a. m. - 9:30 p. m.,4:30 a. m. - 9:30 p. m.,4:00 a. m. - 10:00 p. m.,1,2,1,3,4,1,3,12616,1,{1292A1D5-F84E-4A40-939D-EE19429804EF},,,editorInfraSTS,2026/07/17 21:22:59+00,20150.8319338865
10591,NA,AF60,AF60,Calle 76 - San Felipe,Portal Américas, ,12,8,19.59151875,No Aplica,F60,8,0,5:00 a. m. - 10:30 p. m.,5:00 a. m. - 10:00 p. m.,5:00 a. m. - 10:00 p. m.,1,2,1,3,1,1,3,11873,1,{70518A01-3BE9-43AA-9FC3-278518312CE3},,,editorInfraSTS,2026/07/17 21:22:59+00,19591.5253065925
10592,NA,CG30,CG30,Portal Sur - Jfk Coop. F,Portal Suba, ,7,11,27.16869615,No Aplica,C30,3,9,5:00 a. m. - 9:00 a. m. _ 4:00 p. m. - 8:00 p. m.,5:00 a. m. - 3:00 p. m., ,1,2,1,2,2,1,3,11908,1,{064CA3B7-B3F2-40DA-8ACD-E890D2FFA597},,,editorInfraSTS,2026/07/17 21:22:59+00,27168.7013041108
10593,NA,CG30,CG30,Portal Suba,Portal Sur - Jfk Coop. F, ,11,7,26.95018343,No Aplica,G30,9,3,4:30 a. m. - 9:00 a. m. _ 3:00 p. m. - 8:00 p. m.,5:00 a. m. - 3:00 p. m., ,1,2,1,2,2,1,3,11907,1,{86923D5F-A84E-4F5B-A37D-5A2A0953EDE8},,,editorInfraSTS,2026/07/17 21:22:59+00,26950.1880631616
10594,NA,BF26,BF26,Portal Américas,Alcalá – Colegio S. To, ,8,11,27.50312069,No Aplica,B26,1,8,4:30 a. m. - 9:00 a. m.,4:30 a. m. - 9:00 a. m., ,1,1,1,2,3,1,3,12621,1,{85063F8B-7AAB-4DDB-ADB3-2E77632B4444},,,editorInfraSTS,2026/07/17 21:22:59+00,27503.1282447296
10595,NA,BF26,BF26,Alcalá – Colegio S. To,Portal Américas, ,11,8,26.87817599,No Aplica,F26,8,2,3:00 p. m. - 8:00 p. m.,12:00 p. m. - 6:00 p. m., ,1,1,1,2,4,1,3,11875,1,{CC5D1931-B836-480E-BF4E-EE0487398B55},,,editorInfraSTS,2026/07/17 21:22:59+00,26878.1830460977
10596,NA,BG46,BG46,San Mateo - Cc Unisur,Portal Norte-Unicervantes, ,0,11,31.23753,No Aplica,B46,1,9,4:00 a. m. - 9:00 a. m. _ 3:00 p. m. - 8:00 p. m.,4:00 a. m. - 9:00 a. m. _ 3:00 p. m. - 8:00 p. m., ,1,2,1,2,2,1,3,13037,1,{B851ACD5-F7A3-448D-91C2-ECF814449CF8},,,editorInfraSTS,2026/07/17 21:22:59+00,31237.5434104935
10597,NA,BG46,BG46,Portal Norte-Unicervantes,San Mateo - Cc Unisur, ,11,0,30.97731198,No Aplica,G46,9,2,5:00 a. m. - 9:00 a. m. _ 3:00 p. m. - 8:00 p. m., , ,1,2,1,1,2,1,3,13046,1,{8A085926-5295-464A-A662-A5652994B3EF},,,editorInfraSTS,2026/07/17 21:22:59+00,30977.3254315972
10598,NA,DH21,DH21,Portal Tunal,Portal 80, ,6,10,24.93763395,No Aplica,D21,4,11,4:00 a. m. - 11:00 p. m.,4:00 a. m. - 11:00 p. m., ,1,2,1,2,1,1,3,11382,1,{2180D2D5-7136-488C-933D-B5E416DAE5E6},,,editorInfraSTS,2026/07/17 21:22:59+00,24937.6363965802
10599,NA,DH21,DH21,Portal 80,Portal Tunal, ,10,6,24.77671805,No Aplica,H21,11,4,4:30 a. m. - 11:00 p. m.,4:30 a. m. - 11:00 p. m., ,1,2,1,2,1,1,3,13163,1,{425B4932-DE96-4272-AE7B-D7D72DBC170C},,,editorInfraSTS,2026/07/17 21:22:59+00,24776.7204725159
10600,NA,1,1,Universidades – CityU,Portal ElDorado – C.C., ,3,9,11.81832905,No Aplica,1 P,1,0,4:30 a. m. - 11:00 p. m.,4:30 a. m. - 11:00 p. m.,4:30 a. m. - 10:00 p. m.,1,2,1,3,1,1,3,13171,1,{E60FC978-C751-422C-83E5-871620185E7D},,,editorInfraSTS,2026/07/17 21:22:59+00,11818.3302572205
10601,NA,1,1,Portal ElDorado – C.C.,Universidades – CityU, ,9,3,10.64109706,No Aplica,1 U,6,6,4:30 a. m. - 11:00 p. m.,4:30 a. m. - 11:00 p. m.,4:30 a. m. - 10:00 p. m.,1,2,1,3,1,1,3,11231,1,{761F3D36-3713-45F0-8227-EAE7C9D9C145},,,editorInfraSTS,2026/07/17 21:22:59+00,10641.0979265128
10602,NA,JH76,JH76,Universidades – CityU,Portal Usme, ,3,5,14.82071049,No Aplica,H76,12,0,4:00 p. m. - 10:30 p. m., , ,1,2,1,1,4,1,3,12821,1,{DAD0D418-8E09-4AB2-8371-A367B0302FB9},,,editorInfraSTS,2026/07/17 21:22:59+00,14820.712673314
10603,NA,JH76,JH76,Portal Usme,Universidades – CityU, ,5,3,14.66117458,No Aplica,J76,0,12,5:00 a. m. - 8:30 a. m., , ,1,2,1,1,3,1,3,12822,1,{63468C74-3708-4489-BA01-F55E41B72981},,,editorInfraSTS,2026/07/17 21:22:59+00,14661.1768425834
10604,NA,AF61,AF61,Portal Américas,Calle 72, ,8,12,21.23559289,No Aplica,A61,4,8,4:30 a. m. - 9:00 a. m., , ,1,2,1,1,3,1,3,12614,1,{4AD0963E-CC32-4A19-88E5-CF2080645055},,,editorInfraSTS,2026/07/17 21:22:59+00,21235.6001695179
10605,NA,AF61,AF61,Calle 72,Portal Américas, ,12,8,20.60401148,No Aplica,F61,8,0,3:00 p. m. - 8:00 p. m., , ,1,2,1,1,4,1,3,12615,1,{216EFFCF-D8A0-4113-8242-EA502A38D9C3},,,editorInfraSTS,2026/07/17 21:22:59+00,20604.0180873161
10606,NA,EG42,EG42,San Mateo - Cc Unisur,7 De Agosto, ,0,12,19.00858599,No Aplica,E42,0,9,4:00 a. m. - 11:00 p. m.,4:00 a. m. - 11:00 p. m.,4:00 a. m. - 10:00 p. m.,1,2,1,3,1,1,3,11879,1,{51EF0BC7-B7EA-4AD9-962B-F7D45961ADE7},,,editorInfraSTS,2026/07/17 21:22:59+00,19008.5984542331
10607,NA,EG42,EG42,7 De Agosto,San Mateo - Cc Unisur, ,12,0,19.07681973,No Aplica,G42,9,5,4:30 a. m. - 11:00 p. m.,5:00 a. m. - 11:00 p. m.,5:00 a. m. - 10:00 p. m.,1,2,1,3,1,1,3,11871,1,{FD6BDBF4-86EA-4441-A9AF-343481AD7F64},,,editorInfraSTS,2026/07/17 21:22:59+00,19076.8322975206
10608,NA,5,5,Calle 22,Portal Américas, ,3,8,14.74611889,No Aplica,5 C,8,0,4:00 a. m. - 11:00 p. m.,4:00 a. m. - 11:00 p. m.,4:00 a. m. - 10:00 p. m.,1,1,1,3,1,1,3,12639,1,{BF50C0CC-F055-4368-AC6E-4585283F5EFE},,,editorInfraSTS,2026/07/17 21:22:59+00,14746.1259802786
10609,NA,5,5,Portal Américas,Calle 22, ,8,3,14.32079983,No Aplica,5 P,0,8,4:30 a. m. - 11:00 p. m.,4:30 a. m. - 11:00 p. m.,4:30 a. m. - 10:00 p. m.,1,1,1,3,1,1,3,12841,1,{C1FA432E-11EB-4DF5-B5FE-5C7AF0DB5E87},,,editorInfraSTS,2026/07/17 21:22:59+00,14320.806335346
10610,NA,BH75,BH75,Portal Usme,Portal Norte-Unicervantes, ,5,11,29.22728555,No Aplica,B75,1,12,4:00 a. m. - 11:00 p. m.,4:00 a. m. - 11:00 p. m.,4:00 a. m. - 10:00 p. m.,1,2,1,3,1,1,3,12842,1,{6AADD449-0A63-4C3B-868D-FC7FE1DE0FFC},,,editorInfraSTS,2026/07/17 21:22:59+00,29227.2889097162
10611,NA,BH75,BH75,Portal Norte-Unicervantes,Portal Usme, ,11,5,28.33473045,No Aplica,H75,12,2,5:00 a. m. - 11:00 p. m.,5:00 a. m. - 11:00 p. m.,4:30 a. m. - 10:00 p. m.,1,2,1,3,1,1,3,12646,1,{2BC8AF27-16C1-4AEE-8135-4EB6D7804444},,,editorInfraSTS,2026/07/17 21:22:59+00,28334.733636765
10612,NA,6,6,PORTAL 80,Universidades – CityU, ,10,3,14.89051914,No Aplica,6 P,6,0,4:30 a. m. - 11:00 p. m.,4:30 a. m. - 11:00 p. m.,4:30 a. m. - 10:00 p. m.,1,2,1,3,1,1,3,13170,1,{F64FDD5E-1606-46A1-AE73-6B37730DA4BC},,,editorInfraSTS,2026/07/17 21:22:59+00,14890.5196071496
10613,NA,6,6,Universidades – CityU,Portal 80, ,3,10,15.14760986,No Aplica,6 U,4,0,4:30 a. m. - 11:00 p. m.,4:30 a. m. - 11:00 p. m.,4:30 a. m. - 10:00 p. m.,1,2,1,3,1,1,3,13169,1,{FB33B44A-3720-4B2E-B6C8-FACEF81F0B12},,,editorInfraSTS,2026/07/17 21:22:59+00,15147.610319051
10614,NA,J70,J70,Portal Norte-Unicervantes,Las Aguas - Centro Colom, ,1,3,21.82090492,No Aplica,J70,0,1,5:30 a. m. - 9:00 a. m., , ,1,1,1,1,3,1,3,11453,1,{155A058A-7713-4995-9487-23512BC36181},,,editorInfraSTS,2026/07/17 21:22:59+00,21820.9059673403
10615,NA,EF32,EF32,Portal Américas,Calle 75 - Zona M, ,8,12,18.87436133,No Aplica,E32,4,8,4:00 a. m. - 9:00 p. m.,4:00 a. m. - 8:00 p. m.,5:00 a. m. - 10:00 p. m.,1,2,1,3,1,1,3,12622,1,{20F52F5E-A983-43BD-881B-8B32A93DB494},,,editorInfraSTS,2026/07/17 21:22:59+00,18874.3684006907
10616,NA,EF32,EF32,Calle 75 - Zona M,Portal Américas, ,12,8,18.31742803,No Aplica,F32,8,4,5:00 a. m. - 10:00 p. m.,5:00 a. m. - 8:00 p. m.,5:30 a. m. - 10:00 p. m.,1,2,1,3,1,1,3,11868,1,{5035AEDE-4674-4658-9C20-0C78A927C173},,,editorInfraSTS,2026/07/17 21:22:59+00,18317.4346112836
10617,NA,4,4,Héroes,Portal Sur - Jfk Coop. F, ,2,7,19.27547058,No Aplica,4 H,9,0,4:00 a. m. - 11:00 p. m.,4:00 a. m. - 11:00 p. m.,4:00 a. m. - 10:00 p. m.,1,2,1,3,1,1,3,11747,1,{B686B426-BF3D-461B-8D34-845C022D1771},,,editorInfraSTS,2026/07/17 21:22:59+00,19275.4755656672
10618,NA,4,4,Portal Sur - Jfk Coop. F,Héroes, ,2,7,18.98288797,No Aplica,4 P,0,0,4:30 a. m. - 11:00 p. m.,4:30 a. m. - 11:00 p. m.,4:30 a. m. - 10:00 p. m.,1,2,1,3,1,1,3,11853,1,{112FFA3C-D90D-4418-80AB-B54CEE3F20DE},,,editorInfraSTS,2026/07/17 21:22:59+00,18982.8926009646
10619,NA,BL18,BL18,Portal 20 De Julio,Terminal, ,4,11,25.30661895,No Aplica,B18,1,13,4:00 a. m. - 11:00 p. m.,4:00 a. m. - 11:00 p. m.,4:30 a. m. - 10:00 p. m.,1,2,1,3,1,1,3,13017,1,{DD17DDEB-AA81-46FF-B91F-FBA598AEC831},,,editorInfraSTS,2026/07/17 21:22:59+00,25306.6204263883
10620,NA,BL18,BL18,Terminal,Portal 20 De Julio, ,11,4,25.73101996,No Aplica,L18,13,2,5:00 a. m. - 11:00 p. m.,5:30 a. m. - 9:30 p. m.,4:30 a. m. - 10:00 p. m.,1,2,1,3,1,1,3,13018,1,{7EBC89FE-931B-4F9A-AF2F-408422B8A1F7},,,editorInfraSTS,2026/07/17 21:22:59+00,25731.0214438253
10621,NA,CJ73,CJ73,Universidades – CityU,Portal Suba, ,3,11,23.26735359,No Aplica,C73,3,0,4:00 p. m. - 10:30 p. m., , ,1,2,1,1,4,1,3,11914,1,{5B7E05F1-A293-4DA9-9490-111077652CD9},,,editorInfraSTS,2026/07/17 21:22:59+00,23267.3537974742
10622,NA,CJ73,CJ73,Portal Suba,Universidades – CityU, ,11,3,23.03687869,No Aplica,J73,0,3,5:30 a. m. - 9:00 a. m., , ,1,2,1,1,3,1,3,11913,1,{15BEB5A7-7152-4121-9BCC-44E071C02BAC},,,editorInfraSTS,2026/07/17 21:22:59+00,23036.8788848083
10623,NA,HM83,HM83,Museo Nacional,Portal Usme, ,3,5,14.0253269,No Aplica,H83,12,0,5:00 a. m. - 11:00 p. m.,5:00 a. m. - 10:30 p. m.,5:00 a. m. - 10:00 p. m.,1,2,1,3,1,1,3,12826,1,{25C05D5C-18DC-46D3-AEA4-4073C61696EF},,,editorInfraSTS,2026/07/17 21:22:59+00,14025.3290928874
10624,NA,CM84,CM84,Etb Tibabuyes,Calle 72, ,11,2,15.38960183,No Aplica,M84,0,3,5:00 a. m. - 11:00 p. m.,5:00 a. m. - 11:00 p. m.,5:00 a. m. - 10:00 p. m.,1,3,2,3,1,1,3,12984,1,{924A817E-15AF-4549-8B94-6BF1575292BA},,,editorInfraSTS,2026/07/17 21:22:59+00,15389.6022739908
10630,NA,CF19,CF19,Portal Suba,Banderas, ,11,8,27.08548805,No Aplica,F19,8,3,4:30 a. m. - 10:00 p. m.,4:30 a. m. - 10:00 p. m., ,1,2,1,2,1,1,3,12048,1,{7A0AD4C7-AABC-4EB6-8D23-2A84FB8F6C71},,,editorInfraSTS,2026/07/17 21:22:59+00,27085.4900995878
10658,NA,MP85,MP85,AK 68 - CL 9A,Museo Nacional,29/10/2025,16,3,21.01525634,No Aplica,MP85,7,0,5:00 a. m. - 9:00 p. m.,5:00 a. m. - 9:00 p. m.,5:00 a. m. - 9:00 p. m.,1,3,1,3,1,1,3,12771,1,{19B1C2B9-5601-4A5B-B6C2-FFADC4F4796C},,,editorInfraSTS,2026/07/17 21:22:59+00,21015.2583816848
10811,NA,MK86,MK86,Aeropuerto El Dorado,Hacienda Santa Barbara, ,9,1,20.44575506,No Aplica,M86,0,6,4:30 a. m. - 10:00 p. m.,4:30 a. m. - 10:00 p. m.,4:30 a. m. - 9:00 p. m.,1,3,2,3,1,1,3,13179,3,{3C176DD9-22C1-472F-A496-A013EFBE9977},,,editorInfraSTS,2026/07/17 21:22:59+00,20445.7571399347
10812,NA,MK86,MK86,Aeropuerto El Dorado,Hacienda Santa Barbara, ,9,1,20.88102472,No Aplica,M86CV,0,6, , ,7:00 a. m. - 2:00 p. m.,1,3,2,4,3,1,3,0,3,{E14A868E-83A7-4EB3-910E-282F8A932CC7},,,editorInfraSTS,2026/07/17 21:25:54+00,20881.0267795864
10813,NA,ML82,ML82,Clinica El Bosque,Portal 20 De Julio, ,4,1,19.06005628,No Aplica,L82,13,13,4:00 a. m. - 11:00 p. m.,4:00 a. m. - 11:00 p. m.,5:30 a. m. - 10:00 p. m.,1,3,2,3,1,1,3,12297,1,{435E3705-6548-4CE3-B928-325A29818B96},,,editorInfraSTS,2026/07/17 21:22:59+00,19060.0582630393
10814,NA,MP85,MP85,AK 68 - CL 9A,Museo Nacional,29/10/2025,16,3,21.51977666,No Aplica,MP85,7,0, , ,7:00 a. m. - 2:00 p. m.,1,3,2,4,3,1,3,12771,3,{E3A43472-3884-4E10-B76B-7F3FC5AB4007},,,editorInfraSTS,2026/07/17 21:22:59+00,21519.7786936067
10816,NA,BJ74,BJ74,Portal Norte-Unicervantes,Universidades – CityU, ,1,3,19.250361,No Aplica,J74,0,1,5:30 a. m. - 9:30 p. m.,6:30 a. m. - 8:30 p. m., ,1,1,1,2,1,1,3,12576,1,{EB84719D-D7C3-4258-B4D4-3371505A9B60},,,editorInfraSTS,2026/07/17 21:22:59+00,17973.2843944337
10817,NA,BJ74,BJ74,Universidades – CityU,Portal Norte-Unicervantes, ,3,1,18.847519,No Aplica,B74,1,0,6:00 a. m. - 10:30 p. m.,7:00 a. m. - 8:30 p. m., ,1,1,1,2,1,1,3,12933,1,{565CA1D9-F0F4-4D6B-90AF-EACC485CCCF9},,,editorInfraSTS,2026/07/17 21:22:59+00,17131.1631173773
10829,ALI,2-11,Andalucía,Portal Norte,Andalucia,26/03/2015,1,1,5.3487143,CONSORCIO EXPRESS USAQUEN N,2-11a,2,2,5:00 a. m. - 9:00 a. m. _ 5:00 p. m. - 10:30 p. m.,,,1,3,2,1,1,2,2,12830,1,{0104D550-07BA-4274-8779-5584419A097A},editorInfraSTS,2026/06/30 20:19:05+00,editorInfraSTS,2026/07/17 21:29:38+00,5348.71429807847
10830,HHH,HL723,Usme Centro - Portal 20 De Julio,Usme Centro,Portal 20 De Julio,25/08/2022,5,5,30.60324306,MUEVE USME UB,HL723-3,12,12,3:30 a. m. - 10:00 p. m.,3:30 a. m. - 10:00 p. m.,,1,4,1,2,1,2,2,11832,1,{017DB7EB-4B72-4B7C-AF2B-000394EB172F},editorInfraSTS,2026/06/30 20:20:30+00,editorInfraSTS,2026/07/17 21:29:38+00,30603.2430592322
10831,SCR,117,San Bernardino/Potreritos - Libertadores,San Bernardino,Libertadores,31/01/2014,7,4,43.47005445,ETIB BO,117-3,13,9,3:30 a. m. - 10:30 p. m.,3:30 a. m. - 10:30 p. m.,4:30 a. m. - 9:30 p. m.,1,4,1,3,1,2,2,12869,1,{018CE36C-A1AA-4A2B-9691-35C4FAC0AF37},editorInfraSTS,2026/06/30 20:21:49+00,editorInfraSTS,2026/07/17 21:29:38+00,43470.054448994
10832,AAA,CA129,Bilbao - Germania,Bilbao,Germania,7/08/2021,11,3,49.83059216,EMASIVO 10 ST,CA129-3,0,3,4:30 a. m. - 10:00 p. m.,4:30 a. m. - 9:30 p. m.,5:00 a. m. - 9:00 p. m.,1,3,1,3,1,2,2,12151,1,{01A54766-9193-44B7-B992-472E446CF767},editorInfraSTS,2026/06/30 20:22:16+00,editorInfraSTS,2026/07/17 21:30:33+00,49830.5921639081
10833,BOS,P24,San Blas - Bosa San José,San Blas,Bosa San José,21/02/2014,4,7,35.26546613,ETIB BO,P24-3,9,13,3:30 a. m. - 11:00 p. m.,3:30 a. m. - 10:30 p. m.,4:30 a. m. - 9:30 p. m.,1,4,1,3,1,2,2,10765,1,{01C086B2-BF62-489C-A7D4-9373F955A15B},editorInfraSTS,2026/06/30 20:23:22+00,editorInfraSTS,2026/07/17 21:30:33+00,35265.4661302777
10834,DDD,HD607,Arborizadora Alta - Morato,Arborizadora Alta,Morato,19/10/2020,19,11,47.68630472,SUMA CIUDAD BOLIVAR BC,HD607-3,3,11,4:00 a. m. - 9:30 p. m.,4:00 a. m. - 9:30 p. m.,5:00 a. m. - 9:00 p. m.,1,3,1,3,1,2,2,12602,1,{01E75395-77FC-4F67-8610-FAA441085226},editorInfraSTS,2026/06/30 20:22:56+00,editorInfraSTS,2026/07/17 21:30:33+00,47686.3047150317
10835,CHA,166,Metrovivienda - Porciúncula,Metrovivienda,Porciuncula,27/08/2014,7,7,58.75071725,MASIVO CAPITAL KE,166-3,8,8,4:00 a. m. - 9:00 p. m.,4:00 a. m. - 9:00 p. m.,5:00 a. m. - 9:00 p. m.,1,5,1,3,1,2,2,10541,1,{02225FD4-8B99-41F9-B786-1286C39EDB4F},editorInfraSTS,2026/06/30 20:20:48+00,editorInfraSTS,2026/07/17 21:29:38+00,58750.7172512937
10836,BBB,CG157,El Recreo - Suba Corpas,Suba Corpas,El Recreo,19/10/2021,11,7,26.51415799,MASIVO CAPITAL SO,G157-2,8,3,3:50 a. m. - 8:00 p. m.,3:50 a. m. - 8:00 p. m.,5:00 a. m. - 8:00 p. m.,1,3,1,3,1,2,2,12691,1,{0299923D-497F-4BDD-9591-6963A999A077},editorInfraSTS,2026/06/30 20:24:32+00,editorInfraSTS,2026/07/17 21:30:33+00,26514.1579870333
10837,ALI,10-3C,Alameda,Portal Sur,Alameda,26/03/2015,7,7,8.58495768,ETIB BO,10-3Ca,9,9,4:00 a. m. - 12:30 a. m.,4:00 a. m. - 12:30 a. m.,4:00 a. m. - 11:30 p. m.,1,3,2,3,1,2,2,10911,1,{02A561D1-A115-4A71-9CA5-3B55141906A8},editorInfraSTS,2026/06/30 20:21:48+00,editorInfraSTS,2026/07/17 21:29:38+00,8584.95767776703
10838,CCC,CB109,Tibabuyes - Cantón Norte,Tibabuyes,Canton Norte,30/08/2014,1,11,37.75857688,CONSORCIO EXPRESS USAQUEN N,CB109-3,3,3,4:00 a. m. - 11:00 p. m.,4:00 a. m. - 11:00 p. m.,5:00 a. m. - 10:00 p. m.,1,4,1,3,1,2,2,12091,1,{02E40040-6E53-4915-9AEA-F8BDBE818EE5},editorInfraSTS,2026/06/30 20:21:30+00,editorInfraSTS,2026/07/17 21:29:38+00,37758.5768806655
10839,HHH,FH408,Tierra Buena - Diana Turbay,Tierra Buena,Diana Turbay,5/04/2021,8,18,28.46103163,MASIVO CAPITAL KE,H408-2,12,8,4:00 a. m. - 11:00 p. m.,4:00 a. m. - 11:00 p. m.,5:00 a. m. - 10:00 p. m.,1,4,1,3,1,2,2,10676,1,{0359FCD8-CA12-43B9-9F63-3FD7DF0FF8D1},editorInfraSTS,2026/06/30 20:24:30+00,editorInfraSTS,2026/07/17 21:30:33+00,28461.0316255887
10840,USM,330,El Uval - La Estrellita,La Estrellita,El Uval,13/04/2013,1,5,52.10268816,CONSORCIO EXPRESS USAQUEN N,330-2,12,1,4:00 a. m. - 12:20 a. m.,4:00 a. m. - 12:20 a. m.,5:00 a. m. - 11:30 p. m.,1,3,1,3,1,2,1,12797,1,{03F6ECE1-F7DD-49B9-915B-AF27787723F3},editorInfraSTS,2026/06/30 20:21:41+00,editorInfraSTS,2026/07/17 21:29:38+00,52102.6881600659
10841,CEN,114A,Altos Del Zuque - Paloquemao,Altos Del Zuque,Paloquemao,29/09/2012,4,4,34.03259628,CONSORCIO EXPRESS SAN CRISTOBALD,114A-3,13,13,3:30 a. m. - 10:00 p. m.,4:00 a. m. - 10:00 p. m.,5:00 a. m. - 9:00 p. m.,1,4,1,3,1,2,2,13111,1,{0406BC7B-1016-4D0F-BD7F-16FF8AC03939},editorInfraSTS,2026/06/30 20:19:09+00,editorInfraSTS,2026/07/17 21:29:38+00,34032.5962814282
10842,ALI,3-8,Virrey,Portal Usme,Virrey,22/05/2021,5,5,12.75587691,E-SOMOS ALIMENTACION,3-8a,12,12,4:00 a. m. - 12:30 a. m.,4:00 a. m. - 12:30 a. m.,4:00 a. m. - 11:30 p. m.,1,3,2,3,1,2,2,11573,1,{04497C51-0B2A-47E9-A7FB-A0062D948370},editorInfraSTS,2026/06/30 20:18:35+00,editorInfraSTS,2026/07/17 21:29:38+00,12755.8769059073
10843,USM,TC30,Puerta Al Llano - Portal Usme,Puerta Al Llano,Portal Usme,6/07/2019,5,5,14.90256451,MASIVO CAPITAL KE,TC30-3,12,12,4:00 a. m. - 11:00 p. m.,4:00 a. m. - 11:00 p. m.,4:00 a. m. - 10:00 p. m.,1,4,2,3,1,2,2,10571,1,{044C2D85-A23E-48E8-AA21-5E222E28D241},editorInfraSTS,2026/06/30 20:19:09+00,editorInfraSTS,2026/07/17 21:29:38+00,14902.5645143878
10844,ESP,10-11,Bella Flor,Bella Flor,Bella Flor,12/10/2013,19,19,4.05844409,SUMA CIUDAD BOLIVAR BC,10-11e,11,11,4:30 a. m. - 9:30 a. m. _ 5:00 p. m. - 8:30 p. m.,4:30 a. m. - 9:30 a. m. _ 5:00 p. m. - 8:30 p. m.,,1,4,4,3,1,2,2,10442,1,{05481100-AEB3-4394-994E-10478F246ABA},editorInfraSTS,2026/06/30 20:20:01+00,editorInfraSTS,2026/07/17 21:29:38+00,4058.44409289087
10845,ALI,11-3,Villamaría,Portal Suba,Villa María,6/03/2021,11,11,6.60358392,ESTE ES MI BUS CALLE 80 CO01,11-3a,3,3,4:30 a. m. - 12:30 a. m.,4:30 a. m. - 12:30 a. m.,4:30 a. m. - 11:30 p. m.,1,3,2,3,1,2,2,10851,1,{05C39E86-238B-4D94-86DA-6F040C87ADFC},editorInfraSTS,2026/06/30 20:18:29+00,editorInfraSTS,2026/07/17 21:29:38+00,6603.58392080658
10846,COM,18-3,Autonorte Est. Terminal - Germania,Autonorte Est. Terminal,Germania,26/10/2013,3,3,47.07038431,CONSORCIO EXPRESS USAQUEN N,18-3c,0,0,4:00 a. m. - 11:00 p. m.,4:00 a. m. - 11:00 p. m.,5:00 a. m. - 10:00 p. m.,1,3,1,3,1,2,2,12489,1,{05DAAD5A-C9F7-4024-B9CC-BC12EBE9D549},editorInfraSTS,2026/06/30 20:19:04+00,editorInfraSTS,2026/07/17 21:29:38+00,47070.3843085953
10847,ALI,8-4,Corabastos,Banderas,Corabastos,17/02/2014,8,8,6.00878858,MASIVO CAPITAL KE,8-4a,8,8,4:00 a. m. - 12:20 a. m.,4:00 a. m. - 12:20 a. m.,4:00 a. m. - 11:20 p. m.,1,3,2,3,1,2,2,10979,1,{06075411-AB5C-4D33-A302-CFF8B7319FC8},editorInfraSTS,2026/06/30 20:18:37+00,editorInfraSTS,2026/07/17 21:29:38+00,6008.78857646697
10848,AAA,GA541,Bosa Centro - Chapinero,Bosa Centro,Chapinero,18/03/2024,7,2,42.97851304,ETIB BO,GA541-3,0,9,4:00 a. m. - 10:00 p. m.,4:00 a. m. - 9:00 p. m.,5:00 a. m. - 9:00 p. m.,1,4,1,3,1,2,2,12828,1,{0650AFC2-C6AC-4AA5-9262-C9952037724D},editorInfraSTS,2026/06/30 20:22:36+00,editorInfraSTS,2026/07/17 21:30:33+00,42978.5130438398
10849,GGG,BG902,Metrovivienda - Calle 222,Calle 222,Metrovivienda,21/09/2020,11,7,37.64611494,MASIVO CAPITAL KE,G902-1,8,2,3:30 a. m. - 11:00 p. m.,4:00 a. m. - 10:00 p. m.,5:00 a. m. - 10:00 p. m.,1,3,1,3,1,2,2,12126,1,{06F405E8-614A-4395-AA27-D31893B51619},editorInfraSTS,2026/06/30 20:21:42+00,editorInfraSTS,2026/07/17 21:29:38+00,37646.1149419224
10850,HHH,HB631,Paraíso - Av. Calle 134,Av. Calle 134,Paraiso,24/01/2022,1,19,54.10214554,SUMA CIUDAD BOLIVAR BC,HB631-3,11,1,4:00 a. m. - 7:00 p. m.,4:00 a. m. - 7:00 p. m.,,1,3,1,2,1,2,2,10535,1,{0854DD32-69AD-497A-981B-E312B20712A2},editorInfraSTS,2026/06/30 20:22:53+00,editorInfraSTS,2026/07/17 21:30:33+00,54102.1455369012
10851,ALI,6-9,Arborizadora Alta,Portal Tunal,Arborizadora Alta,26/03/2015,6,6,11.14105692,SUMA CIUDAD BOLIVAR BC,6-9a,11,11,4:00 a. m. - 12:30 a. m.,4:00 a. m. - 12:30 a. m.,4:00 a. m. - 11:30 p. m.,1,3,2,3,1,2,2,12349,1,{085CF80F-2C5A-4D49-AF05-E9CE34F1B4A8},editorInfraSTS,2026/06/30 20:19:25+00,editorInfraSTS,2026/07/17 21:29:38+00,11141.0569224959
10852,BBB,BB927,Lomitas - Terminal Norte,Lomitas,Terminal Norte,8/08/2022,1,1,14.08167129,CONSORCIO EXPRESS USAQUEN N,B927-3,1,1,4:00 a. m. - 9:00 a. m. _ 3:30 p. m. - 9:00 p. m.,4:30 a. m. - 9:00 a. m. _ 3:30 p. m. - 8:30 p. m.,,1,5,2,2,1,2,1,12484,1,{09EDD269-1D83-4E38-BFC9-70C6F68D89F9},editorInfraSTS,2026/06/30 20:21:23+00,editorInfraSTS,2026/07/17 21:29:38+00,14081.6712934724
10853,ALI,1-8,Calle 80,Portal 80,Calle 80,26/03/2015,10,10,5.99250205,ESTE ES MI BUS CALLE 80 CO01,1-8a,4,4,4:30 a. m. - 12:30 a. m.,4:30 a. m. - 12:30 a. m.,4:30 a. m. - 11:30 p. m.,1,3,2,3,1,2,2,11029,1,{0A7C3CDF-8FAC-495D-AF37-AD6A0CAD07F5},editorInfraSTS,2026/06/30 20:18:42+00,editorInfraSTS,2026/07/17 21:29:38+00,5992.50205274875
10854,ALI,13-6,Juan Rey,Portal 20 Julio,Juan Rey,13/07/2013,4,4,17.02218335,CONSORCIO EXPRESS SAN CRISTOBALD,13-6a,13,13,4:00 a. m. - 12:30 a. m.,4:00 a. m. - 12:30 a. m.,4:30 a. m. - 11:20 p. m.,1,3,2,3,1,2,2,12888,1,{0A9A003C-899C-4C0B-A811-3E7AEC20E111},editorInfraSTS,2026/06/30 20:18:40+00,editorInfraSTS,2026/07/17 21:29:38+00,17022.1833473291
10855,DDD,DL219,La Roca - Engativá Centro,Engativá Centro,La Roca, ,4,10,55.00780553,GMOVIL ENGATIVA E,DL219-3,5,13,3:00 a. m. - 10:00 p. m.,3:15 a. m. - 10:00 p. m.,4:30 a. m. - 9:00 p. m.,1,4,1,3,1,2,2,12721,1,{0A9BABBB-1FF9-4478-9FAA-D913270777C1},editorInfraSTS,2026/06/30 20:22:30+00,editorInfraSTS,2026/07/17 21:30:33+00,55007.8055297883
10856,ENG,402,Auto Norte Est. Terminal - Sabana Del Dorado,Auto Norte Est. Terminal,Sabana Del Dorado,28/12/2013,11,10,60.47604782,GMOVIL ENGATIVA E,402-3,5,2,3:30 a. m. - 10:30 p. m.,3:30 a. m. - 10:30 p. m.,4:30 a. m. - 9:30 p. m.,1,4,1,3,1,2,2,12776,1,{0AB4F993-6169-4967-A6B9-7CF262A08BD3},editorInfraSTS,2026/06/30 20:21:56+00,editorInfraSTS,2026/07/17 21:30:33+00,60476.0478198932
10857,BBB,CB144,Bilbao - Clínica Del Bosque,Bilbao,Clínica El Bosque,31/08/2021,11,1,32.98943413,EMASIVO 16 SF,CB144-3,1,3,4:00 a. m. - 10:00 p. m.,4:00 a. m. - 9:00 p. m.,4:30 a. m. - 8:00 p. m.,1,3,1,3,1,2,2,10245,1,{0CA0703E-959B-4AB2-A158-48AC3C007B68},editorInfraSTS,2026/06/30 20:22:21+00,editorInfraSTS,2026/07/17 21:30:33+00,32989.4341297378
10858,LLL,KL328,Puerta De Teja - Est Av. 1 De Mayo,Est. Av. 1 De Mayo,Puerta De Teja,11/05/2022,4,9,26.9059834,GMOVIL ENGATIVA E,K328-2,6,13,3:30 a. m. - 10:00 p. m.,3:30 a. m. - 10:00 p. m.,,1,3,1,3,1,2,2,11764,1,{0CD83796-BB0F-449B-A488-2AF9A103DD80},editorInfraSTS,2026/06/30 20:20:12+00,editorInfraSTS,2026/07/17 21:29:38+00,26905.9834019805
10859,USM,661,Terminal Norte - Península,Terminal Norte,Península,22/06/2013,11,4,41.48147813,CONSORCIO EXPRESS USAQUEN N,661-1,13,2,3:00 a. m. - 10:00 p. m.,3:00 a. m. - 10:00 p. m.,4:00 a. m. - 9:00 p. m.,1,4,1,3,1,2,2,12949,1,{0D69F0FA-1D38-48AD-99EA-48218AC00968},editorInfraSTS,2026/06/30 20:19:48+00,editorInfraSTS,2026/07/17 21:29:38+00,41481.478131367
10860,BOS,GA567,Parques De Bogotá - Porciúncula,Parque De Bogotá,Porciuncula,12/02/2014,7,7,58.37067252,ETIB BO,GA567-3,9,9,4:00 a. m. - 11:00 p. m.,4:00 a. m. - 10:00 p. m.,5:00 a. m. - 9:30 p. m.,1,4,1,3,1,2,2,13024,1,{0DE90D94-A392-4393-A852-54252CB642E7},editorInfraSTS,2026/06/30 20:24:07+00,editorInfraSTS,2026/07/17 21:30:33+00,58370.6725185169
10861,AAA,AA001,El Paraíso - Bosque Calderón,Paraiso,Bosque Calderon,23/05/2022,2,2,12.79852443,CONSORCIO EXPRESS USAQUEN N,AA001-3,0,0,4:00 a. m. - 10:30 p. m.,4:00 a. m. - 9:00 p. m.,5:00 a. m. - 9:00 p. m.,1,4,2,3,1,2,2,12100,1,{0E2A0461-22B8-45D8-A61B-F4F3BB5FCDF9},editorInfraSTS,2026/06/30 20:22:07+00,editorInfraSTS,2026/07/17 21:30:33+00,12798.5244322454
10862,BBB,BB926,Est. Mazurén,Est. Mazurén,Sirena,25/07/2022,1,1,4.86362285,CONSORCIO EXPRESS USAQUEN N,B926-3,1,1,5:00 a. m. - 9:00 p. m.,5:00 a. m. - 9:00 p. m.,,1,4,2,2,1,2,2,12695,1,{0E2F7BFC-9865-47D7-ABC0-C10EE0EC696D},editorInfraSTS,2026/06/30 20:20:20+00,editorInfraSTS,2026/07/17 21:29:38+00,4863.62284915693
10863,BBB,KB309,San Pablo - Lijacá,San Pablo,Lijaca,21/06/2021,9,1,71.51025614,GMOVIL ENGATIVA E,KB309-3,1,6,4:00 a. m. - 9:00 p. m.,4:00 a. m. - 9:00 p. m.,5:00 a. m. - 8:00 p. m.,1,4,1,3,1,2,2,12400,1,{0FDF742B-89F8-420C-AF32-8DA68269F0AE},editorInfraSTS,2026/06/30 20:23:12+00,editorInfraSTS,2026/07/17 21:30:33+00,71510.2561384135
10864,ALI,16-1,Tierra Grata,Portal El Dorado,Tierra Grata,26/01/2013,10,10,8.67174091,GMOVIL ENGATIVA E,16-1a,5,5,4:30 a. m. - 12:15 a. m.,4:30 a. m. - 12:20 a. m.,4:30 a. m. - 11:30 p. m.,1,3,2,3,1,2,2,10960,1,{10167469-3020-40EE-8A14-9EF983236086},editorInfraSTS,2026/06/30 20:20:10+00,editorInfraSTS,2026/07/17 21:29:38+00,8671.74091151858
10865,ALI,9-2,Metrovivienda,Portal Americas,Metrovivienda,17/02/2014,8,8,12.05034626,MASIVO CAPITAL KE,9-2a,8,8,4:00 a. m. - 12:30 a. m.,4:00 a. m. - 12:30 a. m.,4:00 a. m. - 11:30 p. m.,1,3,2,3,1,2,2,11057,1,{1104CED2-3866-4495-A7DE-35E1D8CF8B2B},editorInfraSTS,2026/06/30 20:20:44+00,editorInfraSTS,2026/07/17 21:29:38+00,12050.3462590215
10866,GGG,GG524,Parques De Bogotá - Portal Sur,Parques De Bogotá,Portal Sur,18/04/2022,7,7,15.62714354,ETIB BO,GG524-3,9,9,4:00 a. m. - 11:00 p. m.,4:00 a. m. - 10:30 p. m.,5:00 a. m. - 10:00 p. m.,1,4,2,3,1,2,2,11072,1,{11C5AFA0-0D55-4B27-B084-2715736960D7},editorInfraSTS,2026/06/30 20:22:38+00,editorInfraSTS,2026/07/17 21:30:33+00,15627.1435442939
10867,BBB,BF918,Terminal Norte - Patio Bonito,Patio Bonito,Terminal Norte,22/11/2021,8,11,67.13847479,CONSORCIO EXPRESS USAQUEN N,BF918-3,2,8,4:00 a. m. - 8:00 p. m.,5:00 a. m. - 6:00 p. m.,,1,4,1,2,1,2,2,12674,1,{11EE9557-BF8F-4353-9534-3B1D329B42BC},editorInfraSTS,2026/06/30 20:24:23+00,editorInfraSTS,2026/07/17 21:30:33+00,67138.4747936157
10868,BOS,P7,Pinares - Porvenir,Pinares,Porvenir,11/10/2014,8,4,26.6834003,MASIVO CAPITAL KE,P7-1,8,13,4:00 a. m. - 11:00 p. m.,4:00 a. m. - 11:00 p. m.,5:00 a. m. - 10:00 p. m.,1,3,1,3,1,2,2,10615,1,{14A82E7A-1C8F-48A0-9C6B-5930076047E4},editorInfraSTS,2026/06/30 20:20:44+00,editorInfraSTS,2026/07/17 21:29:38+00,26683.4003040336
10869,NA,KA324,El Refugio - La Perseverancia,El Refugio,Perseverancia,11/05/2022,9,9,41.38440207,GMOVIL ENGATIVA E,KA324-3,6,6,4:00 a. m. - 10:00 p. m.,4:00 a. m. - 9:00 p. m.,,1,4,1,3,1,2,2,12943,1,{16898CD4-40E9-451D-9F5B-8B717111AD1F},editorInfraSTS,2026/06/30 20:23:57+00,editorInfraSTS,2026/07/17 21:30:33+00,41384.402071636
10870,CEN,731,Bosa San José - Palermo,Bosa San José,Palermo,1/03/2014,7,7,39.85147718,ETIB BO,731-3,9,9,4:00 a. m. - 10:15 p. m.,4:00 a. m. - 10:15 p. m.,5:00 a. m. - 10:00 p. m.,1,3,1,3,1,2,2,12583,1,{16A88741-B5D5-41D4-BC84-397305ABCA60},editorInfraSTS,2026/06/30 20:19:33+00,editorInfraSTS,2026/07/17 21:29:38+00,39851.4771828337
10871,NA,CA134,Tibabuyes - Parque Central Bavaria,Parque Central Bavaria,Tibabuyes,4/09/2021,11,13,22.84186943,EMASIVO 16 SF,C134-2,3,0,5:30 a. m. - 10:50 p. m.,5:30 a. m. - 11:00 p. m.,,1,4,1,3,1,2,2,12526,1,{1711FA38-4BAA-43EE-AD86-49A2B333D0E6},editorInfraSTS,2026/06/30 20:23:43+00,editorInfraSTS,2026/07/17 21:30:33+00,22841.8694328543
10872,AAA,GA538,Boíta - El Retiro,Boíta,El Retiro,18/03/2024,7,2,51.36092135,ETIB BO,GA538-3,0,9,4:00 a. m. - 11:00 p. m.,4:00 a. m. - 11:00 p. m.,5:00 a. m. - 9:00 p. m.,1,4,1,3,1,2,2,13190,1,{1853FD41-FE05-482B-BCED-A0AFC40E1737},editorInfraSTS,2026/06/30 20:22:36+00,editorInfraSTS,2026/07/17 21:30:33+00,51360.9213480883
10873,AAA,GA522,Metrovivienda - Germania,Metrovivienda,Germania,6/09/2021,7,3,43.61866185,MASIVO CAPITAL KE,GA522-3,0,8,4:00 a. m. - 9:00 p. m.,4:00 a. m. - 9:00 p. m.,5:00 a. m. - 8:00 p. m.,2,5,1,3,1,2,2,0,1,{1933251D-B5A4-4FF4-8AF0-6743FD6E50D7},editorInfraSTS,2026/06/30 20:22:35+00,editorInfraSTS,2026/07/17 21:37:12+00,43618.6618486045
10874,CCC,CC110,Chorrillos,Portal De Suba,Chorrillos,28/06/2021,11,11,14.40458047,ESTE ES MI BUS CALLE 80 CO01,CC110-3,3,3,4:00 a. m. - 9:00 p. m.,4:00 a. m. - 9:00 p. m.,5:00 a. m. - 9:00 p. m.,1,5,4,3,1,2,1,10836,1,{1960E1A9-D4FA-461B-AF87-2B29B5A1E333},editorInfraSTS,2026/06/30 20:19:43+00,editorInfraSTS,2026/07/17 21:29:38+00,14404.5804654255
10875,LLL,GL519,Olarte - Los Laches,Olarte,Los Laches,28/06/2021,7,3,40.97321968,ETIB BO,GL519-3,13,9,4:00 a. m. - 9:00 p. m.,4:00 a. m. - 9:00 p. m.,5:00 a. m. - 8:00 p. m.,1,4,1,3,1,2,2,12556,1,{19C20BE7-DBCC-4198-B2B7-3987F02404FC},editorInfraSTS,2026/06/30 20:22:42+00,editorInfraSTS,2026/07/17 21:30:33+00,40973.2196755562
10876,CCC,CG147,Bilbao - Metrovivienda,Metrovivienda,Bilbao,21/08/2021,7,11,32.75924527,EMASIVO 10 ST,C147-2,3,8,3:30 a. m. - 10:00 p. m.,3:30 a. m. - 10:00 p. m.,4:00 a. m. - 10:00 p. m.,1,4,1,3,1,2,2,12004,1,{19DC7899-8672-4E90-B587-7BCEFB1F7380},editorInfraSTS,2026/06/30 20:21:20+00,editorInfraSTS,2026/07/17 21:29:38+00,32759.2452705386
10877,LLL,LL820,San Isidro,Portal 20 Julio,San Isidro,3/10/2022,4,4,4.1339335,CONSORCIO EXPRESS SAN CRISTOBALD,L820-3,13,13,4:00 a. m. - 9:00 a. m. _ 4:00 p. m. - 9:00 p. m.,,,1,4,2,1,2,2,2,10997,1,{1B2383DE-727C-4935-869C-577F3C8BF298},editorInfraSTS,2026/06/30 20:20:34+00,editorInfraSTS,2026/07/17 21:29:38+00,4133.93350341519
10878,HHH,CH131,Bilbao - Diana Turbay,Bilbao,Diana Turbay,21/08/2021,11,18,34.43830688,EMASIVO 10 ST,H131-1,12,3,3:30 a. m. - 9:30 p. m.,4:00 a. m. - 9:30 p. m.,5:00 a. m. - 8:30 p. m.,1,4,1,3,1,2,2,10309,1,{1C03C075-396B-4A74-950A-FEDC75F9DA2E},editorInfraSTS,2026/06/30 20:19:52+00,editorInfraSTS,2026/07/17 21:29:38+00,34438.3068813182
10880,AAA,BA915,Toberín - Porciúncula,Toberín,Porciuncula,28/06/2021,1,2,29.10271515,CONSORCIO EXPRESS USAQUEN N,BA915-3,0,1,3:13 a. m. - 11:45 p. m.,3:13 a. m. - 11:45 p. m.,,1,4,1,2,1,2,2,10783,1,{1C8D6F2D-A3CC-4B6C-BA7D-E454BAC82522},editorInfraSTS,2026/06/30 20:22:09+00,editorInfraSTS,2026/07/17 21:30:33+00,29102.7151488095
10881,LLL,LD800,Gaviotas - Villa Gladys,Villa Gladys,Gaviotas,23/11/2020,10,4,61.77223519,CONSORCIO EXPRESS SAN CRISTOBALD,LD800-3,13,5,3:00 a. m. - 10:00 p. m.,3:00 a. m. - 10:00 p. m.,4:30 a. m. - 9:30 p. m.,1,5,1,3,1,2,2,10466,1,{1CA4640E-BF1B-458A-BCAA-6C999265FAB7},editorInfraSTS,2026/06/30 20:23:17+00,editorInfraSTS,2026/07/17 21:30:33+00,61772.2351902403
10882,ALI,7-1,Uribe Uribe,Calle 40 Sur,Uribe Uribe,22/05/2021,18,18,5.21259541,E-SOMOS ALIMENTACION,7-1-1a,12,12,4:00 a. m. - 12:30 a. m.,4:00 a. m. - 12:30 a. m.,4:30 a. m. - 11:30 p. m.,1,4,2,3,3,2,2,11388,1,{1CA7C9C5-046A-47F4-856B-C452550E42B2},editorInfraSTS,2026/06/30 20:18:36+00,editorInfraSTS,2026/07/17 21:29:38+00,5212.59540765616
10883,AAA,KA334,Fontibón Versalles - Centro Financiero,Fontibón Versalles,Centro Financiero,11/07/2022,9,2,41.99693546,E-SOMOS FONTIBON II,KA334-3,0,6,4:00 a. m. - 10:00 p. m.,4:00 a. m. - 10:00 p. m.,5:00 a. m. - 9:00 p. m.,1,3,1,3,1,2,2,12061,1,{1CC564FA-7A38-4FBD-AC20-72E79C58134B},editorInfraSTS,2026/06/30 20:23:10+00,editorInfraSTS,2026/07/17 21:30:33+00,41996.9354559698
10884,NA,HA620,La Estancia - San Diego,La Estancia,San Diego,18/09/2023,19,3,33.43801165,ETIB BO,HA620-3,0,10,3:30 a. m. - 10:00 p. m.,4:00 a. m. - 10:00 p. m.,,1,4,1,3,1,2,2,12884,1,{1CE9F738-65BB-4DA5-8A90-D8ACAB4DBBCA},editorInfraSTS,2026/06/30 20:23:38+00,editorInfraSTS,2026/07/17 21:30:33+00,33438.0116468814
10885,BBB,BA900,La Estrellita - Galerías,Galerías,La Estrellita,20/09/2021,13,1,40.6152404,CONSORCIO EXPRESS USAQUEN N,BA900-3,1,0,4:00 a. m. - 9:30 p. m.,4:00 a. m. - 9:00 p. m.,5:00 a. m. - 9:00 p. m.,1,4,1,3,1,2,2,10780,1,{1D207CB9-B275-4F96-A389-F0C05FC9E6B7},editorInfraSTS,2026/06/30 20:22:08+00,editorInfraSTS,2026/07/17 21:30:33+00,40615.240400096
10886,CCC,CB165,Suba Rincón - Porciúncula,Suba Rincón,Unicentro,18/11/2025,11,1,18.35971922,EMASIVO 16 SF,CB165-3,1,4,4:15 a. m. - 8:30 a. m. _ 2:30 p. m. - 8:00 p. m.,4:45 a. m. - 7:30 p. m.,4:45 a. m. - 7:30 p. m.,1,4,1,3,2,2,2,12664,1,{1DABA0E9-E752-46AE-B48B-81EC84A2D0F1},editorInfraSTS,2026/06/30 20:23:30+00,editorInfraSTS,2026/07/17 21:30:33+00,18359.7192190314
10887,AAA,KA332,El Recodo - Porciuncula,El Recodo,La Porciuncula,2/04/2022,9,2,41.28657485,ZMO FONTIBON V,KA332-3,0,7,4:30 a. m. - 10:00 p. m.,4:30 a. m. - 10:00 p. m.,5:30 a. m. - 8:00 p. m.,1,3,1,3,1,2,2,12085,1,{1EABF614-4C01-431B-92E3-AC8628FC3115},editorInfraSTS,2026/06/30 20:23:10+00,editorInfraSTS,2026/07/17 21:30:33+00,41286.5748497988
10888,NA,KB314,El Codito - Fontibón Refugio,El Codito,Fontibón Refugio,16/11/2021,9,1,33.45736957,ZMO FONTIBON V,K314-2,6,1,3:30 a. m. - 9:00 p. m.,3:30 a. m. - 9:00 p. m.,,1,4,1,2,1,2,2,12955,1,{1EFDA720-4CA2-436F-AA93-87623165108E},editorInfraSTS,2026/06/30 20:23:54+00,editorInfraSTS,2026/07/17 21:30:33+00,33457.3695707116
10890,HHH,KH308,Puente Grande - El Tuno,Puente Grande,El Tuno,21/06/2021,9,5,28.15123559,GMOVIL ENGATIVA E,H308-1,12,6,4:00 a. m. - 10:30 p. m.,4:00 a. m. - 10:30 p. m.,4:45 a. m. - 10:20 p. m.,1,4,1,3,1,2,2,11204,1,{209B5C50-7142-4371-8AE0-3C02CF5C27F8},editorInfraSTS,2026/06/30 20:19:44+00,editorInfraSTS,2026/07/17 21:29:38+00,28151.2355885534
10891,AAA,CA127,Fontanar Del Río - Germania,Fontanar Del Rio,Germania,7/08/2021,11,3,26.30958451,EMASIVO 10 ST,A127-1,0,3,5:30 a. m. - 11:00 p. m.,5:30 a. m. - 11:00 p. m.,5:00 a. m. - 9:00 p. m.,1,4,1,3,1,2,2,12171,1,{22291AE2-AA9D-487B-B52E-99B1450B48AE},editorInfraSTS,2026/06/30 20:21:12+00,editorInfraSTS,2026/07/17 21:29:38+00,26309.5845146402
10892,AAA,LA814,Porciúncula - Horacio Orjuela,Horacio Orjuela,Porciuncula,31/01/2022,4,2,28.63248081,CONSORCIO EXPRESS USAQUEN N,LA814-3,0,13,4:30 a. m. - 7:00 p. m.,4:30 a. m. - 7:00 p. m.,5:30 a. m. - 6:00 p. m.,1,5,1,3,1,2,2,13038,1,{223A4E64-F7AA-4761-812D-F53DD3C59C89},editorInfraSTS,2026/06/30 20:23:15+00,editorInfraSTS,2026/07/17 21:30:33+00,28632.4808105677
10893,BBB,BK903,Verbenal - Aeropuerto,Aeropuerto,Verbenal,23/11/2020,9,1,54.90328273,CONSORCIO EXPRESS USAQUEN N,BK903-3,1,6,4:00 a. m. - 11:00 p. m.,4:00 a. m. - 11:00 p. m.,5:00 a. m. - 10:00 p. m.,1,4,1,3,1,2,2,12754,1,{23C5924F-7A9F-4BBA-BEB8-A00519C0A8BD},editorInfraSTS,2026/06/30 20:22:11+00,editorInfraSTS,2026/07/17 21:30:33+00,54903.2827271442
10894,ALI,9-1,Casablanca,Portal Americas,Casablanca,17/02/2014,8,8,6.97137355,MASIVO CAPITAL KE,9-1a,8,8,4:00 a. m. - 12:30 a. m.,4:00 a. m. - 12:30 a. m.,4:00 a. m. - 11:30 p. m.,1,3,2,3,1,2,2,12304,1,{2426CE03-D906-407E-BAF1-F9083947E060},editorInfraSTS,2026/06/30 20:20:54+00,editorInfraSTS,2026/07/17 21:29:38+00,6971.37354634532
10895,CBO,T04,Potosí - Portal Sur,Portal Sur,Potosí,10/02/2014,19,19,8.9497315,ODT LA ROLITA,T04-3,11,11,4:00 a. m. - 11:00 p. m.,4:00 a. m. - 11:00 p. m.,5:00 a. m. - 10:00 p. m.,1,4,2,3,1,2,2,10267,1,{24ABF5B4-729D-4241-A5F9-C453841D2632},editorInfraSTS,2026/06/30 20:20:52+00,editorInfraSTS,2026/07/17 21:29:38+00,8949.73150411492
10896,NA,GF546,La Marlene - Portal Américas,La Marlene,Portal Américas, ,8,7,13.04929043,MASIVO CAPITAL KE,GF546-3,8,9,4:00 a. m. - 11:00 p. m.,4:00 a. m. - 11:00 p. m.,5:00 a. m. - 10:00 p. m.,1,5,1,3,1,2,2,12680,1,{26A8B098-3158-4753-B1DA-DB73D2AC0968},editorInfraSTS,2026/06/30 20:23:44+00,editorInfraSTS,2026/07/17 21:30:33+00,13049.2904329298
10897,LLL,LL822,Sidel - Est. Av. 1 De Mayo,Est. Av. 1 De Mayo,Sidel,1/09/2014,4,4,11.20692035,CONSORCIO EXPRESS SAN CRISTOBALD,LL822-3,13,13,4:00 a. m. - 11:00 p. m.,4:00 a. m. - 11:00 p. m.,5:00 a. m. - 10:00 p. m.,1,5,2,3,1,2,2,10593,1,{27349734-8D14-4E33-A06C-CE479321931C},editorInfraSTS,2026/06/30 20:21:06+00,editorInfraSTS,2026/07/17 21:29:38+00,11206.920347801
10898,COM,19-2,Colina,Alcala,Colina,13/04/2015,11,11,4.53783017,MASIVO CAPITAL SO,19-2c,2,2,5:00 a. m. - 9:00 p. m.,5:30 a. m. - 7:00 p. m.,,1,5,2,3,1,2,2,10398,1,{28EB5B86-5A83-4C0D-B9F4-07B586747DE6},editorInfraSTS,2026/06/30 20:18:28+00,editorInfraSTS,2026/07/17 21:29:38+00,4537.83016614364
10899,HHH,HF718,Usme Centro - La Rivera,La Rivera,Usme Centro,20/08/2022,8,5,27.22593953,MUEVE USME UB,H718-2,12,8,3:00 a. m. - 10:00 p. m.,3:00 a. m. - 10:00 p. m.,4:00 a. m. - 9:00 p. m.,1,4,1,3,1,2,2,13110,1,{29A54AF1-6B3F-4F7E-A46A-BFD517396250},editorInfraSTS,2026/06/30 20:24:15+00,editorInfraSTS,2026/07/17 21:30:33+00,27225.9395282811
10900,DDD,DA214,Bachué - Ricaurte,Bachué,Ricaurte,20/08/2022,10,10,29.2233569,ESTE ES MI BUS CALLE 80 CO01,DA214-3,4,4,4:00 a. m. - 10:00 p. m.,4:00 a. m. - 10:00 p. m.,5:00 a. m. - 8:00 p. m.,1,3,1,3,1,2,2,10619,1,{29F783B3-7567-43CC-B249-0AFBABB9F3DA},editorInfraSTS,2026/06/30 20:20:26+00,editorInfraSTS,2026/07/17 21:29:38+00,29223.3568977418
10901,DDD,5-2,Avenida Cali Carrera 91,Av. Cali,Carrera 91,30/11/2020,10,10,9.15202858,ESTE ES MI BUS CALLE 80 CO01,5-2-3,4,4,4:30 a. m. - 12:20 a. m.,4:30 a. m. - 12:20 a. m.,4:30 a. m. - 11:20 p. m.,1,3,2,3,1,2,2,10837,1,{2A171D2E-5AA4-4526-9201-1130FBB343B9},editorInfraSTS,2026/06/30 20:21:57+00,editorInfraSTS,2026/07/17 21:30:33+00,9152.02858478385
10902,ENG,C101,Providencia - El Palmar,Providencia,El Palmar,30/01/2014,10,18,29.01784953,GMOVIL ENGATIVA E,C101-2,5,12,4:00 a. m. - 11:00 p. m.,4:00 a. m. - 10:00 p. m.,5:00 a. m. - 10:00 p. m.,1,5,1,3,1,2,2,12778,1,{2A62DC97-9095-43A9-AF91-82E8050E1CB7},editorInfraSTS,2026/06/30 20:19:49+00,editorInfraSTS,2026/07/17 21:29:38+00,29017.8495319983
10903,CCC,CG137,Suba Corpas - Metrovivienda,Metrovivienda,Suba Corpas,31/08/2021,11,7,38.21913303,EMASIVO 16 SF,C137-2,3,8,3:30 a. m. - 9:00 p. m.,3:30 a. m. - 9:00 p. m.,5:30 a. m. - 8:00 p. m.,1,3,1,3,1,2,2,12336,1,{2AD7CA60-D5A9-4A27-8F68-25C7DF323113},editorInfraSTS,2026/06/30 20:21:10+00,editorInfraSTS,2026/07/17 21:30:33+00,38219.133025206
10904,LLL,DL205,Bosque San Carlos - Bachué,Bachué,Bosque San Carlos,22/02/2021,10,18,49.69194517,ESTE ES MI BUS CALLE 80 CO01,DL205-3,12,4,3:00 a. m. - 10:00 p. m.,3:00 a. m. - 10:00 p. m.,4:00 a. m. - 9:00 p. m.,1,5,1,3,1,2,2,10825,1,{2B5EBD7B-34D1-4A03-A363-4BAB6061A518},editorInfraSTS,2026/06/30 20:22:29+00,editorInfraSTS,2026/07/17 21:30:33+00,49691.9451731304
10905,BOS,599,Bosa San Diego - Suba Gaitana,Suba Gaitana,Bosa San Diego,7/02/2015,11,7,71.93545169,ETIB BO,599-3,9,3,3:00 a. m. - 10:30 p. m.,3:00 a. m. - 10:30 p. m.,4:30 a. m. - 9:30 p. m.,1,3,1,3,1,2,2,10884,1,{2CA77288-FF2B-4F29-91A8-744C436A5A82},editorInfraSTS,2026/06/30 20:21:59+00,editorInfraSTS,2026/07/17 21:30:33+00,71935.4516872966
10906,ALI,3-12,La Esperanza Sur,Portal Usme,La Esperanza Sur,22/05/2021,5,5,9.71878451,E-SOMOS ALIMENTACION,3-12a,12,12,4:00 a. m. - 12:30 a. m.,4:00 a. m. - 12:30 a. m.,4:00 a. m. - 11:30 p. m.,1,3,2,3,1,2,2,10329,1,{2CD65190-71BB-4640-89F1-FF43E501CB8C},editorInfraSTS,2026/06/30 20:19:41+00,editorInfraSTS,2026/07/17 21:29:38+00,9718.78450849126
10907,KKK,DK211,Gran Granada - Salitre El Greco,Gran Granada,Salitre El Greco,18/07/2022,10,13,28.70754496,ESTE ES MI BUS CALLE 80 CO01,DK211-3,6,5,4:00 a. m. - 10:00 p. m.,4:00 a. m. - 10:00 p. m.,5:00 a. m. - 10:00 p. m.,1,3,1,3,1,2,2,10609,1,{2DAB97B3-177B-4E08-95B1-755EA314D94E},editorInfraSTS,2026/06/30 20:22:29+00,editorInfraSTS,2026/07/17 21:30:33+00,28707.5449625903
10908,FFF,HF718,Usme Centro - La Rivera,Usme Centro,La Rivera,20/08/2022,8,5,27.58876375,MUEVE USME UB,F718-1,8,12,4:00 a. m. - 11:00 p. m.,4:00 a. m. - 11:00 p. m.,5:00 a. m. - 10:00 p. m.,1,4,1,3,1,2,2,13109,1,{2DAD4907-EE51-4578-B1F2-3BB57E0E959C},editorInfraSTS,2026/06/30 20:24:16+00,editorInfraSTS,2026/07/17 21:30:33+00,27588.7637502153
10909,CBO,C201,Paraíso - Patio Bonito,Patio Bonito,Paraiso,17/07/2013,8,19,39.479467,MASIVO CAPITAL KE,C201-3,11,8,2:30 a. m. - 10:00 p. m.,2:30 a. m. - 10:00 p. m.,3:30 a. m. - 10:00 p. m.,1,4,1,3,1,2,2,13016,1,{2F7BD102-41FF-4089-B434-0963CE2CD5A4},editorInfraSTS,2026/06/30 20:24:13+00,editorInfraSTS,2026/07/17 21:30:33+00,39479.4669994226
10910,KKK,HK707,El Uval - El Refugio,El Uval,El Refugio,16/01/2021,5,9,32.09437586,GRAN AMERICAS USME III,K707-1,6,12,2:45 a. m. - 10:00 p. m.,2:45 a. m. - 10:00 p. m.,5:00 a. m. - 10:00 p. m.,1,3,1,3,1,2,2,10224,1,{2FD6CB16-2BF4-4024-A7F6-CA44CF895C88},editorInfraSTS,2026/06/30 20:19:31+00,editorInfraSTS,2026/07/17 21:29:38+00,32094.3758595577
10911,SCR,580,Bosa San José - Estación Bicentenario,Bosa San José,Est. Bicentenario,10/03/2014,7,3,40.75952702,ETIB BO,580-3,13,9,4:00 a. m. - 11:00 p. m.,4:00 a. m. - 11:00 p. m.,5:00 a. m. - 10:00 p. m.,1,3,1,3,1,2,2,12215,1,{2FE6F721-5153-4820-9C2B-61D20DC302A6},editorInfraSTS,2026/06/30 20:21:58+00,editorInfraSTS,2026/07/17 21:30:33+00,40759.5270219216
10912,ESP,18-7,Soratama,Soratama,Soratama,20/03/2014,1,1,7.43320569,CONSORCIO EXPRESS USAQUEN N,18-7e,1,1,4:00 a. m. - 9:00 p. m.,4:00 a. m. - 9:00 p. m.,5:00 a. m. - 9:00 p. m.,1,5,4,3,1,2,2,11518,1,{3000E414-6540-40C0-BE44-B833E72F1A7C},editorInfraSTS,2026/06/30 20:18:31+00,editorInfraSTS,2026/07/17 21:29:38+00,7433.20568794681
10913,ALI,3-14_p,El Uval Pico,Portal Usme,El Uval, ,5,5,16.53676661,E-SOMOS ALIMENTACION,3-14a_p,12,12,4:00 a. m. - 12:30 a. m. ,4:00 a. m. - 12:30 a. m. ,4:00 a. m. - 11:30 p. m.,1,3,2,2,2,2,2,0,1,{3086B14F-C913-4E58-9118-89AFD097F19E},editorInfraSTS,2026/06/30 20:21:19+00,editorInfraSTS,2026/07/17 21:32:02+00,16536.766613709
10914,ALI,1-4,Cortijo,Portal 80,Cortijo,26/03/2015,10,10,9.84763545,ESTE ES MI BUS CALLE 80 CO01,1-4a,4,4,4:30 a. m. - 12:30 a. m.,4:30 a. m. - 12:30 a. m.,4:30 a. m. - 11:30 p. m.,1,3,2,3,1,2,2,11083,1,{3094D24A-980C-4D3E-8694-1C256247CF86},editorInfraSTS,2026/06/30 20:18:53+00,editorInfraSTS,2026/07/17 21:29:38+00,9847.63544592637
10915,DDD,5-1,Suba Rincón,Granja,Suba Rincon,30/11/2020,10,10,9.72963467,ESTE ES MI BUS CALLE 80 CO01,5-1-3,4,4,4:30 a. m. - 12:20 a. m.,4:30 a. m. - 12:20 a. m.,4:30 a. m. - 11:20 p. m.,1,3,2,3,1,2,2,10823,1,{30AFF9D5-113E-43A4-9E54-F909C0EEB22D},editorInfraSTS,2026/06/30 20:21:57+00,editorInfraSTS,2026/07/17 21:30:33+00,9729.63467033462
10916,ALI,11-4,Aures,Portal Suba,Aures,6/03/2021,11,11,7.9589974,ESTE ES MI BUS CALLE 80 CO01,11-4a,3,3,4:30 a. m. - 12:30 a. m.,4:30 a. m. - 12:30 a. m.,4:30 a. m. - 11:30 p. m.,1,3,2,3,1,2,2,10883,1,{30CED401-DA59-4514-9EEE-B1221059F976},editorInfraSTS,2026/06/30 20:19:40+00,editorInfraSTS,2026/07/17 21:29:38+00,7958.99740418457
10917,AAA,GA507,Metrovivienda - Chapinero,Metrovivienda,Chapinero,28/09/2020,7,2,41.62873248,MASIVO CAPITAL KE,GA507-3,0,8,4:00 a. m. - 10:00 p. m.,4:00 a. m. - 9:00 p. m.,5:00 a. m. - 9:00 p. m.,1,4,1,3,1,2,2,10479,1,{31305AA9-C31D-4A6F-8461-1A6BC5343915},editorInfraSTS,2026/06/30 20:22:34+00,editorInfraSTS,2026/07/17 21:30:33+00,41628.732481097
10918,AAA,KA306,Zona Franca - Centro Andino,Zona Franca,Centro Andino,12/02/2022,9,2,40.55396936,MUEVE FONTIBON,KA306-3,0,7,4:00 a. m. - 9:30 p. m.,4:00 a. m. - 10:00 p. m.,5:00 a. m. - 10:00 p. m.,1,3,1,3,1,2,2,12546,1,{31BB90EB-4E54-4471-83C6-69B3808F1669},editorInfraSTS,2026/06/30 20:23:09+00,editorInfraSTS,2026/07/17 21:30:33+00,40553.969361756
10919,KKK,CK102,Suba Fontanar - Salitre Greco,Suba Fontanar,Salitre El Greco,10/09/2018,11,13,36.85889803,ESTE ES MI BUS CALLE 80 CO01,CK102-3,6,3,4:00 a. m. - 10:00 p. m.,4:00 a. m. - 10:00 p. m.,5:00 a. m. - 9:00 p. m.,1,4,1,3,1,2,2,11076,1,{31D38AE4-ED36-4C65-9224-D0FA5854000C},editorInfraSTS,2026/06/30 20:22:25+00,editorInfraSTS,2026/07/17 21:30:33+00,36858.898030605
10920,CEN,143,Compartir - Germania,Compartir,Germania,15/06/2013,19,19,39.24309055,SUMA CIUDAD BOLIVAR BC,143-3,11,11,4:00 a. m. - 9:00 p. m.,4:00 a. m. - 7:00 p. m.,7:00 a. m. - 6:00 p. m.,1,3,1,3,1,2,2,10705,1,{31FE13F5-A435-4F07-8822-A8F4FD9E8F5C},editorInfraSTS,2026/06/30 20:19:13+00,editorInfraSTS,2026/07/17 21:29:38+00,39243.0905493616
10922,NA,HH737,Bolonia - Portal Usme,Bolonia,Portal Usme,29/12/2025,5,5,9.79437594,MUEVE USME UB,HH737-3,12,12,4:00 a. m. - 11:00 p. m.,4:00 a. m. - 11:00 p. m., ,1,4,1,3,1,2,2,12633,1,{329DCA28-4FCA-4D38-8920-4B63136343EF},editorInfraSTS,2026/06/30 20:23:49+00,editorInfraSTS,2026/07/17 21:30:33+00,9794.37594249393
10923,CCC,CL155,Suba Gaitana - Gaviotas,Gaviotas,Suba Gaitana,6/12/2021,4,11,37.30841304,CONSORCIO EXPRESS USAQUEN N,C155-2,3,13,3:40 a. m. - 10:30 p. m.,3:40 a. m. - 10:30 p. m.,5:00 a. m. - 9:30 p. m.,1,4,1,3,1,2,2,12890,1,{33D26EE0-BA53-4567-9774-E44A919E808C},editorInfraSTS,2026/06/30 20:20:03+00,editorInfraSTS,2026/07/17 21:29:38+00,37308.4130424885
10924,AAA,LA809,Santa Rita So - Marly,Santa Rita S.O.,Marly,6/09/2021,4,13,26.6528469,CONSORCIO EXPRESS SAN CRISTOBALD,LA809-3,0,13,4:00 a. m. - 9:00 p. m.,4:00 a. m. - 8:00 p. m.,5:30 a. m. - 7:00 p. m.,1,4,1,3,1,2,2,12894,1,{3430DCD9-621D-485D-9AF6-D20950F4BB0A},editorInfraSTS,2026/06/30 20:23:15+00,editorInfraSTS,2026/07/17 21:30:33+00,26652.8468951183
10925,NA,KH322,Fontibón Brisas - Cerros De Oriente,Cerros De Oriente,Fontibón Brisas,12/02/2022,18,9,26.66313856,MUEVE FONTIBON,K322-2,6,12,3:30 a. m. - 9:00 p. m.,3:30 a. m. - 9:00 p. m., ,1,3,1,3,1,2,2,12926,1,{348107B6-15B6-45EC-BDBE-17C60B30F09A},editorInfraSTS,2026/06/30 20:23:59+00,editorInfraSTS,2026/07/17 21:30:33+00,26663.1385601111
10926,NOR,T11,Alpes - Calle 222,Alpes,Calle 222,22/11/2014,11,19,44.6967368,SUMA CIUDAD BOLIVAR BC,T11-1,2,11,3:56 a. m. - 10:55 p. m.,4:00 a. m. - 11:00 p. m.,5:00 a. m. - 8:05 p. m.,1,3,1,3,1,2,2,10537,1,{3487FABC-EDB7-42E3-A8DE-3435B70B4AA8},editorInfraSTS,2026/06/30 20:20:06+00,editorInfraSTS,2026/07/17 21:29:38+00,44696.7368008384
10927,ALI,CC104,Compartir,Portal Suba,Suba Compartir,6/03/2021,11,11,7.99709748,ESTE ES MI BUS CALLE 80 CO01,CC104a,3,3,4:30 a. m. - 12:30 a. m.,4:30 a. m. - 12:30 a. m.,6:00 a. m. - 9:00 p. m.,1,3,2,2,1,2,2,10838,1,{34C1783F-F0FF-4E5E-9532-74E3BD50B9BE},editorInfraSTS,2026/06/30 20:22:23+00,editorInfraSTS,2026/07/17 21:30:33+00,7997.09747551486
10928,HHH,HH639,Arborizadora Alta - Villa Mayor,Arborizadora Alta,Villa Mayor,19/12/2022,19,16,18.97589116,SUMA CIUDAD BOLIVAR BC,HH639-3,10,11,4:00 a. m. - 9:30 p. m.,4:00 a. m. - 9:30 p. m.,5:00 a. m. - 8:30 p. m.,1,4,2,3,1,2,2,12725,1,{35AA2EDF-5296-4E58-A462-95111FF7A2D7},editorInfraSTS,2026/06/30 20:23:01+00,editorInfraSTS,2026/07/17 21:30:33+00,18975.8911631355
10929,ALI,2-10,Verbenal,Portal Norte,Verbenal,26/03/2015,1,1,4.36312173,CONSORCIO EXPRESS USAQUEN N,2-10a,2,2,4:30 a. m. - 12:30 a. m.,4:00 a. m. - 12:30 a. m.,4:30 a. m. - 11:30 p. m.,1,3,2,3,1,2,2,12836,1,{3663638E-6521-4401-B902-D33BFA41CB3F},editorInfraSTS,2026/06/30 20:18:47+00,editorInfraSTS,2026/07/17 21:29:38+00,4363.12172711045
10930,AAA,GA532,Metrovivienda - Chapinero Central,Metrovivienda,Chapinero Central,14/08/2023,7,2,43.97188494,MASIVO CAPITAL KE,GA532-3,0,8,4:00 a. m. - 10:30 p. m.,4:00 a. m. - 9:00 p. m.,5:00 a. m. - 8:00 p. m.,1,3,1,3,1,2,2,12717,1,{3801B770-6520-4B72-9AA5-73CC5E150C67},editorInfraSTS,2026/06/30 20:24:20+00,editorInfraSTS,2026/07/17 21:30:33+00,43971.8849360572
10931,NA,GA547,Bosa San Diego - Centro,Centro,Bosa San Diego,30/10/2013,3,7,44.70175463,ETIB BO,GA547-3,9,0,4:00 a. m. - 9:00 p. m.,4:00 a. m. - 8:00 p. m.,5:00 a. m. - 8:00 p. m.,1,4,1,3,1,2,2,12716,1,{3842DE3B-4090-4B8E-9292-7670C08837A9},editorInfraSTS,2026/06/30 20:23:47+00,editorInfraSTS,2026/07/17 21:30:33+00,44701.7546340454
10932,BBB,BK916,Balmoral Norte - Fontibón Refugio,Fontibón Refugio,Balmoral Norte,23/08/2021,9,1,33.58822769,CONSORCIO EXPRESS USAQUEN N,B916-2,1,6,3:30 a. m. - 8:00 p. m.,3:30 a. m. - 8:00 p. m.,4:30 a. m. - 6:00 p. m.,1,4,1,3,1,2,2,10841,1,{38CFF089-D64E-418B-9315-23AA40BB2394},editorInfraSTS,2026/06/30 20:19:52+00,editorInfraSTS,2026/07/17 21:29:38+00,33588.2276853071
10933,KKK,KC315,Puente Grande - Suba Lisboa,Suba Lisboa,Puente Grande,16/11/2021,11,9,27.55152603,MUEVE FONTIBON,K315-2,6,3,4:00 a. m. - 11:30 p. m.,4:00 a. m. - 11:30 p. m.,5:00 a. m. - 10:30 p. m.,1,4,1,3,1,2,2,12170,1,{3924F95E-4294-454E-8726-072C7DF0439A},editorInfraSTS,2026/06/30 20:20:01+00,editorInfraSTS,2026/07/17 21:29:38+00,27551.5260287388
10934,CCC,CB162,Nuevo Corinto - San Cristobal Norte,San Cristobal Norte,Nuevo Corinto,5/12/2016,1,11,30.65700231,CONSORCIO EXPRESS USAQUEN N,CB162-3,3,1,4:00 a. m. - 11:00 p. m.,4:00 a. m. - 11:00 p. m.,5:00 a. m. - 10:00 p. m.,1,5,1,3,1,2,2,13103,1,{39502A72-744F-4BB4-AE16-B475D7CFAB98},editorInfraSTS,2026/06/30 20:22:23+00,editorInfraSTS,2026/07/17 21:30:33+00,30657.0023107118
10935,COM,13-2,Providencia Alta - Est. Av. 1 De Mayo,Providencia Alta,Est. Av. 1 De Mayo,3/09/2014,4,4,12.14602195,CONSORCIO EXPRESS USAQUEN N,13-2c,13,13,3:30 a. m. - 11:00 p. m.,3:30 a. m. - 11:00 p. m.,4:30 a. m. - 10:00 p. m.,1,5,2,3,1,2,2,10699,1,{39EA1E3C-F5B8-4CBD-B922-60E078B99D47},editorInfraSTS,2026/06/30 20:18:56+00,editorInfraSTS,2026/07/17 21:30:33+00,12146.0219499017
10936,CCC,CB161,Villa Gloria - Unicentro,Unicentro,Villa Gloria,13/02/2014,1,11,40.94594418,CONSORCIO EXPRESS USAQUEN N,CB161-3,3,1,4:00 a. m. - 11:00 p. m.,4:00 a. m. - 11:00 p. m.,5:00 a. m. - 10:00 p. m.,1,4,1,3,1,2,2,10815,1,{3ADF07E4-F03B-4886-8B8D-B1160AD7E693},editorInfraSTS,2026/06/30 20:22:22+00,editorInfraSTS,2026/07/17 21:30:33+00,40945.9441819913
10937,GGG,GH530,Metrovivienda - Fiscala Alta,Fiscala Alta,Metrovivienda,5/06/2023,7,5,23.53073221,MASIVO CAPITAL KE,G530-2,8,12,4:00 a. m. - 11:00 p. m.,4:00 a. m. - 11:00 p. m.,5:00 a. m. - 10:00 p. m.,1,5,1,3,1,2,2,11080,1,{3ADFD025-B18A-4418-82C1-303F4CB7C987},editorInfraSTS,2026/06/30 20:20:51+00,editorInfraSTS,2026/07/17 21:29:38+00,23530.7322143563
10938,ENG,466,Sabana Del Dorado - Chicó Norte,Chico Norte,Sabana Del Dorado,11/09/2013,2,10,36.6052683,GMOVIL ENGATIVA E,466-3,5,0,4:00 a. m. - 11:00 p. m.,5:00 a. m. - 10:00 p. m.,5:00 a. m. - 10:00 p. m.,1,3,1,3,1,2,2,13058,1,{3B454BCC-C618-4691-9E03-FEFB21E02173},editorInfraSTS,2026/06/30 20:23:32+00,editorInfraSTS,2026/07/17 21:30:33+00,36605.2682972114
10939,CHA,19-8,La Cabrera,Calle 85,La Cabrera,12/12/2016,2,2,3.32998833,CONSORCIO EXPRESS USAQUEN N,19-8-3,0,0,5:00 a. m. - 8:00 p. m.,5:00 a. m. - 6:00 p. m.,,1,3,2,2,1,2,2,10748,1,{3B6445BF-2ACC-46A1-8B1F-2514AC254C93},editorInfraSTS,2026/06/30 20:21:50+00,editorInfraSTS,2026/07/17 21:29:38+00,3329.98832880595
10940,FFF,FF417,Est. Biblioteca Tintal,Tierra Buena,Biblioteca Tintal,25/06/2022,8,8,4.40941864,MASIVO CAPITAL KE,FF417-3,8,8,3:45 a. m. - 11:00 p. m.,4:00 a. m. - 10:00 p. m.,5:00 a. m. - 8:00 p. m.,1,4,2,3,1,2,2,10700,1,{3BEDFC86-7774-4909-9821-9DBC5589A103},editorInfraSTS,2026/06/30 20:21:03+00,editorInfraSTS,2026/07/17 21:29:38+00,4409.41863630679
10941,ALI,3-13,Nebraska,Portal Usme,Nebraska,22/05/2021,5,5,3.02860672,E-SOMOS ALIMENTACION,3-13a,12,12,4:00 a. m. - 11:00 p. m.,4:00 a. m. - 10:00 p. m.,4:00 a. m. - 10:00 p. m.,1,4,2,3,1,2,2,11812,1,{3C0B9CFA-2BBC-4EA3-B9B1-2D324950A801},editorInfraSTS,2026/06/30 20:21:09+00,editorInfraSTS,2026/07/17 21:30:33+00,3028.60671501961
10942,NOR,661,Terminal Norte - Península,Península,Terminal Norte,22/06/2013,11,4,41.17405016,CONSORCIO EXPRESS USAQUEN N,661-2,2,13,4:00 a. m. - 11:00 p. m.,4:00 a. m. - 11:00 p. m.,5:00 a. m. - 10:00 p. m.,1,4,1,3,1,2,2,10457,1,{3C69BC44-680E-47E8-A6E2-FE1CD1E2CFFC},editorInfraSTS,2026/06/30 20:19:50+00,editorInfraSTS,2026/07/17 21:29:38+00,41174.0501642377
10943,NA,KL331,Fontibón Brisas - Nueva Delhi,Fontibón Brisas,Nueva Delhi,2/04/2022,4,9,31.57665438,ZMO FONTIBON V,L331-1,13,6,4:00 a. m. - 10:50 p. m.,4:00 a. m. - 10:50 p. m., ,1,4,1,3,1,2,2,12960,1,{3C8D1267-5657-492E-BE01-B450B9168818},editorInfraSTS,2026/06/30 20:23:55+00,editorInfraSTS,2026/07/17 21:30:33+00,31576.6543764727
10944,AAA,HA706,El Uval- San Diego,El Uval,San Diego,16/01/2021,3,5,22.26557563,GRAN AMERICAS USME III,A706-1,0,12,4:00 a. m. - 10:30 p. m.,4:00 a. m. - 10:30 p. m.,5:00 a. m. - 10:00 p. m.,1,3,1,3,1,2,2,11827,1,{3CB5406A-6419-471B-BFDE-861CC470A353},editorInfraSTS,2026/06/30 20:20:02+00,editorInfraSTS,2026/07/17 21:29:38+00,22265.5756344257
10946,CEN,C1,Roma - Germania,Roma,Germania,20/07/2013,8,8,37.3630056,ETIB BO,C1-3,9,9,4:00 a. m. - 10:00 p. m.,4:00 a. m. - 9:00 p. m.,5:00 a. m. - 8:00 p. m.,1,4,1,3,1,2,2,12593,1,{3DBFBD4C-EFDA-4932-BEC6-66F4658C48BB},editorInfraSTS,2026/06/30 20:18:54+00,editorInfraSTS,2026/07/17 21:29:38+00,37363.0056021649
10947,HHH,GH530,Metrovivienda - Fiscala Alta,Metrovivienda,Fiscala Alta,5/06/2023,7,5,22.93820984,MASIVO CAPITAL KE,H530-1,12,8,4:00 a. m. - 11:00 p. m.,4:00 a. m. - 11:00 p. m.,5:00 a. m. - 10:00 p. m.,1,5,1,3,1,2,2,11079,1,{3DCAA601-9387-4D7C-A1C0-CA7755FA9622},editorInfraSTS,2026/06/30 20:20:51+00,editorInfraSTS,2026/07/17 21:29:38+00,22938.2098419822
10948,ALI,4-2,Diana Turbay,Molinos,Diana Turbay,22/05/2021,18,18,4.77522289,E-SOMOS ALIMENTACION,4-2a,12,12,4:00 a. m. - 12:30 a. m.,4:00 a. m. - 12:30 a. m.,4:30 a. m. - 11:30 p. m.,1,3,2,3,1,2,2,12250,1,{3E014457-09BC-40A8-B849-664BA51FC702},editorInfraSTS,2026/06/30 20:21:26+00,editorInfraSTS,2026/07/17 21:29:38+00,4775.22289153819
10949,COM,13-4,Diana Turbay - Est. Av. 1 Mayo,Est. Av. 1 De Mayo,Diana Turbay,17/09/2014,4,4,14.18180359,CONSORCIO EXPRESS USAQUEN N,13-4c,13,13,3:30 a. m. - 11:00 p. m.,3:30 a. m. - 11:00 p. m.,5:00 a. m. - 10:00 p. m.,1,5,2,3,1,2,2,10704,1,{3E78108D-45D4-400B-8EDC-CC8A5A929709},editorInfraSTS,2026/06/30 20:18:56+00,editorInfraSTS,2026/07/17 21:29:38+00,14181.8035853162
10950,HHH,HH604,Est. G. Santander - Sierra Morena,Est. Gral Santander,Sierra Morena,24/10/2020,15,19,17.3433938,ETIB BO,HH604-3,10,10,3:00 a. m. - 11:00 p. m.,4:00 a. m. - 11:00 p. m.,5:00 a. m. - 10:00 p. m.,1,4,2,3,1,2,2,13053,1,{3E9D368E-4003-4894-90C5-8CC48F3B7B9B},editorInfraSTS,2026/06/30 20:23:00+00,editorInfraSTS,2026/07/17 21:30:33+00,17343.3938032559
10951,ALI,7-1,Uribe Uribe,Calle 40 Sur,Uribe Uribe,22/05/2021,18,18,5.77575444,E-SOMOS ALIMENTACION,7-1-1a,11,11,4:00 a. m. - 12:30 a. m.,4:00 a. m. - 12:30 a. m.,4:30 a. m. - 11:30 p. m.,1,4,2,3,4,2,2,11388,1,{3EBB99A4-145E-44EE-B6B7-33A5E2F3B93A},editorInfraSTS,2026/06/30 20:18:36+00,editorInfraSTS,2026/07/17 21:29:38+00,5775.75443610468
10952,BBB,BC917,Villa Cindy - Terminal Norte,Villa Cindy,Terminal Norte,13/09/2021,11,11,31.39434743,CONSORCIO EXPRESS USAQUEN N,BC917-3,2,3,3:45 a. m. - 8:00 p. m.,3:45 a. m. - 8:00 p. m.,4:45 a. m. - 7:00 p. m.,1,4,1,3,1,2,2,10792,1,{3EEA40DC-A108-4E5E-9FA3-D2F1E023A9FC},editorInfraSTS,2026/06/30 20:22:09+00,editorInfraSTS,2026/07/17 21:30:33+00,31394.3474297059
10953,USA,19-3,Chicó Norte,Calle 100,Chico Norte,19/12/2016,2,2,4.78600287,CONSORCIO EXPRESS USAQUEN N,19-3,0,0,5:00 a. m. - 10:00 p. m.,5:00 a. m. - 10:00 p. m.,,1,3,2,2,1,2,2,10744,1,{3F30274C-7966-4BBD-8530-891B505A7586},editorInfraSTS,2026/06/30 20:18:38+00,editorInfraSTS,2026/07/17 21:29:38+00,4786.00286525277
10954,AAA,AG018,Est. Comuneros - Centro Mayor,Est. NQS Cl 38A S,Est. Comuneros,8/07/2024,16,16,12.70561044,MASIVO CAPITAL KE,AG018-3,9,9,5:00 a. m. - 8:00 p. m.,,,1,5,1,1,1,2,2,12845,1,{3F90F099-1EB8-43B9-A8A2-F1476DB492C6},editorInfraSTS,2026/06/30 20:23:52+00,editorInfraSTS,2026/07/17 21:30:33+00,12705.6104422931
10956,FON,P39,Arabia - Zona Franca,Arabia,Zona Franca,1/10/2013,19,9,41.1090249,SUMA CIUDAD BOLIVAR BC,P39-3,7,11,3:15 a. m. - 10:00 p. m.,3:15 a. m. - 10:00 p. m.,4:30 a. m. - 9:00 p. m.,1,5,1,3,1,2,2,10594,1,{400BF9A0-D7DC-48AD-863E-55C5677FDC8B},editorInfraSTS,2026/06/30 20:23:22+00,editorInfraSTS,2026/07/17 21:30:33+00,41109.0249018143
10957,ALI,8-3,Castilla,Banderas,Castilla,17/02/2014,8,8,8.06452968,ESTE ES MI BUS TINTAL TZ,8-3a,7,7,4:00 a. m. - 12:30 a. m.,4:00 a. m. - 12:30 a. m.,4:00 a. m. - 11:30 p. m.,1,3,2,3,1,2,2,11018,1,{40183470-41E2-4055-AE36-8121756BD34A},editorInfraSTS,2026/06/30 20:19:45+00,editorInfraSTS,2026/07/17 21:29:38+00,8064.52967904589
10958,HHH,BH907,Terminal Norte - Usme Centro,Terminal Norte,Usme Centro,12/04/2021,11,5,42.14468179,CONSORCIO EXPRESS USAQUEN N,H907-1,12,2,3:00 a. m. - 9:00 p. m.,3:00 a. m. - 9:00 p. m.,4:20 a. m. - 8:00 p. m.,1,3,1,3,1,2,2,13100,1,{40959360-D98C-4119-8ACD-D04AC07CFE36},editorInfraSTS,2026/06/30 20:19:38+00,editorInfraSTS,2026/07/17 21:29:38+00,42144.6817907883
10959,COL,T52,Calle 167,Toberín,Calle 167,31/07/2017,11,11,4.2975855,MASIVO CAPITAL SO,T52-3,2,2,5:00 a. m. - 9:00 p. m.,5:00 a. m. - 9:00 p. m.,,1,4,2,3,1,2,2,10407,1,{40CA1AE0-B9D7-47E8-94CA-B21BEAF4EC2A},editorInfraSTS,2026/06/30 20:23:27+00,editorInfraSTS,2026/07/17 21:30:33+00,4297.5855036972
10960,ALI,5-3,Serena - Cerezos,Granja,Serena Cerezos,17/01/2022,10,10,6.41490869,ESTE ES MI BUS CALLE 80 CO01,5-3a,4,4,4:30 a. m. - 12:20 a. m.,4:30 a. m. - 12:20 a. m.,4:30 a. m. - 11:20 p. m.,1,3,2,3,1,2,2,10839,1,{40D7356B-8874-405D-B73E-FC9C284E630D},editorInfraSTS,2026/06/30 20:18:51+00,editorInfraSTS,2026/07/17 21:29:38+00,6414.90868626708
10961,BOS,94,Bosa San Diego - Suba Corpas,Suba Corpas,Bosa San Diego,29/08/2015,11,7,54.95274742,ETIB BO,94-3,9,3,2:45 a. m. - 9:45 p. m.,2:45 a. m. - 9:45 p. m.,3:45 a. m. - 8:45 p. m.,1,3,1,3,1,2,1,12715,1,{415628A8-7A08-4CEB-8A31-A1E664CB903F},editorInfraSTS,2026/06/30 20:24:12+00,editorInfraSTS,2026/07/17 21:30:33+00,54952.7474160525
10962,BBB,BB920,Est. Calle 127,Est. Calle 127,Santa Barbara,20/11/2021,1,1,7.07648119,CONSORCIO EXPRESS USAQUEN N,B920-3,1,1,4:30 a. m. - 9:00 p. m.,5:00 a. m. - 8:00 p. m.,,1,5,2,2,1,2,2,11470,1,{42639218-CDBD-4817-A7B3-5D9046894A2D},editorInfraSTS,2026/06/30 20:20:08+00,editorInfraSTS,2026/07/17 21:29:38+00,7076.48118622774
10963,AAA,KA302,El Recodo- Centro,El Recodo,Centro,9/01/2021,9,3,23.18955711,E-SOMOS FONTIBON II,A302-1,0,7,4:00 a. m. - 10:00 p. m.,4:00 a. m. - 10:00 p. m.,5:00 a. m. - 9:30 p. m.,1,3,1,3,1,2,2,12908,1,{43076865-30B6-4142-B30E-9EB7EA5D7DEB},editorInfraSTS,2026/06/30 20:19:26+00,editorInfraSTS,2026/07/17 21:29:38+00,23189.5571096062
10964,SCR,786,Metrovivienda - Diana Turbay-Puentes,Diana Turbay-Puentes,Metrovivienda,2/11/2013,18,7,41.12382239,CONSORCIO EXPRESS SAN CRISTOBALD,786-3,8,12,3:00 a. m. - 10:00 p. m.,3:00 a. m. - 10:00 p. m.,4:30 a. m. - 9:30 p. m.,1,3,1,3,1,2,2,12181,1,{436F6920-4D5E-4940-ABB9-5A7B926C0BA0},editorInfraSTS,2026/06/30 20:22:06+00,editorInfraSTS,2026/07/17 21:30:33+00,41123.8223885669
10965,GGG,CG156,El Recreo - Bilbao,Bilbao,El Recreo,19/10/2021,7,11,37.42083314,MASIVO CAPITAL KE,G156-2,8,3,3:30 a. m. - 8:30 p. m.,3:30 a. m. - 8:30 p. m.,4:00 a. m. - 7:30 p. m.,1,4,1,3,1,2,2,10581,1,{43F6B969-4CC4-49EF-89CD-E66C3402E02A},editorInfraSTS,2026/06/30 20:21:32+00,editorInfraSTS,2026/07/17 21:29:38+00,37420.8331383617
10966,HHH,HK724,Ciudadela Usme - Montevideo,Montevideo,Ciudadela Usme,27/08/2022,9,5,24.89351929,MUEVE USME UB,H724-2,12,6,5:00 a. m. - 11:00 p. m.,5:00 a. m. - 11:00 p. m.,5:30 a. m. - 10:00 p. m.,1,3,1,3,1,2,1,10282,1,{440E46A8-F80D-4993-9589-DF9EF2ED85F3},editorInfraSTS,2026/06/30 20:20:31+00,editorInfraSTS,2026/07/17 21:29:38+00,24893.5192916673
10967,NA,2-5,San Cristóbal,Portal Norte,San Cristobal,26/03/2015,1,1,11.63520907,CONSORCIO EXPRESS USAQUEN N,2-5a,2,2,4:30 a. m. - 12:30 a. m.,4:30 a. m. - 12:30 a. m.,,1,3,2,3,1,2,2,13030,1,{4477D358-F31E-4093-AAE1-8470F84119D5},editorInfraSTS,2026/06/30 20:23:51+00,editorInfraSTS,2026/07/17 21:30:33+00,11635.2090660478
10968,CCC,CA127,Fontanar Del Río - Germania,Germania,Fontanar Del Rio,7/08/2021,11,3,26.71288739,EMASIVO 10 ST,C127-2,3,0,4:00 a. m. - 10:00 p. m.,4:00 a. m. - 10:00 p. m.,6:30 a. m. - 10:00 p. m.,1,4,1,3,1,2,2,12172,1,{44E4F9B9-22A4-4AA0-B66F-38B7858DD115},editorInfraSTS,2026/06/30 20:21:12+00,editorInfraSTS,2026/07/17 21:29:38+00,26712.8873939512
10969,ALI,10-5,Terminal Sur,Portal Sur,Terminal Sur,26/03/2015,7,7,5.41926091,ETIB BO,10-5a,9,9,4:00 a. m. - 10:30 p. m.,4:00 a. m. - 10:00 p. m.,4:00 a. m. - 10:00 p. m.,1,3,2,3,1,2,2,10917,1,{46002CF9-06F9-4D8D-BEEC-8E13B1625244},editorInfraSTS,2026/06/30 20:19:01+00,editorInfraSTS,2026/07/17 21:29:38+00,5419.26090533155
10970,ALI,2-1,Mirandela,Portal Norte,Mirandela,26/03/2015,1,1,5.66472919,MASIVO CAPITAL SO,2-1a,2,2,4:30 a. m. - 12:30 a. m.,4:30 a. m. - 12:30 a. m.,4:30 a. m. - 11:30 p. m.,1,3,2,3,1,2,2,11027,1,{463D292B-6395-4C4C-8B80-CAF9A78EBD34},editorInfraSTS,2026/06/30 20:18:44+00,editorInfraSTS,2026/07/17 21:29:38+00,5664.72919237803
10971,HHH,HD630,Arborizadora Alta - Morato,Morato,Arborizadora Alta,17/12/2022,11,19,46.53282832,ODT LA ROLITA,HD630-3,11,3,3:00 a. m. - 9:00 p. m.,3:00 a. m. - 9:00 p. m.,4:00 a. m. - 8:00 p. m.,1,4,1,3,1,2,2,10290,1,{468A6645-217B-43B2-A2B7-3DA91051D43E},editorInfraSTS,2026/06/30 20:22:56+00,editorInfraSTS,2026/07/17 21:30:33+00,46532.8283232163
10972,GGG,GK527,Metrovivienda - Can,Can,Metrovivienda,18/07/2022,13,7,36.26329927,MASIVO CAPITAL KE,GK527-3,8,6,4:00 a. m. - 10:00 p. m.,4:00 a. m. - 9:00 p. m.,,1,5,1,2,1,2,2,10708,1,{46FBF397-2000-4344-9249-BF12FCB9CFA7},editorInfraSTS,2026/06/30 20:22:41+00,editorInfraSTS,2026/07/17 21:30:33+00,36263.2992667395
10973,ALI,9-3,Bosa La Libertad,Portal Americas,Bosa La Libertad,17/02/2014,8,8,6.68652913,ETIB BO,9-3a,8,8,4:00 a. m. - 12:30 a. m.,4:00 a. m. - 12:30 a. m.,4:00 a. m. - 11:30 p. m.,1,3,2,3,1,2,2,12865,1,{4894F374-EA87-4036-9765-F94BFC17E287},editorInfraSTS,2026/06/30 20:24:03+00,editorInfraSTS,2026/07/17 21:30:33+00,6686.5291287666
10974,H,HL613,Perdomo - Horacio Orjuela,Horacio Orjuela,Perdomo,26/11/2022,4,19,19.42754698,ODT LA ROLITA,H613-2,10,13,3:00 a. m. - 10:00 p. m.,3:00 a. m. - 10:00 p. m.,4:00 a. m. - 10:00 p. m.,1,4,1,3,1,2,2,10254,1,{493ED7E4-4706-4532-9147-B6C9DE7103D0},editorInfraSTS,2026/06/30 20:19:28+00,editorInfraSTS,2026/07/17 21:29:38+00,19427.5469794047
10975,NA,LL819,Portal 20 De Julio,Portal 20 De Julio,-,19/09/2022,4,4,5.85108203,CONSORCIO EXPRESS SAN CRISTOBALD,L819-3,13,13,4:00 a. m. - 9:00 a. m. _ 3:00 p. m. - 9:00 p. m.,5:00 a. m. - 8:00 p. m.,6:00 a. m. - 6:00 p. m.,1,5,2,2,2,2,2,10555,1,{4B4123AF-3518-45D2-A0D1-6980F36E5984},editorInfraSTS,2026/06/30 20:23:48+00,editorInfraSTS,2026/07/17 21:30:33+00,5851.08202653124
10976,FFF,KF333,Est. Av. Rojas - Ciudad Alsacia,Est. Av. Rojas,Ciudad Alsacia,22/03/2022,8,9,12.09115664,GRAN AMÉRICAS FONTIBON I,KF333-3,7,6,5:00 a. m. - 9:00 p. m.,,,1,4,2,1,1,2,2,12436,1,{4B9BA402-D8A2-4715-A2E0-A30572EB6936},editorInfraSTS,2026/06/30 20:23:12+00,editorInfraSTS,2026/07/17 21:30:33+00,12091.1566368939
10977,AAA,HA702,El Uval - El Guavio,El Uval,El Guavio,16/01/2021,5,3,44.85557529,GRAN AMERICAS USME III,HA702-3,13,12,3:30 a. m. - 10:00 p. m.,3:30 a. m. - 10:00 p. m.,4:30 a. m. - 9:30 p. m.,1,3,1,3,1,2,2,11824,1,{4C41B18E-616D-4F64-BD04-2E8643180FB3},editorInfraSTS,2026/06/30 20:22:49+00,editorInfraSTS,2026/07/17 21:30:33+00,44855.5752942843
10978,SCR,7,Consuelo - Palmitas,Palmitas,Consuelo,17/07/2013,8,3,44.57854765,MASIVO CAPITAL KE,7-3,13,8,3:00 a. m. - 10:30 p. m.,3:30 a. m. - 10:00 p. m.,4:30 a. m. - 9:30 p. m.,1,4,1,3,1,2,2,12121,1,{4C4FC790-0AD6-42C6-B4C5-D449B65331FF},editorInfraSTS,2026/06/30 20:24:33+00,editorInfraSTS,2026/07/17 21:30:33+00,44578.5476493917
10979,LLL,LG807,San Blas - Bosa Carbonell,Bosa Carbonell,San Blas,19/04/2021,7,4,33.01876543,CONSORCIO EXPRESS SAN CRISTOBALD,LG807-3,13,9,3:00 a. m. - 10:00 p. m.,3:00 a. m. - 10:00 p. m.,4:00 a. m. - 9:00 p. m.,1,4,1,3,1,2,2,10631,1,{4C62A641-E00D-47B1-86F1-FE03F32FA413},editorInfraSTS,2026/06/30 20:23:18+00,editorInfraSTS,2026/07/17 21:30:33+00,33018.7654309334
10980,NA,LK812,Villa Del Cerro - Terminal Salitre,Villa Del Cerro,Terminal Salitre,29/11/2021,4,9,19.64765095,CONSORCIO EXPRESS SAN CRISTOBALD,LK812-3,6,13,3:30 a. m. - 8:00 p. m.,3:30 a. m. - 9:00 p. m., ,1,4,1,3,1,2,2,12934,1,{4C785CDE-2E97-4D09-9E71-89A79D0676C3},editorInfraSTS,2026/06/30 20:23:46+00,editorInfraSTS,2026/07/17 21:30:33+00,37573.8724296474
10981,CBO,T25,Potosí - Terminal Norte,Potosí,Terminal Norte,2/06/2015,11,19,39.89852552,CONSORCIO EXPRESS USAQUEN N,T25-1,2,11,3:00 a. m. - 10:00 p. m.,3:00 a. m. - 10:00 p. m.,4:00 a. m. - 9:00 p. m.,1,3,1,3,1,2,2,12516,1,{4CAE4CD5-CD5D-4877-A84E-9ACD2E618DE8},editorInfraSTS,2026/06/30 20:19:26+00,editorInfraSTS,2026/07/17 21:29:38+00,39898.5255212564
10982,NA,DD212,Engativá Centro - Portal 80,Engativá Centro,Portal 80,18/07/2022,10,10,12.89183256,GMOVIL ENGATIVA E,DD212-3,5,5,4:00 a. m. - 12:00 a. m.,4:00 a. m. - 10:00 p. m.,,1,5,2,3,1,2,2,12744,1,{4CB85144-0963-47BF-914D-EFA262AA34C5},editorInfraSTS,2026/06/30 20:23:49+00,editorInfraSTS,2026/07/17 21:30:33+00,12891.8325630485
10983,HHH,HA606,San Joaquín - Chicó Norte,Chico Norte,San Joaquin,19/10/2020,2,19,49.15575605,SUMA CIUDAD BOLIVAR BC,HA606-3,11,1,4:00 a. m. - 9:00 p. m.,4:00 a. m. - 9:00 p. m.,5:00 a. m. - 8:00 p. m.,1,3,1,3,1,2,2,12965,1,{4CF08799-35FB-4C07-B6AE-443BC53CBBB2},editorInfraSTS,2026/06/30 20:22:44+00,editorInfraSTS,2026/07/17 21:30:33+00,49155.7560542964
10984,NA,GH529,Diana Turbay - Porvenir,Porvenir,Diana Turbay,31/10/2022,7,18,25.53807948,MASIVO CAPITAL KE,H529-1,12,8,4:00 a. m. - 10:00 p. m.,4:00 a. m. - 10:00 p. m.,,1,3,1,3,1,2,2,13160,1,{4D47BA6E-BA42-4C8B-8E0F-C41DEFD3ECC5},editorInfraSTS,2026/06/30 20:23:44+00,editorInfraSTS,2026/07/17 21:30:33+00,25538.0794788647
10985,USA,T26,Palermo Sur - Country Club,Palermo Sur,Country Club,13/08/2015,18,18,57.33923884,CONSORCIO EXPRESS USAQUEN N,T26-1,12,12,3:15 a. m. - 10:15 p. m.,3:15 a. m. - 10:15 p. m.,5:00 a. m. - 9:30 p. m.,1,4,1,3,1,2,2,12498,1,{4DE21A3B-4C5F-4EB4-9FEF-C19DAA1372F0},editorInfraSTS,2026/06/30 20:23:26+00,editorInfraSTS,2026/07/17 21:30:33+00,57339.2388443646
10986,FFF,FC404,Patio Bonito - Calle 170,Calle 170,Patio Bonito,9/11/2020,8,11,32.79532806,MASIVO CAPITAL KE,F404-1,8,3,4:00 a. m. - 11:00 p. m.,4:00 a. m. - 9:30 p. m.,5:00 a. m. - 9:00 p. m.,1,3,1,3,1,2,2,12402,1,{4E047C11-E405-4D91-9133-BF21F6EF5280},editorInfraSTS,2026/06/30 20:21:05+00,editorInfraSTS,2026/07/17 21:29:38+00,32795.3280564043
10987,HHH,HG712,Alfonso López - Bosa La Estación,Bosa La Estacion,Alfonso López,17/07/2021,7,5,34.88389172,GRAN AMERICAS USME III,HG712-3,12,9,4:00 a. m. - 10:30 p. m.,4:00 a. m. - 10:30 p. m.,5:00 a. m. - 10:00 p. m.,1,4,1,3,1,2,2,10012,1,{4E69E0FB-4B3B-4BF2-B9B7-37366AAAAB8C},editorInfraSTS,2026/06/30 20:22:59+00,editorInfraSTS,2026/07/17 21:30:33+00,34883.8917171897
10988,ALI,11-6,Las Mercedes,Portal Suba,Las Mercedes,6/03/2021,11,11,6.21030224,ESTE ES MI BUS CALLE 80 CO01,11-6a,3,3,4:30 a. m. - 12:30 a. m.,4:30 a. m. - 12:30 a. m.,4:30 a. m. - 11:30 p. m.,1,3,2,3,1,2,2,13062,1,{4EB66587-9EC2-4C56-8312-3F557ABD6D14},editorInfraSTS,2026/06/30 20:24:03+00,editorInfraSTS,2026/07/17 21:30:33+00,6210.30223641754
10989,NA,KB314,El Codito - Fontibón Refugio,Fontibón Refugio,El Codito,16/11/2021,9,1,33.1149587,ZMO FONTIBON V,B314-1,1,6,3:30 a. m. - 9:00 p. m.,3:30 a. m. - 9:00 p. m.,,1,4,1,2,1,2,2,12954,1,{4F2A0F2D-B809-4F16-9389-02E4BEE01BEA},editorInfraSTS,2026/06/30 20:23:53+00,editorInfraSTS,2026/07/17 21:30:33+00,33114.9587032665
10990,USA,E26B,Corpas - Cantón Norte,Corpas,Canton Norte,24/10/2013,11,1,36.51733559,CONSORCIO EXPRESS USAQUEN N,E26B-3,1,3,4:00 a. m. - 11:00 p. m.,4:00 a. m. - 10:00 p. m.,5:00 a. m. - 9:00 p. m.,1,3,1,3,1,2,1,10824,1,{4F4CD865-0BC3-4C90-AD36-4B016DD3A4E9},editorInfraSTS,2026/06/30 20:23:33+00,editorInfraSTS,2026/07/17 21:30:33+00,36517.3355935837
10991,ALI,10-8,Olarte Timiza,Portal Sur,Olarte - Timiza,9/05/2015,7,7,6.8636449,ETIB BO,10-8a,9,9,4:00 a. m. - 11:00 p. m.,4:00 a. m. - 9:00 p. m.,4:00 a. m. - 7:00 p. m.,1,3,2,3,1,2,2,10922,1,{4F7603EC-9438-465C-A6AA-1E45712EBB80},editorInfraSTS,2026/06/30 20:20:38+00,editorInfraSTS,2026/07/17 21:29:38+00,6863.64490364173
10992,PER,192,Unicentro - Catalina,Unicentro,Catalina,15/03/2014,8,1,54.84293119,ETIB BO,192-3,1,9,4:00 a. m. - 11:00 p. m.,4:00 a. m. - 11:00 p. m.,5:00 a. m. - 10:00 p. m.,1,3,1,3,1,2,2,13026,1,{4FBE948E-6527-4DA2-80C2-038644D474C9},editorInfraSTS,2026/06/30 20:21:53+00,editorInfraSTS,2026/07/17 21:30:33+00,54842.9311886404
10993,AAA,HA642,Rincón De Venecia - Porciúncula,Rincon De Venecia,Porciuncula,2/05/2023,6,6,41.92707018,ETIB BO,HA642-3,10,10,4:00 a. m. - 10:00 p. m.,4:00 a. m. - 10:00 p. m.,5:00 a. m. - 10:00 p. m.,1,4,1,3,1,2,2,12902,1,{50516660-07CF-46F1-96CF-93B783EF7B99},editorInfraSTS,2026/06/30 20:20:39+00,editorInfraSTS,2026/07/17 21:29:38+00,41927.0701778467
10994,HHH,GH543,Est. G. Santander - Timiza,Timiza,Gral Santander,18/11/2024,8,15,10.05891514,ETIB BO,GH543-3,10,8,4:30 a. m. - 10:00 p. m.,4:30 a. m. - 10:00 p. m.,6:00 a. m. - 7:00 p. m.,1,4,1,3,1,2,2,11884,1,{506D5A3C-C76E-4283-9C31-84C20C0C6F47},editorInfraSTS,2026/06/30 20:22:38+00,editorInfraSTS,2026/07/17 21:30:33+00,10058.9151391122
10995,CEN,T43A,Museo Nacional - Gaviotas,Gaviotas,Museo Nacional,29/06/2015,4,4,29.20900314,CONSORCIO EXPRESS SAN CRISTOBALD,T43A-3,13,13,4:00 a. m. - 9:00 p. m.,4:00 a. m. - 9:00 p. m.,5:00 a. m. - 9:00 p. m.,1,5,1,3,1,2,2,10599,1,{506EABE7-944E-4012-A859-31E00BB894CD},editorInfraSTS,2026/06/30 20:20:19+00,editorInfraSTS,2026/07/17 21:29:38+00,29209.0031447005
10996,ALI,11-8,La Gaitana,Portal Suba,La Gaitana,6/03/2021,11,11,7.33017871,ESTE ES MI BUS CALLE 80 CO01,11-8a,3,3,4:30 a. m. - 12:30 a. m.,8:00 a. m. - 12:30 a. m.,4:30 a. m. - 11:30 p. m.,1,3,2,3,2,2,2,10844,1,{5097E810-99B4-46A0-8AB4-7FCDF21E532E},editorInfraSTS,2026/06/30 20:19:57+00,editorInfraSTS,2026/07/17 21:29:38+00,7330.17870898063
10997,HHH,GH521,San Bernandino - Usme Chiguaza,San Bernardino,Usme Chiguaza,2/08/2021,7,5,48.26730628,ETIB BO,GH521-3,12,9,3:00 a. m. - 10:15 p. m.,3:00 a. m. - 10:15 p. m.,4:00 a. m. - 9:15 p. m.,1,4,1,3,1,2,2,12200,1,{50A1785A-5B84-4AC1-A19F-921C2AD495CA},editorInfraSTS,2026/06/30 20:23:36+00,editorInfraSTS,2026/07/17 21:30:33+00,48267.3062768292
10998,NA,9-10,Roma,Portal Americas,Roma,17/02/2014,8,8,10.57965852,MASIVO CAPITAL KE,9-10a,8,8,4:00 a. m. - 12:30 a. m.,4:00 a. m. - 12:30 a. m.,,1,3,2,3,1,2,2,11010,1,{50F02E23-6C51-4C58-B949-677BD6FA51D0},editorInfraSTS,2026/06/30 20:23:42+00,editorInfraSTS,2026/07/17 21:30:33+00,10579.6585237658
10999,LLL,KL329,Fontibón Brisas - San Martín De Loba,Fontibón Brisas,San Martin De Loba,11/05/2022,9,4,31.2070433,GMOVIL ENGATIVA E,L329-1,13,6,3:30 a. m. - 9:30 p. m.,3:30 a. m. - 9:30 p. m.,,1,4,1,3,1,2,2,12944,1,{52A02D6A-4CBB-479B-AD1E-FB4EC83A905B},editorInfraSTS,2026/06/30 20:21:27+00,editorInfraSTS,2026/07/17 21:29:38+00,31207.043295404
11000,CEN,T48,Nueva Castilla - Puente Aranda,Nueva Castilla,Puente Aranda,18/04/2016,8,8,22.79069668,ESTE ES MI BUS TINTAL TZ,T48-3,7,7,4:00 a. m. - 10:00 p. m.,4:00 a. m. - 10:00 p. m.,5:00 a. m. - 9:00 p. m.,1,3,1,3,1,2,2,12544,1,{52A69673-3DFF-45FA-86D5-EF961EF694F4},editorInfraSTS,2026/06/30 20:21:01+00,editorInfraSTS,2026/07/17 21:29:38+00,22790.6966773269
11001,ALI,16-7,La Estancia,Portal El Dorado,La Estancia,26/12/2020,9,9,16.41005917,GRAN AMÉRICAS FONTIBON I,16-7a,6,6,4:30 a. m. - 12:20 a. m.,4:30 a. m. - 12:20 a. m.,4:30 a. m. - 11:20 p. m.,1,3,2,3,1,2,2,11901,1,{52C6151F-CE83-4572-A8AB-BA6B352BFC4F},editorInfraSTS,2026/06/30 20:21:24+00,editorInfraSTS,2026/07/17 21:29:38+00,16410.0591729397
11002,HHH,KH317,Aeropuerto - Tunal,Aeropuerto,C.C. Tunal,11/05/2022,6,9,22.79770548,GMOVIL ENGATIVA E,H317-1,11,6,3:30 a. m. - 9:00 p. m.,3:30 a. m. - 9:00 p. m.,4:00 a. m. - 8:00 p. m.,1,3,1,3,1,2,2,10376,1,{52D0081B-4CF1-4444-A95E-CCDF05F682DB},editorInfraSTS,2026/06/30 20:20:15+00,editorInfraSTS,2026/07/17 21:29:38+00,22797.7054827026
11003,NOR,P49,Villa Gladys - Terminal Norte,Villa Gladys,Terminal Norte,30/10/2013,10,11,52.63767507,CONSORCIO EXPRESS USAQUEN N,P49-3,2,5,3:00 a. m. - 10:30 p. m.,3:30 a. m. - 10:30 p. m.,4:30 a. m. - 9:00 p. m.,1,4,1,3,1,2,2,10848,1,{54273EE6-23E1-4E37-A5D7-8AAFE26FCFDE},editorInfraSTS,2026/06/30 20:23:24+00,editorInfraSTS,2026/07/17 21:30:33+00,52637.6750670478
11004,CBO,P44,Bosa Santa Fe - Arabia,Bosa Santa Fe,Arabia,17/03/2014,7,19,33.30097746,SUMA CIUDAD BOLIVAR BC,P44-3,11,8,3:15 a. m. - 10:00 p. m.,3:15 a. m. - 10:00 p. m.,4:30 a. m. - 9:00 p. m.,1,4,1,3,1,2,2,12972,1,{54F11BDA-DBA8-4EB1-BEAD-E37B6ED5896C},editorInfraSTS,2026/06/30 20:23:23+00,editorInfraSTS,2026/07/17 21:30:33+00,33300.9774613942
11005,AAA,LA818,Aguas Claras - Galerías,Aguas Claras,Galerías,1/08/2022,4,13,27.87475792,CONSORCIO EXPRESS SAN CRISTOBALD,LA818-3,0,13,4:00 a. m. - 10:00 p. m.,4:00 a. m. - 10:00 p. m.,4:00 a. m. - 9:00 p. m.,1,4,1,3,1,2,1,13003,1,{550F4F2C-4730-4C60-A297-CE7F08D02DCA},editorInfraSTS,2026/06/30 20:23:16+00,editorInfraSTS,2026/07/17 21:30:33+00,27874.7579163444
11006,HHH,HA611,Santo Domingo - Est. Calle 100,Est. Calle 100,Santo Domingo,19/12/2020,2,19,46.20392981,ETIB BO,HA611-3,10,0,3:30 a. m. - 11:00 p. m.,3:30 a. m. - 11:00 p. m.,5:00 a. m. - 10:00 p. m.,1,4,1,3,1,2,2,13022,1,{5542F8B3-AC1B-465E-807D-62360F53AB5F},editorInfraSTS,2026/06/30 20:22:46+00,editorInfraSTS,2026/07/17 21:30:33+00,46203.92981343
11007,USA,T21,Clínica Corpas- Cantón Norte,Clínica Corpas-Conejera,Canton Norte,30/06/2015,11,11,47.91533063,CONSORCIO EXPRESS USAQUEN N,T21-3,3,3,4:00 a. m. - 11:00 p. m.,4:00 a. m. - 11:00 p. m.,5:00 a. m. - 10:00 p. m.,1,3,1,3,1,2,2,10697,1,{559D07DD-F279-430A-B662-93354ABF0B09},editorInfraSTS,2026/06/30 20:20:23+00,editorInfraSTS,2026/07/17 21:29:38+00,47915.3306283485
11008,GGG,GF511,Portal Américas - Porvenir,Porvenir,Portal Americas,23/03/2021,7,7,7.99090445,MASIVO CAPITAL KE,GF511-3,8,8,3:45 a. m. - 11:00 p. m.,4:00 a. m. - 11:00 p. m.,5:00 a. m. - 10:00 p. m.,1,3,2,3,1,2,2,10664,1,{55D95BB9-EAC6-41D2-A24F-9C08C8E3D1F8},editorInfraSTS,2026/06/30 20:20:47+00,editorInfraSTS,2026/07/17 21:29:38+00,7990.90444842294
11009,ALI,16-3,Av. Eldorado Alamos,Portal El Dorado,Av. Eldorado - Alamos,9/02/2013,10,10,7.08255461,GMOVIL ENGATIVA E,16-3a,5,5,4:30 a. m. - 12:15 a. m.,4:30 a. m. - 12:20 a. m.,4:30 a. m. - 11:30 p. m.,1,3,2,3,1,2,2,10936,1,{55F33A83-236A-48F3-BA8C-3058EE9CAE14},editorInfraSTS,2026/06/30 20:18:35+00,editorInfraSTS,2026/07/17 21:29:38+00,7082.55461473188
11010,CCC,CH116,San Carlos - Fontanar Del Rio,San Carlos,Fontanar Del Rio,12/07/2021,6,11,63.1492567,ESTE ES MI BUS CALLE 80 CO01,CH116-3,3,11,3:30 a. m. - 10:30 p. m.,3:30 a. m. - 10:00 p. m.,5:00 a. m. - 9:00 p. m.,1,3,1,3,1,2,2,12800,1,{56071A50-D244-49B2-9BBE-E944FAB71DC6},editorInfraSTS,2026/06/30 20:22:24+00,editorInfraSTS,2026/07/17 21:30:33+00,63149.2566965094
11012,ALI,9-7,Bosa La Independencia,Portal Americas,Bosa La Independencia,17/02/2014,8,8,8.72039094,MASIVO CAPITAL KE,9-7a,8,8,4:00 a. m. - 12:30 a. m.,4:00 a. m. - 12:30 a. m.,4:00 a. m. - 11:30 p. m.,1,3,2,3,1,2,2,11042,1,{57B1E065-A18A-49CB-8B06-5A37BCF6FE24},editorInfraSTS,2026/06/30 20:20:50+00,editorInfraSTS,2026/07/17 21:29:38+00,8720.39093735621
11013,BBB,FB419,Lijacá- Nueva Castilla,Nueva Castilla,Lijaca,15/11/2022,1,8,32.92382712,ESTE ES MI BUS TINTAL TZ,B419-1,1,8,3:00 a. m. - 10:00 p. m.,3:30 a. m. - 10:30 p. m.,4:00 a. m. - 10:00 p. m.,1,3,1,3,1,2,2,11150,1,{57C20642-12A4-4A90-B8E9-FB62CD008160},editorInfraSTS,2026/06/30 20:21:02+00,editorInfraSTS,2026/07/17 21:29:38+00,32923.8271191015
11014,USA,E43,Villa Gloria - Chicó,Villa Gloria,Chico,25/02/2014,11,11,35.64387807,CONSORCIO EXPRESS USAQUEN N,E43-3,3,3,4:00 a. m. - 11:00 p. m.,4:00 a. m. - 11:00 p. m.,5:00 a. m. - 10:00 p. m.,1,4,1,3,1,2,2,10809,1,{594B814D-E021-4947-9210-61DC1F49A2CC},editorInfraSTS,2026/06/30 20:20:22+00,editorInfraSTS,2026/07/17 21:29:38+00,35643.8780725522
11015,KKK,KL329,Fontibón Brisas - San Martín De Loba,San Martin De Loba,Fontibón Brisas,11/05/2022,9,4,33.7486312,GMOVIL ENGATIVA E,K329-2,6,13,3:30 a. m. - 9:30 p. m.,3:30 a. m. - 9:30 p. m.,,1,4,1,3,1,2,2,13070,1,{598D4863-5C7A-4779-8475-D23BA1E1F62F},editorInfraSTS,2026/06/30 20:21:18+00,editorInfraSTS,2026/07/17 21:29:38+00,33748.6312004204
11016,ESP,18-11_AM,Unicerros - Unicentro Am,Unicerros,Unicerros, ,1,1,7.12495927,CONSORCIO EXPRESS USAQUEN N,18-11e AM,1,1,4:30 p. m. - 12:00 p. m. ,4:30 a. m. - 10:00 p. m.,,1,5,4,3,3,2,2,0,1,{5A3F6F3D-BEA6-4255-BC9D-EFF5E39705DC},editorInfraSTS,2026/06/30 20:20:59+00,editorInfraSTS,2026/07/17 21:32:02+00,7124.95927049318
11017,ALI,6-5C,Arabia,Portal Tunal,Arabia,26/03/2015,6,6,12.94175732,SUMA CIUDAD BOLIVAR BC,6-5Ca,11,11,4:00 a. m. - 12:30 a. m.,4:00 a. m. - 12:30 a. m.,,1,3,2,2,1,2,2,11001,1,{5BC40066-2E74-421F-AF6C-3ED4EB715CAA},editorInfraSTS,2026/06/30 20:18:50+00,editorInfraSTS,2026/07/17 21:29:38+00,12941.7573232664
11018,BBB,BK905,Serrezuela - Puente Aéreo,Puente Aéreo,Serrezuela,28/12/2020,9,1,51.01919094,CONSORCIO EXPRESS USAQUEN N,BK905-3,1,6,4:00 a. m. - 11:00 p. m.,4:00 a. m. - 11:00 p. m.,5:00 a. m. - 10:00 p. m.,1,5,1,3,1,2,2,10791,1,{5BFF42F9-56A0-4F1C-B7E5-125EB017039C},editorInfraSTS,2026/06/30 20:22:13+00,editorInfraSTS,2026/07/17 21:30:33+00,51019.1909371766
11019,ALI,8-1,Kennedy Central,Banderas,Kennedy Central,17/02/2014,8,8,4.69371167,MASIVO CAPITAL KE,8-1a,8,8,4:00 a. m. - 12:20 a. m.,4:00 a. m. - 12:20 a. m.,4:00 a. m. - 11:20 p. m.,1,3,2,3,1,2,2,10913,1,{5C415D07-8092-4C7C-B524-391726715892},editorInfraSTS,2026/06/30 20:19:12+00,editorInfraSTS,2026/07/17 21:29:38+00,4693.71167352396
11020,BBB,BB908,Est. Pepe Sierra,Pepe Sierra,Hacienda Santa Barbara,19/04/2021,1,1,6.4969641,CONSORCIO EXPRESS USAQUEN N,B908-3,1,1,5:00 a. m. - 8:00 p. m.,5:00 a. m. - 8:00 p. m.,5:00 a. m. - 8:00 p. m.,1,3,2,3,1,2,2,10769,1,{5D6001A6-08D2-4B4C-AF4F-858D7EADC9A9},editorInfraSTS,2026/06/30 20:19:39+00,editorInfraSTS,2026/07/17 21:29:38+00,6496.96409849073
11021,ALI,16-8,Zona Franca,Portal El Dorado,Zona Franca,26/12/2020,9,9,15.14696362,GRAN AMÉRICAS FONTIBON I,16-8a,6,6,4:30 a. m. - 12:20 a. m.,4:30 a. m. - 12:20 a. m.,4:30 a. m. - 12:20 a. m.,1,3,2,3,1,2,2,10292,1,{5E688D94-598E-48A9-98DE-C0BF60E8B70C},editorInfraSTS,2026/06/30 20:19:18+00,editorInfraSTS,2026/07/17 21:29:38+00,15146.9636187462
11022,ALI,13-9,Tihuaque,Portal 20 Julio,Tihuaque,7/08/2013,4,4,21.78056652,CONSORCIO EXPRESS SAN CRISTOBALD,13-9a,13,13,4:00 a. m. - 12:30 a. m.,4:00 a. m. - 12:30 a. m.,4:30 a. m. - 11:20 p. m.,1,3,2,3,1,2,1,10996,1,{5E6B5E7C-494B-46DE-B035-615713685420},editorInfraSTS,2026/06/30 20:18:44+00,editorInfraSTS,2026/07/17 21:29:38+00,21780.5665169216
11023,BBB,KB326,PRADO GRANDE - UNICENTRO,Unicentro,Prado Grande,11/05/2022,9,1,22.42080169,Consorcio Express N,KB326-3,6,1,4:00 a. m. - 9:30 p. m.,4:00 a. m. - 9:30 p. m.,6:00 a. m. - 8:00 p. m.,1,3,1,3,1,2,3,11765,1,{5F44CF68-A154-4D12-9EE8-4E01DCC18301},editorInfraSTS,2026/06/30 20:24:43+00,editorInfraSTS,2026/07/17 21:32:02+00,45288.2964229783
11024,ALI,9-9,Bosa Santafé,Portal Americas,Bosa Santa Fe,17/02/2014,8,8,9.29303042,MASIVO CAPITAL KE,9-9a,8,8,4:00 a. m. - 12:30 a. m.,4:00 a. m. - 12:30 a. m.,4:00 a. m. - 11:30 p. m.,1,3,2,3,1,2,2,12999,1,{5FDD6562-7D11-41F8-9700-FAAF65CB8F03},editorInfraSTS,2026/06/30 20:20:42+00,editorInfraSTS,2026/07/17 21:29:38+00,9293.03041878929
11025,KKK,LK810,Fontibón Brisas - Gaviotas,Gaviotas,Fontibón Brisas,25/10/2021,4,9,29.21909084,CONSORCIO EXPRESS SAN CRISTOBALD,K810-1,6,13,3:00 a. m. - 9:00 p. m.,3:30 a. m. - 8:00 p. m.,4:00 a. m. - 8:00 p. m.,1,4,1,3,1,2,2,10629,1,{600C761A-8B69-4FEE-B92E-CB49672E8E45},editorInfraSTS,2026/06/30 20:20:00+00,editorInfraSTS,2026/07/17 21:29:38+00,29219.0908372037
11026,BOS,191,Metrovivienda - Unicentro,Unicentro,Metrovivienda,11/10/2014,1,7,63.96757452,CONSORCIO EXPRESS USAQUEN N,191-3,8,1,3:30 a. m. - 10:30 p. m.,3:30 a. m. - 10:30 p. m.,5:00 a. m. - 9:30 p. m.,1,5,1,3,1,2,2,12496,1,{602A01AD-26DE-4013-A57F-ACB7E4084A7B},editorInfraSTS,2026/06/30 20:21:52+00,editorInfraSTS,2026/07/17 21:30:33+00,63967.5745159001
11027,COM,19-10,Prado,Prado,Ciudad Jardin Norte,16/08/2016,11,11,6.9164964,MASIVO CAPITAL SO,19-10c,2,2,5:00 a. m. - 9:00 p. m.,6:00 a. m. - 9:00 p. m.,,1,5,2,3,1,2,2,10405,1,{609326D4-E550-4102-98AF-68FAD7E53CD4},editorInfraSTS,2026/06/30 20:18:43+00,editorInfraSTS,2026/07/17 21:29:38+00,6916.49639623804
11028,HHH,HH710,El Progreso - Portal Usme,Portal Usme,El Progreso,17/07/2021,5,5,13.15456284,GRAN AMERICAS USME III,HH710-3,12,12,3:40 a. m. - 12:30 a. m.,3:40 a. m. - 12:30 a. m.,3:40 a. m. - 11:30 p. m.,1,4,2,3,1,2,2,10004,1,{60E109D1-F748-48F4-8120-11AAF3E72650},editorInfraSTS,2026/06/30 20:19:45+00,editorInfraSTS,2026/07/17 21:29:38+00,13154.5628417229
11029,KKK,KB303,Hb-Fontibón-Unicentro,Unicentro,Hb-Fontibón,9/01/2021,9,1,26.56199247,E-SOMOS FONTIBON II,K303-2,7,1,4:00 a. m. - 11:30 p. m.,4:00 a. m. - 11:30 p. m.,5:00 a. m. - 10:30 p. m.,1,3,1,3,1,2,2,12392,1,{6225F348-887C-46EE-B8E9-199428180E98},editorInfraSTS,2026/06/30 20:21:21+00,editorInfraSTS,2026/07/17 21:29:38+00,26561.9924719443
11030,AAA,HA720,Ciudadela Usme - 7 De Agosto,Ciudadela Usme,7 De Agosto,20/08/2022,5,12,27.59658107,MUEVE USME UB,HA720-3,0,12,3:30 a. m. - 10:00 p. m.,3:30 a. m. - 10:00 p. m.,4:30 a. m. - 9:00 p. m.,1,3,1,3,1,2,2,11998,1,{6249A280-A872-4F9F-A360-885662439A87},editorInfraSTS,2026/06/30 20:20:27+00,editorInfraSTS,2026/07/17 21:29:38+00,55395.0065906033
11031,GGG,GG525,Bosa La Estación - Porvenir,Porvenir,Bosa Estacion,18/04/2022,7,7,18.71624715,MASIVO CAPITAL KE,G525-3,8,8,4:00 a. m. - 11:00 p. m.,4:00 a. m. - 10:30 p. m.,5:00 a. m. - 10:00 p. m.,1,5,2,3,1,2,2,10657,1,{6321D86F-746B-4E91-A73A-4C9FFCB40980},editorInfraSTS,2026/06/30 20:20:43+00,editorInfraSTS,2026/07/17 21:29:38+00,18716.2471517456
11032,BOS,Z8,Toberín- Metrovivienda,Toberín,Metrovivienda,19/10/2013,1,7,75.60071384,CONSORCIO EXPRESS USAQUEN N,Z8-3,8,1,3:00 a. m. - 10:00 p. m.,3:00 a. m. - 10:00 p. m.,4:30 a. m. - 9:00 p. m.,1,4,1,3,1,2,2,12497,1,{63A65FFE-3CBE-4EAB-A03B-185FA706D145},editorInfraSTS,2026/06/30 20:23:29+00,editorInfraSTS,2026/07/17 21:30:33+00,75600.713837017
11033,ALI,9-11,Franja Seca,Portal Americas,Franja Seca,14/06/2014,8,8,6.0854059,MASIVO CAPITAL KE,9-11a,8,8,4:00 a. m. - 12:30 a. m.,4:00 a. m. - 12:30 a. m.,4:00 a. m. - 11:30 p. m.,1,3,2,3,1,2,2,12904,1,{63AC0F78-6ADB-4607-8871-D71617FB727B},editorInfraSTS,2026/06/30 20:20:50+00,editorInfraSTS,2026/07/17 21:29:38+00,6085.40590206529
11034,CEN,SE10,Engativá Centro - Germania,Engativá Centro,Germania,17/11/2012,10,10,40.6471212,GMOVIL ENGATIVA E,SE10-3,5,5,4:00 a. m. - 11:00 p. m.,4:00 a. m. - 11:00 p. m.,5:00 a. m. - 10:00 p. m.,1,5,1,3,1,2,2,12741,1,{6440FD98-7DA0-4315-9AAE-71C8C14471F1},editorInfraSTS,2026/06/30 20:19:22+00,editorInfraSTS,2026/07/17 21:29:38+00,40647.1211967761
11035,FFF,FF402,Palmitas - Est. Banderas,Palmitas,Banderas,26/10/2020,8,8,11.70569281,MASIVO CAPITAL KE,FF402-3,8,8,3:40 a. m. - 11:45 p. m.,4:00 a. m. - 10:00 p. m.,5:00 a. m. - 10:00 p. m.,1,5,2,3,1,2,2,12745,1,{646A04C1-938E-4DF4-BA65-3CFB777109B1},editorInfraSTS,2026/06/30 20:24:26+00,editorInfraSTS,2026/07/17 21:30:33+00,11705.6928074566
11036,CHA,P500,Aeropuerto - Centro Andino,Aeropuerto,Centro Andino,29/09/2012,9,9,33.16178378,GMOVIL ENGATIVA E,P500-3,6,6,4:00 a. m. - 10:00 p. m.,5:00 a. m. - 9:30 p. m.,,1,4,1,2,1,2,2,11081,1,{64BD500B-BF10-4D33-80BD-005085C524B1},editorInfraSTS,2026/06/30 20:19:35+00,editorInfraSTS,2026/07/17 21:29:38+00,33161.7837803052
11037,ALI,6-4,Paraíso,Portal Tunal,Paraiso,26/03/2015,6,6,14.11497278,SUMA CIUDAD BOLIVAR BC,6-4a,11,11,4:00 a. m. - 12:30 a. m.,4:00 a. m. - 12:30 a. m.,4:00 a. m. - 11:30 p. m.,1,3,2,3,1,2,2,12354,1,{64D519E3-729A-4513-898F-CAB7F40BFB5E},editorInfraSTS,2026/06/30 20:20:04+00,editorInfraSTS,2026/07/17 21:30:33+00,14114.9727840883
11039,ALI,7-3,Ingles,Calle 40 Sur,Ingles,31/01/2022,18,18,6.12919845,SUMA CIUDAD BOLIVAR BC,7-3a,11,11,4:00 a. m. - 12:30 a. m.,4:00 a. m. - 12:30 a. m.,4:00 a. m. - 11:30 p. m.,1,3,2,3,1,2,2,12121,1,{6529E9FD-D0EC-4524-874B-4C5AB223D47E},editorInfraSTS,2026/06/30 20:20:10+00,editorInfraSTS,2026/07/17 21:29:38+00,6129.1984532208
11040,COL,T62,Metrovivienda - Casablanca,Metrovivienda,Casablanca,25/11/2019,7,11,41.44318327,MASIVO CAPITAL SO,T62-1,3,8,4:00 a. m. - 10:00 p. m.,3:30 a. m. - 10:30 p. m.,5:00 a. m. - 10:00 p. m.,1,4,1,3,1,2,2,10550,1,{654CECB1-BF88-4062-87A0-D9888E456136},editorInfraSTS,2026/06/30 20:21:04+00,editorInfraSTS,2026/07/17 21:29:38+00,41443.1832747128
11041,HHH,HA725,El Tuno - Las Nieves,El Tuno,Las Nieves,20/08/2022,5,5,39.52681727,MUEVE USME UB,HA725-3,12,12,3:30 a. m. - 10:00 p. m.,3:30 a. m. - 10:00 p. m.,4:30 a. m. - 9:00 p. m.,1,4,1,3,1,2,2,11705,1,{6561B0EE-7AA1-4DE2-96DE-52303331E05F},editorInfraSTS,2026/06/30 20:20:29+00,editorInfraSTS,2026/07/17 21:29:38+00,39526.8172650771
11042,GGG,GA506,Catalina II-Galerías,Galerías,Catalina II,9/05/2020,13,8,40.11892775,ETIB BO,GA506-3,9,0,4:00 a. m. - 9:00 p. m.,4:00 a. m. - 9:00 p. m.,5:00 a. m. - 9:00 p. m.,1,4,1,3,1,2,2,12804,1,{6755B9F2-3793-43E7-8031-56C09BC348ED},editorInfraSTS,2026/06/30 20:21:44+00,editorInfraSTS,2026/07/17 21:29:38+00,40118.9277468759
11043,FFF,FF423,Favidi,Banderas,Favidi,05/12/2022,8,8,9.08230856,ESTE ES MI BUS TINTAL TZ,FF423-3,7,7,4:00 a. m. - 9:00 a. m. _ 4:00 p. m. - 9:00 p. m.,,,1,3,2,1,3,2,2,10713,1,{67C00A78-2632-4F5E-92EF-D66FFB78F569},editorInfraSTS,2026/06/30 20:20:36+00,editorInfraSTS,2026/07/17 21:29:38+00,9082.30855900765
11044,ALI,1-7,Quirigua,Portal 80,Quirigua,26/03/2015,10,10,5.00006787,ESTE ES MI BUS CALLE 80 CO01,1-7a,4,4,4:30 a. m. - 12:30 a. m.,4:30 a. m. - 12:30 a. m.,4:30 a. m. - 11:30 p. m.,1,3,2,3,1,2,2,11034,1,{67D7D79E-C28D-4C89-85E2-4F3438756866},editorInfraSTS,2026/06/30 20:19:14+00,editorInfraSTS,2026/07/17 21:29:38+00,5000.06786607946
11045,ALI,3-4,Alfonso López,Portal Usme,Alfonso López,22/05/2021,5,5,15.41006361,E-SOMOS ALIMENTACION,3-4a,12,12,4:00 a. m. - 12:30 a. m.,4:00 a. m. - 12:30 a. m.,4:00 a. m. - 11:30 p. m.,1,3,2,3,1,2,2,12137,1,{68488379-4AEA-4AB3-A86D-D66DE38FD496},editorInfraSTS,2026/06/30 20:21:25+00,editorInfraSTS,2026/07/17 21:29:38+00,15410.0636134206
11046,SOC,SanMateo,San Mateo,Portal Sur,San Mateo,26/05/2016,7,0,7.48396016,ETIB BO,SanMateo,14,9,4:00 a. m. - 11:00 p. m.,4:00 a. m. - 11:00 p. m.,,1,3,2,2,1,2,2,10956,1,{6897242A-5D4D-4254-98A8-AFA4C54EB237},editorInfraSTS,2026/06/30 20:20:34+00,editorInfraSTS,2026/07/17 21:29:38+00,7483.96015545388
11047,USA,T795,Corpas - Estación Calle 100,Corpas,Estacion Calle 100,5/12/2016,11,11,26.95857256,CONSORCIO EXPRESS USAQUEN N,T795-3,3,3,4:00 a. m. - 10:30 p. m.,4:00 a. m. - 10:30 p. m.,5:00 a. m. - 10:00 p. m.,1,3,1,3,1,2,1,10719,1,{69099490-2ED8-423E-BFD3-152A9CE97C34},editorInfraSTS,2026/06/30 20:19:43+00,editorInfraSTS,2026/07/17 21:29:38+00,26958.5725649769
11048,HHH,HH719,El Destino,Usme Centro,El Destino,20/08/2022,5,5,30.35592705,MUEVE USME UB,HH719-3,12,12,"5:15 a. m., 6:45 a. m., 5:00 p. m., 6:00 p. m. ",,,1,4,4,1,1,2,1,12654,1,{69258B24-5FFA-42B2-A84D-9141525340A0},editorInfraSTS,2026/06/30 20:21:43+00,editorInfraSTS,2026/07/17 21:29:38+00,30355.9270525427
11049,FFF,FG414,Villa Alexandra - Hospital Kennedy,Villa Alexandra,Hospital Kennedy,17/08/2021,8,8,13.65046049,MASIVO CAPITAL KE,FG414-3,8,8,5:00 a. m. - 8:00 p. m.,5:00 a. m. - 8:00 p. m.,5:00 a. m. - 7:00 p. m.,1,5,2,3,1,2,2,11060,1,{69335455-E029-43A7-9797-717B423E09D6},editorInfraSTS,2026/06/30 20:20:03+00,editorInfraSTS,2026/07/17 21:29:38+00,13650.4604903219
11050,SAL,614,Bolonia Usme - Montevideo,Bolonia Usme,Montevideo,31/08/2013,5,9,26.41337754,GMOVIL ENGATIVA E,614-1,6,12,3:30 a. m. - 11:00 p. m.,3:30 a. m. - 11:00 p. m.,4:30 a. m. - 10:00 p. m.,1,4,1,3,1,2,2,12327,1,{6A26378F-14F6-4611-965A-31433F4E0137},editorInfraSTS,2026/06/30 20:18:47+00,editorInfraSTS,2026/07/17 21:29:38+00,26413.3775412752
11051,CHA,E61,Casablanca - Porciúncula,Casablanca,Porciuncula,24/08/2013,11,11,27.06942931,MASIVO CAPITAL SO,E61-3,3,3,4:00 a. m. - 10:00 p. m.,4:00 a. m. - 9:00 p. m.,5:00 a. m. - 9:00 p. m.,1,4,1,3,1,2,2,10583,1,{6B2484E7-E730-4843-84DE-BDF4F9D42142},editorInfraSTS,2026/06/30 20:18:54+00,editorInfraSTS,2026/07/17 21:29:38+00,27069.4293118641
11052,NA,KL331,Fontibón Brisas - Nueva Delhi,Nueva Delhi,Fontibón Brisas,2/04/2022,4,9,31.65353444,ZMO FONTIBON V,K331-2,6,13,3:00 a. m. - 9:30 p. m.,3:00 a. m. - 9:30 p. m., ,1,4,1,3,1,2,2,12962,1,{6C49F370-AEF9-4A02-8692-5B51361E2C65},editorInfraSTS,2026/06/30 20:23:54+00,editorInfraSTS,2026/07/17 21:30:33+00,31653.5344398534
11053,CCC,CC146,Casablanca - Est. Calle 106,Casablanca Norte,Est. Calle 106,17/08/2021,11,11,3.27300508,MASIVO CAPITAL SO,CC146-3,3,3,4:00 a. m. - 11:00 p. m.,4:00 a. m. - 11:00 p. m.,9:00 a. m. - 7:00 p. m.,1,5,2,3,1,2,2,10449,1,{6DF8EADF-BC8F-4249-84A3-A8D856086025},editorInfraSTS,2026/06/30 20:19:46+00,editorInfraSTS,2026/07/17 21:29:38+00,3273.00507528276
11054,HHH,HA600,Jerusalén- Chapinero,Chapinero,Jerusalén,31/10/2020,12,19,43.97909749,ETIB BO,HA600-3,11,0,4:00 a. m. - 10:00 p. m.,4:00 a. m. - 9:00 p. m.,5:00 a. m. - 8:30 p. m.,1,4,1,3,1,2,2,10671,1,{6EDDDC4D-7B5F-456E-954E-EAFCFF9B2E99},editorInfraSTS,2026/06/30 20:22:42+00,editorInfraSTS,2026/07/17 21:30:33+00,43979.0974872135
11055,HHH,HL602,Galicia -Los Laches,Los Laches,Galicia,5/08/2024,3,19,48.44668989,ETIB BO,HL602-3,10,13,3:30 a. m. - 10:30 p. m.,3:30 a. m. - 10:30 p. m.,5:00 a. m. - 10:00 p. m.,1,4,1,3,1,2,2,12834,1,{6EEFF56C-D3EF-46ED-ADE7-D9B8F848134A},editorInfraSTS,2026/06/30 20:23:07+00,editorInfraSTS,2026/07/17 21:30:33+00,48446.6898933477
11056,ESP,10-12,Mochuelo Bajo - Paraiso,Mochuelo Bajo,Paraiso,23/07/2014,19,19,17.39588764,SUMA CIUDAD BOLIVAR BC,10-12e,11,11,4:00 a. m. - 9:00 p. m.,3:30 a. m. - 9:00 p. m.,4:30 a. m. - 8:00 p. m.,1,4,4,3,1,2,1,10510,1,{6F75CC1F-476C-425F-8AB7-10CBB8FF3D0D},editorInfraSTS,2026/06/30 20:19:03+00,editorInfraSTS,2026/07/17 21:29:38+00,17395.8876381139
11057,AAA,FA405,Camelia - Centro Internacional,Camelia,Centro Internacional,18/01/2021,16,3,16.84004001,ESTE ES MI BUS TINTAL TZ,FA405-3,0,8,4:00 a. m. - 9:00 p. m.,4:00 a. m. - 9:00 p. m.,5:00 a. m. - 8:00 p. m.,1,3,1,3,1,2,2,12657,1,{6F806D9B-7481-4CD5-BC77-DD6010D98E0C},editorInfraSTS,2026/06/30 20:22:32+00,editorInfraSTS,2026/07/17 21:30:33+00,16840.0400090507
11058,ALI,16-9,Fontibón Centro,Portal El Dorado,Fontibón Centro,26/12/2020,9,9,8.56688628,GRAN AMÉRICAS FONTIBON I,16-9a,6,6,4:30 a. m. - 12:20 a. m.,4:30 a. m. - 12:20 a. m.,4:30 a. m. - 11:20 p. m.,1,3,2,3,1,2,2,11672,1,{6FAF0F65-C143-4F80-9C4F-254FD3E83D6F},editorInfraSTS,2026/06/30 20:21:18+00,editorInfraSTS,2026/07/17 21:29:38+00,8566.88628284253
11059,HHH,HK646,Paraíso - Bulevar Niza,Bulevar Niza,Paraiso,12/03/2014,11,19,47.1692215,SUMA CIUDAD BOLIVAR BC,HK646-3,11,2,,,,1,3,1,3,1,2,2,13108,1,{6FE18D51-FCFA-464D-BB73-A48CD958F695},editorInfraSTS,2026/06/30 20:24:01+00,editorInfraSTS,2026/07/17 21:30:33+00,47169.221504833
11060,COM,15-3,Horacio Orjuela,Av. 1 Mayo,Horacio Orjuela,27/10/2012,4,4,9.64621073,CONSORCIO EXPRESS SAN CRISTOBALD,15-3c,13,13,4:00 a. m. - 11:00 p. m.,4:00 a. m. - 11:00 p. m.,5:00 a. m. - 9:30 p. m.,1,4,2,3,1,2,2,10529,1,{70331BFD-AEEA-4113-A98A-2054355282B0},editorInfraSTS,2026/06/30 20:20:06+00,editorInfraSTS,2026/07/17 21:29:38+00,9646.21072512033
11061,ENG,577,El Palmar - Diana Turbay,Diana Turbay,El Palmar,18/01/2014,18,10,37.77620532,GMOVIL ENGATIVA E,577-1,5,12,4:00 a. m. - 11:00 p. m.,4:00 a. m. - 11:00 p. m.,5:00 a. m. - 10:00 p. m.,1,4,1,3,1,2,2,12789,1,{70C19A67-D0DD-4DA0-B24D-A4A55F0F158D},editorInfraSTS,2026/06/30 20:19:36+00,editorInfraSTS,2026/07/17 21:29:38+00,37776.2053222977
11062,HHH,HA610,Paraíso - Chicó Norte,Chico Norte,Paraiso,9/11/2020,1,19,52.19403169,SUMA CIUDAD BOLIVAR BC,HA610-3,11,1,4:00 a. m. - 9:30 p. m.,4:00 a. m. - 9:30 p. m.,5:00 a. m. - 9:30 p. m.,1,3,1,3,1,2,2,12600,1,{70C9954A-9006-40A3-8977-0C6568CA5AC9},editorInfraSTS,2026/06/30 20:22:45+00,editorInfraSTS,2026/07/17 21:30:33+00,52194.0316877157
11063,LLL,FL416,Jazmin Occidental - La Castaña,Jazmin Occidental,La Castana,18/04/2022,8,4,34.53429111,MASIVO CAPITAL KE,FL416-3,13,8,3:30 a. m. - 10:30 p. m.,3:30 a. m. - 10:30 p. m.,4:30 a. m. - 9:00 p. m.,2,4,1,3,1,2,2,0,1,{7157D53B-5453-4A62-B3F6-F0EE96448C71},editorInfraSTS,2026/06/30 20:24:27+00,editorInfraSTS,2026/07/17 21:37:21+00,34534.2911128433
11064,NOR,T163,Perdomo - Calle 222,Perdomo,Calle 222,28/03/2015,19,11,45.00928751,MASIVO CAPITAL SO,T163-1,2,10,4:00 a. m. - 11:00 p. m.,4:00 a. m. - 11:00 p. m.,5:00 a. m. - 9:00 p. m.,1,3,1,3,1,2,2,12132,1,{718CCA89-A2AC-4951-A1CB-17480F8B9BC6},editorInfraSTS,2026/06/30 20:18:45+00,editorInfraSTS,2026/07/17 21:29:38+00,45009.2875058031
11065,ESP,18-14,Torca - Tibabita,Torca,Tibabita,16/02/2015,1,1,15.93222853,CONSORCIO EXPRESS USAQUEN N,18-14e,1,1,4:30 a. m. - 8:00 a. m. _ 1:00 p. m. - 8:00 p. m.,4:30 a. m. - 7:00 p. m.,5:00 a. m. - 6:00 p. m.,1,5,1,3,2,2,1,11471,1,{719E24DE-B2F5-4F4F-8D7E-58F143C9F9C7},editorInfraSTS,2026/06/30 20:19:17+00,editorInfraSTS,2026/07/17 21:29:38+00,15932.2285294539
11066,PER,T163,Perdomo - Calle 222,Calle 222,Perdomo,28/03/2015,19,11,41.5873008,MASIVO CAPITAL SO,T163-2,10,2,4:00 a. m. - 11:00 p. m.,5:00 a. m. - 11:00 p. m.,5:00 a. m. - 9:00 p. m.,1,3,1,3,1,2,2,12133,1,{7220C9AA-1218-479E-9042-0DD117D6D172},editorInfraSTS,2026/06/30 20:19:05+00,editorInfraSTS,2026/07/17 21:29:38+00,41587.3008006004
11067,FFF,CF154,Suba Nogales - Puente Aranda,Suba Nogales,Puente Aranda,4/09/2021,16,11,20202315,EMASIVO 16 SF,F154-1,7,3,5:00 a. m. - 11:30 p. m.,4:00 a. m. - 9:00 p. m.,4:30 a. m. - 8:00 p. m.,1,4,1,3,1,2,2,11728,1,{72409BB9-E5CD-460D-8F53-E7B6C5E9EFF5},editorInfraSTS,2026/06/30 20:24:42+00,editorInfraSTS,2026/07/17 21:30:33+00,20284.7224704099
11069,ALI,6-2,San Francisco,Portal Tunal,San Francisco,26/03/2015,6,6,5.17615025,SUMA CIUDAD BOLIVAR BC,6-2a,11,11,4:00 a. m. - 12:30 a. m.,4:00 a. m. - 12:30 a. m.,4:00 a. m. - 11:30 p. m.,1,3,2,3,1,2,2,10958,1,{72D9EB6F-DBB8-438B-BB2F-8965D0869938},editorInfraSTS,2026/06/30 20:19:58+00,editorInfraSTS,2026/07/17 21:29:38+00,5176.15025102374
11070,LLL,LA821,Universidades - Bicentenario,Bicentenario,Universidades,29/05/2023,3,3,17.68700124,CONSORCIO EXPRESS SAN CRISTOBALD,LA821-3,13,13,4:00 a. m. - 11:00 p. m.,4:00 a. m. - 11:00 p. m.,5:00 a. m. - 10:00 p. m.,1,4,2,3,1,2,2,13004,1,{72F27A18-6565-4581-9FD9-597E0305C9B7},editorInfraSTS,2026/06/30 20:20:40+00,editorInfraSTS,2026/07/17 21:29:38+00,17687.0012365025
11071,HHH,HC612,San Joaquín - Villa María,Villa María,San Joaquin,28/12/2020,11,19,58.99468819,SUMA CIUDAD BOLIVAR BC,HC612-3,11,3,3:30 a. m. - 10:00 p. m.,3:30 a. m. - 10:00 p. m.,4:30 a. m. - 10:00 p. m.,1,3,1,3,1,2,2,12089,1,{7300860C-32CF-44EE-B8E1-D76A787EEE33},editorInfraSTS,2026/06/30 20:22:54+00,editorInfraSTS,2026/07/17 21:30:33+00,58994.6881897616
11072,BBB,HB609,Arborizadora Alta - Unicentro,Arborizadora Alta,Unicentro,1/03/2021,19,1,60.70622943,SUMA CIUDAD BOLIVAR BC,HB609-3,1,11,4:00 a. m. - 9:30 p. m.,4:00 a. m. - 9:30 p. m.,5:00 a. m. - 8:00 p. m.,1,4,1,3,1,2,2,12083,1,{73139A0A-BBEE-487A-AB0E-8202E18850C2},editorInfraSTS,2026/06/30 20:22:52+00,editorInfraSTS,2026/07/17 21:30:33+00,60706.2294286744
11073,AAA,FA426,Galán - Est. Comuneros,Galan,Comuneros,18/10/2022,16,14,11.84313316,MASIVO CAPITAL KE,FA426-3,0,8,4:30 a. m. - 10:30 p. m.,4:30 a. m. - 11:00 p. m.,,1,4,1,2,1,2,2,10717,1,{73477C5F-24BD-4F1B-9F02-C445FEFE7500},editorInfraSTS,2026/06/30 20:22:32+00,editorInfraSTS,2026/07/17 21:30:33+00,11843.1331634555
11074,KKK,KH308,Puente Grande - El Tuno,El Tuno,Puente Grande,21/06/2021,9,5,28.73539561,GMOVIL ENGATIVA E,K308-2,6,12,3:00 a. m. - 9:30 p. m.,3:00 a. m. - 9:30 p. m.,4:30 a. m. - 9:00 p. m.,1,4,1,3,1,2,2,11205,1,{7349C517-23B5-4D9E-B899-5B97BC9D58D6},editorInfraSTS,2026/06/30 20:20:08+00,editorInfraSTS,2026/07/17 21:29:38+00,28735.3956052224
11075,AAA,CA124,Centro - Bilbao,Bilbao,Centro,7/08/2021,11,3,50.45856876,EMASIVO 10 ST,CA124-3,0,3,4:00 a. m. - 10:00 p. m.,4:00 a. m. - 10:00 p. m.,5:00 a. m. - 9:30 p. m.,1,3,1,3,1,2,2,12162,1,{7362B27A-074D-4820-A220-977838C4EC9C},editorInfraSTS,2026/06/30 20:21:39+00,editorInfraSTS,2026/07/17 21:29:38+00,50458.5687551383
11076,ALI,16-2,Engativá Centro,Portal El Dorado,Engativá Centro,30/06/2012,10,10,12.90838862,GMOVIL ENGATIVA E,16-2a,5,5,4:30 a. m. - 12:15 a. m.,4:30 a. m. - 12:20 a. m.,4:30 a. m. - 11:30 p. m.,1,3,2,3,1,2,2,12551,1,{736870FA-15F3-4040-BF0F-5486CBBB65EA},editorInfraSTS,2026/06/30 20:21:35+00,editorInfraSTS,2026/07/17 21:29:38+00,12908.3886235556
11077,FFF,FH408,Tierra Buena - Diana Turbay,Diana Turbay,Tierra Buena,5/04/2021,8,18,26.65977922,MASIVO CAPITAL KE,F408-1,8,12,4:00 a. m. - 11:00 p. m.,4:00 a. m. - 11:00 p. m.,5:00 a. m. - 10:00 p. m.,1,4,1,3,1,2,2,12737,1,{7427F949-D6C2-4BD9-911B-9BA98EC3CEA4},editorInfraSTS,2026/06/30 20:24:31+00,editorInfraSTS,2026/07/17 21:30:33+00,26659.7792170157
11078,ALI,11-10,Bilbao,Portal Suba,Bilbao,6/03/2021,11,11,9.00095776,ESTE ES MI BUS CALLE 80 CO01,11-10a,3,3,4:30 a. m. - 8:30 a. m. _ 5:00 p. m. - 10:30 p. m.,5:00 a. m. - 12:30 a. m.,4:30 a. m. - 11:30 p. m.,1,3,2,3,1,2,2,11026,1,{7490168A-4143-40DC-918F-F0420926467A},editorInfraSTS,2026/06/30 20:21:11+00,editorInfraSTS,2026/07/17 21:29:38+00,9000.95775576171
11080,BBB,KB303,Hb-Fontibón-Unicentro,Hb-Fontibón,Unicentro,9/01/2021,9,1,30.744041,E-SOMOS FONTIBON II,B303-1,1,7,4:00 a. m. - 11:30 p. m.,4:00 a. m. - 11:30 p. m.,5:00 a. m. - 10:30 p. m.,1,3,1,3,1,2,2,12391,1,{74E7E4E1-B9E1-44C2-80B6-62DDB43F39B6},editorInfraSTS,2026/06/30 20:21:21+00,editorInfraSTS,2026/07/17 21:29:38+00,30744.0409965172
11081,HHH,HB608,Arabia - Av. Calle 134,Av. Calle 134,Arabia,26/10/2020,1,19,53.25520891,SUMA CIUDAD BOLIVAR BC,HB608-3,11,1,4:00 a. m. - 9:00 p. m.,4:00 a. m. - 9:00 p. m.,5:00 a. m. - 8:00 p. m.,1,3,1,3,1,2,2,10505,1,{75E1F90D-7981-40A2-A1D2-2735AF1EBC1A},editorInfraSTS,2026/06/30 20:22:51+00,editorInfraSTS,2026/07/17 21:30:33+00,53255.2089145635
11082,HHH,HA704,El Uval - Germania,El Uval,Germania,16/01/2021,5,3,26.71981549,GRAN AMERICAS USME III,H704-2,12,0,5:30 a. m. - 10:30 p. m.,5:30 a. m. - 10:30 p. m.,6:00 a. m. - 10:30 p. m.,1,3,1,3,1,2,2,10227,1,{76C6B781-609F-4B67-83EA-E67714C3F026},editorInfraSTS,2026/06/30 20:19:30+00,editorInfraSTS,2026/07/17 21:29:38+00,26719.8154914383
11083,GGG,GG528,Est. Venecia,Est. Venecia,Boíta,25/07/2022,8,8,6.66129316,ETIB BO,G528-3,9,9,4:00 a. m. - 10:00 p. m.,4:00 a. m. - 10:00 p. m.,,1,4,1,2,1,2,2,12623,1,{76EA4BCB-7CCF-4FE2-BCE5-935A3C0D1F7B},editorInfraSTS,2026/06/30 20:20:20+00,editorInfraSTS,2026/07/17 21:29:38+00,6661.29315867301
11084,ALI,1-2,Garcés Navas,Portal 80,Garces Navas,26/03/2015,10,10,4.56435289,ESTE ES MI BUS CALLE 80 CO01,1-2a,4,4,4:30 a. m. - 12:30 a. m.,4:30 a. m. - 12:30 a. m.,4:30 a. m. - 11:30 p. m.,1,3,2,3,1,2,2,10999,1,{76EB199E-35A9-4A94-8B84-B7DBF7123DE9},editorInfraSTS,2026/06/30 20:18:42+00,editorInfraSTS,2026/07/17 21:29:38+00,4564.35289000719
11085,ALI,6-8,Vista Hermosa,Portal Tunal,Vista Hermosa,26/03/2015,6,6,8.53138125,SUMA CIUDAD BOLIVAR BC,6-8a,11,11,4:30 a. m. - 9:00 a. m. _ 4:00 p. m. - 8:30 p. m.,4:00 a. m. - 8:30 a. m.,,1,3,2,2,2,2,2,12361,1,{76FB1CFC-22B1-4D2E-8B51-BE0C145FD16B},editorInfraSTS,2026/06/30 20:20:05+00,editorInfraSTS,2026/07/17 21:29:38+00,8531.38124777846
11086,GGG,GF512,Parques De Bogotá- Portal Américas,Portal Americas,Parques De Bogotá,23/03/2021,8,7,18.67014939,MASIVO CAPITAL KE,GF512-3,9,8,3:40 a. m. - 11:45 p. m.,4:00 a. m. - 11:00 p. m.,5:00 a. m. - 10:00 p. m.,1,4,2,3,1,2,2,13098,1,{778FE486-E95F-448D-8B5E-9858C0CB5BB0},editorInfraSTS,2026/06/30 20:24:07+00,editorInfraSTS,2026/07/17 21:30:33+00,18670.1493924422
11087,BOS,576,Bosa Santa Fe - Engativá,Engativá,Bosa Santa Fe,26/03/2014,10,8,34.31194565,MASIVO CAPITAL KE,576-2,8,5,4:00 a. m. - 11:00 p. m.,4:00 a. m. - 10:00 p. m.,5:00 a. m. - 10:00 p. m.,1,5,1,3,1,2,2,12713,1,{77EC28E7-0615-44E4-B3D6-7F1F0461C5C8},editorInfraSTS,2026/06/30 20:20:40+00,editorInfraSTS,2026/07/17 21:29:38+00,34311.9456461792
11089,USA,E17,Villa Gloria - Chicó,Villa Gloria,Chico,19/02/2014,11,11,33.42446187,CONSORCIO EXPRESS USAQUEN N,E17-3,3,3,4:00 a. m. - 11:00 p. m.,4:00 a. m. - 11:00 p. m.,,1,4,1,2,1,2,2,10799,1,{7944AACA-F0BA-4B5A-A9AF-3142604B1AF1},editorInfraSTS,2026/06/30 20:20:21+00,editorInfraSTS,2026/07/17 21:29:38+00,33424.4618701021
11090,NA,KL312,Fontibón Brisas - Moralba,Fontibón Brisas,Moralba,11/05/2022,9,4,27.49612708,GMOVIL ENGATIVA E,L312-1,13,6,3:30 a. m. - 10:00 p. m.,3:30 a. m. - 10:00 p. m., ,1,4,1,3,1,2,2,12938,1,{7A29ABB7-5AB4-4456-9780-87ECC36A65F0},editorInfraSTS,2026/06/30 20:23:56+00,editorInfraSTS,2026/07/17 21:30:33+00,27496.1270814161
11091,ALI,9-8,Porvenir,Portal Americas,Porvenir,17/02/2014,8,8,8.1583968,MASIVO CAPITAL KE,9-8a,8,8,4:00 a. m. - 12:30 a. m.,4:00 a. m. - 12:30 a. m.,4:00 a. m. - 11:30 p. m.,1,3,2,3,1,2,2,11043,1,{7A3020A0-3BC6-4C03-9D88-B65B4CA85C44},editorInfraSTS,2026/06/30 20:20:46+00,editorInfraSTS,2026/07/17 21:29:38+00,8158.39679717022
11092,ALI,8-6,Timiza,Banderas,Timiza,17/02/2014,8,8,9.92350087,MASIVO CAPITAL KE,8-6a,8,8,4:00 a. m. - 12:20 a. m.,4:00 a. m. - 12:20 a. m.,4:00 a. m. - 11:20 p. m.,1,3,2,3,1,2,2,10991,1,{7A79BD89-B505-4341-B907-AD04E5BAE758},editorInfraSTS,2026/06/30 20:18:37+00,editorInfraSTS,2026/07/17 21:29:38+00,9923.50086928094
11093,KKK,KH327,Puente Grande - Acacias,Acacias,Puente Grande,2/04/2022,19,9,23.23106124,ZMO FONTIBON V,K327-2,6,11,3:00 a. m. - 10:00 p. m.,3:00 a. m. - 10:00 p. m.,4:00 a. m. - 9:00 p. m.,1,4,1,3,1,2,2,12315,1,{7A82528B-9E4D-40E2-9207-0D042216676D},editorInfraSTS,2026/06/30 20:21:22+00,editorInfraSTS,2026/07/17 21:29:38+00,23231.0612445677
11094,ALI,1-3,Villas De Granada,Portal 80,Villas De Granada,26/03/2015,10,10,5.64259169,ESTE ES MI BUS CALLE 80 CO01,1-3a,4,4,4:30 a. m. - 12:30 a. m.,4:30 a. m. - 12:30 a. m.,4:30 a. m. - 11:30 p. m.,1,3,2,3,1,2,2,11015,1,{7ADDCE02-2961-4675-8C28-8528D9302815},editorInfraSTS,2026/06/30 20:18:41+00,editorInfraSTS,2026/07/17 21:29:38+00,5642.5916850787
11095,AAA,CA103,Portales Del Norte - Chapinero,Portales Del Norte,Chapinero,26/10/2020,11,2,42.58137212,MASIVO CAPITAL SO,CA103-3,0,3,4:00 a. m. - 9:30 p. m.,4:00 a. m. - 9:00 p. m.,5:00 a. m. - 9:00 p. m.,1,3,1,3,1,2,2,10468,1,{7B33A425-74D9-4AC3-B2AD-3B5AA86F783E},editorInfraSTS,2026/06/30 20:22:14+00,editorInfraSTS,2026/07/17 21:30:33+00,42581.3721236326
11097,BBB,BB924,Guaymaral,Portal Norte,Guaymaral,23/05/2022,1,1,13.80995176,CONSORCIO EXPRESS USAQUEN N,B924-3,2,2,4:30 a. m. - 8:00 p. m.,5:00 a. m. - 6:00 p. m.,5:30 a. m. - 6:00 p. m.,1,3,2,3,1,2,2,11002,1,{7BE4F72B-1850-4CAB-96AE-1FCBC8DD49B6},editorInfraSTS,2026/06/30 20:20:15+00,editorInfraSTS,2026/07/17 21:29:38+00,13809.9517596745
11098,GGG,GA516,Jacqueline - Chapinero,Chapinero,Portal Sur,29/04/2024,13,7,37.79982691,ETIB BO,GA516-3,9,0,4:00 a. m. - 9:00 p. m.,4:00 a. m. - 9:00 p. m.,5:00 a. m. - 9:00 p. m.,1,4,1,3,1,2,2,12555,1,{7C3E44E9-EB47-44F7-8193-858A71A5CE84},editorInfraSTS,2026/06/30 20:23:34+00,editorInfraSTS,2026/07/17 21:30:33+00,37799.8269056165
11099,CCC,FC401,Tierra Buena - Calle 170,Tierra Buena,Calle 170,27/07/2020,8,11,33.18690443,MASIVO CAPITAL SO,FC401-3,3,8,4:00 a. m. - 11:00 p. m.,4:00 a. m. - 11:00 p. m.,5:00 a. m. - 10:00 p. m.,1,3,1,3,1,2,2,13087,1,{7C7695E2-EEBF-495F-9A38-C512020C47D8},editorInfraSTS,2026/06/30 20:24:22+00,editorInfraSTS,2026/07/17 21:30:33+00,63277.5489890028
11100,ESP,T08,Portal Suba - Tuna Alta,Portal Suba,Tuna Alta,24/09/2014,11,11,7.14468901,MASIVO CAPITAL SO,T08e,3,3,4:00 a. m. - 7:00 p. m.,4:00 a. m. - 7:00 p. m.,5:00 a. m. - 7:00 p. m.,1,5,2,3,1,2,2,10429,1,{7C78E7B4-83A1-4E62-AC1E-036D4872B543},editorInfraSTS,2026/06/30 20:18:32+00,editorInfraSTS,2026/07/17 21:29:38+00,7144.68900991778
11101,C80,271,Gran Granada - Lomas,Lomas,Gran Granada,7/02/2014,18,10,62.95604319,ESTE ES MI BUS CALLE 80 CO01,271-3,5,12,3:00 a. m. - 11:00 p. m.,3:00 a. m. - 11:00 p. m.,4:00 a. m. - 10:00 p. m.,1,3,1,3,1,2,2,10564,1,{7C8D35DD-921B-48B2-90CA-95BAEA101E36},editorInfraSTS,2026/06/30 20:21:55+00,editorInfraSTS,2026/07/17 21:30:33+00,62956.0431936019
11102,ESP,18-11_PM,Unicerros - Unicentro Pm,Unicerros,Unicerros, ,1,1,5.42867329,CONSORCIO EXPRESS USAQUEN N,18-11e PM,1,1,12:00 p. m. - 10:00 p. m. ,12:00 p. m. - 10:00 p. m. ,12:00 p. m. - 9:00 p. m.,1,5,4,3,4,2,2,0,1,{7CA9395E-5FCB-48D7-989A-BB748B10FC97},editorInfraSTS,2026/06/30 20:18:22+00,editorInfraSTS,2026/07/17 21:32:02+00,5428.67329388253
11103,ENG,576,Bosa Santa Fe - Engativá,Bosa Santa Fe,Engativá,26/03/2014,10,8,34.18042304,MASIVO CAPITAL KE,576-1,5,8,4:00 a. m. - 11:00 p. m.,4:00 a. m. - 10:00 p. m.,5:00 a. m. - 10:00 p. m.,1,5,1,3,1,2,2,13045,1,{7E092456-97CB-46E8-9B5B-B4DF479B1552},editorInfraSTS,2026/06/30 20:20:41+00,editorInfraSTS,2026/07/17 21:29:38+00,34180.4230382376
11104,KKK,KA336,Puente Grande Pico/ Hb Fontibón - Germania,Germania,Puente Grande Hb,18/09/2013,3,9,34.03888393,ESTE ES MI BUS TINTAL TZ,KA336-3,6,0,4:00 a. m. - 11:00 p. m.,4:00 a. m. - 11:00 p. m.,5:00 a. m. - 10:00 p. m.,1,3,1,3,1,2,2,12542,1,{7E62BE23-0344-4245-A6C3-F251F54B62A5},editorInfraSTS,2026/06/30 20:23:11+00,editorInfraSTS,2026/07/17 21:30:33+00,34038.8839278251
11106,CEN,T40,Catalina II - Marly,Catalina II,Marly,30/06/2015,8,8,40.40510801,ETIB BO,T40-3,9,9,4:00 a. m. - 10:00 p. m.,4:00 a. m. - 9:45 p. m.,5:00 a. m. - 9:15 p. m.,1,3,1,3,1,2,2,12237,1,{80094689-C62A-432B-A651-B2A4145E6247},editorInfraSTS,2026/06/30 20:19:33+00,editorInfraSTS,2026/07/17 21:29:38+00,40405.1080138742
11107,COM,15-5,La María,Bicentenario,La María,21/09/2013,4,4,8.45953414,CONSORCIO EXPRESS SAN CRISTOBALD,15-5c,13,13,4:00 a. m. - 11:00 p. m.,4:00 a. m. - 11:00 p. m.,5:00 a. m. - 10:00 p. m.,1,4,2,3,1,2,2,12940,1,{803EFA86-03A9-46F5-89FA-BB6B2BAADA7E},editorInfraSTS,2026/06/30 20:18:39+00,editorInfraSTS,2026/07/17 21:29:38+00,8459.5341409604
11109,HHH,HA618,Santo Domingo - Germania,Germania,Santo Domingo,10/12/2022,3,19,34.69025025,ODT LA ROLITA,HA618-3,10,0,4:00 a. m. - 10:00 p. m.,4:00 a. m. - 10:00 p. m.,5:00 a. m. - 9:30 p. m.,1,4,1,3,1,2,2,13096,1,{81C5E7F7-584A-4113-8B60-93DEA641EBD1},editorInfraSTS,2026/06/30 20:22:47+00,editorInfraSTS,2026/07/17 21:30:33+00,34690.2502494661
11110,KKK,KG311,Bosa San José - Puente Grande,Bosa San José,Puente Grande,19/10/2021,7,9,19.29933403,ZMO FONTIBON V,K311-2,6,9,3:00 a. m. - 9:00 p. m.,3:00 a. m. - 9:00 p. m.,3:00 a. m. - 8:00 p. m.,1,4,1,3,1,2,2,11209,1,{821C4B6A-0181-43C5-95DB-5ABFC913CF9B},editorInfraSTS,2026/06/30 20:19:59+00,editorInfraSTS,2026/07/17 21:29:38+00,19299.3340264482
11111,ESP,18-9,Cerro Norte,Cerro Norte,Cerro Norte,10/03/2014,1,1,5.30797142,CONSORCIO EXPRESS USAQUEN N,18-9e,1,1,4:00 a. m. - 9:00 p. m.,4:00 a. m. - 6:00 p. m.,,1,5,4,2,1,2,2,10753,1,{8238F8B7-AC02-46E6-8E43-6E9A693F5097},editorInfraSTS,2026/06/30 20:18:31+00,editorInfraSTS,2026/07/17 21:29:38+00,5307.97141956013
11112,SCR,139,Bosa San José - Juan Rey,Bosa San José,Juan Rey,23/11/2013,7,4,26.91026962,CONSORCIO EXPRESS SAN CRISTOBALD,139-1,13,9,3:00 a. m. - 10:00 p. m.,3:00 a. m. - 10:00 p. m.,4:00 a. m. - 9:00 p. m.,1,3,1,3,1,2,2,12891,1,{838F7FB6-3011-42FB-A1A0-B145E19F78FC},editorInfraSTS,2026/06/30 20:18:58+00,editorInfraSTS,2026/07/17 21:29:38+00,26910.2696248711
11113,AAA,AA003,Est. Universidad Nacional,Est. Universidad Nacional,Est. Marly,25/07/2024,13,13,5.47338769,GMOVIL ENGATIVA E,AA003-3,0,0,6:00 a. m. - 8:00 p. m.,,,1,4,1,1,1,2,2,11386,1,{83F0ED2F-59D4-44DC-BD6A-04721E7C087F},editorInfraSTS,2026/06/30 20:20:57+00,editorInfraSTS,2026/07/17 21:29:38+00,5473.38768806788
11115,CCC,CH131,Bilbao - Diana Turbay,Diana Turbay,Bilbao,21/08/2021,11,18,36.62244845,EMASIVO 10 ST,C131-2,3,12,4:00 a. m. - 10:30 p. m.,4:30 a. m. - 10:00 p. m.,5:45 a. m. - 9:30 p. m.,1,4,1,3,1,2,2,10312,1,{85B99A4E-62C4-4A67-96A3-FAFE8CD37965},editorInfraSTS,2026/06/30 20:20:24+00,editorInfraSTS,2026/07/17 21:29:38+00,36622.4484461216
11116,KKK,KL328,Puerta De Teja - Est Av. 1 De Mayo,Puerta De Teja,Est. Av. 1 De Mayo,11/05/2022,4,9,24.06062216,GMOVIL ENGATIVA E,L328-1,13,6,3:30 a. m. - 10:00 p. m.,3:30 a. m. - 10:00 p. m.,,1,3,1,3,1,2,2,10389,1,{862D4A48-6E77-4D59-9158-B7DD6D15D1B9},editorInfraSTS,2026/06/30 20:20:13+00,editorInfraSTS,2026/07/17 21:29:38+00,24060.6221553278
11117,USM,806,Providencia Alta - Sabana Del Dorado,Sabana Del Dorado,Providencia Alta,29/01/2014,18,10,30.7278102,GMOVIL ENGATIVA E,806-2,12,5,4:00 a. m. - 11:00 p. m.,4:00 a. m. - 11:00 p. m.,5:00 a. m. - 10:00 p. m.,1,4,1,3,1,2,2,12780,1,{867529FC-3DF7-49F4-A63B-7CC1AF59C499},editorInfraSTS,2026/06/30 20:20:25+00,editorInfraSTS,2026/07/17 21:29:38+00,30727.8101993076
11118,CHA,97,Rincón De Venecia - Galerías,Rincon De Venecia,Galerías,17/12/2014,6,6,45.41651819,ETIB BO,97-3,10,10,4:00 a. m. - 9:00 p. m.,4:00 a. m. - 9:00 p. m.,5:00 a. m. - 9:00 p. m.,1,4,1,3,1,2,2,11178,1,{869553EB-45DF-4A5D-A6DC-4B21F002A137},editorInfraSTS,2026/06/30 20:19:17+00,editorInfraSTS,2026/07/17 21:29:38+00,45416.518191785
11119,KKK,HK635,Arborizadora Alta - Montevideo,Arborizadora Alta,Montevideo,17/12/2022,9,19,34.94362831,ODT LA ROLITA,HK635-3,6,11,3:30 a. m. - 9:00 p. m.,3:30 a. m. - 9:00 p. m.,4:30 a. m. - 7:00 p. m.,1,4,1,3,1,2,2,12429,1,{86C34DE2-199E-4338-87B1-AF3D5D02898F},editorInfraSTS,2026/06/30 20:23:05+00,editorInfraSTS,2026/07/17 21:30:33+00,34943.6283067524
11120,CEN,688,La Magdalena - Germania,La Magdalena,Germania,10/08/2013,8,8,42.29294853,ESTE ES MI BUS TINTAL TZ,688-3,8,8,4:00 a. m. - 9:30 p. m.,4:00 a. m. - 9:30 p. m.,5:00 a. m. - 9:30 p. m.,1,4,1,3,1,2,2,13054,1,{88BD93A7-2DC2-4398-951E-5809440B49D8},editorInfraSTS,2026/06/30 20:24:05+00,editorInfraSTS,2026/07/17 21:30:33+00,42292.9485282074
11121,CCC,KC315,Puente Grande - Suba Lisboa,Puente Grande,Suba Lisboa,16/11/2021,11,9,25.79750329,MUEVE FONTIBON,C315-1,3,6,3:00 a. m. - 10:00 p. m.,3:00 a. m. - 10:00 p. m.,4:00 a. m. - 9:00 p. m.,1,4,1,3,1,2,2,12153,1,{8970783F-4BAF-44EE-BBDF-85524A5F5A43},editorInfraSTS,2026/06/30 20:20:24+00,editorInfraSTS,2026/07/17 21:29:38+00,25797.5032899358
11122,CEN,142,Engativá - Centro,Engativá,Centro,31/05/2013,10,10,40.50627565,GMOVIL ENGATIVA E,142-3,5,5,4:00 a. m. - 10:00 p. m.,5:00 a. m. - 10:00 p. m.,5:00 a. m. - 9:30 p. m.,1,5,1,3,1,2,2,12749,1,{89B8A403-FB0E-4D64-8832-6415757B6816},editorInfraSTS,2026/06/30 20:19:21+00,editorInfraSTS,2026/07/17 21:29:38+00,40506.2756546707
11123,ALI,16-4,El Muelle,Portal El Dorado,El Muelle,26/01/2013,10,10,9.24099373,GMOVIL ENGATIVA E,16-4a,5,5,4:30 a. m. - 12:15 a. m.,4:30 a. m. - 12:20 a. m.,4:30 a. m. - 11:30 p. m.,1,3,2,3,1,2,2,10945,1,{8A06127F-2EE2-4B85-B530-C873E8335B8B},editorInfraSTS,2026/06/30 20:20:11+00,editorInfraSTS,2026/07/17 21:29:38+00,9240.99373435652
11124,FFF,FA427,Calandaima - Centro Andino,Calandaima,Centro Andino,19/08/2025,8,2,46.26596354,ESTE ES MI BUS TINTAL TZ,FA427-3,0,8,4:00 a. m. - 10:00 p. m.,4:00 a. m. - 10:00 p. m.,5:00 a. m. - 10:20 p. m.,1,3,1,3,1,2,2,12305,1,{8A7701A0-6FE6-47F2-A61A-7A105C0637C9},editorInfraSTS,2026/06/30 20:21:31+00,editorInfraSTS,2026/07/17 21:29:38+00,46265.963544082
11125,COM,TC10,Portal Norte,Portal Norte,Abastos Del Norte,14/01/2019,1,1,7.00552439,CONSORCIO EXPRESS USAQUEN N,TC10-3,1,1,4:00 a. m. - 10:00 a. m. _ 2:30 p. m. - 10:30 p. m.,4:30 a. m. - 8:30 p. m.,,1,4,2,2,2,2,2,10725,1,{8A93E621-EF0E-45DE-8B09-593AA53CE0F8},editorInfraSTS,2026/06/30 20:23:28+00,editorInfraSTS,2026/07/17 21:30:33+00,7005.52438541573
11126,SCR,C701,Parques De Bogotá - La Roca,Parques De Bogotá,La Roca,11/07/2015,7,7,50.03137295,ETIB BO,C701-3,9,9,3:00 a. m. - 10:30 p. m.,3:00 a. m. - 10:30 p. m.,4:30 a. m. - 10:00 p. m.,1,4,1,3,1,2,2,12976,1,{8B025517-A8AA-43E2-8220-AE835BD18E97},editorInfraSTS,2026/06/30 20:24:02+00,editorInfraSTS,2026/07/17 21:30:33+00,50031.3729532408
11127,COM,14-1,Las Cruces - Bicentenario,Bicentenario,Las Cruces,18/01/2016,3,3,4.13594787,CONSORCIO EXPRESS SAN CRISTOBALD,14-1c,13,13,4:00 a. m. - 11:00 p. m.,4:00 a. m. - 11:00 p. m.,5:00 a. m. - 10:00 p. m.,1,4,2,3,1,2,2,12937,1,{8C4CE62F-C5FE-4434-8075-F79B3BA866D3},editorInfraSTS,2026/06/30 20:18:53+00,editorInfraSTS,2026/07/17 21:29:38+00,4135.94786886863
11128,FFF,FL422,Patio Bonito - Laches El Dorado,Laches-El Dorado,Patio Bonito,12/12/2022,3,8,45.54713741,ESTE ES MI BUS TINTAL TZ,FL422-3,8,13,3:00 a. m. - 9:30 p. m.,3:00 a. m. - 9:30 p. m.,5:00 a. m. - 9:00 p. m.,1,4,1,3,1,2,2,12541,1,{8C60D01C-5A5E-4CA4-AB08-20539E934E9B},editorInfraSTS,2026/06/30 20:24:38+00,editorInfraSTS,2026/07/17 21:30:33+00,45547.1374082536
11129,CCC,FC404,Patio Bonito - Calle 170,Patio Bonito,Calle 170,9/11/2020,8,11,34.29094714,MASIVO CAPITAL KE,C404-2,3,8,4:00 a. m. - 11:00 p. m.,4:00 a. m. - 9:30 p. m.,5:00 a. m. - 9:00 p. m.,1,3,1,3,1,2,2,12403,1,{8CE36A5A-9738-4C9D-BFD3-F40D9CFB9F84},editorInfraSTS,2026/06/30 20:21:03+00,editorInfraSTS,2026/07/17 21:29:38+00,34290.9471420331
11130,KKK,HK700,Bellavista - Terminal Salitre,Bellavista,Terminal Salitre,16/01/2021,5,9,24.69338393,GRAN AMERICAS USME III,K700-1,6,12,4:00 a. m. - 10:00 p. m.,4:00 a. m. - 10:00 p. m.,5:00 a. m. - 10:00 p. m.,1,3,1,3,1,2,2,11825,1,{8E3D02F3-02EC-43EC-9CF8-081722FF428C},editorInfraSTS,2026/06/30 20:19:28+00,editorInfraSTS,2026/07/17 21:29:38+00,24693.3839269649
11131,AAA,GA518,Potreritos - Est. Héroes,Chapinero,Potreritos,10/05/2021,7,13,52.19029589,ETIB BO,GA518-3,0,9,4:00 a. m. - 10:00 p. m.,4:00 a. m. - 10:00 p. m.,5:00 a. m. - 9:30 p. m.,1,4,1,3,1,2,2,12694,1,{8EAD881D-A8B7-44BC-A5B9-E4135A9240DD},editorInfraSTS,2026/06/30 20:23:35+00,editorInfraSTS,2026/07/17 21:30:33+00,52190.2958860679
11132,FFF,FF424,Favidi,Banderas,Favidi,05/12/2022,8,8,9.73132074,ESTE ES MI BUS TINTAL TZ,FF424-3,7,7,4:00 a. m. - 9:00 a. m. _ 4:00 p. m. - 9:00 p. m.,,,1,3,2,1,1,2,2,10714,1,{904C4BF0-57AA-4FA4-9855-FD008AB83443},editorInfraSTS,2026/06/30 20:20:37+00,editorInfraSTS,2026/07/17 21:29:38+00,9731.32073992704
11133,ALI,6-1,Candelaria,Portal Tunal,Candelaria,26/03/2015,6,6,6.82922113,SUMA CIUDAD BOLIVAR BC,6-1a,11,11,4:00 a. m. - 12:30 a. m.,4:00 a. m. - 12:30 a. m.,4:00 a. m. - 11:30 p. m.,1,3,2,3,1,2,2,10927,1,{9064A0C1-2AF1-45DB-8DEC-E42CB2F1837E},editorInfraSTS,2026/06/30 20:19:11+00,editorInfraSTS,2026/07/17 21:29:38+00,6829.22113280038
11134,HHH,HK707,El Uval - El Refugio,El Refugio,El Uval,16/01/2021,5,9,34.28427687,GRAN AMERICAS USME III,H707-2,12,6,4:00 a. m. - 11:30 p. m.,4:00 a. m. - 11:30 p. m.,6:20 a. m. - 11:20 p. m.,1,3,1,3,1,2,2,10235,1,{90C6077C-B788-4244-8B52-57FFFC88EA93},editorInfraSTS,2026/06/30 20:19:32+00,editorInfraSTS,2026/07/17 21:29:38+00,34284.2768719066
11135,COM,15-4,Ramajal,Av. 1 Mayo,Ramajal,22/06/2013,4,4,6.14978764,CONSORCIO EXPRESS SAN CRISTOBALD,15-4c,13,13,4:00 a. m. - 11:00 p. m.,4:00 a. m. - 11:00 p. m.,,1,4,2,2,1,2,2,10653,1,{90D15A3C-A39D-4249-B6B9-B883692727A1},editorInfraSTS,2026/06/30 20:18:57+00,editorInfraSTS,2026/07/17 21:29:38+00,6149.7876354114
11136,ALI,7-2,Tunal,Calle 40 Sur,Tunal,31/01/2022,6,6,5.68112049,SUMA CIUDAD BOLIVAR BC,7-2a,11,11,4:00 a. m. - 12:30 a. m.,4:00 a. m. - 12:30 a. m.,4:00 a. m. - 11:30 p. m.,1,3,2,3,1,2,2,11093,1,{90D1DE25-C65D-400E-B97F-9ADF2D770280},editorInfraSTS,2026/06/30 20:18:24+00,editorInfraSTS,2026/07/17 21:29:38+00,5681.12049458421
11137,HHH,HC705,Alfonso López - Suba Calle 100,Est. Suba Calle 100,Alfonso López,16/01/2021,11,5,60.32001255,GRAN AMERICAS USME III,HC705-3,12,3,4:00 a. m. - 10:30 p. m.,4:00 a. m. - 10:30 p. m.,5:00 a. m. - 10:00 p. m.,1,3,1,3,1,2,2,12366,1,{913FA825-6FB9-404E-810C-06DC7359A895},editorInfraSTS,2026/06/30 20:22:55+00,editorInfraSTS,2026/07/17 21:30:33+00,60320.0125505637
11138,KKK,GK505,Corferias - Bosa San Diego,Bosa San Diego,Corferias,1/06/2020,7,13,36.30923198,ETIB BO,GK505-3,6,9,4:00 a. m. - 10:00 p. m.,4:00 a. m. - 9:30 p. m.,5:00 a. m. - 9:00 p. m.,1,4,1,3,1,2,2,12595,1,{915518DA-610E-480D-B0CC-31F05BD1B2DC},editorInfraSTS,2026/06/30 20:22:40+00,editorInfraSTS,2026/07/17 21:30:33+00,36309.2319779648
11139,ENG,740,Canda Guira - Engativá,Canda Guira,Engativá,3/02/2014,4,10,57.87174529,GMOVIL ENGATIVA E,740-3,5,13,3:00 a. m. - 10:00 p. m.,3:30 a. m. - 10:00 p. m.,4:30 a. m. - 9:30 p. m.,1,4,1,3,1,2,2,12774,1,{92AFB3F3-2249-4A0C-B298-06B110219ACA},editorInfraSTS,2026/06/30 20:22:05+00,editorInfraSTS,2026/07/17 21:30:33+00,57871.7452937075
11140,HHH,HL716,Molinos II - Est. Av. 1 De Mayo,Molinos II,Est. Av. 1 De Mayo,1/08/2022,15,18,9.39427249,CONSORCIO EXPRESS SAN CRISTOBALD,HL716-3,12,12,4:30 a. m. - 9:00 p. m.,4:30 a. m. - 9:00 p. m.,5:00 a. m. - 9:00 p. m.,1,4,2,3,1,2,2,10611,1,{935C74F4-7396-41E2-876A-EE408310E562},editorInfraSTS,2026/06/30 20:23:08+00,editorInfraSTS,2026/07/17 21:30:33+00,9394.27249316763
11141,ALI,2-7,San José,Portal Norte,San José,26/03/2015,1,1,8.54085431,MASIVO CAPITAL SO,2-7a,2,2,4:30 a. m. - 12:30 a. m.,4:30 a. m. - 12:30 a. m.,4:30 a. m. - 11:30 p. m.,1,3,2,3,1,2,2,11033,1,{937919B3-AF4F-4B72-AC16-071E156BEEAD},editorInfraSTS,2026/06/30 20:18:51+00,editorInfraSTS,2026/07/17 21:29:38+00,8540.85431036455
11142,HHH,LH803,Doña Liliana - Sena NQS,Gaviotas,Terminal Salitre,23/11/2020,4,9,21.89022159,CONSORCIO EXPRESS SAN CRISTOBALD,LH803-3,6,13,3:00 a. m. - 9:00 p. m.,3:30 a. m. - 9:00 p. m.,4:30 a. m. - 8:30 p. m.,1,4,1,3,1,2,2,12506,1,{942C9D92-13FC-4A8A-9A66-438032EA72D0},editorInfraSTS,2026/06/30 20:23:20+00,editorInfraSTS,2026/07/17 21:30:33+00,21890.2215873621
11143,ALI,13-7,Península,Portal 20 Julio,La Península,24/11/2012,4,4,6.63146536,CONSORCIO EXPRESS SAN CRISTOBALD,13-7a,13,13,4:00 a. m. - 12:30 a. m.,4:00 a. m. - 12:30 a. m.,4:30 a. m. - 11:20 p. m.,1,3,2,3,1,2,2,12975,1,{94D25C15-AD24-4274-8BC7-5B3FE817EF02},editorInfraSTS,2026/06/30 20:18:50+00,editorInfraSTS,2026/07/17 21:29:38+00,6631.46535534753
11144,ESP,HH640,Santo Domingo,Portal Sur,Santo Domingo, ,7,7,10.53393647,ETIB BO,HH640-3,9,9,4:00 a. m. - 1:00 p. m. _ 1:00 p. m. - 11:00 p. m.,4:00 a. m. - 10:00 p. m.,6:00 a. m. - 7:00 p. m.,1,4,2,3,1,2,2,10751,1,{9501BFF6-AF89-4F4C-8A1D-DAEF7B3AB79B},editorInfraSTS,2026/06/30 20:23:02+00,editorInfraSTS,2026/07/17 21:30:33+00,10533.9364687855
11145,DDD,BD909,Mazurén - Villas De Granada,Mazurén,Villas De Granada,19/04/2021,11,10,53.61193979,ESTE ES MI BUS CALLE 80 CO01,BD909-3,5,2,4:00 a. m. - 10:00 p. m.,4:00 a. m. - 10:00 p. m.,5:00 a. m. - 9:30 p. m.,1,3,1,3,1,2,2,12331,1,{960B1696-2AAA-4342-9EA0-F3AFE6E0762A},editorInfraSTS,2026/06/30 20:22:10+00,editorInfraSTS,2026/07/17 21:30:33+00,53611.9397882347
11146,GGG,GH545,CC.-Villa Del Rio-El Ensueño,El Ensueño,CC. Villa Del Río,27/10/2025,14,15,6.12580841,ETIB BO,GH545-3,10,9,4:00 a. m. - 10:00 p. m.,4:00 a. m. - 10:00 p. m.,,1,4,1,2,1,2,2,12550,1,{96691351-E953-40A6-86F1-65D72BDECD6A},editorInfraSTS,2026/06/30 20:22:39+00,editorInfraSTS,2026/07/17 21:30:33+00,6125.80841091114
11147,ALI,1-10,Bolivia Bochica II,Portal 80,Bolivia Bochica II,26/03/2015,10,10,4.04929053,ESTE ES MI BUS CALLE 80 CO01,1-10a,4,4,4:30 a. m. - 12:30 a. m.,4:30 a. m. - 12:30 a. m.,4:30 a. m. - 11:30 p. m.,1,3,2,3,1,2,2,11088,1,{966F8385-E64E-44D8-8A62-CF640F68A204},editorInfraSTS,2026/06/30 20:18:33+00,editorInfraSTS,2026/07/17 21:29:38+00,4049.2905286434
11148,HHH,KH327,Puente Grande - Acacias,Puente Grande,Acacias,2/04/2022,19,9,22.27558223,ZMO FONTIBON V,H327-1,11,6,3:30 a. m. - 11:00 p. m.,3:30 a. m. - 11:00 p. m.,4:30 a. m. - 10:00 p. m.,1,4,1,3,1,2,2,12314,1,{9678A626-14AE-4201-8756-0D84F851E7CE},editorInfraSTS,2026/06/30 20:21:23+00,editorInfraSTS,2026/07/17 21:29:38+00,22275.5822291083
11149,NA,CD122,Alkosto AV 68 - Aures II,Alkosto AV 68,Aures II,2/08/2021,11,16,21.1183194,ESTE ES MI BUS CALLE 80 CO01,CD122-3,7,3,4:00 a. m. - 9:30 p. m.,4:00 a. m. - 9:30 p. m.,5:00 a. m. - 9:00 p. m.,1,5,1,3,1,2,2,13092,1,{96E546D3-C2C5-45F1-9EA0-31B7EF328397},editorInfraSTS,2026/06/30 20:23:41+00,editorInfraSTS,2026/07/17 21:30:33+00,21118.3193972648
11150,NA,796A,Mochuelo Bajo - Teusaquillo,Mochuelo Bajo,Teusaquillo,30/04/2013,19,19,40.69490646,SUMA CIUDAD BOLIVAR BC,796A-3,11,11,4:00 a. m. - 10:30 p. m.,4:00 a. m. - 10:00 p. m.,,1,4,1,3,1,2,1,12844,1,{9759EFA3-8724-40D1-ACF6-C65586A32C54},editorInfraSTS,2026/06/30 20:23:39+00,editorInfraSTS,2026/07/17 21:30:33+00,40694.9064623951
11151,HHH,HK721,El Tuno - Terminal Salitre,Terminal Salitre,El Tuno,20/08/2022,5,9,23.03606219,MUEVE USME UB,H721-2,12,6,5:00 a. m. - 11:00 p. m.,5:00 a. m. - 11:00 p. m.,5:40 a. m. - 10:00 p. m.,1,4,1,3,1,2,2,11837,1,{9828534C-4B33-4A22-B805-BD0AD2D72127},editorInfraSTS,2026/06/30 20:20:29+00,editorInfraSTS,2026/07/17 21:29:38+00,23036.062190916
11153,SAL,Z4B,Est. Terminal - Terminal Salitre,Terminal Norte,Terminal Salitre,25/11/2019,11,13,48.37681962,CONSORCIO EXPRESS USAQUEN N,Z4B-3,6,2,4:00 a. m. - 10:00 p. m.,4:00 a. m. - 10:00 p. m.,5:00 a. m. - 9:30 p. m.,1,4,1,3,1,2,2,12347,1,{994AFE1B-0F02-4DC6-B034-6FED25CAA97B},editorInfraSTS,2026/06/30 20:23:28+00,editorInfraSTS,2026/07/17 21:30:33+00,48376.8196168621
11154,BOS,634,Bosa San José - Calle 153,Calle 153,Bosa San José,27/09/2014,1,7,60.73912492,ETIB BO,634-3,9,1,3:30 a. m. - 11:00 p. m.,4:00 a. m. - 11:00 p. m.,5:00 a. m. - 10:00 p. m.,1,3,1,3,1,2,2,13025,1,{99CAF133-7814-4B13-B81E-C513D2E92B3A},editorInfraSTS,2026/06/30 20:22:03+00,editorInfraSTS,2026/07/17 21:30:33+00,60739.1249176583
11155,ALI,11-7,Pinar,Portal Suba,Pinar,6/03/2021,11,11,5.20146067,ESTE ES MI BUS CALLE 80 CO01,11-7a,3,3,4:30 a. m. - 12:30 a. m.,5:00 a. m. - 12:30 a. m.,4:30 a. m. - 11:30 p. m.,1,3,2,3,1,2,2,10854,1,{9A1B02DF-56EF-487C-A7E8-4E66A73227C6},editorInfraSTS,2026/06/30 20:18:30+00,editorInfraSTS,2026/07/17 21:29:38+00,5201.46066514622
11156,CHA,E25,Engativá Centro - Lourdes,Engativá Centro,Lourdes,20/03/2014,10,10,31.46422825,GMOVIL ENGATIVA E,E25-3,5,5,4:00 a. m. - 10:00 p. m.,5:00 a. m. - 10:00 p. m.,5:00 a. m. - 9:00 p. m.,1,4,1,3,1,2,2,12783,1,{9A597337-4FEE-4340-A0DD-43DB25BF416B},editorInfraSTS,2026/06/30 20:19:20+00,editorInfraSTS,2026/07/17 21:29:38+00,31464.2282485454
11157,ESP,HH641,Santo Domingo,Portal Sur,Santo Domingo, ,7,7,13.70447224,ETIB BO,HH641-3,9,9,4:00 a. m. - 1:00 p. m. _ 1:00 p. m. - 11:00 p. m.,4:00 a. m. - 10:00 p. m.,6:00 a. m. - 7:00 p. m.,1,4,2,3,1,2,2,10761,1,{9AC2CEEE-F87D-4D6D-A6FF-0408BCE9FD02},editorInfraSTS,2026/06/30 20:23:03+00,editorInfraSTS,2026/07/17 21:30:33+00,13704.4722412801
11158,DDD,HD717,Usme Centro - Bonanza,Usme Centro,Bonanza,20/08/2022,5,10,53.92626051,MUEVE USME UB,HD717-3,4,12,3:30 a. m. - 10:00 p. m.,3:30 a. m. - 10:00 p. m.,4:30 a. m. - 9:00 p. m.,1,3,1,3,1,2,1,10302,1,{9B525F8E-E44B-4D9C-AFBD-32F51C847811},editorInfraSTS,2026/06/30 20:22:57+00,editorInfraSTS,2026/07/17 21:30:33+00,53926.2605057831
11159,NA,KL307,El Recodo - La Castaña,La Castana,El Recodo,21/06/2021,4,9,46.38144305,GMOVIL ENGATIVA E,KL307-3,7,13,4:00 a. m. - 10:00 p. m.,4:00 a. m. - 10:00 p. m.,,1,5,1,3,1,2,2,12856,1,{9B79D834-2D23-4920-A042-5527F98306B1},editorInfraSTS,2026/06/30 20:23:37+00,editorInfraSTS,2026/07/17 21:30:33+00,46381.4430452539
11160,ALI,16-10,Villemar,Portal El Dorado,Villemar,26/12/2020,9,9,9.5069878,GRAN AMÉRICAS FONTIBON I,16-10a,6,6,4:30 a. m. - 12:20 a. m.,4:30 a. m. - 12:20 a. m.,4:30 a. m. - 11:20 p. m.,1,3,2,3,1,2,2,10305,1,{9BE25439-812D-4700-A0F8-90492BAAD09A},editorInfraSTS,2026/06/30 20:18:46+00,editorInfraSTS,2026/07/17 21:29:38+00,9506.98779764753
11161,KKK,HK715,El Uval - Corferias,El Uval,Corferias,16/05/2022,5,16,44.68920543,GRAN AMERICAS USME III,HK715-3,6,12,4:00 a. m. - 11:00 p. m.,4:00 a. m. - 11:00 p. m.,4:30 a. m. - 9:00 p. m.,1,3,1,3,1,2,2,11830,1,{9C0B1056-7845-444A-92B5-8BC2C41A3745},editorInfraSTS,2026/06/30 20:23:06+00,editorInfraSTS,2026/07/17 21:30:33+00,44689.2054321771
11162,CBO,C101,Providencia - El Palmar,El Palmar,Providencia,30/01/2014,10,18,30.76085983,GMOVIL ENGATIVA E,C101-1,12,5,4:00 a. m. - 11:00 p. m.,4:00 a. m. - 10:00 p. m.,5:00 a. m. - 10:00 p. m.,1,5,1,3,1,2,2,12777,1,{9CDB3D16-6979-4684-8D37-67EB27E5F265},editorInfraSTS,2026/06/30 20:19:48+00,editorInfraSTS,2026/07/17 21:29:38+00,30760.8598262517
11163,ALI,1-9,Villas Del Dorado,Portal 80,Villas Del Dorado,26/03/2015,10,10,6.31993077,GMOVIL ENGATIVA E,1-9a,4,4,4:30 a. m. - 12:30 a. m.,4:30 a. m. - 12:30 a. m.,4:30 a. m. - 11:30 p. m.,1,3,2,3,1,2,2,12440,1,{9CE7777E-C8F2-4A19-871A-7C6B951C2709},editorInfraSTS,2026/06/30 20:21:47+00,editorInfraSTS,2026/07/17 21:29:38+00,6319.93077477147
11164,HHH,HH622,Fiscala Alta - Sevillana,Fiscala Alta,Sevillana,4/03/2024,5,6,19.7483993,ETIB BO,HH622-3,10,12,3:00 a. m. - 9:00 p. m.,3:00 a. m. - 9:00 p. m.,4:00 a. m. - 9:00 p. m.,1,4,1,3,1,2,2,12979,1,{9CF2CB1B-8FB4-482A-B4A4-C44C83BB8127},editorInfraSTS,2026/06/30 20:23:01+00,editorInfraSTS,2026/07/17 21:30:33+00,19748.3993026233
11165,AAA,LA805,Juan Rey - Siete De Agosto,Juan Rey,Siete De Agosto,22/02/2021,4,12,32.72466044,CONSORCIO EXPRESS SAN CRISTOBALD,LA805-3,0,13,4:00 a. m. - 10:00 p. m.,4:00 a. m. - 9:30 p. m.,5:00 a. m. - 8:30 p. m.,1,4,1,3,1,2,2,11542,1,{9D64EF22-B614-434C-8796-99833FB3CADE},editorInfraSTS,2026/06/30 20:23:14+00,editorInfraSTS,2026/07/17 21:30:33+00,32724.6604396948
11166,LLL,GL533,Doña Liliana - Metrovivienda,Metrovivienda,Dona Liliana,14/08/2023,7,5,56.67081269,MASIVO CAPITAL KE,GL533-3,13,8,3:30 a. m. - 10:30 p. m.,4:00 a. m. - 11:00 p. m.,5:00 a. m. - 10:00 p. m.,1,4,1,3,1,2,2,12748,1,{9D97AF27-1A59-4488-84F3-995C9D752694},editorInfraSTS,2026/06/30 20:24:18+00,editorInfraSTS,2026/07/17 21:30:33+00,56670.8126927784
11167,BOS,607A,San Bernardino - Pontevedra,Pontevedra,San Bernardino,4/03/2014,11,7,40.17285204,ETIB BO,607A-3,9,3,4:00 a. m. - 10:00 p. m.,4:00 a. m. - 10:00 p. m.,5:00 a. m. - 9:30 p. m.,1,4,1,3,1,2,2,12870,1,{9DB0521A-A9C3-4EE9-B8B3-C4CF7804E9E9},editorInfraSTS,2026/06/30 20:22:01+00,editorInfraSTS,2026/07/17 21:30:33+00,40172.8520381516
11168,LLL,GL517,Canadá Guira - Potreritos,Canada Guira,Potreritos,10/05/2021,7,4,22.58053936,ETIB BO,L517-1,13,9,3:00 a. m. - 10:30 p. m.,3:00 a. m. - 10:30 p. m.,4:00 a. m. - 9:30 p. m.,1,4,1,3,1,2,2,11122,1,{9E770179-0283-4287-A091-ED655C314582},editorInfraSTS,2026/06/30 20:21:16+00,editorInfraSTS,2026/07/17 21:29:38+00,22580.5393558845
11169,LLL,LH817,Gaviotas – Est. Nariño,Gaviotas,Est. Nari-O,11/07/2022,4,4,17.64156664,CONSORCIO EXPRESS SAN CRISTOBALD,LH817-3,13,13,4:00 a. m. - 9:00 p. m.,4:00 a. m. - 9:00 p. m.,5:00 a. m. - 9:00 p. m.,1,5,2,3,1,2,2,13094,1,{9EF7139A-B374-42E4-ADEC-9ABAE33115BD},editorInfraSTS,2026/06/30 20:20:33+00,editorInfraSTS,2026/07/17 21:29:38+00,17641.5666409742
11170,COM,19-7,Cantabria,Calle 146,Cantabría,30/07/2015,11,11,5.12970629,MASIVO CAPITAL SO,19-7c,2,2,4:00 a. m. - 10:30 p. m.,4:30 a. m. - 10:00 p. m.,6:00 a. m. - 10:00 p. m.,1,3,2,3,1,2,2,12714,1,{A029EEEB-A802-4E5E-B676-3E70437E4654},editorInfraSTS,2026/06/30 20:18:27+00,editorInfraSTS,2026/07/17 21:29:38+00,5129.70628634357
11171,HHH,HA605,Arborizadora Alta - Polo,Polo,Arborizadora Alta,18/10/2022,19,12,26.08221999,SUMA CIUDAD BOLIVAR BC,H605-2,11,0,4:00 a. m. - 10:00 p. m.,4:00 a. m. - 10:00 p. m.,5:00 a. m. - 9:00 p. m.,1,3,1,3,1,2,2,12176,1,{A0672A70-C0AD-40FF-BF44-6009CDC8BF77},editorInfraSTS,2026/06/30 20:19:24+00,editorInfraSTS,2026/07/17 21:30:33+00,26082.2199850469
11172,HHH,HK700,Bellavista - Terminal Salitre,Terminal Salitre,Bellavista,16/01/2021,5,9,25.91433169,GRAN AMERICAS USME III,H700-2,12,6,6:00 a. m. - 11:00 p. m.,6:00 a. m. - 11:00 p. m.,6:30 a. m. - 11:00 p. m.,1,3,1,3,1,2,2,11826,1,{A0FE7945-EAC1-42C0-8744-3D14123AA8AD},editorInfraSTS,2026/06/30 20:19:29+00,editorInfraSTS,2026/07/17 21:29:38+00,25914.3316886019
11173,GGG,CG147,Bilbao - Metrovivienda,Bilbao,Metrovivienda,21/08/2021,7,11,34.31240497,EMASIVO 10 ST,G147-1,8,3,3:30 a. m. - 10:00 p. m.,3:30 a. m. - 10:00 p. m.,4:00 a. m. - 10:00 p. m.,1,4,1,3,1,2,2,12003,1,{A12ABB3D-6EC4-4CC8-AE38-37558A52775B},editorInfraSTS,2026/06/30 20:21:13+00,editorInfraSTS,2026/07/17 21:29:38+00,34312.4049700235
11174,ALI,10-2,Bosa Centro,Portal Sur,Bosa Centro,26/03/2015,7,7,5.25120786,ETIB BO,10-2a,9,9,4:00 a. m. - 12:30 a. m.,4:00 a. m. - 12:30 a. m.,4:00 a. m. - 11:30 p. m.,1,3,2,3,1,2,2,10899,1,{A189DEB8-C13E-4C9B-A1F9-472784A2E976},editorInfraSTS,2026/06/30 20:19:07+00,editorInfraSTS,2026/07/17 21:29:38+00,5251.20786330375
11175,ALI,3-9,Marichuela,Portal Usme,Marichuela,22/05/2021,5,5,6.81508391,E-SOMOS ALIMENTACION,3-9a,12,12,4:00 a. m. - 12:30 a. m.,4:00 a. m. - 12:30 a. m.,4:00 a. m. - 11:30 p. m.,1,3,2,3,1,2,2,10348,1,{A32143FE-8EC2-4345-9001-6752198C2FFA},editorInfraSTS,2026/06/30 20:18:25+00,editorInfraSTS,2026/07/17 21:29:38+00,6815.08391009556
11176,SCR,111,Metrovivienda - Gaviotas,Metrovivienda,Gaviotas,21/12/2013,7,4,68.26361836,CONSORCIO EXPRESS SAN CRISTOBALD,111-3,13,8,3:00 a. m. - 10:30 p. m.,3:30 a. m. - 10:30 p. m.,4:30 a. m. - 9:30 p. m.,1,4,1,3,1,2,2,12893,1,{A330F433-FC31-4529-AE7C-04B834430EC7},editorInfraSTS,2026/06/30 20:24:14+00,editorInfraSTS,2026/07/17 21:30:33+00,68263.6183565786
11177,BBB,CB100,Casablanca - Alcalá,Est. Alcala,Casablanca,18/05/2020,11,11,8.75684219,MASIVO CAPITAL SO,CB100-3,3,3,5:00 a. m. - 9:00 p. m.,5:00 a. m. - 9:00 p. m.,,1,5,2,3,1,2,2,10525,1,{A33C9443-0C5D-4583-A6F5-E0906F422B00},editorInfraSTS,2026/06/30 20:19:19+00,editorInfraSTS,2026/07/17 21:29:38+00,8756.8421865966
11178,KKK,GK542,Est. Modelia - Metrovivienda,Metrovivienda,Chapinero Central,22/07/2024,7,7,34.2189686,MASIVO CAPITAL KE,GK542-3,8,8,4:00 a. m. - 10:30 p. m.,4:00 a. m. - 10:30 p. m.,5:00 a. m. - 9:00 p. m.,1,3,1,3,1,2,2,10659,1,{A364F48A-34F4-4A14-8942-9EE4D42139D0},editorInfraSTS,2026/06/30 20:21:37+00,editorInfraSTS,2026/07/17 21:29:38+00,34218.9685975238
11179,COM,19-6,Cedritos,Calle 142,Cedritos,26/03/2015,1,1,7.77899503,CONSORCIO EXPRESS USAQUEN N,19-6c,1,1,4:00 a. m. - 10:00 p. m.,4:00 a. m. - 10:00 p. m.,,1,3,2,2,1,2,2,10755,1,{A3931D2D-8CB8-42AC-8313-CD02155DBE57},editorInfraSTS,2026/06/30 20:18:38+00,editorInfraSTS,2026/07/17 21:29:38+00,7778.99503483848
11180,ALI,3-14,El Uval,Portal Usme,El Uval,22/05/2021,5,5,16.85703097,E-SOMOS ALIMENTACION,3-14a,12,12,4:00 a. m. - 12:30 a. m.,4:00 a. m. - 12:30 a. m.,4:00 a. m. - 11:30 p. m.,1,3,2,3,1,2,2,10347,1,{A398C91F-6403-489D-98BE-DE0A3C519758},editorInfraSTS,2026/06/30 20:19:42+00,editorInfraSTS,2026/07/17 21:29:38+00,16857.0309673601
11181,NA,KA319,Fontibón Brisas - Centro Andino,Fontibón Brisas,Centro Andino,12/02/2022,9,2,41.36124066,MUEVE FONTIBON,KA319-3,0,6,4:00 a. m. - 10:00 p. m.,4:00 a. m. - 10:00 p. m.,,1,4,1,3,1,2,2,12921,1,{A3A12F4E-B111-4C9C-98EB-DBC789FCE54C},editorInfraSTS,2026/06/30 20:23:57+00,editorInfraSTS,2026/07/17 21:30:33+00,41361.2406587758
11182,CCC,CG156,El Recreo - Bilbao,El Recreo,Bilbao,19/10/2021,7,11,37.75695168,MASIVO CAPITAL KE,C156-1,3,8,3:30 a. m. - 8:30 p. m.,3:30 a. m. - 8:30 p. m.,4:00 a. m. - 7:30 p. m.,1,4,1,3,1,2,2,10580,1,{A4070606-EBB5-4545-908E-79C8F1ABF63F},editorInfraSTS,2026/06/30 20:20:48+00,editorInfraSTS,2026/07/17 21:29:38+00,37756.9516807696
11183,ENG,442,Mirandela - Villa Gladys,Mirandela,Villa Gladys,23/11/2013,11,10,52.67166693,CONSORCIO EXPRESS USAQUEN N,442-3,5,2,3:00 a. m. - 10:00 p. m.,3:00 a. m. - 10:00 p. m.,4:30 a. m. - 9:30 p. m.,1,5,1,3,1,2,2,12788,1,{A50E4AF1-0C45-4195-BA9F-5FBD36FBF563},editorInfraSTS,2026/06/30 20:24:11+00,editorInfraSTS,2026/07/17 21:30:33+00,52671.6669337958
11184,KKK,HK724,Ciudadela Usme - Montevideo,Ciudadela Usme,Montevideo,27/08/2022,9,5,26.45005309,MUEVE USME UB,K724-1,6,12,3:30 a. m. - 9:30 p. m.,3:30 a. m. - 9:30 p. m.,4:30 a. m. - 9:00 p. m.,1,3,1,3,1,2,1,10296,1,{A571EED7-DF42-4440-95A7-D7E1B5553362},editorInfraSTS,2026/06/30 20:20:31+00,editorInfraSTS,2026/07/17 21:29:38+00,26450.0530888466
11185,ALI,2-2,Jardínes,Portal Norte,Jardines,26/03/2015,1,1,8.22492166,CONSORCIO EXPRESS USAQUEN N,2-2a,2,2,4:30 a. m. - 12:30 a. m.,4:30 a. m. - 12:30 a. m.,,1,3,2,3,1,2,2,10930,1,{A5ECEE46-B60E-4097-A0C4-A33C97CEC630},editorInfraSTS,2026/06/30 20:18:45+00,editorInfraSTS,2026/07/17 21:29:38+00,8224.92165993749
11186,ALI,11-5,Av. Cali,Portal Suba,Avenida Cali,6/03/2021,11,11,5.54181518,ESTE ES MI BUS CALLE 80 CO01,11-5a,3,3,4:30 a. m. - 12:30 a. m.,5:00 a. m. - 12:30 a. m.,4:30 a. m. - 11:30 p. m.,1,3,2,3,1,2,2,10863,1,{A706FD1B-BABA-4126-871C-11A679878CC6},editorInfraSTS,2026/06/30 20:18:32+00,editorInfraSTS,2026/07/17 21:29:38+00,5541.81518402089
11187,HHH,HH729,Aurora,Portal Usme,La Aurora,18/11/2024,5,5,3.14131729,E-SOMOS ALIMENTACION,HH729-3,12,12,5:00 a. m. - 8:00 a. m. _ 5:00 p. m. - 8:00 p. m.,,,1,3,2,1,2,2,2,13097,1,{A810D816-2F3F-4735-8B8C-489CB8A9CEA8},editorInfraSTS,2026/06/30 20:24:04+00,editorInfraSTS,2026/07/17 21:30:33+00,3141.31729381815
11188,SUB,T55,Portal Norte - Portal Suba,Portal Norte,Portal Suba,27/08/2018,1,1,17.73944543,MASIVO CAPITAL SO,T55-3,1,1,4:30 a. m. - 8:00 p. m.,5:00 a. m. - 8:00 p. m.,5:00 a. m. - 8:00 p. m.,1,5,2,3,1,2,2,10416,1,{A881302B-C845-457C-B02D-E0B3653BD30B},editorInfraSTS,2026/06/30 20:19:08+00,editorInfraSTS,2026/07/17 21:29:38+00,17739.4454345815
11189,HHH,HH632,Est. General Santander - Villa Gloria,Villa Gloria,Est. Gral Santander,17/09/2022,19,19,19.20041814,ODT LA ROLITA,HH632-3,11,11,3:40 a. m. - 10:00 p. m.,3:40 a. m. - 10:00 p. m.,4:30 a. m. - 9:00 p. m.,1,4,2,3,1,2,2,10299,1,{A9619CFB-3033-4DDA-B74C-6F329FE6F13D},editorInfraSTS,2026/06/30 20:20:12+00,editorInfraSTS,2026/07/17 21:29:38+00,19200.4181354845
11190,CHA,593,Metrovivienda - Chicó,Metrovivienda,Chico,8/11/2014,7,7,48.36794444,MASIVO CAPITAL KE,593-3,8,8,4:00 a. m. - 11:00 p. m.,4:00 a. m. - 10:00 p. m.,5:00 a. m. - 9:00 p. m.,1,3,1,3,1,2,2,12687,1,{A9E86901-B7BD-4621-B39E-639C3A2A6445},editorInfraSTS,2026/06/30 20:24:19+00,editorInfraSTS,2026/07/17 21:30:33+00,48367.9444386388
11191,COM,19-12,Cantalejo,Toberín,Cantalejo,7/09/2015,11,11,4.3455054,MASIVO CAPITAL SO,19-12c,2,2,4:00 a. m. - 10:00 p. m.,4:45 a. m. - 9:15 p. m.,6:00 a. m. - 6:00 p. m.,1,3,2,3,1,2,2,10400,1,{ABE3C184-CBB7-4474-BDB2-D9992B318AA8},editorInfraSTS,2026/06/30 20:18:27+00,editorInfraSTS,2026/07/17 21:29:38+00,4345.50540150352
11192,HHH,HL636,Rincón De Venecia - San Blas II,San Blas II,Rincon De Venecia,1/10/2022,4,6,26.80851652,ODT LA ROLITA,HL636-3,10,13,3:30 a. m. - 9:30 p. m.,3:30 a. m. - 9:30 p. m.,4:30 a. m. - 9:15 p. m.,1,4,1,3,1,2,2,11538,1,{ABF8631D-3D60-45A7-8AEF-B14DFB6CED6E},editorInfraSTS,2026/06/30 20:23:08+00,editorInfraSTS,2026/07/17 21:30:33+00,26808.5165205692
11194,ALI,6-1C,Casalinda,Portal Tunal,Casalinda,26/03/2015,6,6,4.64031544,SUMA CIUDAD BOLIVAR BC,6-1Ca,11,11,4:00 a. m. - 12:30 a. m.,4:00 a. m. - 12:30 a. m.,4:00 a. m. - 11:30 p. m.,1,3,2,3,1,2,2,10948,1,{AD810FCF-F3E2-42BE-926E-90114498014F},editorInfraSTS,2026/06/30 20:22:00+00,editorInfraSTS,2026/07/17 21:30:33+00,4640.31544377561
11195,BBB,CB138,Bilbao - Cedritos,Bilbao,Cedritos,31/08/2021,11,1,27.82496249,EMASIVO 16 SF,CB138-3,1,3,4:00 a. m. - 10:00 p. m.,4:00 a. m. - 9:00 p. m.,5:00 a. m. - 8:00 p. m.,1,3,1,3,1,2,2,10248,1,{ADD335E5-98CB-4175-9074-957D8A471578},editorInfraSTS,2026/06/30 20:22:20+00,editorInfraSTS,2026/07/17 21:30:33+00,27824.9624890079
11196,ALI,3-10,Usme Centro,Portal Usme,Usme Centro,22/05/2021,5,5,19.24653223,E-SOMOS ALIMENTACION,3-10a,12,12,4:00 a. m. - 12:30 a. m.,4:00 a. m. - 12:30 a. m.,4:00 a. m. - 11:30 p. m.,1,3,2,3,1,2,2,12143,1,{ADD78687-DF32-49EB-B702-8B75BE2416FD},editorInfraSTS,2026/06/30 20:21:25+00,editorInfraSTS,2026/07/17 21:29:38+00,19246.5322290549
11197,ALI,10-1,Avenida Bosa,Portal Sur,Avenida Bosa,26/03/2015,7,7,8.09391505,ETIB BO,10-1a,9,9,4:00 a. m. - 12:30 a. m.,4:00 a. m. - 10:00 p. m.,,1,3,2,2,2,2,2,10895,1,{ADF250A5-4679-48E9-8B4A-FC8D6BF24B63},editorInfraSTS,2026/06/30 20:18:59+00,editorInfraSTS,2026/07/17 21:29:38+00,8093.91505334979
11198,SCR,T13,Villa Cindy - Hospital San Blas,Villa Cindy,Hospital San Blas,16/03/2015,11,4,65.43379863,CONSORCIO EXPRESS SAN CRISTOBALD,T13-3,13,3,3:00 a. m. - 10:00 p. m.,3:00 a. m. - 10:00 p. m.,4:30 a. m. - 9:30 p. m.,1,3,1,3,1,2,2,10871,1,{AE1AF956-2F8C-4426-B444-0F88BEE3C20A},editorInfraSTS,2026/06/30 20:23:25+00,editorInfraSTS,2026/07/17 21:30:33+00,65433.7986261714
11199,KKK,KK301,La Felicidad,Est. El Tiempo,La Felicidad,26/12/2020,9,9,14.29964696,GRAN AMÉRICAS FONTIBON I,K301-3,6,6,4:30 a. m. - 12:20 a. m.,4:30 a. m. - 12:20 a. m.,,1,4,2,2,1,2,2,10304,1,{AEA0ED33-6713-4A29-8EEE-7604C21EBF77},editorInfraSTS,2026/06/30 20:19:57+00,editorInfraSTS,2026/07/17 21:29:38+00,14299.6469582755
11200,NA,BD995,Ac 134 Country - Estación Avenida Chile,Est. Avenida Chile,Ac 134 Country,31/03/2025,12,12,21.30696437,MUEVE USME UB,BD995-3,5,5,5:30 a. m. - 9:30 a. m. _ 3:00 p. m. - 6:30 p. m.,,,1,3,1,1,2,2,2,11955,1,{AEC1C0D6-168F-4541-922F-59D7D192C96E},editorInfraSTS,2026/06/30 20:21:15+00,editorInfraSTS,2026/07/17 21:29:38+00,21306.9643730991
11201,ALI,6-5,Tesoro,Portal Tunal,Tesoro,26/03/2015,6,6,10.20801107,SUMA CIUDAD BOLIVAR BC,6-5a,11,11,4:00 a. m. - 12:30 a. m.,4:00 a. m. - 12:30 a. m.,4:00 a. m. - 11:30 p. m.,1,3,2,3,1,2,2,10972,1,{AF3F1221-EABC-4D3A-A23C-64660DD43D15},editorInfraSTS,2026/06/30 20:20:05+00,editorInfraSTS,2026/07/17 21:29:38+00,10208.0110660927
11202,AAA,GA537,Villa Del Rio - Palermo,Villa Del Rio,Palermo,4/03/2024,7,13,31.43069403,ETIB BO,GA537-3,0,9,4:00 a. m. - 11:00 p. m.,4:00 a. m. - 9:00 p. m.,5:00 a. m. - 8:00 p. m.,1,4,1,3,1,2,2,12196,1,{B1A9542B-6B87-4D0C-A5BB-B1ECFFC48A41},editorInfraSTS,2026/06/30 20:21:45+00,editorInfraSTS,2026/07/17 21:29:38+00,31430.694033917
11203,SCR,LA856,Tihuaque/Violetas - NQS/Comuneros,Tihuaque/Violetas,NQS/Comuneros,6/10/2025,5,5,34.62216851,CONSORCIO EXPRESS SAN CRISTOBALD,LA856-3,13,13,4:00 a. m. - 11:00 p. m.,4:00 a. m. - 11:00 p. m.,5:00 a. m. - 10:00 p. m.,1,4,1,3,1,2,2,12503,1,{B20F9072-3D1D-4653-9051-3A242D115093},editorInfraSTS,2026/06/30 20:21:40+00,editorInfraSTS,2026/07/17 21:29:38+00,34622.1685119782
11204,GGG,GL517,Canadá Guira - Potreritos,Canada Guira,Potreritos,10/05/2021,7,4,22.44600732,ETIB BO,G517-2,9,13,3:00 a. m. - 10:30 p. m.,3:00 a. m. - 10:30 p. m.,4:00 a. m. - 9:30 p. m.,1,4,1,3,1,2,2,12207,1,{B22E21B2-7120-49C2-A1B0-C0777EE05F79},editorInfraSTS,2026/06/30 20:21:17+00,editorInfraSTS,2026/07/17 21:29:38+00,22446.0073159876
11205,FER,359,Zona Industrial Álamos - Germania,Germania,Zn. In Alamos,26/10/2013,3,10,38.08138234,GMOVIL ENGATIVA E,359-3,5,0,4:45 a. m. - 9:00 p. m.,5:30 a. m. - 9:00 p. m.,6:00 a. m. - 9:00 p. m.,1,5,1,3,1,2,2,11181,1,{B252F860-2707-4892-9E05-B9DCB1E3F581},editorInfraSTS,2026/06/30 20:21:55+00,editorInfraSTS,2026/07/17 21:30:33+00,38081.382344895
11206,ALI,16-14,Aeropuerto,Portal El Dorado,Aeropuerto,6/06/2012,10,10,7.57828268,GMOVIL ENGATIVA E,16-14a,5,5,4:30 a. m. - 12:15 a. m.,4:30 a. m. - 12:20 a. m.,4:30 a. m. - 11:30 p. m.,1,3,2,3,1,2,2,10971,1,{B257ADF6-0019-402E-A91A-DAAB642C441B},editorInfraSTS,2026/06/30 20:19:37+00,editorInfraSTS,2026/07/17 21:29:38+00,7578.28268341539
11207,ALI,10-4,Bosa Laureles,Portal Sur,Bosa Laureles,26/03/2015,7,7,11.45235746,ETIB BO,10-4a,9,9,4:00 a. m. - 12:30 a. m.,4:00 a. m. - 12:30 a. m.,4:00 a. m. - 11:30 p. m.,1,3,2,3,1,2,2,10907,1,{B2A19674-8320-4890-B0FE-6908C004BCD0},editorInfraSTS,2026/06/30 20:19:00+00,editorInfraSTS,2026/07/17 21:29:38+00,11452.357455026
11208,FFF,FA410,Tierra Buena - Chicó Norte,Tierra Buena,Chico Norte,26/04/2021,8,2,49.13633954,MASIVO CAPITAL KE,FA410-3,0,8,3:30 a. m. - 10:30 p. m.,4:00 a. m. - 10:00 p. m.,4:30 a. m. - 9:30 p. m.,1,3,1,3,1,2,2,12684,1,{B2D11F0D-A95E-40DF-B21D-E1E39A301849},editorInfraSTS,2026/06/30 20:24:34+00,editorInfraSTS,2026/07/17 21:30:33+00,49136.3395380696
11209,NA,HA680_AM,Isla Del Sol - Las Aguas,Isla Del Sol,Las Aguas,7/10/2015,6,6,50.39863708,ETIB BO,HA680-3,10,10,4:00 a. m. - 11:00 p. m.,4:00 a. m. - 11:00 p. m.,5:00 a. m. - 10:00 p. m.,1,4,1,3,1,2,2,13006,1,{B33E2C1C-3EEB-46F0-B898-E504D6D19B23},editorInfraSTS,2026/06/30 20:23:39+00,editorInfraSTS,2026/07/17 21:30:33+00,50398.6370780424
11210,HHH,HH726,Bolonia - Est. General Santander,Bolonia,Est. Gral Santander,25/08/2022,5,5,30.44793367,MUEVE USME UB,HH726-3,12,12,3:30 a. m. - 10:00 p. m.,3:30 a. m. - 10:00 p. m.,4:30 a. m. - 9:00 p. m.,1,4,1,3,1,2,2,11838,1,{B3D49676-F6BF-4C9F-88D7-AD007AD19A1A},editorInfraSTS,2026/06/30 20:20:32+00,editorInfraSTS,2026/07/17 21:29:38+00,30447.9336744322
11211,ENG,539,Engativá Centro - El Uval,El Uval,Engativá Centro,16/03/2014,5,10,42.24103125,GMOVIL ENGATIVA E,539-1,5,12,4:00 a. m. - 11:00 p. m.,4:00 a. m. - 11:00 p. m.,5:00 a. m. - 10:00 p. m.,1,4,1,3,1,2,2,12785,1,{B3F262AF-9B40-4F01-9A26-A637DF93B891},editorInfraSTS,2026/06/30 20:19:16+00,editorInfraSTS,2026/07/17 21:29:38+00,42241.0312492149
11212,CHA,T12,San Joaquín - Calle 100,San Joaquin,Calle 100,9/02/2015,19,19,52.31993375,SUMA CIUDAD BOLIVAR BC,T12-3,11,11,4:00 a. m. - 9:30 p. m.,4:00 a. m. - 9:00 p. m.,5:00 a. m. - 8:00 p. m.,1,3,1,3,1,2,2,12381,1,{B452698B-5706-4FC5-9920-44CD2E952679},editorInfraSTS,2026/06/30 20:19:56+00,editorInfraSTS,2026/07/17 21:29:38+00,52319.9337486103
11213,HHH,HH735,Portal Usme - El Uval,El Uval,Portal Usme,21/07/2025,5,5,14.29497038,E-SOMOS ALIMENTACION,HH735-3,12,12,4:00 a. m. - 8:00 a. m.,,,1,3,2,1,3,2,2,12096,1,{B540E8F2-BA9C-4002-85FD-EDE53F349C75},editorInfraSTS,2026/06/30 20:21:33+00,editorInfraSTS,2026/07/17 21:29:38+00,14294.9703846886
11214,ALI,6-7,San Joaquín,Portal Tunal,San Joaquin,26/03/2015,6,6,11.21349466,SUMA CIUDAD BOLIVAR BC,6-7a,11,11,4:00 a. m. - 12:30 a. m.,4:00 a. m. - 12:30 a. m.,4:00 a. m. - 11:30 p. m.,1,3,2,3,1,2,2,12017,1,{B555C8EB-B150-4A12-B649-0E305A99A680},editorInfraSTS,2026/06/30 20:18:30+00,editorInfraSTS,2026/07/17 21:29:38+00,11213.4946584693
11215,NA,2-8,Expreso 170 Oriental,Portal Norte,Expreso Oriental 170,26/03/2015,1,1,9.43743981,CONSORCIO EXPRESS USAQUEN N,2-8a,2,2,4:30 a. m. - 8:30 a. m.,,,1,3,2,1,1,2,2,13032,1,{B58F40CA-120E-468E-A6A1-DC930220A6FC},editorInfraSTS,2026/06/30 20:23:51+00,editorInfraSTS,2026/07/17 21:30:33+00,9437.43980646184
11216,CHA,56A,Isla Del Sol - Porciúncula,Isla Del Sol,Porciuncula,30/11/2013,6,6,46.05861507,ETIB BO,56A-3,10,10,4:00 a. m. - 10:00 p. m.,4:00 a. m. - 9:00 p. m.,5:00 a. m. - 9:00 p. m.,1,4,1,3,1,2,2,12588,1,{B6269DA2-2DBD-4FF9-A7AD-AE735655FABC},editorInfraSTS,2026/06/30 20:20:56+00,editorInfraSTS,2026/07/17 21:29:38+00,46058.6150734396
11217,PBO,291,Terminal Norte Makro - Tierra Buena,Terminal Norte Makro,Tierra Buena,30/04/2013,11,8,37.56528334,CONSORCIO EXPRESS USAQUEN N,291-2,8,2,4:30 a. m. - 11:40 p. m.,4:30 a. m. - 12:00 a. m.,5:30 a. m. - 11:00 p. m.,1,3,1,3,1,2,2,11485,1,{B66CB538-9820-4CF2-9869-F4CD1A16FE2A},editorInfraSTS,2026/06/30 20:24:36+00,editorInfraSTS,2026/07/17 21:30:33+00,37565.2833365891
11218,FFF,HF615,Arborizadora Alta - Est. Bibl. Tintal,Arborizadora Alta, Est. Biblioteca Tintal,5/12/2022,19,8,26.88043003,SUMA CIUDAD BOLIVAR BC,HF615-3,8,11,4:00 a. m. - 10:00 p. m.,4:00 a. m. - 9:00 p. m.,5:00 a. m. - 8:00 p. m.,1,5,1,3,1,2,2,12603,1,{B6FAC4EF-69B6-40E7-8F40-A905DC8765A4},editorInfraSTS,2026/06/30 20:22:59+00,editorInfraSTS,2026/07/17 21:30:33+00,26880.430029532
11219,HHH,DH216,La Florida - Villa Mayor,La Florida,Villa Mayor,18/03/2024,10,18,42.20511232,GMOVIL ENGATIVA E,DH216-3,10,5,4:00 a. m. - 11:00 p. m.,4:00 a. m. - 11:00 p. m.,5:00 a. m. - 10:00 p. m.,1,3,1,3,1,2,2,12374,1,{B7A634A5-CE47-46A9-B3CC-C599DCADDDFF},editorInfraSTS,2026/06/30 20:22:27+00,editorInfraSTS,2026/07/17 21:30:33+00,42205.112315403
11220,GGG,GC509,Metrovivienda - Corpas,Corpas,Metrovivienda,28/09/2020,11,7,27.90871066,MASIVO CAPITAL KE,G509-2,8,3,3:00 a. m. - 10:00 p. m.,3:00 a. m. - 9:00 p. m.,4:00 a. m. - 8:00 p. m.,1,3,1,3,1,2,2,13086,1,{B7B70F5D-93F4-46DE-8C0A-7D1CD2AFEC6C},editorInfraSTS,2026/06/30 20:24:30+00,editorInfraSTS,2026/07/17 21:30:33+00,27908.7106613953
11221,NA,KH322,Fontibón Brisas - Cerros De Oriente,Fontibón Brisas,Cerros De Oriente,12/02/2022,18,9,26.00006547,MUEVE FONTIBON,H322-1,12,6,4:30 a. m. - 10:30 p. m.,4:30 a. m. - 10:30 p. m., ,1,3,1,3,1,2,2,12925,1,{B7CE4E96-A03B-424F-932C-B27E5DDD4F60},editorInfraSTS,2026/06/30 20:24:00+00,editorInfraSTS,2026/07/17 21:30:33+00,26000.0654656193
11222,CCC,CC160,Orquídeas - Est. La Campiña,Orquídeas,Est. Campiña,12/12/2022,11,11,6.93988487,MASIVO CAPITAL SO,CC160-3,3,3,5:00 a. m. - 10:00 a. m. _ 2:50 p. m. - 9:00 p. m.,6:00 a. m. - 9:00 a. m. _ 2:00 p. m. - 5:00 p. m.,,1,5,2,3,1,2,2,10454,1,{B80E6D53-0171-449A-8FBF-D36B81035C31},editorInfraSTS,2026/06/30 20:20:37+00,editorInfraSTS,2026/07/17 21:29:38+00,6939.88487149647
11223,ALI,9-5,Avenida Tintal,Portal Americas,Av. Tintal,17/02/2014,8,8,11.52673064,MASIVO CAPITAL KE,9-5a,8,8,4:00 a. m. - 8:30 p. m.,4:00 a. m. - 8:30 p. m.,,1,3,2,2,1,2,2,11031,1,{B81D5CF5-8568-4A2E-8E38-9B41A57E1179},editorInfraSTS,2026/06/30 20:20:45+00,editorInfraSTS,2026/07/17 21:29:38+00,11526.7306409693
11224,HHH,HA617,Perdomo - Centro,Perdomo,Centro,15/10/2022,19,3,39.08705338,ODT LA ROLITA,HA617-3,0,10,3:45 a. m. - 10:00 p. m.,3:45 a. m. - 10:00 p. m.,4:45 a. m. - 9:30 p. m.,1,4,1,3,1,2,2,10275,1,{B843ED8B-50FE-4724-9317-6A6CA8006A98},editorInfraSTS,2026/06/30 20:22:47+00,editorInfraSTS,2026/07/17 21:30:33+00,39087.053381782
11225,CHA,12,Fontibón S Pablo - Porciúncula,San Pablo,Porciuncula,13/04/2013,9,9,43.04352658,GMOVIL ENGATIVA E,12-3,6,6,4:00 a. m. - 10:00 p. m.,5:00 a. m. - 9:00 p. m.,5:00 a. m. - 9:00 p. m.,1,4,1,3,1,2,2,10632,1,{B897DF22-7F43-4E0C-B3C1-76C65719BF65},editorInfraSTS,2026/06/30 20:19:51+00,editorInfraSTS,2026/07/17 21:29:38+00,43043.5265790591
11226,DDD,DA218,Engativá Centro - Centro,Engativá Centro,Centro,22/12/2012,10,3,40.95831581,GMOVIL ENGATIVA E,DA218-3,5,5,4:00 a. m. - 10:00 p. m.,4:00 a. m. - 10:00 p. m.,5:00 a. m. - 10:00 p. m.,1,4,1,3,1,2,2,12746,1,{B8A121F3-90A8-48CE-9E9E-4AB6302499F9},editorInfraSTS,2026/06/30 20:21:30+00,editorInfraSTS,2026/07/17 21:29:38+00,40958.3158087784
11227,LLL,KL304,Hb Fontibón - San Cristóbal Sur,Hb/Fontibón,San Cristobal Sur,9/01/2021,9,4,42.5287731,E-SOMOS FONTIBON II,KL304-3,13,6,4:00 a. m. - 10:00 p. m.,4:00 a. m. - 10:00 p. m.,5:00 a. m. - 9:00 p. m.,1,3,1,3,1,2,2,12395,1,{B8B9060C-D7C1-4072-8EE7-2A707E3C291C},editorInfraSTS,2026/06/30 20:23:13+00,editorInfraSTS,2026/07/17 21:30:33+00,42528.7731046447
11229,HHH,HF603,Santo Domingo - Corabastos,Corabastos,Santo Domingo,28/11/2020,8,19,26.89210467,ETIB BO,HF603-3,10,8,4:00 a. m. - 11:00 p. m.,4:00 a. m. - 11:00 p. m.,5:00 a. m. - 10:00 p. m.,1,4,1,3,1,2,2,13023,1,{BAFEE806-AF7C-4765-9B43-B2390F14CFCE},editorInfraSTS,2026/06/30 20:22:58+00,editorInfraSTS,2026/07/17 21:30:33+00,26892.1046658544
11230,KKK,KK300,Puente Grande,Portal El Dorado,Puente Grande,26/12/2020,9,9,16.57354442,GRAN AMÉRICAS FONTIBON I,K300-3,6,6,4:30 a. m. - 12:20 a. m.,,,1,4,2,2,1,2,2,12265,1,{BB706303-87FD-4B6F-917E-497BC429D64F},editorInfraSTS,2026/06/30 20:21:43+00,editorInfraSTS,2026/07/17 21:29:38+00,16573.5444209665
11231,ESP,14-6,El Verjón - Est. Bicentenario,El Verjon,Est. Bicentenario,2/12/2013,3,3,35.22156292,CONSORCIO EXPRESS SAN CRISTOBALD,14-6e,8,0,4:50 a. m. - 7:40 a. m. _ 11:20 a. m. - 2:15 p. m. _ 4:50 p. m. - 7:40 p. m.,4:50 a. m. - 7:40 a. m. _ 11:20 a. m. - 2:15 p. m. _ 4:50 p. m. - 7:40 p. m.,7:20 a. m. - 8:50 a. m. _ 11:20 a. m. - 2:40 p. m. _ 5:50 p. m. - 7:10 p. m.,1,5,4,3,1,2,1,11517,1,{BBB63F25-7C9E-4264-AD82-D23CDB3F0C18},editorInfraSTS,2026/06/30 20:19:06+00,editorInfraSTS,2026/07/17 21:29:38+00,35221.5629210854
11232,USA,T26r,Palermo Sur - Country Club,Palermo Sur,Country Club, ,18,18,7.1806892,CONSORCIO EXPRESS USAQUEN N,T26r-3,12,12,3:15 a. m. - 10:15 p. m. ,,,1,4,1,3,1,2,2,12500,1,{BC85EC43-3582-40F3-9DDE-6A82CC99B958},editorInfraSTS,2026/06/30 20:20:59+00,editorInfraSTS,2026/07/17 21:29:38+00,7180.68920124961
11233,ALI,HH728,Portal Usme - Danubio,Portal Usme,Danubio,2/11/2024,18,18,8.66797259,E-SOMOS ALIMENTACION,HH728a,12,12,4:00 a. m. - 12:30 a. m. ,4:00 a. m. - 12:30 a. m. ,4:00 a. m. - 11:30 p. m. ,1,3,2,3,1,2,2,13107,1,{BD30440E-2CE4-458B-BEED-D005A169D412},editorInfraSTS,2026/06/30 20:24:04+00,editorInfraSTS,2026/07/17 21:30:33+00,8667.97258851437
11234,FFF,FF409,Tierra Buena - Est. Banderas,Est. Banderas,Tierra Buena,19/04/2021,8,8,10.27910595,MASIVO CAPITAL KE,FF409-3,8,8,3:40 a. m. - 11:45 p. m.,4:00 a. m. - 11:00 p. m.,6:00 a. m. - 9:00 p. m.,1,5,2,3,1,2,2,12743,1,{BD576F48-1A68-4CA5-A3DE-69CFD3795CBE},editorInfraSTS,2026/06/30 20:24:38+00,editorInfraSTS,2026/07/17 21:30:33+00,10279.105946344
11235,C80,806,Providencia Alta - Sabana Del Dorado,Providencia Alta,Sabana Del Dorado,29/01/2014,18,10,30.08057202,GMOVIL ENGATIVA E,806-1,5,12,4:00 a. m. - 11:00 p. m.,4:00 a. m. - 11:00 p. m.,5:00 a. m. - 10:00 p. m.,1,4,1,3,1,2,2,12779,1,{BD75A1F6-9FC0-4B08-A915-3884014A998A},editorInfraSTS,2026/06/30 20:20:25+00,editorInfraSTS,2026/07/17 21:29:38+00,30080.5720198731
11236,SCR,T30B,Patio Bonito - Tihuaque,Patio Bonito,Tihuaque,27/07/2017,7,5,52.23376677,CONSORCIO EXPRESS SAN CRISTOBALD,T30B-3,13,8,3:00 a. m. - 10:00 p. m.,3:00 a. m. - 10:00 p. m.,4:00 a. m. - 9:00 p. m.,1,4,1,3,1,2,2,12698,1,{BDBE3A70-3C36-4EFB-9CD3-510F803E6B50},editorInfraSTS,2026/06/30 20:24:17+00,editorInfraSTS,2026/07/17 21:30:33+00,52233.7667679728
11238,AAA,HA704,El Uval - Germania,El Uval,Germania,16/01/2021,5,3,23.82800092,GRAN AMERICAS USME III,A704-1,0,12,4:00 a. m. - 9:30 p. m.,4:00 a. m. - 10:00 p. m.,5:00 a. m. - 9:30 p. m.,1,3,1,3,1,2,2,12461,1,{BE6ACE8B-AC4D-4C54-81B3-D3D4B97186E1},editorInfraSTS,2026/06/30 20:19:29+00,editorInfraSTS,2026/07/17 21:29:38+00,23828.0009184339
11239,ALI,1-6,Bolivia Oriental,Portal 80,Bolivia Oriental,3/02/2025,10,10,3.02116475,ESTE ES MI BUS CALLE 80 CO01,1-6a,4,4,4:30 a. m. - 12:30 a. m.,4:30 a. m. - 12:30 a. m.,4:30 a. m. - 11:30 p. m.,1,3,2,3,1,2,2,11086,1,{BE86D5EE-8B7A-448A-AB0E-4E020B8E97FD},editorInfraSTS,2026/06/30 20:21:00+00,editorInfraSTS,2026/07/17 21:29:38+00,3021.16474742878
11240,BBB,BH907,Terminal Norte - Usme Centro,Usme Centro,Terminal Norte,12/04/2021,11,5,42.9088917,CONSORCIO EXPRESS USAQUEN N,B907-2,2,12,3:30 a. m. - 9:00 p. m.,3:30 a. m. - 9:00 p. m.,4:30 a. m. - 8:00 p. m.,1,3,1,3,1,2,2,12951,1,{BECE177E-D692-457E-BB6F-19D5E581B910},editorInfraSTS,2026/06/30 20:19:39+00,editorInfraSTS,2026/07/17 21:29:38+00,42908.8917014591
11241,ALI,6-3,Sierra Morena,Portal Tunal,Sierra Morena,26/03/2015,6,6,12.23643247,SUMA CIUDAD BOLIVAR BC,6-3a,11,11,4:00 a. m. - 12:30 a. m.,4:00 a. m. - 12:30 a. m.,4:00 a. m. - 11:30 p. m.,1,3,2,3,1,2,2,11101,1,{BEFB5C8A-D6E6-4402-9010-D14203BCEC67},editorInfraSTS,2026/06/30 20:20:52+00,editorInfraSTS,2026/07/17 21:29:38+00,12236.4324747576
11242,CBO,T11,Alpes - Calle 222,Calle 222,Alpes,22/11/2014,11,19,40.66027032,SUMA CIUDAD BOLIVAR BC,T11-2,11,2,4:00 a. m. - 11:00 p. m.,4:00 a. m. - 11:00 p. m.,7:00 a. m. - 10:00 p. m.,1,3,1,3,1,2,2,10538,1,{BF367491-53FF-4514-B4A6-F93C31040C7F},editorInfraSTS,2026/06/30 20:21:34+00,editorInfraSTS,2026/07/17 21:29:38+00,40660.270324025
11243,ALI,11-10_p,Bilbao Pico,Portal Suba,Bilbao, ,11,11,8.5388794,ESTE ES MI BUS CALLE 80 CO01,11-10a_p,3,3,5:00 a. m. - 8:30 a. m. ,5:00 a. m. - 12:30 a. m. ,,1,3,2,3,2,2,2,11026,1,{C0694676-F8A8-4EDE-B518-DB762D5CA0AD},editorInfraSTS,2026/06/30 20:20:53+00,editorInfraSTS,2026/07/17 21:29:38+00,8538.87940373514
11244,AAA,DA215,Bachué - Germania,Bachué,Germania,20/11/2023,10,10,44.64168216,ESTE ES MI BUS CALLE 80 CO01,DA215-3,4,4,4:00 a. m. - 10:00 p. m.,4:00 a. m. - 10:00 p. m.,5:00 a. m. - 9:00 p. m.,1,3,1,3,1,2,2,10660,1,{C087BBFE-2455-41B4-BA40-0625FF261E04},editorInfraSTS,2026/06/30 20:20:55+00,editorInfraSTS,2026/07/17 21:29:38+00,44641.6821597567
11245,CEN,579,El Recreo - Marly,El Recreo,Marly,11/05/2013,7,7,48.468669,MASIVO CAPITAL KE,579-3,8,8,4:00 a. m. - 9:45 p. m.,4:00 a. m. - 10:00 p. m.,5:00 a. m. - 9:00 p. m.,1,3,1,3,1,2,2,10872,1,{C0A9FB1E-D559-417F-BF1E-5F27C31F7EC8},editorInfraSTS,2026/06/30 20:20:49+00,editorInfraSTS,2026/07/17 21:29:38+00,48468.6690035265
11246,KKK,KK337,San Pablo Jericó,Portal El Dorado,San Pablo Jerico,26/12/2020,9,9,14.26887072,GRAN AMÉRICAS FONTIBON I,KK337-3,6,6,4:30 a. m. - 12:30 a. m.,4:30 a. m. - 12:30 a. m.,4:30 a. m. - 11:30 p. m.,1,4,2,3,1,2,2,13083,1,{C16675FD-123C-44A0-BE48-B4482EC468FE},editorInfraSTS,2026/06/30 20:24:08+00,editorInfraSTS,2026/07/17 21:30:33+00,14268.8707194382
11247,ENG,SE14,Diana Turbay Cultivos - Engativá Centro,Diana Turbay Cultivos,Engativá Centro,2/03/2014,18,10,37.31029905,GMOVIL ENGATIVA E,SE14-1,5,12,4:00 a. m. - 11:00 p. m.,4:00 a. m. - 10:00 p. m.,5:00 a. m. - 10:00 p. m.,1,3,1,3,1,2,2,12738,1,{C1C57B76-DCC2-4743-A6B1-D842BCB16B6B},editorInfraSTS,2026/06/30 20:21:07+00,editorInfraSTS,2026/07/17 21:30:33+00,37310.2990497409
11248,SCR,614,Bolonia Usme - Montevideo,Montevideo,Bolonia Usme,31/08/2013,5,9,27.40270511,GMOVIL ENGATIVA E,614-2,12,6,3:30 a. m. - 11:00 p. m.,3:30 a. m. - 11:00 p. m.,4:30 a. m. - 10:00 p. m.,1,4,1,3,1,2,2,12328,1,{C24A3D90-84FF-4B10-961D-482CE360F2AD},editorInfraSTS,2026/06/30 20:18:48+00,editorInfraSTS,2026/07/17 21:29:38+00,27402.7051135704
11249,ALI,1-1,Álamos,Portal Calle 80,Alamos,26/03/2015,10,10,5.26831227,ESTE ES MI BUS CALLE 80 CO01,1-1a,4,4,4:30 a. m. - 12:30 a. m.,4:30 a. m. - 12:30 a. m.,4:30 a. m. - 11:30 p. m.,1,3,2,3,1,2,2,10990,1,{C31AFEBE-DC46-459B-AC8F-8EFF42EC6085},editorInfraSTS,2026/06/30 20:18:33+00,editorInfraSTS,2026/07/17 21:29:38+00,5268.31226916786
11250,ALI,12-1,Fátima,General Santander,Fatima,26/03/2015,16,16,6.11484943,ETIB BO,12-1a,10,10,4:00 a. m. - 12:30 a. m.,4:00 a. m. - 12:30 a. m.,4:00 a. m. - 11:30 p. m.,1,3,2,3,1,2,2,11135,1,{C3562F3B-9073-46D4-AEE6-F10DD6F86131},editorInfraSTS,2026/06/30 20:18:34+00,editorInfraSTS,2026/07/17 21:29:38+00,6114.84943447
11251,CCC,GC509,Metrovivienda - Corpas,Metrovivienda,Corpas,28/09/2020,11,7,27.91045182,MASIVO CAPITAL KE,C509-1,3,8,4:00 a. m. - 11:30 p. m.,4:00 a. m. - 11:00 p. m.,5:00 a. m. - 10:00 p. m.,1,3,1,3,1,2,2,10470,1,{C40FF360-27FB-40C8-B1A2-45E82F908BA9},editorInfraSTS,2026/06/30 20:24:29+00,editorInfraSTS,2026/07/17 21:30:33+00,27910.4518150137
11252,ALI,3-11,La Fiscala,Portal Usme,Fiscala,22/05/2021,5,5,6.01184564,E-SOMOS ALIMENTACION,3-11a,12,12,4:00 a. m. - 12:30 a. m.,4:00 a. m. - 12:30 a. m.,4:00 a. m. - 11:30 p. m.,1,4,2,3,1,2,2,11811,1,{C4C706F1-7F6F-4C8D-854E-91297875501A},editorInfraSTS,2026/06/30 20:19:58+00,editorInfraSTS,2026/07/17 21:29:38+00,6011.84563952934
11253,NA,10-3,Albán Carbonell,Portal Sur,Alban Carbonell,26/03/2015,7,7,10.29097444,ETIB BO,10-3a,9,9,4:00 a. m. - 12:30 a. m.,4:00 a. m. - 12:30 a. m.,,1,3,2,3,1,2,2,12858,1,{C4DE03AF-6855-414A-812F-1CDED2D0D365},editorInfraSTS,2026/06/30 20:23:50+00,editorInfraSTS,2026/07/17 21:30:33+00,10290.9744368328
11254,SCR,N16,Av 1 Mayo,Gaviotas,Av. 1 Mayo, ,4,15,10.31003806,CONSORCIO EXPRESS SAN CRISTOBALD,N16-1,12,13,3:20 a. m. - 6:20 a. m.,2:20 a. m. - 7:30 a. m.,3:50 a. m. - 7:40 a. m.,1,3,1,3,3,2,2,10831,1,{C50CB83B-0047-487D-AC69-959994B2A6B7},editorInfraSTS,2026/06/30 20:23:21+00,editorInfraSTS,2026/07/17 21:30:33+00,10310.0380592125
11255,CCC,CB145,Bilbao - San Cristóbal Norte,San Cristobal Norte,Bilbao,31/08/2021,1,11,31.23760184,EMASIVO 16 SF,CB145-3,3,1,4:00 a. m. - 10:00 p. m.,4:00 a. m. - 9:00 p. m.,4:30 a. m. - 8:00 p. m.,1,3,1,3,1,2,2,11849,1,{C8D7776E-96D5-408A-9F23-90DDDC4BFE9D},editorInfraSTS,2026/06/30 20:22:21+00,editorInfraSTS,2026/07/17 21:30:33+00,31237.6018408165
11256,DDD,DG208,Puente De Guadua - Metrovivienda,Metrovivienda,Puente De Guadua,7/08/2021,7,10,31.43025195,EMASIVO 10 ST,D208-2,4,8,4:00 a. m. - 10:00 p. m.,4:00 a. m. - 10:00 p. m.,6:00 a. m. - 7:30 p. m.,1,4,1,3,1,2,2,12792,1,{C98EAD2C-6010-4E4C-82F1-14D66C708983},editorInfraSTS,2026/06/30 20:20:45+00,editorInfraSTS,2026/07/17 21:29:38+00,31430.2519454744
11257,NOR,291,Terminal Norte Makro - Tierra Buena,Tierra Buena,Terminal Norte Makro,30/04/2013,11,8,38.07808448,CONSORCIO EXPRESS USAQUEN N,291-1,2,8,3:00 a. m. - 10:00 p. m.,3:00 a. m. - 10:00 p. m.,4:00 a. m. - 9:00 p. m.,1,3,1,3,1,2,2,12673,1,{CA0776EA-AA05-4EC2-9E81-37D48834E866},editorInfraSTS,2026/06/30 20:24:37+00,editorInfraSTS,2026/07/17 21:30:33+00,38078.0844811742
11259,CHA,C15,Bosa San Diego - Chapinero,Bosa San Diego,Chapinero,24/11/2012,7,7,50.83173124,ETIB BO,C15-3,9,9,4:00 a. m. - 10:00 p. m.,4:00 a. m. - 10:00 p. m.,5:00 a. m. - 9:30 p. m.,1,3,1,3,1,2,2,12803,1,{CB57D90F-CFB3-4C9E-9989-72CF41A84B0F},editorInfraSTS,2026/06/30 20:19:02+00,editorInfraSTS,2026/07/17 21:29:38+00,50831.731240396
11260,CEN,193B,Bachué - Marly,Bachué,Marly,20/07/2013,10,10,35.85781786,ESTE ES MI BUS CALLE 80 CO01,193B-3,4,4,4:00 a. m. - 10:00 p. m.,4:00 a. m. - 10:00 p. m.,5:00 a. m. - 10:00 p. m.,1,4,1,3,1,2,2,10666,1,{CBCA4A49-7241-4FA8-A6D2-CD743012142A},editorInfraSTS,2026/06/30 20:19:15+00,editorInfraSTS,2026/07/17 21:29:38+00,35857.8178594431
11261,KKK,KK338,El Refugio - Portal ElDorado,El Refugio,Portal ElDorado,11/05/2026,11,11,10.19701998,GRAN AMÉRICAS FONTIBON I,KK338-3,6,6,5:00 a. m. - 8:00 a. m. _ 5:00 p. m. - 8:00 p. m., , ,1,4,2,1,2,2,2,13088,1,{CC11F876-173D-42B5-AB77-743EE8E50924},editorInfraSTS,2026/06/30 20:24:08+00,editorInfraSTS,2026/07/17 21:30:33+00,10197.0199767305
11262,KKK,HK627,Alpes - Salitre,Alpes,Salitre,25/10/2021,19,13,34.90686952,SUMA CIUDAD BOLIVAR BC,HK627-3,5,11,4:00 a. m. - 6:30 p. m.,4:00 a. m. - 6:30 p. m.,5:30 a. m. - 6:30 p. m.,1,5,1,3,1,2,2,12604,1,{CC8AD745-C4DE-4194-A643-5434B7CDEB53},editorInfraSTS,2026/06/30 20:23:03+00,editorInfraSTS,2026/07/17 21:30:33+00,34906.8695150703
11263,CCC,CG157,El Recreo - Suba Corpas,El Recreo,Suba Corpas,19/10/2021,11,7,26.6851431,MASIVO CAPITAL SO,C157-1,3,8,3:50 a. m. - 8:00 p. m.,3:50 a. m. - 8:00 p. m.,5:00 a. m. - 8:00 p. m.,1,3,1,3,1,2,2,10440,1,{CE7FB686-1DD3-4EAE-A013-F435BF943704},editorInfraSTS,2026/06/30 20:24:32+00,editorInfraSTS,2026/07/17 21:30:33+00,26685.1430957935
11264,BBB,BG902,Metrovivienda - Calle 222,Metrovivienda,Calle 222,21/09/2020,7,11,44.28141324,MASIVO CAPITAL KE,B902-2,2,8,4:00 a. m. - 11:00 p. m.,4:00 a. m. - 10:00 p. m.,5:00 a. m. - 10:00 p. m.,1,3,1,3,1,2,2,12963,1,{CEDCFF8F-84B2-406F-A0B2-F5F26F494E82},editorInfraSTS,2026/06/30 20:21:42+00,editorInfraSTS,2026/07/17 21:29:38+00,44281.4132436543
11265,KKK,KA305,El Recodo – Est. Calle 100,Est. Calle 100,El Recodo,9/01/2021,9,12,20.29372186,E-SOMOS FONTIBON II,K305-2,7,0,4:00 a. m. - 10:45 p. m.,4:00 a. m. - 10:45 p. m.,5:00 a. m. - 10:20 p. m.,1,3,1,3,1,2,2,10175,1,{CFB7111E-66BC-4334-9A5C-5E79DB119345},editorInfraSTS,2026/06/30 20:24:09+00,editorInfraSTS,2026/07/17 21:30:33+00,20293.7218636375
11266,KKK,KH317,Aeropuerto - Tunal,C.C. Tunal,Aeropuerto,11/05/2022,6,9,23.18208442,GMOVIL ENGATIVA E,K317-2,6,11,3:30 a. m. - 9:00 p. m.,3:30 a. m. - 9:00 p. m.,4:00 a. m. - 8:00 p. m.,1,3,1,3,1,2,2,10377,1,{D0490A91-9B47-43E6-8BE6-2F4850EA03B5},editorInfraSTS,2026/06/30 20:20:14+00,editorInfraSTS,2026/07/17 21:29:38+00,23182.0844188615
11267,ALI,8-2,Kennedy Hospital,Banderas,Kennedy Hospital,17/02/2014,8,8,6.42248467,MASIVO CAPITAL KE,8-2a,8,8,4:00 a. m. - 12:20 a. m.,4:00 a. m. - 12:20 a. m.,4:00 a. m. - 11:20 p. m.,1,3,2,3,1,2,2,10947,1,{D0D12A40-9E9E-45AC-8595-5C25A9FD8F75},editorInfraSTS,2026/06/30 20:18:25+00,editorInfraSTS,2026/07/17 21:29:38+00,6422.48467362276
11268,ALI,16-6,La Faena,Portal El Dorado,La Faena,18/05/2013,10,10,14.52581973,GMOVIL ENGATIVA E,16-6a,5,5,4:30 a. m. - 12:15 a. m.,4:30 a. m. - 12:20 a. m.,4:30 a. m. - 11:30 p. m.,1,3,2,3,1,2,2,12553,1,{D0EAC542-237A-48DB-81C9-66F7B9D06C92},editorInfraSTS,2026/06/30 20:21:47+00,editorInfraSTS,2026/07/17 21:29:38+00,14525.8197296969
11269,KKK,DK206,Bachué - Gobernación,Bachué,Gobernación,24/10/2022,10,13,23.34173322,ESTE ES MI BUS CALLE 80 CO01,DK206-3,5,4,4:00 a. m. - 10:00 p. m.,4:00 a. m. - 10:00 p. m.,5:00 a. m. - 9:00 p. m.,1,3,1,3,1,2,2,10633,1,{D1053FBA-513E-4B80-8ECC-54D6A1DDD776},editorInfraSTS,2026/06/30 20:22:28+00,editorInfraSTS,2026/07/17 21:30:33+00,23341.7332207933
11270,HHH,FH733,Tierra Buena - Cerros De Oriente,Tierra Buena,Cerros De Oriente,22/07/2024,8,18,23.56060762,MASIVO CAPITAL KE,H733-1,12,8,4:00 a. m. - 10:00 p. m.,4:00 a. m. - 10:00 p. m.,5:00 a. m. - 9:00 p. m.,1,5,1,3,1,2,2,13033,1,{D20A70B3-EBB8-40B8-B214-C4B737483644},editorInfraSTS,2026/06/30 20:20:58+00,editorInfraSTS,2026/07/17 21:29:38+00,23560.6076160333
11271,COM,19-11,Canódromo,Canodromo,Prado Veraniego,23/11/2015,11,11,3.39943909,MASIVO CAPITAL SO,19-11c,2,2,4:00 a. m. - 9:30 p. m.,5:00 a. m. - 9:15 p. m.,,1,5,2,3,1,2,2,10422,1,{D21DE11F-6167-4CB7-9202-911FF7D7AD6E},editorInfraSTS,2026/06/30 20:18:28+00,editorInfraSTS,2026/07/17 21:29:38+00,3399.43908941167
11272,NA,HA680_PM,Isla Del Sol - Las Aguas,Isla Del Sol,Las Aguas,7/10/2015,6,6,50.07443618,ETIB BO,HA680-3,10,10,4:00 a. m. - 11:00 p. m.,4:00 a. m. - 11:00 p. m.,5:00 a. m. - 10:00 p. m.,1,4,1,3,1,2,2,13006,1,{D27692C7-D979-4C76-9D99-6EF9257B5CB3},editorInfraSTS,2026/06/30 20:23:40+00,editorInfraSTS,2026/07/17 21:30:33+00,50074.4361801281
11273,ALI,3-2,Santa Librada,Portal Usme,Santa Librada,22/05/2021,5,5,7.48403043,E-SOMOS ALIMENTACION,3-2a,12,12,4:00 a. m. - 12:30 a. m.,4:00 a. m. - 12:30 a. m.,4:00 a. m. - 11:30 p. m.,1,3,2,3,1,2,2,10319,1,{D27B8244-BB34-4FC0-AA7D-BF9B5B034F4A},editorInfraSTS,2026/06/30 20:18:24+00,editorInfraSTS,2026/07/17 21:29:38+00,7484.03042557561
11274,SCR,T27,Est. Av. 1° De Mayo - Bello Horizonte,Est. Av. 1 De Mayo,Bello Horizonte,29/05/2015,4,4,6.95782465,CONSORCIO EXPRESS SAN CRISTOBALD,T27-3,13,13,4:00 a. m. - 11:00 p. m.,4:00 a. m. - 11:00 p. m.,5:00 a. m. - 10:00 p. m.,1,4,2,3,1,2,2,10650,1,{D2F62FDE-7462-415C-BCB5-44D59BA59D00},editorInfraSTS,2026/06/30 20:18:57+00,editorInfraSTS,2026/07/17 21:29:38+00,6957.82465035463
11275,AAA,AB020,La Castellana - Calle 134,La Castellana,Calle 134,19/08/2025,1,12,17.64395761,SUMA CIUDAD BOLIVAR BC,AB020-3,0,1,5:35 a. m. - 8:55 a. m. _ 3:30 p. m. - 6:55 p. m.,,,1,3,1,1,2,2,2,12173,1,{D3F050B8-FFA4-4D61-B1C2-E5C25AB72243},editorInfraSTS,2026/06/30 20:21:29+00,editorInfraSTS,2026/07/17 21:29:38+00,17643.9576055259
11276,CHA,91,Bosa San José - Porciúncula,Bosa San José,Porciuncula,31/01/2013,7,7,61.53625954,ETIB BO,91-3,9,9,4:00 a. m. - 10:00 p. m.,4:00 a. m. - 9:30 p. m.,5:00 a. m. - 9:00 p. m.,1,3,1,3,1,2,2,12580,1,{D4B723A9-7986-48B6-B4E6-2A788BA61A73},editorInfraSTS,2026/06/30 20:18:59+00,editorInfraSTS,2026/07/17 21:30:33+00,61536.2595377649
11277,KKK,HK721,El Tuno - Terminal Salitre,El Tuno,Terminal Salitre,20/08/2022,5,9,25.42924165,MUEVE USME UB,K721-1,6,12,3:30 a. m. - 9:30 p. m.,3:30 a. m. - 9:30 p. m.,4:30 a. m. - 9:00 p. m.,1,4,1,3,1,2,2,11836,1,{D5038E8A-18FA-4537-8E0B-D9DDA4B000FE},editorInfraSTS,2026/06/30 20:20:28+00,editorInfraSTS,2026/07/17 21:29:38+00,25429.2416546524
11278,CCC,CA151,Tibabuyes - Centro,Centro,Tibabuyes,18/09/2021,3,11,49.2087853,EMASIVO 16 SF,CA151-3,3,0,4:30 a. m. - 9:30 p. m.,4:30 a. m. - 8:30 p. m.,6:00 a. m. - 7:00 p. m.,1,3,1,3,1,2,2,12146,1,{D505943B-5139-4BE4-A672-29C42AC70C3B},editorInfraSTS,2026/06/30 20:22:17+00,editorInfraSTS,2026/07/17 21:30:33+00,49208.7852970705
11280,HHH,HA601,Perdomo - Chapinero,Chapinero,Perdomo,24/09/2022,19,2,45.67569715,ODT LA ROLITA,HA601-3,10,0,4:00 a. m. - 8:00 p. m.,4:00 a. m. - 8:00 p. m.,5:30 a. m. - 7:00 p. m.,1,4,1,3,1,2,2,12346,1,{D560245B-ECBD-46FF-841C-E2D5A203A4E4},editorInfraSTS,2026/06/30 20:22:43+00,editorInfraSTS,2026/07/17 21:30:33+00,45675.6971459653
11281,CBO,260,Arabia - Unicentro,Unicentro,Arabia,30/08/2014,1,19,56.70784092,SUMA CIUDAD BOLIVAR BC,260-3,11,1,3:30 a. m. - 9:30 p. m.,4:00 a. m. - 9:30 p. m.,5:00 a. m. - 9:30 p. m.,1,3,1,3,1,2,2,12115,1,{D61212E4-3D0C-48ED-8EB6-89A1DA8DCC50},editorInfraSTS,2026/06/30 20:21:54+00,editorInfraSTS,2026/07/17 21:30:33+00,56707.8409223073
11282,ALI,13-10,Villa Del Cerro,Portal 20 Julio,Villa Del Cerro,22/02/2014,4,4,8.18653085,CONSORCIO EXPRESS SAN CRISTOBALD,13-10a,13,13,4:00 a. m. - 12:30 a. m.,4:00 a. m. - 12:30 a. m.,4:30 a. m. - 11:20 p. m.,1,3,2,3,1,2,2,12325,1,{D6718EA9-F77A-44A7-A703-A1F654796C5F},editorInfraSTS,2026/06/30 20:18:23+00,editorInfraSTS,2026/07/17 21:29:38+00,8186.53085387068
11283,ALI,4-3,Molinos,Molinos,Molinos II,22/05/2021,18,18,6.29519458,E-SOMOS ALIMENTACION,4-3a,12,12,4:00 a. m. - 12:30 a. m.,4:00 a. m. - 12:30 a. m.,4:00 a. m. - 11:30 p. m.,1,3,2,3,1,2,2,10363,1,{D68066CD-F941-45EC-A3A1-A0B5A6FD957C},editorInfraSTS,2026/06/30 20:18:40+00,editorInfraSTS,2026/07/17 21:29:38+00,6295.19457763961
11284,AAA,DA203,Bachué - Chicó Norte,Bachué,Chico Norte,28/09/2020,10,2,27.05546413,ESTE ES MI BUS CALLE 80 CO01,DA203-3,0,4,4:00 a. m. - 10:00 p. m.,4:00 a. m. - 10:00 p. m.,,1,5,1,2,1,2,2,10745,1,{D686C670-7CD3-4E4C-93C0-45014961F267},editorInfraSTS,2026/06/30 20:23:33+00,editorInfraSTS,2026/07/17 21:30:33+00,27055.464125812
11285,CCC,CL149,Bilbao - Est. Av. 1 De Mayo,Est. Av. 1 De Mayo,Bilbao,11/09/2021,11,4,30.0948564,EMASIVO 16 SF,C149-2,3,13,4:00 a. m. - 9:30 p. m.,4:00 a. m. - 9:30 p. m.,4:00 a. m. - 8:00 p. m.,1,3,1,3,1,2,2,12460,1,{D69094DD-0E93-4174-B69F-FB42DEF43593},editorInfraSTS,2026/06/30 20:19:54+00,editorInfraSTS,2026/07/17 21:29:38+00,30094.8563966635
11286,AAA,KA305,El Recodo – Est. Calle 100,El Recodo,Est. Calle 100,9/01/2021,9,12,20.14549274,E-SOMOS FONTIBON II,A305-1,0,7,4:00 a. m. - 10:45 p. m.,4:00 a. m. - 10:45 p. m.,5:00 a. m. - 10:20 p. m.,1,3,1,3,1,2,2,13002,1,{D6A45797-A30C-4CA8-BED8-F8B790319C31},editorInfraSTS,2026/06/30 20:24:09+00,editorInfraSTS,2026/07/17 21:30:33+00,20145.4927430981
11287,KKK,KA302,El Recodo- Centro,Centro,El Recodo,9/01/2021,9,3,25.88057304,E-SOMOS FONTIBON II,K302-2,7,0,4:00 a. m. - 10:00 p. m.,4:00 a. m. - 10:00 p. m.,5:00 a. m. - 9:30 p. m.,1,3,1,3,1,2,2,12942,1,{D736B9D0-027B-4A8C-9D29-C191812FF650},editorInfraSTS,2026/06/30 20:19:27+00,editorInfraSTS,2026/07/17 21:29:38+00,25880.5730398813
11288,LLL,CL155,Suba Gaitana - Gaviotas,Suba Gaitana,Gaviotas,6/12/2021,4,11,39.33012494,CONSORCIO EXPRESS USAQUEN N,L155-1,13,3,3:00 a. m. - 8:30 p. m.,3:00 a. m. - 8:00 p. m.,4:30 a. m. - 7:00 p. m.,1,4,1,3,1,2,2,12889,1,{D795760E-3CF4-4D04-A6E9-813514E20832},editorInfraSTS,2026/06/30 20:20:22+00,editorInfraSTS,2026/07/17 21:29:38+00,39330.1249421589
11289,BOS,139,Bosa San José - Juan Rey,Juan Rey,Bosa San José,23/11/2013,7,4,27.25959704,CONSORCIO EXPRESS SAN CRISTOBALD,139-2,9,13,3:00 a. m. - 10:00 p. m.,3:00 a. m. - 10:00 p. m.,4:00 a. m. - 9:00 p. m.,1,3,1,3,1,2,2,12892,1,{D796D064-73BB-4E39-A1B7-6EDD76B85E27},editorInfraSTS,2026/06/30 20:19:07+00,editorInfraSTS,2026/07/17 21:29:38+00,27259.5970430348
11290,USM,539,Engativá Centro - El Uval,Engativá Centro,El Uval,16/03/2014,5,10,43.42957542,GMOVIL ENGATIVA E,539-2,12,5,4:00 a. m. - 11:00 p. m.,4:00 a. m. - 11:00 p. m.,5:00 a. m. - 10:00 p. m.,1,4,1,3,1,2,2,12786,1,{D7A2F2D0-5F25-4EA6-B478-A34F0A6CDC15},editorInfraSTS,2026/06/30 20:19:21+00,editorInfraSTS,2026/07/17 21:29:38+00,43429.5754205411
11291,ALI,1-5,Colsubsidio,Portal 80,Colsubsidio,26/03/2015,10,10,8.02166071,ESTE ES MI BUS CALLE 80 CO01,1-5a,4,4,4:30 a. m. - 12:30 a. m.,4:30 a. m. - 12:30 a. m.,4:30 a. m. - 11:30 p. m.,1,3,2,3,1,2,2,11084,1,{D7CF042C-C5EF-4BB7-9D4A-68450A2CB194},editorInfraSTS,2026/06/30 20:18:41+00,editorInfraSTS,2026/07/17 21:29:38+00,8021.66070894802
11292,CEN,544A,Bosa San Diego - Germania,Bosa San Diego,Germania,29/01/2014,7,7,50.38506127,ETIB BO,544A-3,9,9,4:00 a. m. - 9:00 p. m.,4:00 a. m. - 9:00 p. m.,5:00 a. m. - 9:00 p. m.,1,4,1,3,1,2,2,12584,1,{D88E7AAC-FE14-4458-A7ED-EA38CDA9B74D},editorInfraSTS,2026/06/30 20:19:01+00,editorInfraSTS,2026/07/17 21:29:38+00,50385.0612721971
11293,CCC,CA153,Suba La Gaitana - Centro,Centro,Suba La Gaitana,16/09/2021,3,11,43.47954855,EMASIVO 16 SF,CA153-3,3,0,4:00 a. m. - 9:30 p. m.,4:00 a. m. - 8:00 p. m.,5:00 a. m. - 8:00 p. m.,1,3,1,3,1,2,2,10182,1,{D94BDC5B-C7FB-46BB-8307-922C86EBD3B0},editorInfraSTS,2026/06/30 20:22:18+00,editorInfraSTS,2026/07/17 21:30:33+00,43479.5485548042
11294,DDD,DD204,Gran Granada - Portal Calle 80,Gran Granada,Portal Calle 80,18/01/2021,10,10,11.2727905,GMOVIL ENGATIVA E,DD204-3,5,5,4:00 a. m. - 10:00 p. m.,4:00 a. m. - 10:00 p. m.,5:00 a. m. - 9:30 p. m.,1,4,2,3,1,2,2,10533,1,{D9A17F3C-3B9E-48AE-B893-14D24507A81A},editorInfraSTS,2026/06/30 20:19:34+00,editorInfraSTS,2026/07/17 21:29:38+00,11272.7904988271
11295,NA,GA587,Parques de Bogotá - Teusaquillo,Parques de Bogotá - Teus,Teusaquillo,6/07/2013,7,7,50.68751333,ETIB BO,GA587-3,9,9,4:00 a. m. - 11:00 p. m.,4:00 a. m. - 11:00 p. m.,5:00 a. m. - 10:00 p. m.,1,4,1,3,1,2,2,12887,1,{DB0B6128-992F-4CB5-98ED-D1E79320D7F3},editorInfraSTS,2026/06/30 20:24:06+00,editorInfraSTS,2026/07/17 21:30:33+00,50687.5133321181
11296,ALI,8-5,Biblioteca Tintal,Banderas,Biblioteca Tintal,17/02/2014,8,8,7.91061832,ESTE ES MI BUS TINTAL TZ,8-5a,7,7,4:00 a. m. - 12:30 a. m.,4:00 a. m. - 12:30 a. m.,4:00 a. m. - 11:30 p. m.,1,3,2,3,1,2,2,10923,1,{DC62C7FD-1C4F-404B-B16C-67084B56AC6C},editorInfraSTS,2026/06/30 20:21:02+00,editorInfraSTS,2026/07/17 21:29:38+00,7910.61832040649
11297,BBB,BD906,Villa Gladys - Toberín,Villa Gladys,Toberín,15/02/2021,10,1,61.97150152,CONSORCIO EXPRESS USAQUEN N,BD906-3,1,5,4:00 a. m. - 10:00 p. m.,4:00 a. m. - 10:00 p. m.,,1,5,1,2,1,2,2,12787,1,{DC86F150-1A3F-4C41-9299-7C3F4542EAB5},editorInfraSTS,2026/06/30 20:24:10+00,editorInfraSTS,2026/07/17 21:30:33+00,61971.5015206583
11298,AAA,GA501,Bosa San José - Germania,San José,Germania,28/03/2020,7,3,39.76397807,ETIB BO,GA501-3,0,9,4:00 a. m. - 9:00 p. m.,4:00 a. m. - 9:00 p. m.,5:00 a. m. - 9:00 p. m.,1,4,1,3,1,2,2,12228,1,{DDD5A99D-3BCA-46E7-88BA-F7230D63EA38},editorInfraSTS,2026/06/30 20:22:33+00,editorInfraSTS,2026/07/17 21:30:33+00,39763.9780682804
11299,FFF,FF407,Est.Banderas - La Magdalena,La Magdalena,Banderas,8/03/2021,8,8,11.80631882,ESTE ES MI BUS TINTAL TZ,F407-3,7,7,4:00 a. m. - 11:00 p. m.,4:00 a. m. - 11:00 p. m.,5:00 a. m. - 10:00 p. m.,1,3,2,3,1,2,2,13057,1,{DDE5DB48-3CED-43EC-A890-5969C3F3FC24},editorInfraSTS,2026/06/30 20:21:01+00,editorInfraSTS,2026/07/17 21:29:38+00,11806.318815278
11300,LLL,LL813,Est. Bicentenario - Est. Av. 1 Mayo,Bicentenario,Est. Av. 1 De Mayo,31/01/2022,3,3,20.23610851,CONSORCIO EXPRESS SAN CRISTOBALD,L813-3,13,13,4:00 a. m. - 11:00 p. m.,4:00 a. m. - 10:00 p. m.,5:00 a. m. - 10:00 p. m.,1,4,2,3,1,2,2,0,1,{DF3A6344-E487-4AD0-A354-ED8DD810AFDD},editorInfraSTS,2026/06/30 20:21:11+00,editorInfraSTS,2026/07/17 21:32:02+00,20236.1085077106
11301,CCC,CF154,Suba Nogales - Puente Aranda,Puente Aranda,Suba Nogales,4/09/2021,16,11,19.22765831,EMASIVO 16 SF,C154-2,3,7,4:00 a. m. - 10:00 p. m.,5:00 a. m. - 11:00 p. m.,5:30 a. m. - 9:00 p. m.,1,4,1,3,1,2,2,10271,1,{DF4676EB-EB0A-435C-BFC5-341A72C627A4},editorInfraSTS,2026/06/30 20:19:55+00,editorInfraSTS,2026/07/17 21:29:38+00,19227.6583114721
11302,KKK,GK502,Villa Del Río - Aeropuerto,Villa Del Rio,Aeropuerto,16/03/2020,7,9,39.5690184,ETIB BO,GK502-3,5,9,4:00 a. m. - 10:00 p. m.,4:00 a. m. - 8:30 p. m.,5:00 a. m. - 8:30 p. m.,1,4,1,3,1,2,2,12794,1,{DF751713-0227-4039-9EDC-9B5624FCC513},editorInfraSTS,2026/06/30 20:22:39+00,editorInfraSTS,2026/07/17 21:30:33+00,39569.0184032001
11303,KKK,16-12,Belén,Portal El Dorado,Belen - Portal El Dorado,26/12/2020,9,9,12.81566484,GRAN AMÉRICAS FONTIBON I,16-12-3,6,6,4:30 a. m. - 12:20 a. m.,4:30 a. m. - 12:20 a. m.,,1,4,2,2,1,2,2,10340,1,{DF958DA2-3FBE-49F3-B35A-CE362A955310},editorInfraSTS,2026/06/30 20:21:50+00,editorInfraSTS,2026/07/17 21:29:38+00,12815.6648398255
11304,CHA,T06,La Sureña - Porciúncula,La Surena,Porciuncula,23/02/2014,2,2,16.68923457,CONSORCIO EXPRESS USAQUEN N,T06-3,0,0,4:00 a. m. - 11:00 p. m.,4:00 a. m. - 11:00 p. m.,5:00 a. m. - 10:00 p. m.,1,4,2,3,1,2,1,12370,1,{DFDE353C-056C-4D21-9355-BAB3D60C0AA0},editorInfraSTS,2026/06/30 20:18:55+00,editorInfraSTS,2026/07/17 21:29:38+00,16689.2345701338
11305,CCC,KC323,El Recodo - Suba Compartir,El Recodo,Suba Compartir,12/02/2022,9,11,23.46149606,MUEVE FONTIBON,C323-1,3,7,3:30 a. m. - 10:00 p. m.,3:30 a. m. - 10:00 p. m.,3:30 a. m. - 10:00 p. m.,1,4,1,3,1,2,2,12154,1,{E05B4449-15A6-48E0-9EDF-69414CE1E814},editorInfraSTS,2026/06/30 20:20:18+00,editorInfraSTS,2026/07/17 21:29:38+00,23461.4960640598
11306,FFF,FH733,Tierra Buena - Cerros De Oriente,Cerros De Oriente,Tierra Buena,22/07/2024,8,18,24.30045302,MASIVO CAPITAL KE,F733-2,8,12,4:00 a. m. - 10:00 p. m.,4:00 a. m. - 10:00 p. m.,5:00 a. m. - 9:00 p. m.,1,5,1,3,1,2,2,12049,1,{E085B2FD-978A-48E6-85ED-A3E01DEF6F8D},editorInfraSTS,2026/06/30 20:21:08+00,editorInfraSTS,2026/07/17 21:30:33+00,24300.4530152949
11307,HHH,HH711,Los Soches - Portal Usme,Los Soches,Portal Usme,17/07/2021,5,5,20.34817534,GRAN AMERICAS USME III,HH711-3,12,12,"6:00 a. m., 7:30 a. m., 9:00 a. m., 10:30 a. m., 3:00 p. m., 4:30 p. m., 6:00 p. m. ","6:00 a. m., 7:30 a. m., 9:00 a. m., 10:30 a. m., 3:00 p. m., 4:30 p. m., 6:00 p. m. ","6:00 a. m., 7:30 a. m., 3:00 p. m., 4:30 p. m.",1,4,4,3,1,2,1,12263,1,{E0DDBD2D-A222-4E19-A140-A4C59517E9A6},editorInfraSTS,2026/06/30 20:21:28+00,editorInfraSTS,2026/07/17 21:29:38+00,20348.1753388538
11308,HHH,LH811,Aguas Claras - Est. Restrepo,Aguas Claras,Restrepo,19/10/2021,4,15,11.443604,CONSORCIO EXPRESS USAQUEN N,LH811-3,11,13,4:00 a. m. - 8:30 p. m.,4:00 a. m. - 6:00 p. m.,6:00 a. m. - 12:00 a. m.,1,4,2,3,1,2,2,10832,1,{E0F7212C-FF2E-48E3-8C00-E4BD074D9238},editorInfraSTS,2026/06/30 20:23:20+00,editorInfraSTS,2026/07/17 21:30:33+00,11443.6040048953
11309,KKK,BK904,La Estrellita - Salitre El Greco,La Estrellita,Salitre El Greco,9/11/2020,1,13,42.55685367,CONSORCIO EXPRESS USAQUEN N,BK904-3,6,1,4:00 a. m. - 10:00 p. m.,4:00 a. m. - 10:00 p. m.,5:00 a. m. - 9:00 p. m.,1,5,1,3,1,2,2,10777,1,{E176670D-35FF-48EB-A1BA-5F698D063F10},editorInfraSTS,2026/06/30 20:22:12+00,editorInfraSTS,2026/07/17 21:30:33+00,42556.8536708815
11310,BOS,T62,Metrovivienda - Casablanca,Casablanca,Metrovivienda,25/11/2019,7,11,37.3013745,MASIVO CAPITAL SO,T62-2,8,3,4:00 a. m. - 10:00 p. m.,4:00 a. m. - 10:03 p. m.,5:00 a. m. - 10:00 p. m.,1,4,1,3,1,2,2,10551,1,{E1B430D9-670E-4314-849E-A2407B9ED79A},editorInfraSTS,2026/06/30 20:21:05+00,editorInfraSTS,2026/07/17 21:29:38+00,37301.3744997119
11311,ENG,669,Gran Granada - Galán,Galan,Gran Granada,22/06/2013,16,10,50.32210618,ESTE ES MI BUS CALLE 80 CO01,669-3,5,8,4:00 a. m. - 10:00 p. m.,4:00 a. m. - 10:00 p. m.,5:00 a. m. - 10:00 p. m.,1,3,1,3,1,2,2,12543,1,{E1CEE5D6-87F9-4046-84ED-1B284AECDF3D},editorInfraSTS,2026/06/30 20:22:04+00,editorInfraSTS,2026/07/17 21:30:33+00,50322.1061836445
11312,NOR,E44,Mirandela - El Uval,El Uval,Mirandela,11/07/2013,11,5,51.49796325,CONSORCIO EXPRESS USAQUEN N,E44-1,2,12,3:00 a. m. - 10:00 p. m.,3:00 a. m. - 10:00 p. m.,4:00 a. m. - 9:00 p. m.,1,4,1,3,1,2,2,12948,1,{E29DCEB9-459B-4797-B721-22018E14FA47},editorInfraSTS,2026/06/30 20:19:50+00,editorInfraSTS,2026/07/17 21:29:38+00,51497.9632455579
11313,USA,19-1,Estación Alcalá,Alcala,AK 7,12/06/2018,1,1,6.36459249,CONSORCIO EXPRESS USAQUEN N,19-1-3,1,1,5:00 a. m. - 10:00 p. m.,5:00 a. m. - 10:00 p. m.,5:00 a. m. - 9:00 p. m.,1,3,2,3,1,2,2,10742,1,{E432ADC6-11A8-490E-8999-06CF008AA944},editorInfraSTS,2026/06/30 20:23:31+00,editorInfraSTS,2026/07/17 21:30:33+00,6364.59249329128
11314,NA,CA134,Tibabuyes - Parque Central Bavaria,Tibabuyes,Parque Central Bavaria,4/09/2021,11,13,24.2041809,EMASIVO 16 SF,A134-1,0,3,4:00 a. m. - 9:30 p. m.,4:00 a. m. - 10:00 p. m.,,1,4,1,3,1,2,2,12660,1,{E49234E9-4055-49B9-B0A8-7F8BAC7BC406},editorInfraSTS,2026/06/30 20:23:36+00,editorInfraSTS,2026/07/17 21:30:33+00,24204.1809013564
11315,LLL,LK810,Fontibón Brisas - Gaviotas,Fontibón Brisas,Gaviotas,25/10/2021,4,9,29.625801,CONSORCIO EXPRESS SAN CRISTOBALD,L810-2,13,6,4:00 a. m. - 10:00 p. m.,5:00 a. m. - 9:30 p. m.,5:30 a. m. - 9:30 p. m.,1,4,1,3,1,2,2,10630,1,{E4B891A8-65BC-4F90-837C-9FB02219206D},editorInfraSTS,2026/06/30 20:20:00+00,editorInfraSTS,2026/07/17 21:29:38+00,29625.8009969716
11316,ALI,13-13,Resurrección,Portal 20 Julio,Resurrección,7/12/2013,4,4,8.32945438,CONSORCIO EXPRESS SAN CRISTOBALD,13-13a,13,13,4:00 a. m. - 12:30 a. m.,4:00 a. m. - 12:30 a. m.,4:30 a. m. - 11:20 p. m.,1,4,2,3,1,2,2,13095,1,{E4E8F54F-FEB6-4727-AFC6-AF74EF4B0EF3},editorInfraSTS,2026/06/30 20:19:03+00,editorInfraSTS,2026/07/17 21:29:38+00,8329.45437743208
11317,ALI,9-4,Patio Bonito,Portal Americas,Patio Bonito,17/02/2014,8,8,7.34663833,MASIVO CAPITAL KE,9-4a,8,8,4:00 a. m. - 12:30 a. m.,4:00 a. m. - 12:30 a. m.,4:00 a. m. - 11:30 p. m.,1,3,2,3,1,2,2,12911,1,{E52A28AE-A94E-49FA-B054-D756D9CA3AD8},editorInfraSTS,2026/06/30 20:20:55+00,editorInfraSTS,2026/07/17 21:29:38+00,7346.63833409032
11318,NA,2-3,San Antonio,Portal Norte,San Antonio,26/03/2015,1,1,7.46740514,CONSORCIO EXPRESS USAQUEN N,2-3a,2,2,4:30 a. m. - 12:30 a. m.,4:30 a. m. - 12:30 a. m.,,1,3,2,3,1,2,2,12807,1,{E594E612-0CF3-4C33-BC40-3CB11891FE8D},editorInfraSTS,2026/06/30 20:23:50+00,editorInfraSTS,2026/07/17 21:30:33+00,7467.4051389068
11319,CEN,GA535,Bosa San José - Germania,Bosa San José,Germania,7/12/2013,7,7,53.47129806,ETIB BO,GA535-3,9,9,4:00 a. m. - 11:00 p. m.,4:00 a. m. - 11:00 p. m.,5:00 a. m. - 10:00 p. m.,1,3,1,3,1,2,2,12227,1,{E5D43F06-C308-47C2-9F68-787B89223F9B},editorInfraSTS,2026/06/30 20:21:16+00,editorInfraSTS,2026/07/17 21:29:38+00,53471.2980608524
11320,AAA,AC164,Suba Tibabuyes - Porciúncula,Suba Tibabuyes,Porciúncula,18/11/2025,11,13,18.73636262,EMASIVO 16 SF,CA164-3,0,3,4:00 a. m. - 8:30 a. m. _ 1:00 p. m. - 7:00 p. m.,,,1,4,1,1,2,2,2,12662,1,{E6AF826E-43C2-46BB-8633-6E486B245EF7},editorInfraSTS,2026/06/30 20:24:41+00,editorInfraSTS,2026/07/17 21:30:33+00,36581.4361202931
11321,ALI,3-3,Chuniza,Portal Usme,Chuniza,22/05/2021,5,5,9.49436449,E-SOMOS ALIMENTACION,3-3a,12,12,4:00 a. m. - 12:30 a. m.,4:00 a. m. - 12:30 a. m.,4:00 a. m. - 11:30 p. m.,1,3,2,3,1,2,2,13104,1,{E6C60E33-0C2F-4BF5-A2EA-2EF5E54506D0},editorInfraSTS,2026/06/30 20:19:40+00,editorInfraSTS,2026/07/17 21:29:38+00,9494.36448567597
11322,GGG,GG514,Portal Sur - San José,San José,Portal Sur,3/04/2021,7,7,10.49519085,ETIB BO,GG514-3,9,9,4:00 a. m. - 12:30 a. m.,4:00 a. m. - 12:30 a. m.,4:00 a. m. - 11:30 p. m.,1,3,2,3,1,2,2,12578,1,{E6E38AB1-C498-4F99-88D3-35F8C7CE4243},editorInfraSTS,2026/06/30 20:22:37+00,editorInfraSTS,2026/07/17 21:30:33+00,10495.190852596
11323,HHH,HA706,El Uval- San Diego,San Diego,El Uval,16/01/2021,3,5,23.27676767,GRAN AMERICAS USME III,H706-2,12,0,5:30 a. m. - 11:30 p. m.,5:30 a. m. - 11:30 p. m.,6:00 a. m. - 11:00 p. m.,1,3,1,3,1,2,2,11828,1,{E6ED44C4-D99F-4E45-8521-5450B85DD229},editorInfraSTS,2026/06/30 20:19:31+00,editorInfraSTS,2026/07/17 21:29:38+00,23276.7676722162
11324,BBB,CB913,Est. Mazurén - C913 Av. Boyacá,Av. Boyacá,Est. Mazurén,1/07/2025,11,11,4.4962242,MASIVO CAPITAL SO,CB913-3,2,2,5:00 a. m. - 9:00 p. m.,5:00 a. m. - 9:00 p. m.,,1,4,1,2,1,2,2,12084,1,{E81F49E7-0975-4FD4-A296-6D1EA4FC36D2},editorInfraSTS,2026/06/30 20:21:32+00,editorInfraSTS,2026/07/17 21:29:38+00,8551.37382632464
11325,BOS,E16A,Bosa San José - Colina/Cl153,Colina / Cl 153,Bosa San José,1/06/2013,11,7,50.60745298,ETIB BO,E16A-3,9,2,4:00 a. m. - 10:00 p. m.,4:00 a. m. - 10:00 p. m.,5:00 a. m. - 9:45 p. m.,1,3,1,3,1,2,2,12977,1,{E9377B32-CAA9-459A-961A-C8C62004833A},editorInfraSTS,2026/06/30 20:22:31+00,editorInfraSTS,2026/07/17 21:30:33+00,50607.4529813282
11326,SCR,13-8,Altamira ,Portal 20 Julio,Altamira,12/12/2016,4,4,7.88790253,CONSORCIO EXPRESS SAN CRISTOBALD,13-8-3,13,13,4:00 a. m. - 12:30 a. m.,4:00 a. m. - 12:30 a. m.,4:30 a. m. - 11:20 p. m.,1,4,2,3,1,2,2,10624,1,{EA4BFF93-C222-4D65-8C23-6755C555726E},editorInfraSTS,2026/06/30 20:23:31+00,editorInfraSTS,2026/07/17 21:30:33+00,7887.90253016307
11327,ALI,11-2,San Andrés,Portal Suba,San Andrés,6/03/2021,11,11,5.81514661,ESTE ES MI BUS CALLE 80 CO01,11-2a,3,3,4:00 a. m. - 8:30 a. m. _ 5:00 p. m. - 10:30 p. m.,4:30 a. m. - 8:30 a. m.,,1,3,2,2,2,2,2,10845,1,{EACCB666-5258-44BF-B3CD-9289EF08281D},editorInfraSTS,2026/06/30 20:21:48+00,editorInfraSTS,2026/07/17 21:29:38+00,5815.14660609211
11328,BBB,CB118,Suba Gaitana - San Cristobal Norte,Suba Berlín,San Cristobal Norte,9/08/2021,11,1,34.88886787,CONSORCIO EXPRESS USAQUEN N,CB118-3,1,3,4:30 a. m. - 8:00 p. m.,4:30 a. m. - 8:00 p. m.,5:00 a. m. - 7:30 p. m.,1,4,1,3,1,2,2,11675,1,{EAF22118-A10D-4BEE-A3FF-37242DC62E3B},editorInfraSTS,2026/06/30 20:22:18+00,editorInfraSTS,2026/07/17 21:30:33+00,34888.8678717402
11329,GGG,KG311,Bosa San José - Puente Grande,Puente Grande,Bosa San José,19/10/2021,7,9,18.66860969,ZMO FONTIBON V,G311-1,9,6,3:30 a. m. - 10:30 p. m.,3:30 a. m. - 10:30 p. m.,3:30 a. m. - 9:30 p. m.,1,4,1,3,1,2,2,11208,1,{EB8CEB76-5E55-49DF-9107-4F964410463F},editorInfraSTS,2026/06/30 20:20:09+00,editorInfraSTS,2026/07/17 21:29:38+00,18668.6096851862
11330,ALI,2-4,El Codito,Portal Norte,El Codito,26/03/2015,1,1,12.33587914,CONSORCIO EXPRESS USAQUEN N,2-4a,2,2,4:30 a. m. - 12:30 a. m.,4:30 a. m. - 12:30 a. m.,4:30 a. m. - 11:30 p. m.,1,3,2,3,1,2,2,12831,1,{EB92E971-1DFC-490B-AF4D-2260272AA848},editorInfraSTS,2026/06/30 20:18:52+00,editorInfraSTS,2026/07/17 21:29:38+00,12335.879136856
11331,COM,13-5,Las Paces - Est. Av. 1 Mayo,Est. Av. 1 De Mayo,Las Paces,1/11/2014,4,4,16.03904834,CONSORCIO EXPRESS USAQUEN N,13-5c,13,13,3:30 a. m. - 11:00 p. m.,3:30 a. m. - 11:00 p. m.,5:00 a. m. - 10:00 p. m.,1,5,2,3,1,2,2,10715,1,{EBCAD671-50F0-466D-AC7F-F1A955EA731F},editorInfraSTS,2026/06/30 20:20:17+00,editorInfraSTS,2026/07/17 21:29:38+00,16039.0483424624
11332,FON,927,Bosa San José - Aeropuerto,Bosa San José,Aeropuerto,1/02/2014,7,7,39.29233454,ETIB BO,927-3,9,9,3:30 a. m. - 10:30 p. m.,3:30 a. m. - 10:30 p. m.,5:00 a. m. - 10:00 p. m.,1,3,1,3,1,2,2,12689,1,{EC39230E-04DA-4271-9323-53C63122F7F1},editorInfraSTS,2026/06/30 20:24:14+00,editorInfraSTS,2026/07/17 21:30:33+00,39292.3345410052
11333,KKK,HK629,Potosí - Fontibón Centro,Potosí,Fontibón Centro,12/11/2022,19,9,39.04731196,ODT LA ROLITA,HK629-3,6,11,3:30 a. m. - 9:00 p. m.,3:30 a. m. - 9:00 p. m.,5:00 a. m. - 9:00 p. m.,1,4,1,3,1,2,2,12443,1,{EC65C3DD-9F9E-4E18-9323-D765CA7EC2BF},editorInfraSTS,2026/06/30 20:23:04+00,editorInfraSTS,2026/07/17 21:30:33+00,39047.3119570814
11334,HHH,HH738,Portal Usme - Av. Caracas,Portal Usme,Av. Caracas,29/05/2026,5,5,6.44142252,E-SOMOS ALIMENTACION,HH738-3,12,12,4:00 a. m. - 8:00 a. m. _ 5:00 p. m. - 8:00 p. m., , ,1,3,2,1,2,2,2,13060,1,{EC983A3E-5FDE-4DC3-8FD4-1A119207079D},editorInfraSTS,2026/06/30 20:24:40+00,editorInfraSTS,2026/07/17 21:30:33+00,6441.42252433887
11335,CHA,59B,Bachué - Chapinero,Bachué,Chapinero,21/12/2013,10,10,31.1108632,ESTE ES MI BUS CALLE 80 CO01,59B-3,4,4,4:00 a. m. - 9:00 p. m.,4:00 a. m. - 9:00 p. m.,5:00 a. m. - 10:00 p. m.,1,4,1,3,1,2,2,10690,1,{ED323701-6C6F-434E-9AB2-575ED7E7EAE0},editorInfraSTS,2026/06/30 20:19:15+00,editorInfraSTS,2026/07/17 21:29:38+00,31110.8632004422
11336,SCR,P7,Pinares - Porvenir,Porvenir,Pinares,11/10/2014,8,4,26.12013477,MASIVO CAPITAL KE,P7-2,13,8,4:00 a. m. - 11:00 p. m.,4:00 a. m. - 11:00 p. m.,5:00 a. m. - 10:00 p. m.,1,3,1,3,1,2,2,10625,1,{ED3BDB3E-EF96-44FF-B78D-929AF9EB4A33},editorInfraSTS,2026/06/30 20:20:42+00,editorInfraSTS,2026/07/17 21:29:38+00,26120.1347668184
11337,ENG,BD237,Engativá Centro - Unicentro,Unicentro,Engativá,24/08/2013,1,1,39.81575845,GMOVIL ENGATIVA E,BD237-3,1,1,4:00 a. m. - 11:00 p. m.,4:00 a. m. - 11:00 p. m.,5:00 a. m. - 10:00 p. m.,1,4,1,3,1,2,2,12758,1,{ED415394-8FE7-4A30-81BA-1A7999350957},editorInfraSTS,2026/06/30 20:21:14+00,editorInfraSTS,2026/07/17 21:29:38+00,39815.7584464683
11338,COL,T53,Est. Alcalá - Colina,Alcala,Colina,20/03/2018,11,11,7.6753906,MASIVO CAPITAL SO,T53-3,2,2,4:00 a. m. - 10:30 p. m.,4:00 a. m. - 10:00 p. m.,5:30 a. m. - 10:00 p. m.,1,4,2,3,1,2,2,10490,1,{ED94FC73-B321-425A-844C-F386B271BCCB},editorInfraSTS,2026/06/30 20:18:48+00,editorInfraSTS,2026/07/17 21:29:38+00,7675.3906034538
11339,LLL,HL613,Perdomo - Horacio Orjuela,Perdomo,Horacio Orjuela,26/11/2022,4,19,20.53255122,ODT LA ROLITA,L613-1,13,10,4:10 a. m. - 11:10 p. m.,4:10 a. m. - 11:10 p. m.,5:08 a. m. - 10:57 p. m.,1,4,1,3,1,2,2,10255,1,{EE375726-9DAA-4408-BAE6-F51D5C02F026},editorInfraSTS,2026/06/30 20:20:07+00,editorInfraSTS,2026/07/17 21:30:33+00,20532.5512188214
11340,AAA,HA605,Arborizadora Alta - Polo,Arborizadora Alta,Polo,18/10/2022,19,12,24.14682022,SUMA CIUDAD BOLIVAR BC,A605-1,0,11,4:00 a. m. - 10:00 p. m.,4:00 a. m. - 10:00 p. m.,5:00 a. m. - 9:00 p. m.,1,3,1,3,1,2,2,12175,1,{EE60DA4B-1142-410F-9CB4-7F6EAAA770E1},editorInfraSTS,2026/06/30 20:19:23+00,editorInfraSTS,2026/07/17 21:29:38+00,24146.8202174103
11341,ENG,C25,Sabana Del Dorado - Unicentro,Unicentro,Sabana Del Dorado,7/09/2013,1,10,33.6044617,GMOVIL ENGATIVA E,C25-3,5,1,4:00 a. m. - 11:00 p. m.,4:00 a. m. - 11:00 p. m.,5:00 a. m. - 10:00 p. m.,1,3,1,3,1,2,2,12756,1,{EEE7AD92-B286-4009-AD6D-AF6FF665B100},editorInfraSTS,2026/06/30 20:22:14+00,editorInfraSTS,2026/07/17 21:30:33+00,33604.4617004496
11342,NOR,330,El Uval - La Estrellita,El Uval,La Estrellita,13/04/2013,1,5,47.47120268,CONSORCIO EXPRESS USAQUEN N,330-1,1,12,3:00 a. m. - 10:00 p. m.,3:00 a. m. - 10:00 p. m.,4:00 a. m. - 9:00 p. m.,1,3,1,3,1,2,1,11102,1,{EEFDDD37-AAAB-4C03-AC8A-9E4E749CFFB4},editorInfraSTS,2026/06/30 20:21:46+00,editorInfraSTS,2026/07/17 21:29:38+00,47471.2026768249
11344,C80,60,Bachué - Zarazota,Zarazota,Bachué,10/08/2013,10,18,28.59930309,ESTE ES MI BUS CALLE 80 CO01,60-2,4,12,3:00 a. m. - 11:00 p. m.,3:00 a. m. - 11:00 p. m.,4:00 a. m. - 11:00 p. m.,1,3,1,3,1,2,2,12270,1,{EF455E4C-ECAE-4EC6-8E05-9C428EB20CED},editorInfraSTS,2026/06/30 20:19:13+00,editorInfraSTS,2026/07/17 21:29:38+00,28599.3030947265
11345,ALI,4-1,Bochica,Molinos,Bochica,22/05/2021,18,18,5.43627999,E-SOMOS ALIMENTACION,4-1a,12,12,4:00 a. m. - 12:30 a. m.,4:00 a. m. - 12:30 a. m.,4:00 a. m. - 11:30 p. m.,1,3,2,3,1,2,2,10331,1,{EFE48AFD-4BCF-48A1-9F19-A1D4387A6F87},editorInfraSTS,2026/06/30 20:20:53+00,editorInfraSTS,2026/07/17 21:29:38+00,5436.27999252015
11346,CEN,99,Bosa San José - Germania,Bosa San José,Germania,16/02/2013,7,7,47.1248921,ETIB BO,99-3,9,9,4:00 a. m. - 10:00 p. m.,4:00 a. m. - 10:00 p. m.,5:00 a. m. - 10:00 p. m.,1,3,1,3,1,2,2,12581,1,{F092D9B6-9CC4-4A3D-97BF-CC61E4A8C1D4},editorInfraSTS,2026/06/30 20:19:19+00,editorInfraSTS,2026/07/17 21:29:38+00,47124.8920994894
11347,KKK,KC323,El Recodo - Suba Compartir,Suba Compartir,El Recodo,12/02/2022,9,11,26.6687196,MUEVE FONTIBON,K323-2,7,3,4:00 a. m. - 11:30 p. m.,4:00 a. m. - 11:30 p. m.,4:30 a. m. - 11:00 p. m.,1,4,1,3,1,2,2,12155,1,{F0EAF34D-B63F-4A20-A86D-DA0405C0650D},editorInfraSTS,2026/06/30 20:20:18+00,editorInfraSTS,2026/07/17 21:29:38+00,26668.7195964496
11348,HHH,HH638,Arabia - Est. Juan Pablo II,Arabia,Est. Juan Pablo II,21/11/2022,19,19,6.49184456,SUMA CIUDAD BOLIVAR BC,HH638-3,11,11,4:15 a. m. - 8:15 p. m.,,,1,5,2,1,1,2,2,10463,1,{F0F49CB4-DD1E-4B4B-A0B4-FC2D175052C2},editorInfraSTS,2026/06/30 20:20:35+00,editorInfraSTS,2026/07/17 21:29:38+00,6491.84456002579
11349,USM,SE14,Diana Turbay Cultivos - Engativá Centro,Engativá Centro,Diana Turbay Cultivos,2/03/2014,18,10,36.56383318,GMOVIL ENGATIVA E,SE14-2,12,5,4:00 a. m. - 11:00 p. m.,4:00 a. m. - 10:00 p. m.,5:00 a. m. - 10:00 p. m.,1,3,1,3,1,2,2,12739,1,{F10CCFF2-5155-486F-8E87-FD7F09F23BA0},editorInfraSTS,2026/06/30 20:21:07+00,editorInfraSTS,2026/07/17 21:30:33+00,36563.833184949
11350,HHH,HH625,Portal Tunal - Potosí,Portal Tunal,Potosí,2/08/2021,6,6,11.49979625,SUMA CIUDAD BOLIVAR BC,H625-3,11,11,4:00 a. m. - 12:30 a. m.,4:00 a. m. - 12:30 a. m.,4:00 a. m. - 11:30 p. m.,1,5,2,3,1,2,2,11091,1,{F1263126-4BA5-46C8-ABDD-44E559D31688},editorInfraSTS,2026/06/30 20:19:46+00,editorInfraSTS,2026/07/17 21:29:38+00,11499.796248041
11351,ALI,16-5,Villa Amalia,Portal El Dorado,Villa Amalia,6/06/2012,10,10,16.96191441,GMOVIL ENGATIVA E,16-5a,5,5,4:30 a. m. - 12:15 a. m.,4:30 a. m. - 12:20 a. m.,4:30 a. m. - 11:30 p. m.,1,3,2,3,1,2,2,10674,1,{F164B79D-CBEB-4687-B73E-0EFE46FB9D8A},editorInfraSTS,2026/06/30 20:19:55+00,editorInfraSTS,2026/07/17 21:29:38+00,16961.914413664
11352,AAA,HA708,Antonio J. De Sucre - Chicó Norte,Antonio J. De Sucre,Chico Norte,16/01/2021,5,2,53.64044199,GRAN AMERICAS USME III,HA708-3,0,12,3:30 a. m. - 10:00 p. m.,3:30 a. m. - 10:00 p. m.,4:30 a. m. - 9:30 p. m.,1,3,1,3,1,2,2,11829,1,{F164D6D7-8D6A-463D-AE59-93B94A82FD0D},editorInfraSTS,2026/06/30 20:22:50+00,editorInfraSTS,2026/07/17 21:30:33+00,53640.4419934373
11354,HHH,HA633,Ricaurte - Acapulco,Acapulco,Ricaurte,6/06/2022,19,19,35.77702559,SUMA CIUDAD BOLIVAR BC,HA633-3,11,11,4:00 a. m. - 7:30 p. m.,4:00 a. m. - 7:30 p. m.,5:00 a. m. - 7:00 p. m.,1,5,1,3,1,2,2,12601,1,{F2192B8C-9A68-4A52-B6E7-F3C42632BE27},editorInfraSTS,2026/06/30 20:21:28+00,editorInfraSTS,2026/07/17 21:29:38+00,35777.0255899334
11355,AAA,AF019,Ac3/Comuneros -Ac3/Ak68,Ac3 Comuneros,Ac3 Ak68,11/08/2025,14,8,9.37949012,E-SOMOS FONTIBON II,AF019-3,0,7,4:00 p. m. - 7:30 p. m.,,,1,3,1,1,1,2,2,12185,1,{F27EE190-A157-4A3D-BE0B-C05F9D0FE70D},editorInfraSTS,2026/06/30 20:22:07+00,editorInfraSTS,2026/07/17 21:30:33+00,9379.49011870434
11356,CCC,CC159,Suba Pueblo - Villa Cindy,Villa Cindy,Suba Pueblo,18/04/2022,11,11,15.1797124,MASIVO CAPITAL SO,C159-3,3,3,4:00 a. m. - 9:00 p. m.,4:00 a. m. - 9:00 p. m.,5:00 a. m. - 8:00 p. m.,1,5,2,3,1,2,2,10861,1,{F28013E7-7B5D-48E2-B417-D5913CA43832},editorInfraSTS,2026/06/30 20:20:11+00,editorInfraSTS,2026/07/17 21:29:38+00,15179.7124030386
11357,BBB,BC925,Est. Mazurén - Est. Niza-Cl 127,Mazurén,Niza Cl 127,11/07/2022,11,11,10.55893226,MASIVO CAPITAL SO,BC925-3,2,2,4:00 a. m. - 9:30 p. m.,5:00 a. m. - 7:00 p. m.,,1,5,2,3,1,2,2,10849,1,{F29A97DD-782A-4F47-AF84-3D8D108898CE},editorInfraSTS,2026/06/30 20:20:17+00,editorInfraSTS,2026/07/17 21:29:38+00,10558.9322632006
11358,BBB,DB217,Sabana Del Dorado - Unicentro,Sabana Del Dorado,Unicentro,21/09/2013,10,10,40.5171449,CONSORCIO EXPRESS USAQUEN N,DB217-3,5,5,4:00 a. m. - 11:00 p. m.,4:00 a. m. - 11:00 p. m.,5:00 a. m. - 9:30 p. m.,1,5,1,3,1,2,2,12793,1,{F2F4E4D1-E492-480D-A2AA-1E1D93442A12},editorInfraSTS,2026/06/30 20:20:58+00,editorInfraSTS,2026/07/17 21:29:38+00,40517.144900933
11359,ALI,13-12,Los Libertadores,Portal 20 Julio,Los Libertadores,1/06/2013,4,4,15.09921144,CONSORCIO EXPRESS SAN CRISTOBALD,13-12a,13,13,4:00 a. m. - 12:30 a. m.,4:00 a. m. - 12:30 a. m.,4:30 a. m. - 11:20 p. m.,1,3,2,3,1,2,2,11008,1,{F38DBDDD-CEA8-4AD2-B789-912AC41E2674},editorInfraSTS,2026/06/30 20:18:49+00,editorInfraSTS,2026/07/17 21:29:38+00,15099.2114376921
11360,FFF,FB419,Lijacá- Nueva Castilla,Lijaca,Nueva Castilla,15/11/2022,1,8,30.43783506,ESTE ES MI BUS TINTAL TZ,F419-2,8,1,3:00 a. m. - 10:00 p. m.,3:30 a. m. - 10:30 p. m.,4:00 a. m. - 10:00 p. m.,1,3,1,3,1,2,2,11151,1,{F407637E-0B95-4432-A61A-CEF670275D04},editorInfraSTS,2026/06/30 20:20:36+00,editorInfraSTS,2026/07/17 21:29:38+00,30437.835059926
11361,HHH,HA643,San Joaquin - Paloquemao,San Joaquin,Paloquemao,10/03/2025,19,14,27.82701418,SUMA CIUDAD BOLIVAR BC,HA643-3,0,11,4:00 a. m. - 9:00 p. m.,4:00 a. m. - 9:00 p. m.,5:30 a. m. - 7:00 p. m.,1,4,1,3,1,2,2,12123,1,{F42E3094-0A36-4722-AA3E-F6CD7B15EF76},editorInfraSTS,2026/06/30 20:22:48+00,editorInfraSTS,2026/07/17 21:30:33+00,27827.0141836092
11363,CCC,CB130,Suba Berlín - Cardioinfantil,Cardio Infantil,Suba Berlín,12/07/2021,1,11,29.84635122,CONSORCIO EXPRESS USAQUEN N,CB130-3,3,1,4:00 a. m. - 8:30 p. m.,4:00 a. m. - 8:30 p. m.,4:45 a. m. - 6:10 p. m.,1,4,1,3,1,2,2,10803,1,{F4CB14DA-6E15-4BCA-BBDA-CFFF2C0AD16F},editorInfraSTS,2026/06/30 20:22:19+00,editorInfraSTS,2026/07/17 21:30:33+00,29846.3512192884
11365,KKK,KL312,Fontibón Brisas - Moralba,Moralba,Fontibón Brisas,11/05/2022,9,4,28.39771649,GMOVIL ENGATIVA E,K312-2,6,13,3:30 a. m. - 10:00 p. m.,3:30 a. m. - 10:00 p. m.,4:00 a. m. - 9:00 p. m.,1,4,1,3,1,2,2,12939,1,{F5D4CC8E-27E0-49A9-94CB-61567381AAD1},editorInfraSTS,2026/06/30 20:20:14+00,editorInfraSTS,2026/07/17 21:29:38+00,28397.7164870952
11366,GGG,GG536,Sena - Est. Santa Isabel,Sena,Santa Isabel,17/11/2023,16,16,3.32703894,MASIVO CAPITAL KE,GG536-3,8,8,4:30 a. m. - 11:00 p. m.,5:00 a. m. - 9:00 p. m.,6:00 a. m. - 8:00 p. m.,1,5,1,3,1,2,2,11068,1,{F5E4D2B0-3ACF-44E7-A962-4AE04D4D033A},editorInfraSTS,2026/06/30 20:20:57+00,editorInfraSTS,2026/07/17 21:29:38+00,3327.03893929361
11367,USM,E44,Mirandela - El Uval,Mirandela,El Uval,11/07/2013,11,5,48.0891662,CONSORCIO EXPRESS USAQUEN N,E44-2,12,2,3:00 a. m. - 10:00 p. m.,3:00 a. m. - 10:00 p. m.,4:00 a. m. - 9:00 p. m.,1,4,1,3,1,2,2,10916,1,{F5E9E1FA-0DF9-4DB9-95A1-BFE0DC205377},editorInfraSTS,2026/06/30 20:19:47+00,editorInfraSTS,2026/07/17 21:29:38+00,48089.1661966141
11368,LLL,CL149,Bilbao - Est. Av. 1 De Mayo,Bilbao,Est- Av. 1 De Mayo,11/09/2021,11,4,30.7645043,EMASIVO 16 SF,L149-1,13,3,5:30 a. m. - 11:00 p. m.,5:30 a. m. - 11:00 p. m.,5:30 a. m. - 9:00 p. m.,1,3,1,3,1,2,2,12166,1,{F6360E6E-964D-4470-BF1B-4ADD19CDC784},editorInfraSTS,2026/06/30 20:19:54+00,editorInfraSTS,2026/07/17 21:29:38+00,30764.5043045629
11370,GGG,CG137,Suba Corpas - Metrovivienda,Suba Corpas,Metrovivienda,31/08/2021,11,7,37.78737671,EMASIVO 16 SF,G137-1,8,3,3:30 a. m. - 9:00 p. m.,3:30 a. m. - 9:00 p. m.,5:30 a. m. - 8:00 p. m.,1,3,1,3,1,2,2,12969,1,{F7BBE300-0173-4226-A576-8A2DB1603B57},editorInfraSTS,2026/06/30 20:21:09+00,editorInfraSTS,2026/07/17 21:30:33+00,37787.3767067453
11372,PER,621,Bachué - Santo Domingo,Bachué,Santo Domingo,27/12/2012,10,19,64.29535454,ESTE ES MI BUS CALLE 80 CO01,621-3,10,4,3:00 a. m. - 11:00 p. m.,3:00 a. m. - 11:00 p. m.,4:30 a. m. - 10:00 p. m.,1,4,1,3,1,2,2,10843,1,{F8A78CB8-5D9E-46B9-823E-C81E76DC7A77},editorInfraSTS,2026/06/30 20:22:01+00,editorInfraSTS,2026/07/17 21:30:33+00,64295.3545442716
11373,KKK,BK916,Balmoral Norte - Fontibón Refugio,Balmoral Norte,Fontibón Refugio,23/08/2021,9,1,34.34689561,CONSORCIO EXPRESS USAQUEN N,K916-1,6,1,4:00 a. m. - 9:30 p. m.,4:00 a. m. - 9:30 p. m.,5:30 a. m. - 7:30 p. m.,1,4,1,3,1,2,2,10840,1,{FA8432CA-B3E3-4EF7-9CBF-D592990F8486},editorInfraSTS,2026/06/30 20:19:53+00,editorInfraSTS,2026/07/17 21:29:38+00,34346.8956129177
11374,AAA,AA002,San Luis - Est. Movistar Arena,San Luis,Est. Movistar Arena,5/09/2022,13,13,26.05896208,CONSORCIO EXPRESS USAQUEN N,AA002-3,0,0,3:30 a. m. - 11:30 p. m.,4:00 a. m. - 11:00 p. m.,5:00 a. m. - 10:00 p. m.,1,4,2,3,1,2,1,12481,1,{FAA63FF1-9AF0-43E6-A30C-AFE41B711CD1},editorInfraSTS,2026/06/30 20:20:33+00,editorInfraSTS,2026/07/17 21:29:38+00,26058.9620797157
11375,NA,GH529,Diana Turbay - Porvenir,Diana Turbay,Porvenir,31/10/2022,18,7,26.64557055,MASIVO CAPITAL KE,G529-2,8,12,4:00 a. m. - 10:00 p. m.,4:00 a. m. - 10:00 p. m.,,1,3,1,3,1,2,2,12672,1,{FABE4F10-A302-4137-ADFC-40619B4495F5},editorInfraSTS,2026/06/30 20:23:45+00,editorInfraSTS,2026/07/17 21:30:33+00,26645.5705460208
11376,ALI,6-6,Juan José Rondón,Portal Tunal,Juan José Rondon,26/03/2015,6,6,6.93648268,SUMA CIUDAD BOLIVAR BC,6-6a,11,11,4:00 a. m. - 9:00 a. m. _ 4:00 p. m. - 8:30 p. m.,4:00 a. m. - 8:30 a. m.,,1,3,2,2,2,2,2,12352,1,{FAFC227F-4306-4DB5-8BCD-3A56E3C7E277},editorInfraSTS,2026/06/30 20:19:11+00,editorInfraSTS,2026/07/17 21:29:38+00,6936.48267972385
11377,ALI,3-5,Usminia,Portal Usme,Usminia,22/05/2021,5,5,14.11560569,E-SOMOS ALIMENTACION,3-5a,12,12,4:00 a. m. - 12:30 a. m.,4:00 a. m. - 12:30 a. m.,4:00 a. m. - 11:30 p. m.,1,3,2,3,1,2,2,10381,1,{FB42E8EB-D78A-43EA-86B0-6EF49E2D30B4},editorInfraSTS,2026/06/30 20:19:41+00,editorInfraSTS,2026/07/17 21:29:38+00,14115.6056898335
11378,AAA,LL815,Villa Del Cerro - Est. Av. 1 De Mayo,Villa Del Cerro,Est. Av. 1 De Mayo,31/01/2022,4,3,8.05456175,CONSORCIO EXPRESS SAN CRISTOBALD,LL815-3,0,13,4:00 a. m. - 7:00 p. m.,4:00 a. m. - 7:00 p. m.,5:00 a. m. - 7:00 p. m.,1,4,1,3,1,2,2,12557,1,{FBF3005D-3D9A-4EA1-833D-13794E706F1D},editorInfraSTS,2026/06/30 20:21:35+00,editorInfraSTS,2026/07/17 21:29:38+00,14559.3275473422
11379,GGG,DG208,Puente De Guadua - Metrovivienda,Puente De Guadua,Metrovivienda,7/08/2021,7,10,30.23314835,EMASIVO 10 ST,G208-1,8,4,4:00 a. m. - 10:00 p. m.,4:00 a. m. - 10:00 p. m.,6:00 a. m. - 8:00 p. m.,1,4,1,3,1,2,2,12791,1,{FC098413-757E-46C4-B0CA-A93833635469},editorInfraSTS,2026/06/30 20:20:46+00,editorInfraSTS,2026/07/17 21:29:38+00,30233.1483490136
11380,CBO,624,20 De Julio - Verbenal Del Sur,20 De Julio,Verbenal Del Sur,17/08/2013,18,19,25.55821732,SUMA CIUDAD BOLIVAR BC,624-3,11,12,4:00 a. m. - 10:00 p. m.,4:00 a. m. - 10:00 p. m.,5:00 a. m. - 9:00 p. m.,1,5,1,3,1,2,1,12494,1,{FC0FD225-1B2C-4AAF-BFF6-D5C81174C376},editorInfraSTS,2026/06/30 20:22:02+00,editorInfraSTS,2026/07/17 21:30:33+00,25558.2173183499
11381,AAA,CA117,Villa Cindy - Chapinero,Villa Cindy,Chapinero,23/03/2021,11,2,39.91815634,MASIVO CAPITAL SO,CA117-3,0,3,4:00 a. m. - 11:00 p. m.,4:00 a. m. - 11:00 p. m.,5:00 a. m. - 10:00 p. m.,1,4,1,3,1,2,2,10499,1,{FC80C995-CA29-4724-A632-DD4E4F2D1F59},editorInfraSTS,2026/06/30 20:22:15+00,editorInfraSTS,2026/07/17 21:30:33+00,39918.1563365768
11382,SCR,60,Bachué - Zarazota,Bachué,Zarazota,10/08/2013,10,18,26.5323027,ESTE ES MI BUS CALLE 80 CO01,60-1,12,4,3:00 a. m. - 11:00 p. m.,3:00 a. m. - 11:00 p. m.,4:00 a. m. - 11:00 p. m.,1,3,1,3,1,2,2,12269,1,{FD12D148-3E30-4219-9E36-004981A9D530},editorInfraSTS,2026/06/30 20:19:10+00,editorInfraSTS,2026/07/17 21:29:38+00,26532.3026966715
11383,PER,TC14,Nueva Roma,Portal Sur,Nueva Roma,30/05/2015,7,7,9.95837112,ETIB BO,TC14-3,9,9,4:00 a. m. - 11:00 p. m.,4:00 a. m. - 11:00 p. m.,5:00 a. m. - 8:00 p. m.,1,4,2,3,1,2,2,12795,1,{FD1C346A-E00F-44A8-AE5D-0EB89853E9F6},editorInfraSTS,2026/06/30 20:24:01+00,editorInfraSTS,2026/07/17 21:30:33+00,9958.37112212698
11384,ALI,5-4,Florida,Granja,Florida,17/01/2022,10,10,7.01499201,GMOVIL ENGATIVA E,5-4a,4,4,4:30 a. m. - 12:20 a. m.,4:30 a. m. - 12:20 a. m.,4:30 a. m. - 11:20 p. m.,1,3,2,3,1,2,2,10684,1,{FE49F873-B9C3-4E84-B0B2-CC1063A7B8B8},editorInfraSTS,2026/06/30 20:20:16+00,editorInfraSTS,2026/07/17 21:30:33+00,7014.99200841829
11385,NOR,T25,Potosí - Terminal Norte,Terminal Norte,Potosí,2/06/2015,11,19,42.9921926,CONSORCIO EXPRESS USAQUEN N,T25-2,11,2,3:00 a. m. - 10:00 p. m.,3:00 a. m. - 10:00 p. m.,4:00 a. m. - 9:00 p. m.,1,3,1,3,1,2,2,12517,1,{FE601ECA-D5CB-40C9-9264-2898A381C5E8},editorInfraSTS,2026/06/30 20:19:25+00,editorInfraSTS,2026/07/17 21:29:38+00,42992.1925963698
11386,FFF,FF425,Circular Timiza,Banderas,Timiza,19/12/2022,8,8,6.18034678,MASIVO CAPITAL KE,FF425-3,8,8,4:30 a. m. - 9:00 a. m.,,,1,3,2,1,1,2,2,11050,1,{FE6591FE-31F5-4D3A-8008-3DE17EF10C7C},editorInfraSTS,2026/06/30 20:20:38+00,editorInfraSTS,2026/07/17 21:29:38+00,6180.34678284577
11387,USM,577,El Palmar - Diana Turbay,El Palmar,Diana Turbay,18/01/2014,18,10,40.08155327,GMOVIL ENGATIVA E,577-2,12,5,4:00 a. m. - 11:00 p. m.,4:00 a. m. - 11:00 p. m.,5:00 a. m. - 10:00 p. m.,1,4,1,3,1,2,2,12790,1,{FED63805-A6BC-4C82-999F-35C01593F834},editorInfraSTS,2026/06/30 20:19:37+00,editorInfraSTS,2026/07/17 21:29:38+00,40081.5532680354
11388,ESP,6-18,San Carlos - Pasquilla,Portal Tunal,San Carlos - Pasquilla,5/10/2013,19,19,48.23561043,SUMA CIUDAD BOLIVAR BC,6-18e,11,11,3:10 a. m. - 9:30 p. m.,3:10 a. m. - 9:30 p. m.,4:10 a. m. - 9:30 p. m.,1,4,4,3,1,2,1,11193,1,{FEDA0B78-5761-427D-9BD1-7DB160581377},editorInfraSTS,2026/06/30 20:18:26+00,editorInfraSTS,2026/07/17 21:30:33+00,48235.6104268903
11389,ALI,6-12,Villa Gloria,Portal Tunal,Villa Gloria,26/03/2015,6,6,6.5179204,SUMA CIUDAD BOLIVAR BC,6-12a,11,11,4:00 a. m. - 12:30 a. m.,4:00 a. m. - 12:30 a. m.,4:00 a. m. - 11:30 p. m.,1,4,2,3,1,2,2,12013,1,{FEF875F0-1EB0-47B4-89D0-D973DD768798},editorInfraSTS,2026/06/30 20:21:24+00,editorInfraSTS,2026/07/17 21:29:38+00,6517.92040307801
11390,NOR,19-9,Barrancas Norte,Cardio Infantil,Barrancas Norte,19/12/2016,1,1,9.03472429,CONSORCIO EXPRESS USAQUEN N,19-9-3,1,1,5:00 a. m. - 9:30 p. m.,5:00 a. m. - 9:30 p. m.,5:00 a. m. - 9:30 p. m.,1,3,2,3,1,2,2,10750,1,{FF1995FA-21E4-4098-A297-4D7C57FA71AC},editorInfraSTS,2026/06/30 20:21:51+00,editorInfraSTS,2026/07/17 21:30:33+00,9034.72429133942
11391,PBO,FH439,Tierra Buena - Diana T. Cultivos,Diana Turbay,Tierra Buena,15/10/2013,18,8,18486889,MASIVO CAPITAL KE,F439-2,8,12,3:00 a. m. - 10:00 p. m.,3:00 a. m. - 10:00 p. m.,4:00 a. m. - 9:00 p. m.,1,3,1,3,1,2,2,13155,1,{0D2C864D-C09B-4B60-86F1-FB6E9B29FA18},editorInfraSTS,2026/07/02 17:56:42+00,editorInfraSTS,2026/07/17 21:30:33+00,19998.8246296776
11392,COM,8-10,Mundo Aventura,Mundo Aventura,Provivienda Oriental,13/04/2015,8,8,7502692,MASIVO CAPITAL KE,8-10c,8,8,4:00 a. m. - 9:45 p. m.,4:00 a. m. - 9:45 p. m.,5:30 a. m. - 8:30 p. m.,1,4,2,3,1,2,2,10575,1,{201FA01E-0753-442A-859B-FE4B32EB7FEE},editorInfraSTS,2026/07/02 17:20:53+00,editorInfraSTS,2026/07/17 21:30:33+00,6812.60865491206
11393,USM,FH439,Tierra Buena - Diana T. Cultivos,Tierra Buena,Diana Turbay,15/10/2013,8,18,18474678,MASIVO CAPITAL KE,H439-1,12,8,3:00 a. m. - 10:00 p. m.,3:00 a. m. - 10:00 p. m.,4:00 a. m. - 9:00 p. m.,1,3,1,3,1,2,2,13154,1,{53AFD468-F649-4D6B-8C43-87DFFE1D8479},editorInfraSTS,2026/07/02 17:56:41+00,editorInfraSTS,2026/07/17 21:30:33+00,18908.7004100002
11394,COM,17-3,Modelia,Av. Rojas,Modelia,26/12/2020,9,9,11.588536,GRAN AMÉRICAS FONTIBON I,17-3c,6,6,4:30 a. m. - 12:20 a. m.,4:30 a. m. - 12:20 a. m., ,1,3,2,3,1,2,2,13050,1,{551853BA-5676-407F-907B-94E50C5ECD0E},editorInfraSTS,2026/07/02 17:14:01+00,editorInfraSTS,2026/07/17 21:30:33+00,11943.2987385545
11395,BBB,BL919,Terminal Norte - Gaviotas,Gaviotas,Terminal Norte,8/11/2021,4,11,39.363118,CONSORCIO EXPRESS USAQUEN N,B919-2,2,13,3:30 a. m. - 10:00 p. m.,3:30 a. m. - 10:00 p. m.,4:30 a. m. - 5:00 p. m.,1,4,1,3,1,2,2,13118,1,{6076FDFD-EC02-4308-B253-42DA78F91E2E},editorInfraSTS,2026/07/02 18:33:18+00,editorInfraSTS,2026/07/17 21:30:33+00,36683.4569833819
11396,PBO,FH453,La Rivera - Fiscala Alta,La Fiscala Alta,La Rivera,1/04/2014,8,5,22.276104,MASIVO CAPITAL KE,F453-2,8,12,3:30 a. m. - 11:00 p. m.,3:30 a. m. - 10:00 p. m.,5:00 a. m. - 9:00 p. m.,1,4,1,3,1,2,2,13135,1,{A8BDC7CC-C99A-4E3E-8E78-FC8CAC26DC4E},editorInfraSTS,2026/07/02 17:59:48+00,editorInfraSTS,2026/07/17 21:30:33+00,24470.1784974009
11397,ALI,11-9,Lisboa,Portal Suba,Lisboa,6/03/2021,11,11,10566486,ESTE ES MI BUS CALLE 80 CO01,11-9a,3,3,4:30 a. m. - 12:30 a. m.,8:00 a. m. - 12:30 a. m.,4:30 a. m. - 7:12 a. m.,1,3,2,3,1,2,2,13114,1,{AA5EED7A-147D-4BD7-9B4A-649B4753CCB3},editorInfraSTS,2026/07/02 17:28:26+00,editorInfraSTS,2026/07/17 21:30:33+00,10172.3221830685
11398,NA,KC321,Fontibón Brisas - Tibabuyes,Tibabuyes,Fontibón Brisas,12/02/2022,9,11,28.721862,MUEVE FONTIBON,K321-2,6,3,3:00 a. m. - 10:00 p. m.,4:00 a. m. - 9:00 p. m.,,1,3,1,3,1,2,2,13133,1,{B06AD7FD-E207-4E08-8795-0FD3C588A7EF},editorInfraSTS,2026/07/02 18:38:54+00,editorInfraSTS,2026/07/17 21:30:33+00,28721.8623007273
11399,BBB,BL919,Terminal Norte - Gaviotas,Gaviotas,Terminal Norte,8/11/2021,4,11,39.363118,CONSORCIO EXPRESS USAQUEN N,B919-2,2,13,3:30 a. m. - 10:00 p. m.,3:30 a. m. - 10:00 p. m.,4:30 a. m. - 5:00 p. m.,1,4,1,3,1,2,2,13118,1,{B083913C-F075-428A-A25A-0E09305BB9A4},editorInfraSTS,2026/07/02 18:33:18+00,editorInfraSTS,2026/07/17 21:30:33+00,38045.648438409
11400,USM,FH453,La Rivera - Fiscala Alta,La Rivera,La Fiscala Alta,1/04/2014,8,5,21.921189,MASIVO CAPITAL KE,H453-1,12,8,3:00 a. m. - 10:00 p. m.,3:00 a. m. - 9:00 p. m.,4:00 a. m. - 8:00 p. m.,1,4,1,3,1,2,2,13134,1,{BDD00A21-484A-4692-AFF1-236A96DEB6B3},editorInfraSTS,2026/07/02 17:59:48+00,editorInfraSTS,2026/07/17 21:30:33+00,22565.8766124898
11401,NA,KC321,Fontibón Brisas - Tibabuyes,Fontibón Brisas,Tibabuyes,12/02/2022,9,11,28.152247,MUEVE FONTIBON,C321-1,3,6,4:30 a. m. - 11:30 p. m.,4:30 a. m. - 11:30 p. m.,,1,3,1,3,1,2,2,13132,1,{ED1CADB8-A692-46F9-9377-529358B559B6},editorInfraSTS,2026/07/02 18:38:55+00,editorInfraSTS,2026/07/17 21:30:33+00,28437.3249621368
11402,ALI,10-6,Perdomo,Portal Sur,Perdomo,26/03/2015,19,19,5.966895,ETIB BO,10-6a,10,10,4:00 a. m. - 12:30 a. m.,4:00 a. m. - 12:30 a. m.,4:00 a. m. - 11:30 p. m.,1,3,2,3,1,2,2,12868,1,{F5D73CD3-7D38-4C50-8681-8434FF07442D},editorInfraSTS,2026/07/02 17:10:41+00,editorInfraSTS,2026/07/17 21:30:33+00,5304.35879797461
11403,NA,BD55,BD55,Toberin - Foundever,Portal 80, ,1,11,16.432833,No Aplica,D55,4,1,3:00 p. m. - 8:00 p. m., , ,1,1,1,1,4,1,3,13035,1,{0E5968A6-48BC-453D-96E9-AA8D2B11CCBE},editorInfraSTS,2026/07/17 21:53:33+00,editorInfraSTS,2026/07/17 22:07:55+00,19063.9020615673
11404,NA,BD55,BD55,Portal 80,Toberin - Foundever, ,10,1,16.387055,No Aplica,B55,1,4,5:00 a. m. - 8:30 a. m., , ,1,1,1,1,3,1,3,13036,1,{2331C496-AAE8-40B4-BD21-D2780892FC24},editorInfraSTS,2026/07/17 21:53:34+00,editorInfraSTS,2026/07/17 22:07:55+00,19099.3560930731
11405,LLL,KL325,Fontibón Brisas - El Dorado,El Dorado,Fontibón Brisas,2/04/2022,9,3,24842544,ZMO FONTIBON V,K325-2,6,13,3:30 a. m. - 8:00 p. m.,3:30 a. m. - 8:00 p. m.,4:30 a. m. - 8:00 p. m.,1,4,1,3,1,2,2,12959,1,{36F2DDAD-A2E5-4306-8DBE-113FAD70B6D7},editorInfraSTS,2026/07/14 20:43:22+00,editorInfraSTS,2026/07/17 21:30:33+00,24842.5442893857
11406,DDD,DA213,Villa Teresita - Galerías,Galerías,Villa Teresita,1/08/2022,13,10,32621793,GMOVIL ENGATIVA E,DA213-3,5,0,4:00 a. m. - 11:00 p. m.,4:00 a. m. - 10:00 p. m.,5:00 a. m. - 9:00 p. m.,1,4,1,3,1,2,2,12730,1,{41778FDA-7723-47F9-863D-9F0C79169304},editorInfraSTS,2026/07/14 19:37:00+00,editorInfraSTS,2026/07/17 21:30:33+00,32660.2907774512
11407,HHH,KH318,Fontibón Brisas - El Uval,Fontibón Brisas,El Uval,2/04/2022,9,5,30533986,ZMO FONTIBON V,H318-1,12,6,4:00 a. m. - 10:50 p. m.,4:00 a. m. - 10:50 p. m.,4:30 a. m. - 10:00 p. m.,1,3,1,3,1,2,2,12956,1,{4E8F1485-59A4-4683-85A9-234628B86DB4},editorInfraSTS,2026/07/14 20:37:13+00,editorInfraSTS,2026/07/17 21:30:33+00,30453.7763287137
11408,GGG,LG816,Doña Liliana - Madelena,Villa Del Rio,Dona Liliana,16/05/2022,5,7,22700346,CONSORCIO EXPRESS SAN CRISTOBALD,LG816-3,9,13,3:30 a. m. - 10:00 p. m.,4:00 a. m. - 10:00 p. m.,5:00 a. m. - 9:00 p. m.,1,4,1,3,1,2,2,12896,1,{5396A8C9-141C-4987-86D8-1824AB294060},editorInfraSTS,2026/07/14 19:34:37+00,editorInfraSTS,2026/07/17 21:30:33+00,22700.3461175969
11409,NA,GA520,Bosa San Diego - Est. Las Nieves,Bosa San Diego,Est. Las Nieves,19/03/2014,7,7,52546499,ETIB BO,GA520-3,9,9,4:00 a. m. - 9:30 p. m.,4:00 a. m. - 9:30 p. m.,5:00 a. m. - 10:00 p. m.,1,4,1,3,1,2,2,12995,1,{91ABB59E-DA5C-4CDF-9188-A06CD70EAC0B},editorInfraSTS,2026/07/14 20:18:02+00,editorInfraSTS,2026/07/17 21:30:33+00,54057.0875751747
11410,KKK,KH318,Fontibón Brisas - El Uval,El Uval,Fontibón Brisas,2/04/2022,9,5,36988283,ZMO FONTIBON V,K318-2,6,12,3:00 a. m. - 9:30 p. m.,3:00 a. m. - 9:30 p. m.,3:30 a. m. - 9:00 p. m.,1,3,1,3,1,2,2,12957,1,{AB834C28-659C-4889-8E4C-7D4F257371FA},editorInfraSTS,2026/07/14 20:37:13+00,editorInfraSTS,2026/07/17 21:30:33+00,36988.2832635537
11411,NA,DH209,Villa Teresita - Galicia,Galicia,Villa Teresita,16/05/2022,19,10,44566467,GMOVIL ENGATIVA E,DH209-3,5,10,4:00 a. m. - 10:00 p. m.,4:00 a. m. - 10:00 p. m.,5:00 a. m. - 10:00 p. m.,1,4,1,3,1,2,2,12852,1,{C11AAB1F-4217-4161-8692-812E0823BFE8},editorInfraSTS,2026/07/14 20:02:52+00,editorInfraSTS,2026/07/17 21:30:33+00,46076.863467386
11412,KKK,KL325,Fontibón Brisas - El Dorado,Fontibón Brisas,El Dorado,2/04/2022,9,3,2507487,ZMO FONTIBON V,L325-1,13,6,3:30 a. m. - 8:00 p. m.,3:30 a. m. - 8:00 p. m.,4:30 a. m. - 8:00 p. m.,1,4,1,3,1,2,2,12958,1,{D0054EDB-E08A-4669-9A50-9D427D349AA8},editorInfraSTS,2026/07/14 20:43:21+00,editorInfraSTS,2026/07/17 21:30:33+00,24994.6602602379
11413,GGG,LG816,Doña Liliana - Madelena,Villa Del Rio,Dona Liliana,16/05/2022,5,7,22700346,CONSORCIO EXPRESS SAN CRISTOBALD,LG816-3,9,13,3:30 a. m. - 10:00 p. m.,4:00 a. m. - 10:00 p. m.,5:00 a. m. - 9:00 p. m.,1,4,1,3,1,2,2,12896,1,{E709C6FB-094F-4EF1-A65F-1C5DBB05B459},editorInfraSTS,2026/07/14 19:34:38+00,editorInfraSTS,2026/07/17 21:30:33+00,22098.3048558321
