{
"type": "FeatureCollection",
"name": "ofertacupos_032025",
"crs": { "type": "name", "properties": { "name": "urn:ogc:def:crs:EPSG::3857" } },
"features": [
{ "type": "Feature", "properties": { "NOMBRE_EST": "COLEGIO AQUILEO PARRA (IED)", "GENERO": 5, "COD_LOCA": "01", "CLASE_TIPO": 1, "FECHA": "2025-03-31T00:00:00", "OPreescola": 170, "OPrimaria": 1115, "OSecundari": 1045, "OMedia": 313, "OTotal": 2920, "Aceleracio": 0, "DANE12_EST": "111001000132", "Educacion_": 277 }, "geometry": { "type": "Point", "coordinates": [ -8242002.703199999406934, 531131.431600000709295 ] } },
{ "type": "Feature", "properties": { "NOMBRE_EST": "COLEGIO AGUSTIN FERNANDEZ (IED)", "GENERO": 5, "COD_LOCA": "01", "CLASE_TIPO": 1, "FECHA": "2025-03-31T00:00:00", "OPreescola": 0, "OPrimaria": 317, "OSecundari": 599, "OMedia": 262, "OTotal": 1500, "Aceleracio": 0, "DANE12_EST": "111001029955", "Educacion_": 322 }, "geometry": { "type": "Point", "coordinates": [ -8240325.1184, 527101.195900000631809 ] } },
{ "type": "Feature", "properties": { "NOMBRE_EST": "COLEGIO AGUSTIN FERNANDEZ (IED)", "GENERO": 5, "COD_LOCA": "01", "CLASE_TIPO": 1, "FECHA": "2025-03-31T00:00:00", "OPreescola": 40, "OPrimaria": 200, "OSecundari": 0, "OMedia": 0, "OTotal": 240, "Aceleracio": 0, "DANE12_EST": "111001029955", "Educacion_": 0 }, "geometry": { "type": "Point", "coordinates": [ -8239609.334100000560284, 527422.892099998891354 ] } },
{ "type": "Feature", "properties": { "NOMBRE_EST": "COLEGIO AGUSTIN FERNANDEZ (IED)", "GENERO": 5, "COD_LOCA": "01", "CLASE_TIPO": 1, "FECHA": "2025-03-31T00:00:00", "OPreescola": 75, "OPrimaria": 350, "OSecundari": 0, "OMedia": 0, "OTotal": 425, "Aceleracio": 0, "DANE12_EST": "111001029955", "Educacion_": 0 }, "geometry": { "type": "Point", "coordinates": [ -8239442.354900000616908, 527705.49439999833703 ] } },
{ "type": "Feature", "properties": { "NOMBRE_EST": "COLEGIO AGUSTIN FERNANDEZ (IED)", "GENERO": 5, "COD_LOCA": "01", "CLASE_TIPO": 1, "FECHA": "2025-03-31T00:00:00", "OPreescola": 58, "OPrimaria": 70, "OSecundari": 0, "OMedia": 0, "OTotal": 202, "Aceleracio": 74, "DANE12_EST": "111001029955", "Educacion_": 0 }, "geometry": { "type": "Point", "coordinates": [ -8240365.193399999290705, 527535.709499999880791 ] } },
{ "type": "Feature", "properties": { "NOMBRE_EST": "COLEGIO FRIEDRICH NAUMANN (IED)", "GENERO": 5, "COD_LOCA": "01", "CLASE_TIPO": 1, "FECHA": "2025-03-31T00:00:00", "OPreescola": 139, "OPrimaria": 222, "OSecundari": 474, "OMedia": 138, "OTotal": 973, "Aceleracio": 0, "DANE12_EST": "111001044806", "Educacion_": 0 }, "geometry": { "type": "Point", "coordinates": [ -8240226.044099999591708, 529286.075800001621246 ] } },
{ "type": "Feature", "properties": { "NOMBRE_EST": "COLEGIO FRIEDRICH NAUMANN (IED)", "GENERO": 5, "COD_LOCA": "01", "CLASE_TIPO": 1, "FECHA": "2025-03-31T00:00:00", "OPreescola": 184, "OPrimaria": 350, "OSecundari": 0, "OMedia": 0, "OTotal": 534, "Aceleracio": 0, "DANE12_EST": "111001044806", "Educacion_": 0 }, "geometry": { "type": "Point", "coordinates": [ -8240485.418500000610948, 530365.134399998933077 ] } },
{ "type": "Feature", "properties": { "NOMBRE_EST": "COLEGIO TOBERIN (IED)", "GENERO": 5, "COD_LOCA": "01", "CLASE_TIPO": 1, "FECHA": "2025-03-31T00:00:00", "OPreescola": 54, "OPrimaria": 0, "OSecundari": 1000, "OMedia": 480, "OTotal": 1534, "Aceleracio": 0, "DANE12_EST": "111001046957", "Educacion_": 0 }, "geometry": { "type": "Point", "coordinates": [ -8242038.325400000438094, 528861.605500001460314 ] } },
{ "type": "Feature", "properties": { "NOMBRE_EST": "COLEGIO TOBERIN (IED)", "GENERO": 5, "COD_LOCA": "01", "CLASE_TIPO": 1, "FECHA": "2025-03-31T00:00:00", "OPreescola": 0, "OPrimaria": 810, "OSecundari": 0, "OMedia": 0, "OTotal": 860, "Aceleracio": 50, "DANE12_EST": "111001046957", "Educacion_": 0 }, "geometry": { "type": "Point", "coordinates": [ -8241617.537699999287724, 528592.403200000524521 ] } },
{ "type": "Feature", "properties": { "NOMBRE_EST": "COLEGIO TOBERIN (IED)", "GENERO": 5, "COD_LOCA": "01", "CLASE_TIPO": 1, "FECHA": "2025-03-31T00:00:00", "OPreescola": 351, "OPrimaria": 180, "OSecundari": 0, "OMedia": 0, "OTotal": 531, "Aceleracio": 0, "DANE12_EST": "111001046957", "Educacion_": 0 }, "geometry": { "type": "Point", "coordinates": [ -8242145.192099999636412, 528597.988299999386072 ] } },
{ "type": "Feature", "properties": { "NOMBRE_EST": "COLEGIO NUEVO HORIZONTE (IED)", "GENERO": 5, "COD_LOCA": "01", "CLASE_TIPO": 1, "FECHA": "2025-03-31T00:00:00", "OPreescola": 95, "OPrimaria": 0, "OSecundari": 773, "OMedia": 253, "OTotal": 1175, "Aceleracio": 54, "DANE12_EST": "111001086681", "Educacion_": 0 }, "geometry": { "type": "Point", "coordinates": [ -8240516.587999999523163, 531256.542100001126528 ] } },
{ "type": "Feature", "properties": { "NOMBRE_EST": "COLEGIO NUEVO HORIZONTE (IED)", "GENERO": 5, "COD_LOCA": "01", "CLASE_TIPO": 1, "FECHA": "2025-03-31T00:00:00", "OPreescola": 0, "OPrimaria": 701, "OSecundari": 0, "OMedia": 0, "OTotal": 753, "Aceleracio": 52, "DANE12_EST": "111001086681", "Educacion_": 0 }, "geometry": { "type": "Point", "coordinates": [ -8240356.287900000810623, 531267.712699998170137 ] } },
{ "type": "Feature", "properties": { "NOMBRE_EST": "COLEGIO NUEVO HORIZONTE (IED)", "GENERO": 5, "COD_LOCA": "01", "CLASE_TIPO": 1, "FECHA": "2025-03-31T00:00:00", "OPreescola": 312, "OPrimaria": 361, "OSecundari": 0, "OMedia": 0, "OTotal": 673, "Aceleracio": 0, "DANE12_EST": "111001086681", "Educacion_": 0 }, "geometry": { "type": "Point", "coordinates": [ -8240213.798900000751019, 530823.124499998986721 ] } },
{ "type": "Feature", "properties": { "NOMBRE_EST": "COLEGIO NUEVO HORIZONTE (IED)", "GENERO": 5, "COD_LOCA": "01", "CLASE_TIPO": 1, "FECHA": "2025-03-31T00:00:00", "OPreescola": 0, "OPrimaria": 0, "OSecundari": 273, "OMedia": 114, "OTotal": 387, "Aceleracio": 0, "DANE12_EST": "111001086681", "Educacion_": 0 }, "geometry": { "type": "Point", "coordinates": [ -8240875.036699999123812, 534968.618099998682737 ] } },
{ "type": "Feature", "properties": { "NOMBRE_EST": "COLEGIO LA ESTRELLITA (IED)", "GENERO": 5, "COD_LOCA": "01", "CLASE_TIPO": 2, "FECHA": "2025-03-31T00:00:00", "OPreescola": 69, "OPrimaria": 438, "OSecundari": 494, "OMedia": 224, "OTotal": 1225, "Aceleracio": 0, "DANE12_EST": "111001098612", "Educacion_": 0 }, "geometry": { "type": "Point", "coordinates": [ -8240319.552500000223517, 530979.511999998241663 ] } },
{ "type": "Feature", "properties": { "NOMBRE_EST": "COLEGIO SALUDCOOP NORTE (IED)", "GENERO": 5, "COD_LOCA": "01", "CLASE_TIPO": 1, "FECHA": "2025-03-31T00:00:00", "OPreescola": 150, "OPrimaria": 913, "OSecundari": 800, "OMedia": 400, "OTotal": 2263, "Aceleracio": 0, "DANE12_EST": "111001107743", "Educacion_": 0 }, "geometry": { "type": "Point", "coordinates": [ -8242141.85249999910593, 530273.536699999123812 ] } },
{ "type": "Feature", "properties": { "NOMBRE_EST": "COLEGIO USAQUEN (IED)", "GENERO": 5, "COD_LOCA": "01", "CLASE_TIPO": 1, "FECHA": "2025-03-31T00:00:00", "OPreescola": 120, "OPrimaria": 698, "OSecundari": 559, "OMedia": 284, "OTotal": 1661, "Aceleracio": 0, "DANE12_EST": "111848002662", "Educacion_": 0 }, "geometry": { "type": "Point", "coordinates": [ -8241497.312699999660254, 524594.691899999976158 ] } },
{ "type": "Feature", "properties": { "NOMBRE_EST": "COLEGIO USAQUEN (IED)", "GENERO": 5, "COD_LOCA": "01", "CLASE_TIPO": 1, "FECHA": "2025-03-31T00:00:00", "OPreescola": 45, "OPrimaria": 145, "OSecundari": 0, "OMedia": 0, "OTotal": 190, "Aceleracio": 0, "DANE12_EST": "111848002662", "Educacion_": 0 }, "geometry": { "type": "Point", "coordinates": [ -8241219.013900000602007, 526512.53999999910593 ] } },
{ "type": "Feature", "properties": { "NOMBRE_EST": "COLEGIO UNION COLOMBIA (IED)", "GENERO": 5, "COD_LOCA": "01", "CLASE_TIPO": 1, "FECHA": "2025-03-31T00:00:00", "OPreescola": 112, "OPrimaria": 406, "OSecundari": 320, "OMedia": 144, "OTotal": 982, "Aceleracio": 0, "DANE12_EST": "111848002671", "Educacion_": 0 }, "geometry": { "type": "Point", "coordinates": [ -8240700.265100000426173, 530418.752599999308586 ] } },
{ "type": "Feature", "properties": { "NOMBRE_EST": "COLEGIO UNION COLOMBIA (IED)", "GENERO": 5, "COD_LOCA": "01", "CLASE_TIPO": 1, "FECHA": "2025-03-31T00:00:00", "OPreescola": 159, "OPrimaria": 111, "OSecundari": 0, "OMedia": 0, "OTotal": 270, "Aceleracio": 0, "DANE12_EST": "111848002671", "Educacion_": 0 }, "geometry": { "type": "Point", "coordinates": [ -8240758.151200000196695, 531113.558699999004602 ] } },
{ "type": "Feature", "properties": { "NOMBRE_EST": "COLEGIO DIVINO MAESTRO (IED)", "GENERO": 5, "COD_LOCA": "01", "CLASE_TIPO": 1, "FECHA": "2025-03-31T00:00:00", "OPreescola": 119, "OPrimaria": 105, "OSecundari": 521, "OMedia": 321, "OTotal": 1066, "Aceleracio": 0, "DANE12_EST": "111848002689", "Educacion_": 0 }, "geometry": { "type": "Point", "coordinates": [ -8240730.321399999782443, 528252.829900000244379 ] } },
{ "type": "Feature", "properties": { "NOMBRE_EST": "COLEGIO DIVINO MAESTRO (IED)", "GENERO": 5, "COD_LOCA": "01", "CLASE_TIPO": 1, "FECHA": "2025-03-31T00:00:00", "OPreescola": 0, "OPrimaria": 595, "OSecundari": 440, "OMedia": 0, "OTotal": 1035, "Aceleracio": 0, "DANE12_EST": "111848002689", "Educacion_": 0 }, "geometry": { "type": "Point", "coordinates": [ -8240433.098300000652671, 528232.723600000143051 ] } },
{ "type": "Feature", "properties": { "NOMBRE_EST": "COLEGIO DIVINO MAESTRO (IED)", "GENERO": 5, "COD_LOCA": "01", "CLASE_TIPO": 1, "FECHA": "2025-03-31T00:00:00", "OPreescola": 275, "OPrimaria": 456, "OSecundari": 0, "OMedia": 0, "OTotal": 731, "Aceleracio": 0, "DANE12_EST": "111848002689", "Educacion_": 0 }, "geometry": { "type": "Point", "coordinates": [ -8240374.098999999463558, 528181.340999998152256 ] } },
{ "type": "Feature", "properties": { "NOMBRE_EST": "COLEGIO CRISTOBAL COLON (IED)", "GENERO": 5, "COD_LOCA": "01", "CLASE_TIPO": 1, "FECHA": "2025-03-31T00:00:00", "OPreescola": 15, "OPrimaria": 0, "OSecundari": 490, "OMedia": 195, "OTotal": 1673, "Aceleracio": 618, "DANE12_EST": "111848003031", "Educacion_": 355 }, "geometry": { "type": "Point", "coordinates": [ -8240517.701099999248981, 528440.488699998706579 ] } },
{ "type": "Feature", "properties": { "NOMBRE_EST": "COLEGIO CRISTOBAL COLON (IED)", "GENERO": 5, "COD_LOCA": "01", "CLASE_TIPO": 1, "FECHA": "2025-03-31T00:00:00", "OPreescola": 25, "OPrimaria": 175, "OSecundari": 0, "OMedia": 0, "OTotal": 200, "Aceleracio": 0, "DANE12_EST": "111848003031", "Educacion_": 0 }, "geometry": { "type": "Point", "coordinates": [ -8240033.461400000378489, 528112.086100000888109 ] } },
{ "type": "Feature", "properties": { "NOMBRE_EST": "COLEGIO CRISTOBAL COLON (IED)", "GENERO": 5, "COD_LOCA": "01", "CLASE_TIPO": 1, "FECHA": "2025-03-31T00:00:00", "OPreescola": 68, "OPrimaria": 171, "OSecundari": 0, "OMedia": 0, "OTotal": 239, "Aceleracio": 0, "DANE12_EST": "111848003031", "Educacion_": 0 }, "geometry": { "type": "Point", "coordinates": [ -8239789.671700000762939, 528642.669199999421835 ] } },
{ "type": "Feature", "properties": { "NOMBRE_EST": "COLEGIO GENERAL SANTANDER (IED)", "GENERO": 5, "COD_LOCA": "01", "CLASE_TIPO": 1, "FECHA": "2025-03-31T00:00:00", "OPreescola": 196, "OPrimaria": 460, "OSecundari": 355, "OMedia": 160, "OTotal": 1171, "Aceleracio": 0, "DANE12_EST": "111848003910", "Educacion_": 0 }, "geometry": { "type": "Point", "coordinates": [ -8240751.472100000828505, 527659.697200000286102 ] } },
{ "type": "Feature", "properties": { "NOMBRE_EST": "COLEGIO SIMON RODRIGUEZ (IED)", "GENERO": 5, "COD_LOCA": "02", "CLASE_TIPO": 1, "FECHA": "2025-03-31T00:00:00", "OPreescola": 57, "OPrimaria": 70, "OSecundari": 320, "OMedia": 142, "OTotal": 589, "Aceleracio": 0, "DANE12_EST": "111001016314", "Educacion_": 0 }, "geometry": { "type": "Point", "coordinates": [ -8244460.637499999254942, 518690.652399998158216 ] } },
{ "type": "Feature", "properties": { "NOMBRE_EST": "COLEGIO SIMON RODRIGUEZ (IED)", "GENERO": 5, "COD_LOCA": "02", "CLASE_TIPO": 1, "FECHA": "2025-03-31T00:00:00", "OPreescola": 52, "OPrimaria": 215, "OSecundari": 0, "OMedia": 0, "OTotal": 267, "Aceleracio": 0, "DANE12_EST": "111001016314", "Educacion_": 0 }, "geometry": { "type": "Point", "coordinates": [ -8243949.681099999696016, 518023.879099998623133 ] } },
{ "type": "Feature", "properties": { "NOMBRE_EST": "COLEGIO SIMON RODRIGUEZ (IED)", "GENERO": 5, "COD_LOCA": "02", "CLASE_TIPO": 1, "FECHA": "2025-03-31T00:00:00", "OPreescola": 25, "OPrimaria": 184, "OSecundari": 0, "OMedia": 0, "OTotal": 209, "Aceleracio": 0, "DANE12_EST": "111001016314", "Educacion_": 0 }, "geometry": { "type": "Point", "coordinates": [ -8243653.57120000012219, 517199.634399998933077 ] } },
{ "type": "Feature", "properties": { "NOMBRE_EST": "COLEGIO CAMPESTRE MONTE VERDE (IED)", "GENERO": 5, "COD_LOCA": "02", "CLASE_TIPO": 1, "FECHA": "2025-03-31T00:00:00", "OPreescola": 64, "OPrimaria": 637, "OSecundari": 592, "OMedia": 264, "OTotal": 1953, "Aceleracio": 100, "DANE12_EST": "111001033901", "Educacion_": 296 }, "geometry": { "type": "Point", "coordinates": [ -8240029.008600000292063, 520540.22410000115633 ] } },
{ "type": "Feature", "properties": { "NOMBRE_EST": "COLEGIO CAMPESTRE MONTE VERDE (IED)", "GENERO": 5, "COD_LOCA": "02", "CLASE_TIPO": 1, "FECHA": "2025-03-31T00:00:00", "OPreescola": 165, "OPrimaria": 0, "OSecundari": 0, "OMedia": 0, "OTotal": 165, "Aceleracio": 0, "DANE12_EST": "111001033901", "Educacion_": 0 }, "geometry": { "type": "Point", "coordinates": [ -8240998.601299999281764, 521018.260600000619888 ] } },
{ "type": "Feature", "properties": { "NOMBRE_EST": "COLEGIO SAN MARTIN DE PORRES (IED)", "GENERO": 5, "COD_LOCA": "02", "CLASE_TIPO": 1, "FECHA": "2025-03-31T00:00:00", "OPreescola": 38, "OPrimaria": 224, "OSecundari": 171, "OMedia": 56, "OTotal": 489, "Aceleracio": 0, "DANE12_EST": "111001034665", "Educacion_": 0 }, "geometry": { "type": "Point", "coordinates": [ -8244222.413799999281764, 515981.153000000864267 ] } },
{ "type": "Feature", "properties": { "NOMBRE_EST": "COLEGIO SAN MARTIN DE PORRES (IED)", "GENERO": 5, "COD_LOCA": "02", "CLASE_TIPO": 1, "FECHA": "2025-03-31T00:00:00", "OPreescola": 84, "OPrimaria": 52, "OSecundari": 0, "OMedia": 0, "OTotal": 136, "Aceleracio": 0, "DANE12_EST": "111001034665", "Educacion_": 0 }, "geometry": { "type": "Point", "coordinates": [ -8244461.750700000673532, 516043.696100000292063 ] } },
{ "type": "Feature", "properties": { "NOMBRE_EST": "COLEGIO POLICARPA SALAVARRIETA (IED)", "GENERO": 5, "COD_LOCA": "03", "CLASE_TIPO": 1, "FECHA": "2025-03-31T00:00:00", "OPreescola": 32, "OPrimaria": 90, "OSecundari": 379, "OMedia": 180, "OTotal": 681, "Aceleracio": 0, "DANE12_EST": "111001009831", "Educacion_": 0 }, "geometry": { "type": "Point", "coordinates": [ -8245194.232999999076128, 514255.654699999839067 ] } },
{ "type": "Feature", "properties": { "NOMBRE_EST": "COLEGIO POLICARPA SALAVARRIETA (IED)", "GENERO": 5, "COD_LOCA": "03", "CLASE_TIPO": 1, "FECHA": "2025-03-31T00:00:00", "OPreescola": 97, "OPrimaria": 422, "OSecundari": 0, "OMedia": 0, "OTotal": 519, "Aceleracio": 0, "DANE12_EST": "111001009831", "Educacion_": 0 }, "geometry": { "type": "Point", "coordinates": [ -8245345.627499999478459, 513170.11769999936223 ] } },
{ "type": "Feature", "properties": { "NOMBRE_EST": "COLEGIO EXTERNADO NACIONAL CAMILO TORRES (IED)", "GENERO": 5, "COD_LOCA": "03", "CLASE_TIPO": 1, "FECHA": "2025-03-31T00:00:00", "OPreescola": 102, "OPrimaria": 422, "OSecundari": 360, "OMedia": 125, "OTotal": 1179, "Aceleracio": 25, "DANE12_EST": "111001010839", "Educacion_": 145 }, "geometry": { "type": "Point", "coordinates": [ -8245141.912799999117851, 514898.942899998277426 ] } },
{ "type": "Feature", "properties": { "NOMBRE_EST": "COLEGIO AULAS COLOMBIANAS SAN LUIS (IED)", "GENERO": 5, "COD_LOCA": "03", "CLASE_TIPO": 1, "FECHA": "2025-03-31T00:00:00", "OPreescola": 81, "OPrimaria": 536, "OSecundari": 445, "OMedia": 168, "OTotal": 1800, "Aceleracio": 360, "DANE12_EST": "111001013242", "Educacion_": 210 }, "geometry": { "type": "Point", "coordinates": [ -8245561.587300000712276, 510479.792100001126528 ] } },
{ "type": "Feature", "properties": { "NOMBRE_EST": "COLEGIO AULAS COLOMBIANAS SAN LUIS (IED)", "GENERO": 5, "COD_LOCA": "03", "CLASE_TIPO": 1, "FECHA": "2025-03-31T00:00:00", "OPreescola": 100, "OPrimaria": 0, "OSecundari": 0, "OMedia": 0, "OTotal": 100, "Aceleracio": 0, "DANE12_EST": "111001013242", "Educacion_": 0 }, "geometry": { "type": "Point", "coordinates": [ -8245768.6415, 510413.903200000524521 ] } },
{ "type": "Feature", "properties": { "NOMBRE_EST": "COLEGIO JORGE SOTO DEL CORRAL (IED)", "GENERO": 5, "COD_LOCA": "03", "CLASE_TIPO": 1, "FECHA": "2025-03-31T00:00:00", "OPreescola": 304, "OPrimaria": 133, "OSecundari": 339, "OMedia": 127, "OTotal": 903, "Aceleracio": 0, "DANE12_EST": "111001032409", "Educacion_": 0 }, "geometry": { "type": "Point", "coordinates": [ -8245812.056099999696016, 511251.47859999909997 ] } },
{ "type": "Feature", "properties": { "NOMBRE_EST": "COLEGIO JORGE SOTO DEL CORRAL (IED)", "GENERO": 5, "COD_LOCA": "03", "CLASE_TIPO": 1, "FECHA": "2025-03-31T00:00:00", "OPreescola": 87, "OPrimaria": 238, "OSecundari": 0, "OMedia": 0, "OTotal": 325, "Aceleracio": 0, "DANE12_EST": "111001032409", "Educacion_": 0 }, "geometry": { "type": "Point", "coordinates": [ -8245809.829700000584126, 510914.213799998164177 ] } },
{ "type": "Feature", "properties": { "NOMBRE_EST": "COLEGIO JORGE SOTO DEL CORRAL (IED)", "GENERO": 5, "COD_LOCA": "03", "CLASE_TIPO": 1, "FECHA": "2025-03-31T00:00:00", "OPreescola": 17, "OPrimaria": 132, "OSecundari": 0, "OMedia": 0, "OTotal": 149, "Aceleracio": 0, "DANE12_EST": "111001032409", "Educacion_": 0 }, "geometry": { "type": "Point", "coordinates": [ -8245473.644899999722838, 511345.287599999457598 ] } },
{ "type": "Feature", "properties": { "NOMBRE_EST": "COLEGIO ANTONIO JOSE URIBE (IED)", "GENERO": 5, "COD_LOCA": "03", "CLASE_TIPO": 1, "FECHA": "2025-03-31T00:00:00", "OPreescola": 43, "OPrimaria": 442, "OSecundari": 285, "OMedia": 122, "OTotal": 1237, "Aceleracio": 175, "DANE12_EST": "111001036544", "Educacion_": 170 }, "geometry": { "type": "Point", "coordinates": [ -8246805.026000000536442, 511749.560899998992682 ] } },
{ "type": "Feature", "properties": { "NOMBRE_EST": "COLEGIO ANTONIO JOSE URIBE (IED)", "GENERO": 5, "COD_LOCA": "03", "CLASE_TIPO": 1, "FECHA": "2025-03-31T00:00:00", "OPreescola": 127, "OPrimaria": 0, "OSecundari": 0, "OMedia": 0, "OTotal": 127, "Aceleracio": 0, "DANE12_EST": "111001036544", "Educacion_": 0 }, "geometry": { "type": "Point", "coordinates": [ -8247063.287200000137091, 511891.392099998891354 ] } },
{ "type": "Feature", "properties": { "NOMBRE_EST": "COLEGIO MANUEL ELKIN PATARROYO (IED)", "GENERO": 5, "COD_LOCA": "03", "CLASE_TIPO": 1, "FECHA": "2025-03-31T00:00:00", "OPreescola": 80, "OPrimaria": 190, "OSecundari": 154, "OMedia": 70, "OTotal": 494, "Aceleracio": 0, "DANE12_EST": "111001094901", "Educacion_": 0 }, "geometry": { "type": "Point", "coordinates": [ -8244830.2182, 514595.167300000786781 ] } },
{ "type": "Feature", "properties": { "NOMBRE_EST": "COLEGIO LA GIRALDA (IED)", "GENERO": 5, "COD_LOCA": "03", "CLASE_TIPO": 2, "FECHA": "2025-03-31T00:00:00", "OPreescola": 107, "OPrimaria": 619, "OSecundari": 485, "OMedia": 195, "OTotal": 1406, "Aceleracio": 0, "DANE12_EST": "111001100030", "Educacion_": 0 }, "geometry": { "type": "Point", "coordinates": [ -8246457.70920000039041, 510729.947299998253584 ] } },
{ "type": "Feature", "properties": { "NOMBRE_EST": "COLEGIO EL VERJON (IED)", "GENERO": 5, "COD_LOCA": "03", "CLASE_TIPO": 1, "FECHA": "2025-03-31T00:00:00", "OPreescola": 16, "OPrimaria": 96, "OSecundari": 109, "OMedia": 29, "OTotal": 250, "Aceleracio": 0, "DANE12_EST": "211001027485", "Educacion_": 0 }, "geometry": { "type": "Point", "coordinates": [ -8240313.986500000581145, 510722.129900000989437 ] } },
{ "type": "Feature", "properties": { "NOMBRE_EST": "COLEGIO LOS PINOS (IED)", "GENERO": 5, "COD_LOCA": "03", "CLASE_TIPO": 1, "FECHA": "2025-03-31T00:00:00", "OPreescola": 33, "OPrimaria": 0, "OSecundari": 315, "OMedia": 128, "OTotal": 476, "Aceleracio": 0, "DANE12_EST": "311001026441", "Educacion_": 0 }, "geometry": { "type": "Point", "coordinates": [ -8245223.176000000908971, 511247.011500000953674 ] } },
{ "type": "Feature", "properties": { "NOMBRE_EST": "COLEGIO LOS PINOS (IED)", "GENERO": 5, "COD_LOCA": "03", "CLASE_TIPO": 1, "FECHA": "2025-03-31T00:00:00", "OPreescola": 50, "OPrimaria": 315, "OSecundari": 0, "OMedia": 0, "OTotal": 365, "Aceleracio": 0, "DANE12_EST": "311001026441", "Educacion_": 0 }, "geometry": { "type": "Point", "coordinates": [ -8245068.4419, 511229.143100000917912 ] } },
{ "type": "Feature", "properties": { "NOMBRE_EST": "COLEGIO LOS PINOS (IED)", "GENERO": 5, "COD_LOCA": "03", "CLASE_TIPO": 1, "FECHA": "2025-03-31T00:00:00", "OPreescola": 33, "OPrimaria": 100, "OSecundari": 0, "OMedia": 0, "OTotal": 133, "Aceleracio": 0, "DANE12_EST": "311001026441", "Educacion_": 0 }, "geometry": { "type": "Point", "coordinates": [ -8245053.9704, 511657.984999999403954 ] } },
{ "type": "Feature", "properties": { "NOMBRE_EST": "COLEGIO GRAN COLOMBIA (CED)", "GENERO": 5, "COD_LOCA": "04", "CLASE_TIPO": 1, "FECHA": "2025-03-31T00:00:00", "OPreescola": 55, "OPrimaria": 129, "OSecundari": 0, "OMedia": 0, "OTotal": 184, "Aceleracio": 0, "DANE12_EST": "111001011975", "Educacion_": 0 }, "geometry": { "type": "Point", "coordinates": [ -8245449.1546, 509055.93299999833107 ] } },
{ "type": "Feature", "properties": { "NOMBRE_EST": "COLEGIO VEINTE DE JULIO (IED)", "GENERO": 5, "COD_LOCA": "04", "CLASE_TIPO": 1, "FECHA": "2025-03-31T00:00:00", "OPreescola": 163, "OPrimaria": 351, "OSecundari": 314, "OMedia": 131, "OTotal": 959, "Aceleracio": 0, "DANE12_EST": "111001012033", "Educacion_": 0 }, "geometry": { "type": "Point", "coordinates": [ -8248099.671700000762939, 509399.890299998223782 ] } },
{ "type": "Feature", "properties": { "NOMBRE_EST": "COLEGIO PANTALEON GAITAN PEREZ (CED)", "GENERO": 5, "COD_LOCA": "04", "CLASE_TIPO": 1, "FECHA": "2025-03-31T00:00:00", "OPreescola": 71, "OPrimaria": 160, "OSecundari": 0, "OMedia": 0, "OTotal": 231, "Aceleracio": 0, "DANE12_EST": "111001012246", "Educacion_": 0 }, "geometry": { "type": "Point", "coordinates": [ -8245966.790200000628829, 509175.424499999731779 ] } },
{ "type": "Feature", "properties": { "NOMBRE_EST": "COLEGIO SAN JOSE SUR ORIENTAL (IED)", "GENERO": 5, "COD_LOCA": "04", "CLASE_TIPO": 1, "FECHA": "2025-03-31T00:00:00", "OPreescola": 152, "OPrimaria": 416, "OSecundari": 440, "OMedia": 144, "OTotal": 1152, "Aceleracio": 0, "DANE12_EST": "111001012301", "Educacion_": 0 }, "geometry": { "type": "Point", "coordinates": [ -8247018.759400000795722, 506624.821699999272823 ] } },
{ "type": "Feature", "properties": { "NOMBRE_EST": "COLEGIO JUANA ESCOBAR (IED)", "GENERO": 5, "COD_LOCA": "04", "CLASE_TIPO": 1, "FECHA": "2025-03-31T00:00:00", "OPreescola": 80, "OPrimaria": 224, "OSecundari": 702, "OMedia": 330, "OTotal": 1336, "Aceleracio": 0, "DANE12_EST": "111001012335", "Educacion_": 0 }, "geometry": { "type": "Point", "coordinates": [ -8247172.380300000309944, 504906.225600000470877 ] } },
{ "type": "Feature", "properties": { "NOMBRE_EST": "COLEGIO JUANA ESCOBAR (IED)", "GENERO": 5, "COD_LOCA": "04", "CLASE_TIPO": 1, "FECHA": "2025-03-31T00:00:00", "OPreescola": 0, "OPrimaria": 792, "OSecundari": 0, "OMedia": 0, "OTotal": 792, "Aceleracio": 0, "DANE12_EST": "111001012335", "Educacion_": 0 }, "geometry": { "type": "Point", "coordinates": [ -8247557.545700000599027, 505031.294399999082088 ] } },
{ "type": "Feature", "properties": { "NOMBRE_EST": "COLEGIO JUANA ESCOBAR (IED)", "GENERO": 5, "COD_LOCA": "04", "CLASE_TIPO": 1, "FECHA": "2025-03-31T00:00:00", "OPreescola": 300, "OPrimaria": 150, "OSecundari": 0, "OMedia": 0, "OTotal": 450, "Aceleracio": 0, "DANE12_EST": "111001012335", "Educacion_": 0 }, "geometry": { "type": "Point", "coordinates": [ -8247538.621400000527501, 505045.811299998313189 ] } },
{ "type": "Feature", "properties": { "NOMBRE_EST": "COLEGIO AGUAS CLARAS (CED)", "GENERO": 5, "COD_LOCA": "04", "CLASE_TIPO": 1, "FECHA": "2025-03-31T00:00:00", "OPreescola": 74, "OPrimaria": 170, "OSecundari": 0, "OMedia": 0, "OTotal": 244, "Aceleracio": 0, "DANE12_EST": "111001012475", "Educacion_": 0 }, "geometry": { "type": "Point", "coordinates": [ -8245149.705199999734759, 508365.789200000464916 ] } },
{ "type": "Feature", "properties": { "NOMBRE_EST": "COLEGIO ALTAMIRA SUR ORIENTAL (IED)", "GENERO": 5, "COD_LOCA": "04", "CLASE_TIPO": 1, "FECHA": "2025-03-31T00:00:00", "OPreescola": 32, "OPrimaria": 0, "OSecundari": 485, "OMedia": 206, "OTotal": 723, "Aceleracio": 0, "DANE12_EST": "111001014168", "Educacion_": 0 }, "geometry": { "type": "Point", "coordinates": [ -8247103.362199999392033, 506533.2516999989748 ] } },
{ "type": "Feature", "properties": { "NOMBRE_EST": "COLEGIO ALTAMIRA SUR ORIENTAL (IED)", "GENERO": 5, "COD_LOCA": "04", "CLASE_TIPO": 1, "FECHA": "2025-03-31T00:00:00", "OPreescola": 115, "OPrimaria": 490, "OSecundari": 0, "OMedia": 0, "OTotal": 605, "Aceleracio": 0, "DANE12_EST": "111001014168", "Educacion_": 0 }, "geometry": { "type": "Point", "coordinates": [ -8247244.737999999895692, 505868.8136 ] } },
{ "type": "Feature", "properties": { "NOMBRE_EST": "COLEGIO ALTAMIRA SUR ORIENTAL (IED)", "GENERO": 5, "COD_LOCA": "04", "CLASE_TIPO": 1, "FECHA": "2025-03-31T00:00:00", "OPreescola": 50, "OPrimaria": 350, "OSecundari": 0, "OMedia": 0, "OTotal": 400, "Aceleracio": 0, "DANE12_EST": "111001014168", "Educacion_": 0 }, "geometry": { "type": "Point", "coordinates": [ -8247613.20549999922514, 506365.745799999684095 ] } },
{ "type": "Feature", "properties": { "NOMBRE_EST": "COLEGIO TECNICO SAN CRISTOBAL SUR (IED)", "GENERO": 5, "COD_LOCA": "04", "CLASE_TIPO": 1, "FECHA": "2025-03-31T00:00:00", "OPreescola": 0, "OPrimaria": 0, "OSecundari": 813, "OMedia": 334, "OTotal": 1387, "Aceleracio": 0, "DANE12_EST": "111001014176", "Educacion_": 240 }, "geometry": { "type": "Point", "coordinates": [ -8246486.652200000360608, 509235.728700000792742 ] } },
{ "type": "Feature", "properties": { "NOMBRE_EST": "COLEGIO TECNICO SAN CRISTOBAL SUR (IED)", "GENERO": 5, "COD_LOCA": "04", "CLASE_TIPO": 1, "FECHA": "2025-03-31T00:00:00", "OPreescola": 0, "OPrimaria": 641, "OSecundari": 0, "OMedia": 0, "OTotal": 641, "Aceleracio": 0, "DANE12_EST": "111001014176", "Educacion_": 0 }, "geometry": { "type": "Point", "coordinates": [ -8246644.7259, 509186.591899998486042 ] } },
{ "type": "Feature", "properties": { "NOMBRE_EST": "COLEGIO TECNICO SAN CRISTOBAL SUR (IED)", "GENERO": 5, "COD_LOCA": "04", "CLASE_TIPO": 1, "FECHA": "2025-03-31T00:00:00", "OPreescola": 120, "OPrimaria": 168, "OSecundari": 0, "OMedia": 0, "OTotal": 288, "Aceleracio": 0, "DANE12_EST": "111001014176", "Educacion_": 0 }, "geometry": { "type": "Point", "coordinates": [ -8246819.497500000521541, 509471.362199999392033 ] } },
{ "type": "Feature", "properties": { "NOMBRE_EST": "COLEGIO JOSE ACEVEDO Y GOMEZ (IED)", "GENERO": 5, "COD_LOCA": "04", "CLASE_TIPO": 1, "FECHA": "2025-03-31T00:00:00", "OPreescola": 32, "OPrimaria": 0, "OSecundari": 224, "OMedia": 88, "OTotal": 344, "Aceleracio": 0, "DANE12_EST": "111001014451", "Educacion_": 0 }, "geometry": { "type": "Point", "coordinates": [ -8246957.533700000494719, 508419.392400000244379 ] } },
{ "type": "Feature", "properties": { "NOMBRE_EST": "COLEGIO JOSE ACEVEDO Y GOMEZ (IED)", "GENERO": 5, "COD_LOCA": "04", "CLASE_TIPO": 1, "FECHA": "2025-03-31T00:00:00", "OPreescola": 90, "OPrimaria": 273, "OSecundari": 0, "OMedia": 0, "OTotal": 363, "Aceleracio": 0, "DANE12_EST": "111001014451", "Educacion_": 0 }, "geometry": { "type": "Point", "coordinates": [ -8246866.251700000837445, 508101.1239 ] } },
{ "type": "Feature", "properties": { "NOMBRE_EST": "COLEGIO MONTEBELLO (IED)", "GENERO": 5, "COD_LOCA": "04", "CLASE_TIPO": 1, "FECHA": "2025-03-31T00:00:00", "OPreescola": 0, "OPrimaria": 498, "OSecundari": 558, "OMedia": 236, "OTotal": 1406, "Aceleracio": 114, "DANE12_EST": "111001015903", "Educacion_": 0 }, "geometry": { "type": "Point", "coordinates": [ -8247440.660299999639392, 508910.756599999964237 ] } },
{ "type": "Feature", "properties": { "NOMBRE_EST": "COLEGIO MONTEBELLO (IED)", "GENERO": 5, "COD_LOCA": "04", "CLASE_TIPO": 1, "FECHA": "2025-03-31T00:00:00", "OPreescola": 202, "OPrimaria": 90, "OSecundari": 0, "OMedia": 0, "OTotal": 292, "Aceleracio": 0, "DANE12_EST": "111001015903", "Educacion_": 0 }, "geometry": { "type": "Point", "coordinates": [ -8247618.771500000730157, 508574.618500001728535 ] } },
{ "type": "Feature", "properties": { "NOMBRE_EST": "COLEGIO LOS ALPES (IED)", "GENERO": 5, "COD_LOCA": "04", "CLASE_TIPO": 1, "FECHA": "2025-03-31T00:00:00", "OPreescola": 125, "OPrimaria": 801, "OSecundari": 886, "OMedia": 600, "OTotal": 3980, "Aceleracio": 172, "DANE12_EST": "111001015911", "Educacion_": 1396 }, "geometry": { "type": "Point", "coordinates": [ -8247075.532400000840425, 507338.401599999517202 ] } },
{ "type": "Feature", "properties": { "NOMBRE_EST": "COLEGIO LOS ALPES (IED)", "GENERO": 5, "COD_LOCA": "04", "CLASE_TIPO": 1, "FECHA": "2025-03-31T00:00:00", "OPreescola": 173, "OPrimaria": 166, "OSecundari": 0, "OMedia": 0, "OTotal": 424, "Aceleracio": 85, "DANE12_EST": "111001015911", "Educacion_": 0 }, "geometry": { "type": "Point", "coordinates": [ -8247410.604000000283122, 507073.739799998700619 ] } },
{ "type": "Feature", "properties": { "NOMBRE_EST": "COLEGIO LA BELLEZA LOS LIBERTADORES (IED)", "GENERO": 5, "COD_LOCA": "04", "CLASE_TIPO": 1, "FECHA": "2025-03-31T00:00:00", "OPreescola": 50, "OPrimaria": 162, "OSecundari": 297, "OMedia": 114, "OTotal": 726, "Aceleracio": 103, "DANE12_EST": "111001016004", "Educacion_": 0 }, "geometry": { "type": "Point", "coordinates": [ -8247904.862600000575185, 504852.624800000339746 ] } },
{ "type": "Feature", "properties": { "NOMBRE_EST": "COLEGIO LA BELLEZA LOS LIBERTADORES (IED)", "GENERO": 5, "COD_LOCA": "04", "CLASE_TIPO": 1, "FECHA": "2025-03-31T00:00:00", "OPreescola": 100, "OPrimaria": 402, "OSecundari": 0, "OMedia": 0, "OTotal": 502, "Aceleracio": 0, "DANE12_EST": "111001016004", "Educacion_": 0 }, "geometry": { "type": "Point", "coordinates": [ -8247635.469399999827147, 505126.212799999862909 ] } },
{ "type": "Feature", "properties": { "NOMBRE_EST": "COLEGIO JOSE MARIA CARBONELL (IED)", "GENERO": 5, "COD_LOCA": "04", "CLASE_TIPO": 1, "FECHA": "2025-03-31T00:00:00", "OPreescola": 117, "OPrimaria": 339, "OSecundari": 272, "OMedia": 112, "OTotal": 840, "Aceleracio": 0, "DANE12_EST": "111001018252", "Educacion_": 0 }, "geometry": { "type": "Point", "coordinates": [ -8248878.908099999651313, 508078.78940000012517 ] } },
{ "type": "Feature", "properties": { "NOMBRE_EST": "COLEGIO ATENAS (IED)", "GENERO": 5, "COD_LOCA": "04", "CLASE_TIPO": 1, "FECHA": "2025-03-31T00:00:00", "OPreescola": 159, "OPrimaria": 482, "OSecundari": 361, "OMedia": 100, "OTotal": 1102, "Aceleracio": 0, "DANE12_EST": "111001018309", "Educacion_": 0 }, "geometry": { "type": "Point", "coordinates": [ -8248077.407800000160933, 507801.841099999845028 ] } },
{ "type": "Feature", "properties": { "NOMBRE_EST": "COLEGIO JOSE JOAQUIN CASTRO MARTINEZ (IED)", "GENERO": 5, "COD_LOCA": "04", "CLASE_TIPO": 1, "FECHA": "2025-03-31T00:00:00", "OPreescola": 131, "OPrimaria": 254, "OSecundari": 316, "OMedia": 107, "OTotal": 808, "Aceleracio": 0, "DANE12_EST": "111001018325", "Educacion_": 0 }, "geometry": { "type": "Point", "coordinates": [ -8247983.899399999529123, 508127.925400000065565 ] } },
{ "type": "Feature", "properties": { "NOMBRE_EST": "COLEGIO JOSE JOAQUIN CASTRO MARTINEZ (IED)", "GENERO": 5, "COD_LOCA": "04", "CLASE_TIPO": 1, "FECHA": "2025-03-31T00:00:00", "OPreescola": 140, "OPrimaria": 297, "OSecundari": 0, "OMedia": 0, "OTotal": 437, "Aceleracio": 0, "DANE12_EST": "111001018325", "Educacion_": 0 }, "geometry": { "type": "Point", "coordinates": [ -8247487.4145, 507663.367400001734495 ] } },
{ "type": "Feature", "properties": { "NOMBRE_EST": "COLEGIO EL RODEO (IED)", "GENERO": 5, "COD_LOCA": "04", "CLASE_TIPO": 1, "FECHA": "2025-03-31T00:00:00", "OPreescola": 78, "OPrimaria": 417, "OSecundari": 574, "OMedia": 155, "OTotal": 1224, "Aceleracio": 0, "DANE12_EST": "111001018333", "Educacion_": 0 }, "geometry": { "type": "Point", "coordinates": [ -8248244.387000000104308, 507183.17790000140667 ] } },
{ "type": "Feature", "properties": { "NOMBRE_EST": "COLEGIO EL RODEO (IED)", "GENERO": 5, "COD_LOCA": "04", "CLASE_TIPO": 1, "FECHA": "2025-03-31T00:00:00", "OPreescola": 75, "OPrimaria": 376, "OSecundari": 0, "OMedia": 0, "OTotal": 451, "Aceleracio": 0, "DANE12_EST": "111001018333", "Educacion_": 0 }, "geometry": { "type": "Point", "coordinates": [ -8247951.616699999198318, 506586.85359999909997 ] } },
{ "type": "Feature", "properties": { "NOMBRE_EST": "COLEGIO FRANCISCO JAVIER MATIZ (IED)", "GENERO": 5, "COD_LOCA": "04", "CLASE_TIPO": 1, "FECHA": "2025-03-31T00:00:00", "OPreescola": 15, "OPrimaria": 0, "OSecundari": 420, "OMedia": 151, "OTotal": 667, "Aceleracio": 81, "DANE12_EST": "111001018341", "Educacion_": 0 }, "geometry": { "type": "Point", "coordinates": [ -8248039.559100000187755, 508735.428599998354912 ] } },
{ "type": "Feature", "properties": { "NOMBRE_EST": "COLEGIO FRANCISCO JAVIER MATIZ (IED)", "GENERO": 5, "COD_LOCA": "04", "CLASE_TIPO": 1, "FECHA": "2025-03-31T00:00:00", "OPreescola": 179, "OPrimaria": 471, "OSecundari": 0, "OMedia": 0, "OTotal": 650, "Aceleracio": 0, "DANE12_EST": "111001018341", "Educacion_": 0 }, "geometry": { "type": "Point", "coordinates": [ -8248205.425200000405312, 508828.117899999022484 ] } },
{ "type": "Feature", "properties": { "NOMBRE_EST": "COLEGIO LA VICTORIA (IED)", "GENERO": 5, "COD_LOCA": "04", "CLASE_TIPO": 1, "FECHA": "2025-03-31T00:00:00", "OPreescola": 39, "OPrimaria": 35, "OSecundari": 721, "OMedia": 275, "OTotal": 1070, "Aceleracio": 0, "DANE12_EST": "111001018368", "Educacion_": 0 }, "geometry": { "type": "Point", "coordinates": [ -8248042.898700000718236, 507289.265999998897314 ] } },
{ "type": "Feature", "properties": { "NOMBRE_EST": "COLEGIO LA VICTORIA (IED)", "GENERO": 5, "COD_LOCA": "04", "CLASE_TIPO": 1, "FECHA": "2025-03-31T00:00:00", "OPreescola": 150, "OPrimaria": 690, "OSecundari": 0, "OMedia": 0, "OTotal": 840, "Aceleracio": 0, "DANE12_EST": "111001018368", "Educacion_": 0 }, "geometry": { "type": "Point", "coordinates": [ -8248078.520999999716878, 507511.493200000375509 ] } },
{ "type": "Feature", "properties": { "NOMBRE_EST": "COLEGIO SAN ISIDRO SUR ORIENTAL (IED)", "GENERO": 5, "COD_LOCA": "04", "CLASE_TIPO": 1, "FECHA": "2025-03-31T00:00:00", "OPreescola": 0, "OPrimaria": 213, "OSecundari": 480, "OMedia": 200, "OTotal": 893, "Aceleracio": 0, "DANE12_EST": "111001018384", "Educacion_": 0 }, "geometry": { "type": "Point", "coordinates": [ -8248896.719200000166893, 508778.981300000101328 ] } },
{ "type": "Feature", "properties": { "NOMBRE_EST": "COLEGIO SAN ISIDRO SUR ORIENTAL (IED)", "GENERO": 5, "COD_LOCA": "04", "CLASE_TIPO": 1, "FECHA": "2025-03-31T00:00:00", "OPreescola": 122, "OPrimaria": 316, "OSecundari": 0, "OMedia": 0, "OTotal": 438, "Aceleracio": 0, "DANE12_EST": "111001018384", "Educacion_": 0 }, "geometry": { "type": "Point", "coordinates": [ -8248994.680400000885129, 508604.770300000905991 ] } },
{ "type": "Feature", "properties": { "NOMBRE_EST": "COLEGIO ENTRE NUBES SUR ORIENTAL (IED)", "GENERO": 5, "COD_LOCA": "04", "CLASE_TIPO": 1, "FECHA": "2025-03-31T00:00:00", "OPreescola": 97, "OPrimaria": 0, "OSecundari": 373, "OMedia": 113, "OTotal": 583, "Aceleracio": 0, "DANE12_EST": "111001020443", "Educacion_": 0 }, "geometry": { "type": "Point", "coordinates": [ -8248497.0822, 506816.895799998193979 ] } },
{ "type": "Feature", "properties": { "NOMBRE_EST": "COLEGIO ENTRE NUBES SUR ORIENTAL (IED)", "GENERO": 5, "COD_LOCA": "04", "CLASE_TIPO": 1, "FECHA": "2025-03-31T00:00:00", "OPreescola": 167, "OPrimaria": 175, "OSecundari": 0, "OMedia": 0, "OTotal": 342, "Aceleracio": 0, "DANE12_EST": "111001020443", "Educacion_": 0 }, "geometry": { "type": "Point", "coordinates": [ -8248875.568499999120831, 506620.354899998754263 ] } },
{ "type": "Feature", "properties": { "NOMBRE_EST": "COLEGIO ENTRE NUBES SUR ORIENTAL (IED)", "GENERO": 5, "COD_LOCA": "04", "CLASE_TIPO": 1, "FECHA": "2025-03-31T00:00:00", "OPreescola": 0, "OPrimaria": 371, "OSecundari": 0, "OMedia": 0, "OTotal": 371, "Aceleracio": 0, "DANE12_EST": "111001020443", "Educacion_": 0 }, "geometry": { "type": "Point", "coordinates": [ -8248630.6656, 506402.596999999135733 ] } },
{ "type": "Feature", "properties": { "NOMBRE_EST": "COLEGIO ENTRE NUBES SUR ORIENTAL (IED)", "GENERO": 5, "COD_LOCA": "04", "CLASE_TIPO": 1, "FECHA": "2025-03-31T00:00:00", "OPreescola": 0, "OPrimaria": 351, "OSecundari": 0, "OMedia": 0, "OTotal": 351, "Aceleracio": 0, "DANE12_EST": "111001020443", "Educacion_": 0 }, "geometry": { "type": "Point", "coordinates": [ -8248076.294600000604987, 506054.185699999332428 ] } },
{ "type": "Feature", "properties": { "NOMBRE_EST": "COLEGIO MORALBA SURORIENTAL (IED)", "GENERO": 5, "COD_LOCA": "04", "CLASE_TIPO": 1, "FECHA": "2025-03-31T00:00:00", "OPreescola": 82, "OPrimaria": 281, "OSecundari": 398, "OMedia": 139, "OTotal": 900, "Aceleracio": 0, "DANE12_EST": "111001024686", "Educacion_": 0 }, "geometry": { "type": "Point", "coordinates": [ -8246609.103700000792742, 506088.803399998694658 ] } },
{ "type": "Feature", "properties": { "NOMBRE_EST": "COLEGIO MORALBA SURORIENTAL (IED)", "GENERO": 5, "COD_LOCA": "04", "CLASE_TIPO": 1, "FECHA": "2025-03-31T00:00:00", "OPreescola": 0, "OPrimaria": 379, "OSecundari": 0, "OMedia": 0, "OTotal": 379, "Aceleracio": 0, "DANE12_EST": "111001024686", "Educacion_": 0 }, "geometry": { "type": "Point", "coordinates": [ -8246859.572499999776483, 505652.174499999731779 ] } },
{ "type": "Feature", "properties": { "NOMBRE_EST": "COLEGIO MORALBA SURORIENTAL (IED)", "GENERO": 5, "COD_LOCA": "04", "CLASE_TIPO": 1, "FECHA": "2025-03-31T00:00:00", "OPreescola": 140, "OPrimaria": 0, "OSecundari": 0, "OMedia": 0, "OTotal": 140, "Aceleracio": 0, "DANE12_EST": "111001024686", "Educacion_": 0 }, "geometry": { "type": "Point", "coordinates": [ -8246840.648199999704957, 505983.833599999547005 ] } },
{ "type": "Feature", "properties": { "NOMBRE_EST": "COLEGIO FLORENTINO GONZALEZ (IED)", "GENERO": 5, "COD_LOCA": "04", "CLASE_TIPO": 1, "FECHA": "2025-03-31T00:00:00", "OPreescola": 75, "OPrimaria": 545, "OSecundari": 599, "OMedia": 280, "OTotal": 1499, "Aceleracio": 0, "DANE12_EST": "111001027324", "Educacion_": 0 }, "geometry": { "type": "Point", "coordinates": [ -8248367.95160000026226, 508954.309500001370907 ] } },
{ "type": "Feature", "properties": { "NOMBRE_EST": "COLEGIO MANUELITA SAENZ (IED)", "GENERO": 5, "COD_LOCA": "04", "CLASE_TIPO": 1, "FECHA": "2025-03-31T00:00:00", "OPreescola": 361, "OPrimaria": 1155, "OSecundari": 1184, "OMedia": 436, "OTotal": 3136, "Aceleracio": 0, "DANE12_EST": "111001030066", "Educacion_": 0 }, "geometry": { "type": "Point", "coordinates": [ -8247146.776799999177456, 509415.52479999884963 ] } },
{ "type": "Feature", "properties": { "NOMBRE_EST": "COLEGIO ALEMANIA UNIFICADA (IED)", "GENERO": 5, "COD_LOCA": "04", "CLASE_TIPO": 1, "FECHA": "2025-03-31T00:00:00", "OPreescola": 30, "OPrimaria": 0, "OSecundari": 226, "OMedia": 157, "OTotal": 623, "Aceleracio": 210, "DANE12_EST": "111001030864", "Educacion_": 0 }, "geometry": { "type": "Point", "coordinates": [ -8248225.4627, 507693.518899999558926 ] } },
{ "type": "Feature", "properties": { "NOMBRE_EST": "COLEGIO ALEMANIA UNIFICADA (IED)", "GENERO": 5, "COD_LOCA": "04", "CLASE_TIPO": 1, "FECHA": "2025-03-31T00:00:00", "OPreescola": 85, "OPrimaria": 304, "OSecundari": 0, "OMedia": 0, "OTotal": 389, "Aceleracio": 0, "DANE12_EST": "111001030864", "Educacion_": 0 }, "geometry": { "type": "Point", "coordinates": [ -8248797.644899999722838, 507959.299499999731779 ] } },
{ "type": "Feature", "properties": { "NOMBRE_EST": "COLEGIO TECNICO TOMAS RUEDA VARGAS (IED)", "GENERO": 5, "COD_LOCA": "04", "CLASE_TIPO": 1, "FECHA": "2025-03-31T00:00:00", "OPreescola": 31, "OPrimaria": 0, "OSecundari": 640, "OMedia": 400, "OTotal": 1071, "Aceleracio": 0, "DANE12_EST": "111001032280", "Educacion_": 0 }, "geometry": { "type": "Point", "coordinates": [ -8247334.9068, 508730.961599998176098 ] } },
{ "type": "Feature", "properties": { "NOMBRE_EST": "COLEGIO TECNICO TOMAS RUEDA VARGAS (IED)", "GENERO": 5, "COD_LOCA": "04", "CLASE_TIPO": 1, "FECHA": "2025-03-31T00:00:00", "OPreescola": 125, "OPrimaria": 175, "OSecundari": 0, "OMedia": 0, "OTotal": 300, "Aceleracio": 0, "DANE12_EST": "111001032280", "Educacion_": 0 }, "geometry": { "type": "Point", "coordinates": [ -8247472.942900000140071, 508327.820300001651049 ] } },
{ "type": "Feature", "properties": { "NOMBRE_EST": "COLEGIO TECNICO TOMAS RUEDA VARGAS (IED)", "GENERO": 5, "COD_LOCA": "04", "CLASE_TIPO": 1, "FECHA": "2025-03-31T00:00:00", "OPreescola": 0, "OPrimaria": 385, "OSecundari": 0, "OMedia": 0, "OTotal": 385, "Aceleracio": 0, "DANE12_EST": "111001032280", "Educacion_": 0 }, "geometry": { "type": "Point", "coordinates": [ -8247271.454700000584126, 508323.353300001472235 ] } },
{ "type": "Feature", "properties": { "NOMBRE_EST": "COLEGIO REPUBLICA DEL ECUADOR (IED)", "GENERO": 5, "COD_LOCA": "04", "CLASE_TIPO": 1, "FECHA": "2025-03-31T00:00:00", "OPreescola": 195, "OPrimaria": 358, "OSecundari": 320, "OMedia": 160, "OTotal": 1033, "Aceleracio": 0, "DANE12_EST": "111001032433", "Educacion_": 0 }, "geometry": { "type": "Point", "coordinates": [ -8246579.047399999573827, 510043.139299999922514 ] } },
{ "type": "Feature", "properties": { "NOMBRE_EST": "COLEGIO JUAN REY (IED)", "GENERO": 5, "COD_LOCA": "04", "CLASE_TIPO": 1, "FECHA": "2025-03-31T00:00:00", "OPreescola": 150, "OPrimaria": 169, "OSecundari": 312, "OMedia": 150, "OTotal": 781, "Aceleracio": 0, "DANE12_EST": "111001034011", "Educacion_": 0 }, "geometry": { "type": "Point", "coordinates": [ -8247648.8277000002563, 503972.682599999010563 ] } },
{ "type": "Feature", "properties": { "NOMBRE_EST": "COLEGIO JUAN REY (IED)", "GENERO": 5, "COD_LOCA": "04", "CLASE_TIPO": 1, "FECHA": "2025-03-31T00:00:00", "OPreescola": 0, "OPrimaria": 324, "OSecundari": 0, "OMedia": 0, "OTotal": 324, "Aceleracio": 0, "DANE12_EST": "111001034011", "Educacion_": 0 }, "geometry": { "type": "Point", "coordinates": [ -8247418.39640000090003, 503666.71510000154376 ] } },
{ "type": "Feature", "properties": { "NOMBRE_EST": "COLEGIO TECNICO JOSE FELIX RESTREPO (IED)", "GENERO": 5, "COD_LOCA": "04", "CLASE_TIPO": 1, "FECHA": "2025-03-31T00:00:00", "OPreescola": 0, "OPrimaria": 0, "OSecundari": 1120, "OMedia": 380, "OTotal": 3765, "Aceleracio": 0, "DANE12_EST": "111001035530", "Educacion_": 2265 }, "geometry": { "type": "Point", "coordinates": [ -8247655.506899999454618, 509784.052299998700619 ] } },
{ "type": "Feature", "properties": { "NOMBRE_EST": "COLEGIO TECNICO JOSE FELIX RESTREPO (IED)", "GENERO": 5, "COD_LOCA": "04", "CLASE_TIPO": 1, "FECHA": "2025-03-31T00:00:00", "OPreescola": 308, "OPrimaria": 429, "OSecundari": 0, "OMedia": 0, "OTotal": 737, "Aceleracio": 0, "DANE12_EST": "111001035530", "Educacion_": 0 }, "geometry": { "type": "Point", "coordinates": [ -8246999.835100000724196, 510064.357700001448393 ] } },
{ "type": "Feature", "properties": { "NOMBRE_EST": "COLEGIO TECNICO JOSE FELIX RESTREPO (IED)", "GENERO": 5, "COD_LOCA": "04", "CLASE_TIPO": 1, "FECHA": "2025-03-31T00:00:00", "OPreescola": 0, "OPrimaria": 292, "OSecundari": 0, "OMedia": 0, "OTotal": 393, "Aceleracio": 101, "DANE12_EST": "111001035530", "Educacion_": 0 }, "geometry": { "type": "Point", "coordinates": [ -8246486.652200000360608, 509581.920299999415874 ] } },
{ "type": "Feature", "properties": { "NOMBRE_EST": "COLEGIO TECNICO JOSE FELIX RESTREPO (IED)", "GENERO": 5, "COD_LOCA": "04", "CLASE_TIPO": 1, "FECHA": "2025-03-31T00:00:00", "OPreescola": 0, "OPrimaria": 373, "OSecundari": 0, "OMedia": 0, "OTotal": 398, "Aceleracio": 25, "DANE12_EST": "111001035530", "Educacion_": 0 }, "geometry": { "type": "Point", "coordinates": [ -8247395.019300000742078, 509822.021899998188019 ] } },
{ "type": "Feature", "properties": { "NOMBRE_EST": "COLEGIO JUAN EVANGELISTA GOMEZ (IED)", "GENERO": 5, "COD_LOCA": "04", "CLASE_TIPO": 1, "FECHA": "2025-03-31T00:00:00", "OPreescola": 246, "OPrimaria": 949, "OSecundari": 760, "OMedia": 273, "OTotal": 2698, "Aceleracio": 0, "DANE12_EST": "111001035602", "Educacion_": 470 }, "geometry": { "type": "Point", "coordinates": [ -8248287.801599999889731, 507266.931699998676777 ] } },
{ "type": "Feature", "properties": { "NOMBRE_EST": "COLEGIO NUEVA DELHI (IED)", "GENERO": 5, "COD_LOCA": "04", "CLASE_TIPO": 1, "FECHA": "2025-03-31T00:00:00", "OPreescola": 163, "OPrimaria": 445, "OSecundari": 462, "OMedia": 145, "OTotal": 1265, "Aceleracio": 50, "DANE12_EST": "111001046621", "Educacion_": 0 }, "geometry": { "type": "Point", "coordinates": [ -8247223.587300000712276, 504617.004799999296665 ] } },
{ "type": "Feature", "properties": { "NOMBRE_EST": "COLEGIO RAFAEL NUÑEZ (IED)", "GENERO": 5, "COD_LOCA": "04", "CLASE_TIPO": 1, "FECHA": "2025-03-31T00:00:00", "OPreescola": 21, "OPrimaria": 0, "OSecundari": 386, "OMedia": 119, "OTotal": 526, "Aceleracio": 0, "DANE12_EST": "111001086789", "Educacion_": 0 }, "geometry": { "type": "Point", "coordinates": [ -8248018.408399999141693, 509969.433400001376867 ] } },
{ "type": "Feature", "properties": { "NOMBRE_EST": "COLEGIO RAFAEL NUÑEZ (IED)", "GENERO": 5, "COD_LOCA": "04", "CLASE_TIPO": 1, "FECHA": "2025-03-31T00:00:00", "OPreescola": 90, "OPrimaria": 299, "OSecundari": 0, "OMedia": 0, "OTotal": 389, "Aceleracio": 0, "DANE12_EST": "111001086789", "Educacion_": 0 }, "geometry": { "type": "Point", "coordinates": [ -8248262.198100000619888, 509717.047200001776218 ] } },
{ "type": "Feature", "properties": { "NOMBRE_EST": "COLEGIO NUEVA ROMA (IED)", "GENERO": 5, "COD_LOCA": "04", "CLASE_TIPO": 2, "FECHA": "2025-03-31T00:00:00", "OPreescola": 75, "OPrimaria": 509, "OSecundari": 367, "OMedia": 203, "OTotal": 1154, "Aceleracio": 0, "DANE12_EST": "111001098817", "Educacion_": 0 }, "geometry": { "type": "Point", "coordinates": [ -8248303.386299999430776, 506083.219900000840425 ] } },
{ "type": "Feature", "properties": { "NOMBRE_EST": "COLEGIO SAN VICENTE (IED)", "GENERO": 5, "COD_LOCA": "04", "CLASE_TIPO": 2, "FECHA": "2025-03-31T00:00:00", "OPreescola": 97, "OPrimaria": 538, "OSecundari": 417, "OMedia": 198, "OTotal": 1250, "Aceleracio": 0, "DANE12_EST": "111001098825", "Educacion_": 0 }, "geometry": { "type": "Point", "coordinates": [ -8247472.942900000140071, 507622.048599999397993 ] } },
{ "type": "Feature", "properties": { "NOMBRE_EST": "COLEGIO TECNICO ALDEMAR ROJAS PLAZAS (IED)", "GENERO": 5, "COD_LOCA": "04", "CLASE_TIPO": 1, "FECHA": "2025-03-31T00:00:00", "OPreescola": 0, "OPrimaria": 0, "OSecundari": 0, "OMedia": 621, "OTotal": 621, "Aceleracio": 0, "DANE12_EST": "111001102016", "Educacion_": 0 }, "geometry": { "type": "Point", "coordinates": [ -8247759.034, 510440.70549999922514 ] } },
{ "type": "Feature", "properties": { "NOMBRE_EST": "COLEGIO GLORIA VALENCIA DE CASTAÑO (IED)", "GENERO": 5, "COD_LOCA": "04", "CLASE_TIPO": 1, "FECHA": "2025-03-31T00:00:00", "OPreescola": 160, "OPrimaria": 350, "OSecundari": 328, "OMedia": 135, "OTotal": 973, "Aceleracio": 0, "DANE12_EST": "111001801047", "Educacion_": 0 }, "geometry": { "type": "Point", "coordinates": [ -8247331.567199999466538, 505007.844000000506639 ] } },
{ "type": "Feature", "properties": { "NOMBRE_EST": "COLEGIO SANTA LIBRADA (IED)", "GENERO": 5, "COD_LOCA": "05", "CLASE_TIPO": 1, "FECHA": "2025-03-31T00:00:00", "OPreescola": 263, "OPrimaria": 702, "OSecundari": 506, "OMedia": 154, "OTotal": 1625, "Aceleracio": 0, "DANE12_EST": "111001013820", "Educacion_": 0 }, "geometry": { "type": "Point", "coordinates": [ -8250278.1941, 503050.316899999976158 ] } },
{ "type": "Feature", "properties": { "NOMBRE_EST": "COLEGIO SANTA MARTHA (IED)", "GENERO": 5, "COD_LOCA": "05", "CLASE_TIPO": 1, "FECHA": "2025-03-31T00:00:00", "OPreescola": 168, "OPrimaria": 546, "OSecundari": 354, "OMedia": 80, "OTotal": 1148, "Aceleracio": 0, "DANE12_EST": "111001013935", "Educacion_": 0 }, "geometry": { "type": "Point", "coordinates": [ -8250514.191400000825524, 504279.767900001257658 ] } },
{ "type": "Feature", "properties": { "NOMBRE_EST": "COLEGIO ORLANDO FALS BORDA (IED)", "GENERO": 5, "COD_LOCA": "05", "CLASE_TIPO": 1, "FECHA": "2025-03-31T00:00:00", "OPreescola": 221, "OPrimaria": 800, "OSecundari": 640, "OMedia": 280, "OTotal": 1941, "Aceleracio": 0, "DANE12_EST": "111001016039", "Educacion_": 0 }, "geometry": { "type": "Point", "coordinates": [ -8251126.448599999770522, 503559.515099998563528 ] } },
{ "type": "Feature", "properties": { "NOMBRE_EST": "COLEGIO NUEVA ESPERANZA (IED)", "GENERO": 5, "COD_LOCA": "05", "CLASE_TIPO": 1, "FECHA": "2025-03-31T00:00:00", "OPreescola": 257, "OPrimaria": 634, "OSecundari": 0, "OMedia": 0, "OTotal": 891, "Aceleracio": 0, "DANE12_EST": "111001024643", "Educacion_": 0 }, "geometry": { "type": "Point", "coordinates": [ -8247775.731899999082088, 502954.284299999475479 ] } },
{ "type": "Feature", "properties": { "NOMBRE_EST": "COLEGIO NUEVA ESPERANZA (IED)", "GENERO": 5, "COD_LOCA": "05", "CLASE_TIPO": 1, "FECHA": "2025-03-31T00:00:00", "OPreescola": 0, "OPrimaria": 0, "OSecundari": 475, "OMedia": 140, "OTotal": 665, "Aceleracio": 50, "DANE12_EST": "111001024643", "Educacion_": 0 }, "geometry": { "type": "Point", "coordinates": [ -8247686.676400000229478, 502975.500799998641014 ] } },
{ "type": "Feature", "properties": { "NOMBRE_EST": "COLEGIO ESTANISLAO ZULETA (IED)", "GENERO": 5, "COD_LOCA": "05", "CLASE_TIPO": 1, "FECHA": "2025-03-31T00:00:00", "OPreescola": 0, "OPrimaria": 37, "OSecundari": 805, "OMedia": 250, "OTotal": 1092, "Aceleracio": 0, "DANE12_EST": "111001030872", "Educacion_": 0 }, "geometry": { "type": "Point", "coordinates": [ -8248831.040699999779463, 501286.014699999243021 ] } },
{ "type": "Feature", "properties": { "NOMBRE_EST": "COLEGIO ESTANISLAO ZULETA (IED)", "GENERO": 5, "COD_LOCA": "05", "CLASE_TIPO": 1, "FECHA": "2025-03-31T00:00:00", "OPreescola": 270, "OPrimaria": 807, "OSecundari": 0, "OMedia": 0, "OTotal": 1077, "Aceleracio": 0, "DANE12_EST": "111001030872", "Educacion_": 0 }, "geometry": { "type": "Point", "coordinates": [ -8249259.620799999684095, 501146.435499999672174 ] } },
{ "type": "Feature", "properties": { "NOMBRE_EST": "COLEGIO PROVINCIA DE QUEBEC (IED)", "GENERO": 5, "COD_LOCA": "05", "CLASE_TIPO": 1, "FECHA": "2025-03-31T00:00:00", "OPreescola": 178, "OPrimaria": 486, "OSecundari": 391, "OMedia": 132, "OTotal": 1187, "Aceleracio": 0, "DANE12_EST": "111001041556", "Educacion_": 0 }, "geometry": { "type": "Point", "coordinates": [ -8247775.731899999082088, 503234.565900001674891 ] } },
{ "type": "Feature", "properties": { "NOMBRE_EST": "COLEGIO LOS COMUNEROS - OSWALDO GUAYASAMIN (IED)", "GENERO": 5, "COD_LOCA": "05", "CLASE_TIPO": 1, "FECHA": "2025-03-31T00:00:00", "OPreescola": 270, "OPrimaria": 871, "OSecundari": 0, "OMedia": 0, "OTotal": 1216, "Aceleracio": 75, "DANE12_EST": "111001044270", "Educacion_": 0 }, "geometry": { "type": "Point", "coordinates": [ -8249744.9737, 501288.247999999672174 ] } },
{ "type": "Feature", "properties": { "NOMBRE_EST": "COLEGIO LOS COMUNEROS - OSWALDO GUAYASAMIN (IED)", "GENERO": 5, "COD_LOCA": "05", "CLASE_TIPO": 1, "FECHA": "2025-03-31T00:00:00", "OPreescola": 0, "OPrimaria": 0, "OSecundari": 666, "OMedia": 296, "OTotal": 1121, "Aceleracio": 159, "DANE12_EST": "111001044270", "Educacion_": 0 }, "geometry": { "type": "Point", "coordinates": [ -8249976.518300000578165, 501289.364599999040365 ] } },
{ "type": "Feature", "properties": { "NOMBRE_EST": "COLEGIO LA AURORA (IED)", "GENERO": 5, "COD_LOCA": "05", "CLASE_TIPO": 1, "FECHA": "2025-03-31T00:00:00", "OPreescola": 144, "OPrimaria": 700, "OSecundari": 645, "OMedia": 304, "OTotal": 1793, "Aceleracio": 0, "DANE12_EST": "111001045705", "Educacion_": 0 }, "geometry": { "type": "Point", "coordinates": [ -8251257.805600000545382, 504057.549699999392033 ] } },
{ "type": "Feature", "properties": { "NOMBRE_EST": "COLEGIO NUEVO SAN ANDRES DE LOS ALTOS (IED)", "GENERO": 5, "COD_LOCA": "05", "CLASE_TIPO": 1, "FECHA": "2025-03-31T00:00:00", "OPreescola": 142, "OPrimaria": 609, "OSecundari": 577, "OMedia": 215, "OTotal": 1543, "Aceleracio": 0, "DANE12_EST": "111001046485", "Educacion_": 0 }, "geometry": { "type": "Point", "coordinates": [ -8251005.110400000587106, 504282.001299999654293 ] } },
{ "type": "Feature", "properties": { "NOMBRE_EST": "COLEGIO ATABANZHA (IED)", "GENERO": 5, "COD_LOCA": "05", "CLASE_TIPO": 1, "FECHA": "2025-03-31T00:00:00", "OPreescola": 161, "OPrimaria": 476, "OSecundari": 502, "OMedia": 204, "OTotal": 1343, "Aceleracio": 0, "DANE12_EST": "111001046931", "Educacion_": 0 }, "geometry": { "type": "Point", "coordinates": [ -8250641.095599999651313, 502216.176899999380112 ] } },
{ "type": "Feature", "properties": { "NOMBRE_EST": "COLEGIO USMINIA (IED)", "GENERO": 5, "COD_LOCA": "05", "CLASE_TIPO": 1, "FECHA": "2025-03-31T00:00:00", "OPreescola": 80, "OPrimaria": 0, "OSecundari": 242, "OMedia": 103, "OTotal": 425, "Aceleracio": 0, "DANE12_EST": "111001065234", "Educacion_": 0 }, "geometry": { "type": "Point", "coordinates": [ -8250692.3026, 500899.660000000149012 ] } },
{ "type": "Feature", "properties": { "NOMBRE_EST": "COLEGIO USMINIA (IED)", "GENERO": 5, "COD_LOCA": "05", "CLASE_TIPO": 1, "FECHA": "2025-03-31T00:00:00", "OPreescola": 0, "OPrimaria": 633, "OSecundari": 0, "OMedia": 0, "OTotal": 633, "Aceleracio": 0, "DANE12_EST": "111001065234", "Educacion_": 0 }, "geometry": { "type": "Point", "coordinates": [ -8250401.75870000012219, 500929.809000000357628 ] } },
{ "type": "Feature", "properties": { "NOMBRE_EST": "COLEGIO USMINIA (IED)", "GENERO": 5, "COD_LOCA": "05", "CLASE_TIPO": 1, "FECHA": "2025-03-31T00:00:00", "OPreescola": 199, "OPrimaria": 0, "OSecundari": 0, "OMedia": 0, "OTotal": 199, "Aceleracio": 0, "DANE12_EST": "111001065234", "Educacion_": 0 }, "geometry": { "type": "Point", "coordinates": [ -8250350.551799999549985, 500719.88289999961853 ] } },
{ "type": "Feature", "properties": { "NOMBRE_EST": "COLEGIO OFELIA URIBE DE ACOSTA (IED)", "GENERO": 5, "COD_LOCA": "05", "CLASE_TIPO": 1, "FECHA": "2025-03-31T00:00:00", "OPreescola": 111, "OPrimaria": 700, "OSecundari": 963, "OMedia": 465, "OTotal": 2239, "Aceleracio": 0, "DANE12_EST": "111001077895", "Educacion_": 0 }, "geometry": { "type": "Point", "coordinates": [ -8249186.149900000542402, 502236.276500001549721 ] } },
{ "type": "Feature", "properties": { "NOMBRE_EST": "COLEGIO OFELIA URIBE DE ACOSTA (IED)", "GENERO": 5, "COD_LOCA": "05", "CLASE_TIPO": 1, "FECHA": "2025-03-31T00:00:00", "OPreescola": 270, "OPrimaria": 350, "OSecundari": 0, "OMedia": 0, "OTotal": 620, "Aceleracio": 0, "DANE12_EST": "111001077895", "Educacion_": 0 }, "geometry": { "type": "Point", "coordinates": [ -8249052.566500000655651, 501967.164799999445677 ] } },
{ "type": "Feature", "properties": { "NOMBRE_EST": "COLEGIO BRASILIA - USME (IED)", "GENERO": 5, "COD_LOCA": "05", "CLASE_TIPO": 1, "FECHA": "2025-03-31T00:00:00", "OPreescola": 125, "OPrimaria": 525, "OSecundari": 520, "OMedia": 280, "OTotal": 1450, "Aceleracio": 0, "DANE12_EST": "111001077917", "Educacion_": 0 }, "geometry": { "type": "Point", "coordinates": [ -8250419.569900000467896, 503455.665199998766184 ] } },
{ "type": "Feature", "properties": { "NOMBRE_EST": "COLEGIO EL VIRREY JOSE SOLIS (IED)", "GENERO": 5, "COD_LOCA": "05", "CLASE_TIPO": 1, "FECHA": "2025-03-31T00:00:00", "OPreescola": 128, "OPrimaria": 545, "OSecundari": 638, "OMedia": 183, "OTotal": 1494, "Aceleracio": 0, "DANE12_EST": "111001078638", "Educacion_": 0 }, "geometry": { "type": "Point", "coordinates": [ -8250071.139799999073148, 501765.052499998360872 ] } },
{ "type": "Feature", "properties": { "NOMBRE_EST": "COLEGIO MIGUEL DE CERVANTES SAAVEDRA (IED)", "GENERO": 5, "COD_LOCA": "05", "CLASE_TIPO": 1, "FECHA": "2025-03-31T00:00:00", "OPreescola": 240, "OPrimaria": 770, "OSecundari": 1040, "OMedia": 450, "OTotal": 3060, "Aceleracio": 0, "DANE12_EST": "111001083011", "Educacion_": 560 }, "geometry": { "type": "Point", "coordinates": [ -8249421.034, 502829.218699999153614 ] } },
{ "type": "Feature", "properties": { "NOMBRE_EST": "COLEGIO MIGUEL DE CERVANTES SAAVEDRA (IED)", "GENERO": 5, "COD_LOCA": "05", "CLASE_TIPO": 1, "FECHA": "2025-03-31T00:00:00", "OPreescola": 50, "OPrimaria": 490, "OSecundari": 0, "OMedia": 0, "OTotal": 540, "Aceleracio": 0, "DANE12_EST": "111001083011", "Educacion_": 0 }, "geometry": { "type": "Point", "coordinates": [ -8250352.778200000524521, 502780.085900001227856 ] } },
{ "type": "Feature", "properties": { "NOMBRE_EST": "COLEGIO CHUNIZA (IED)", "GENERO": 5, "COD_LOCA": "05", "CLASE_TIPO": 1, "FECHA": "2025-03-31T00:00:00", "OPreescola": 200, "OPrimaria": 742, "OSecundari": 880, "OMedia": 400, "OTotal": 2222, "Aceleracio": 0, "DANE12_EST": "111001086614", "Educacion_": 0 }, "geometry": { "type": "Point", "coordinates": [ -8249987.6502, 502163.694499999284744 ] } },
{ "type": "Feature", "properties": { "NOMBRE_EST": "COLEGIO FERNANDO GONZALEZ OCHOA (IED)", "GENERO": 5, "COD_LOCA": "05", "CLASE_TIPO": 1, "FECHA": "2025-03-31T00:00:00", "OPreescola": 367, "OPrimaria": 903, "OSecundari": 678, "OMedia": 300, "OTotal": 2248, "Aceleracio": 0, "DANE12_EST": "111001094439", "Educacion_": 0 }, "geometry": { "type": "Point", "coordinates": [ -8249554.61739999987185, 501767.285799998790026 ] } },
{ "type": "Feature", "properties": { "NOMBRE_EST": "COLEGIO SAN CAYETANO (IED)", "GENERO": 5, "COD_LOCA": "05", "CLASE_TIPO": 1, "FECHA": "2025-03-31T00:00:00", "OPreescola": 208, "OPrimaria": 875, "OSecundari": 771, "OMedia": 320, "OTotal": 2174, "Aceleracio": 0, "DANE12_EST": "111001098833", "Educacion_": 0 }, "geometry": { "type": "Point", "coordinates": [ -8247383.887299999594688, 503362.982099998742342 ] } },
{ "type": "Feature", "properties": { "NOMBRE_EST": "COLEGIO SAN JOSE DE USME (IED)", "GENERO": 5, "COD_LOCA": "05", "CLASE_TIPO": 2, "FECHA": "2025-03-31T00:00:00", "OPreescola": 75, "OPrimaria": 429, "OSecundari": 453, "OMedia": 152, "OTotal": 1109, "Aceleracio": 0, "DANE12_EST": "111001098841", "Educacion_": 0 }, "geometry": { "type": "Point", "coordinates": [ -8250814.754000000655651, 501648.921900000423193 ] } },
{ "type": "Feature", "properties": { "NOMBRE_EST": "COLEGIO CHUNIZA FAMACO (IED)", "GENERO": 5, "COD_LOCA": "05", "CLASE_TIPO": 2, "FECHA": "2025-03-31T00:00:00", "OPreescola": 72, "OPrimaria": 458, "OSecundari": 409, "OMedia": 174, "OTotal": 1113, "Aceleracio": 0, "DANE12_EST": "111001098850", "Educacion_": 0 }, "geometry": { "type": "Point", "coordinates": [ -8249247.375600000843406, 501120.752999998629093 ] } },
{ "type": "Feature", "properties": { "NOMBRE_EST": "COLEGIO LUIS EDUARDO MORA OSEJO (IED)", "GENERO": 5, "COD_LOCA": "05", "CLASE_TIPO": 1, "FECHA": "2025-03-31T00:00:00", "OPreescola": 129, "OPrimaria": 350, "OSecundari": 280, "OMedia": 175, "OTotal": 934, "Aceleracio": 0, "DANE12_EST": "111001098868", "Educacion_": 0 }, "geometry": { "type": "Point", "coordinates": [ -8250139.044700000435114, 501505.99210000038147 ] } },
{ "type": "Feature", "properties": { "NOMBRE_EST": "COLEGIO MIRAVALLE (IED)", "GENERO": 5, "COD_LOCA": "05", "CLASE_TIPO": 2, "FECHA": "2025-03-31T00:00:00", "OPreescola": 99, "OPrimaria": 507, "OSecundari": 411, "OMedia": 213, "OTotal": 1230, "Aceleracio": 0, "DANE12_EST": "111001100081", "Educacion_": 0 }, "geometry": { "type": "Point", "coordinates": [ -8250960.582599999383092, 502883.934900000691414 ] } },
{ "type": "Feature", "properties": { "NOMBRE_EST": "COLEGIO JUAN LUIS LONDOÑO (IED)", "GENERO": 5, "COD_LOCA": "05", "CLASE_TIPO": 2, "FECHA": "2025-03-31T00:00:00", "OPreescola": 147, "OPrimaria": 616, "OSecundari": 488, "OMedia": 226, "OTotal": 1477, "Aceleracio": 0, "DANE12_EST": "111001102008", "Educacion_": 0 }, "geometry": { "type": "Point", "coordinates": [ -8250451.85249999910593, 505046.927999999374151 ] } },
{ "type": "Feature", "properties": { "NOMBRE_EST": "COLEGIO EDUARDO UMAÑA MENDOZA (IED)", "GENERO": 5, "COD_LOCA": "05", "CLASE_TIPO": 1, "FECHA": "2025-03-31T00:00:00", "OPreescola": 280, "OPrimaria": 665, "OSecundari": 600, "OMedia": 280, "OTotal": 1825, "Aceleracio": 0, "DANE12_EST": "111001104337", "Educacion_": 0 }, "geometry": { "type": "Point", "coordinates": [ -8250270.401699999347329, 500350.280099999159575 ] } },
{ "type": "Feature", "properties": { "NOMBRE_EST": "COLEGIO DIEGO MONTAÑA CUELLAR (IED)", "GENERO": 5, "COD_LOCA": "05", "CLASE_TIPO": 1, "FECHA": "2025-03-31T00:00:00", "OPreescola": 100, "OPrimaria": 720, "OSecundari": 720, "OMedia": 320, "OTotal": 1860, "Aceleracio": 0, "DANE12_EST": "111001104345", "Educacion_": 0 }, "geometry": { "type": "Point", "coordinates": [ -8250455.192099999636412, 501090.603900000452995 ] } },
{ "type": "Feature", "properties": { "NOMBRE_EST": "COLEGIO DIEGO MONTAÑA CUELLAR (IED)", "GENERO": 5, "COD_LOCA": "05", "CLASE_TIPO": 1, "FECHA": "2025-03-31T00:00:00", "OPreescola": 62, "OPrimaria": 360, "OSecundari": 560, "OMedia": 245, "OTotal": 1352, "Aceleracio": 125, "DANE12_EST": "111001104345", "Educacion_": 0 }, "geometry": { "type": "Point", "coordinates": [ -8250642.208799999207258, 501624.355799999088049 ] } },
{ "type": "Feature", "properties": { "NOMBRE_EST": "COLEGIO DIEGO MONTAÑA CUELLAR (IED)", "GENERO": 5, "COD_LOCA": "05", "CLASE_TIPO": 1, "FECHA": "2025-03-31T00:00:00", "OPreescola": 200, "OPrimaria": 300, "OSecundari": 0, "OMedia": 0, "OTotal": 500, "Aceleracio": 0, "DANE12_EST": "111001104345", "Educacion_": 0 }, "geometry": { "type": "Point", "coordinates": [ -8250514.191400000825524, 501472.493000000715256 ] } },
{ "type": "Feature", "properties": { "NOMBRE_EST": "COLEGIO CIUDAD DE VILLAVICENCIO (IED)", "GENERO": 5, "COD_LOCA": "05", "CLASE_TIPO": 1, "FECHA": "2025-03-31T00:00:00", "OPreescola": 133, "OPrimaria": 175, "OSecundari": 800, "OMedia": 320, "OTotal": 1428, "Aceleracio": 0, "DANE12_EST": "111001104353", "Educacion_": 0 }, "geometry": { "type": "Point", "coordinates": [ -8249269.639499999582767, 499829.936000000685453 ] } },
{ "type": "Feature", "properties": { "NOMBRE_EST": "COLEGIO CIUDAD DE VILLAVICENCIO (IED)", "GENERO": 5, "COD_LOCA": "05", "CLASE_TIPO": 1, "FECHA": "2025-03-31T00:00:00", "OPreescola": 190, "OPrimaria": 840, "OSecundari": 0, "OMedia": 0, "OTotal": 1030, "Aceleracio": 0, "DANE12_EST": "111001104353", "Educacion_": 0 }, "geometry": { "type": "Point", "coordinates": [ -8248865.549799999222159, 500027.576999999582767 ] } },
{ "type": "Feature", "properties": { "NOMBRE_EST": "COLEGIO CIUDAD DE VILLAVICENCIO (IED)", "GENERO": 5, "COD_LOCA": "05", "CLASE_TIPO": 1, "FECHA": "2025-03-31T00:00:00", "OPreescola": 50, "OPrimaria": 340, "OSecundari": 0, "OMedia": 0, "OTotal": 390, "Aceleracio": 0, "DANE12_EST": "111001104353", "Educacion_": 0 }, "geometry": { "type": "Point", "coordinates": [ -8249032.528999999165535, 500780.180700000375509 ] } },
{ "type": "Feature", "properties": { "NOMBRE_EST": "COLEGIO PAULO FREIRE (IED)", "GENERO": 5, "COD_LOCA": "05", "CLASE_TIPO": 1, "FECHA": "2025-03-31T00:00:00", "OPreescola": 503, "OPrimaria": 1050, "OSecundari": 1120, "OMedia": 588, "OTotal": 3261, "Aceleracio": 0, "DANE12_EST": "111001107760", "Educacion_": 0 }, "geometry": { "type": "Point", "coordinates": [ -8250569.851199999451637, 505092.712200000882149 ] } },
{ "type": "Feature", "properties": { "NOMBRE_EST": "COLEGIO JOSE EUSTASIO RIVERA (IED)", "GENERO": 5, "COD_LOCA": "05", "CLASE_TIPO": 2, "FECHA": "2025-03-31T00:00:00", "OPreescola": 77, "OPrimaria": 212, "OSecundari": 293, "OMedia": 92, "OTotal": 674, "Aceleracio": 0, "DANE12_EST": "111001800562", "Educacion_": 0 }, "geometry": { "type": "Point", "coordinates": [ -8251345.747999999672174, 498657.498799998313189 ] } },
{ "type": "Feature", "properties": { "NOMBRE_EST": "COLEGIO CIUDAD CHENGDU (IED)", "GENERO": 5, "COD_LOCA": "05", "CLASE_TIPO": 2, "FECHA": "2025-03-31T00:00:00", "OPreescola": 116, "OPrimaria": 215, "OSecundari": 164, "OMedia": 62, "OTotal": 557, "Aceleracio": 0, "DANE12_EST": "111001800660", "Educacion_": 0 }, "geometry": { "type": "Point", "coordinates": [ -8248707.476099999621511, 502704.153299998492002 ] } },
{ "type": "Feature", "properties": { "NOMBRE_EST": "COLEGIO FRANCISCO ANTONIO ZEA DE USME (IED)", "GENERO": 5, "COD_LOCA": "05", "CLASE_TIPO": 1, "FECHA": "2025-03-31T00:00:00", "OPreescola": 37, "OPrimaria": 183, "OSecundari": 621, "OMedia": 98, "OTotal": 939, "Aceleracio": 0, "DANE12_EST": "111850000740", "Educacion_": 0 }, "geometry": { "type": "Point", "coordinates": [ -8251128.675000000745058, 498589.386300001293421 ] } },
{ "type": "Feature", "properties": { "NOMBRE_EST": "COLEGIO FRANCISCO ANTONIO ZEA DE USME (IED)", "GENERO": 5, "COD_LOCA": "05", "CLASE_TIPO": 1, "FECHA": "2025-03-31T00:00:00", "OPreescola": 0, "OPrimaria": 774, "OSecundari": 0, "OMedia": 0, "OTotal": 774, "Aceleracio": 0, "DANE12_EST": "111850000740", "Educacion_": 0 }, "geometry": { "type": "Point", "coordinates": [ -8251578.405799999833107, 498056.770799998193979 ] } },
{ "type": "Feature", "properties": { "NOMBRE_EST": "COLEGIO FRANCISCO ANTONIO ZEA DE USME (IED)", "GENERO": 5, "COD_LOCA": "05", "CLASE_TIPO": 1, "FECHA": "2025-03-31T00:00:00", "OPreescola": 0, "OPrimaria": 0, "OSecundari": 0, "OMedia": 146, "OTotal": 146, "Aceleracio": 0, "DANE12_EST": "111850000740", "Educacion_": 0 }, "geometry": { "type": "Point", "coordinates": [ -8251655.216199999675155, 498211.977000001817942 ] } },
{ "type": "Feature", "properties": { "NOMBRE_EST": "COLEGIO FRANCISCO ANTONIO ZEA DE USME (IED)", "GENERO": 5, "COD_LOCA": "05", "CLASE_TIPO": 1, "FECHA": "2025-03-31T00:00:00", "OPreescola": 395, "OPrimaria": 0, "OSecundari": 0, "OMedia": 0, "OTotal": 395, "Aceleracio": 0, "DANE12_EST": "111850000740", "Educacion_": 0 }, "geometry": { "type": "Point", "coordinates": [ -8251345.747999999672174, 498657.498799998313189 ] } },
{ "type": "Feature", "properties": { "NOMBRE_EST": "COLEGIO EL CORTIJO - VIANEY (IED)", "GENERO": 5, "COD_LOCA": "05", "CLASE_TIPO": 1, "FECHA": "2025-03-31T00:00:00", "OPreescola": 31, "OPrimaria": 80, "OSecundari": 300, "OMedia": 140, "OTotal": 628, "Aceleracio": 77, "DANE12_EST": "111850001380", "Educacion_": 0 }, "geometry": { "type": "Point", "coordinates": [ -8249520.10840000025928, 503400.948600001633167 ] } },
{ "type": "Feature", "properties": { "NOMBRE_EST": "COLEGIO EL CORTIJO - VIANEY (IED)", "GENERO": 5, "COD_LOCA": "05", "CLASE_TIPO": 1, "FECHA": "2025-03-31T00:00:00", "OPreescola": 80, "OPrimaria": 280, "OSecundari": 0, "OMedia": 0, "OTotal": 360, "Aceleracio": 0, "DANE12_EST": "111850001380", "Educacion_": 0 }, "geometry": { "type": "Point", "coordinates": [ -8250880.432499999180436, 503438.915199998766184 ] } },
{ "type": "Feature", "properties": { "NOMBRE_EST": "COLEGIO ALMIRANTE PADILLA (IED)", "GENERO": 5, "COD_LOCA": "05", "CLASE_TIPO": 1, "FECHA": "2025-03-31T00:00:00", "OPreescola": 52, "OPrimaria": 330, "OSecundari": 840, "OMedia": 350, "OTotal": 3258, "Aceleracio": 75, "DANE12_EST": "111850001428", "Educacion_": 1611 }, "geometry": { "type": "Point", "coordinates": [ -8250101.196100000292063, 502825.86879999935627 ] } },
{ "type": "Feature", "properties": { "NOMBRE_EST": "COLEGIO ALMIRANTE PADILLA (IED)", "GENERO": 5, "COD_LOCA": "05", "CLASE_TIPO": 1, "FECHA": "2025-03-31T00:00:00", "OPreescola": 128, "OPrimaria": 60, "OSecundari": 0, "OMedia": 0, "OTotal": 188, "Aceleracio": 0, "DANE12_EST": "111850001428", "Educacion_": 0 }, "geometry": { "type": "Point", "coordinates": [ -8250241.458699999377131, 502856.018500000238419 ] } },
{ "type": "Feature", "properties": { "NOMBRE_EST": "COLEGIO ALMIRANTE PADILLA (IED)", "GENERO": 5, "COD_LOCA": "05", "CLASE_TIPO": 1, "FECHA": "2025-03-31T00:00:00", "OPreescola": 0, "OPrimaria": 300, "OSecundari": 0, "OMedia": 0, "OTotal": 300, "Aceleracio": 0, "DANE12_EST": "111850001428", "Educacion_": 0 }, "geometry": { "type": "Point", "coordinates": [ -8250278.1941, 502757.75279999896884 ] } },
{ "type": "Feature", "properties": { "NOMBRE_EST": "COLEGIO LOS TEJARES (IED)", "GENERO": 5, "COD_LOCA": "05", "CLASE_TIPO": 1, "FECHA": "2025-03-31T00:00:00", "OPreescola": 208, "OPrimaria": 386, "OSecundari": 405, "OMedia": 160, "OTotal": 1159, "Aceleracio": 0, "DANE12_EST": "111850001461", "Educacion_": 0 }, "geometry": { "type": "Point", "coordinates": [ -8249136.056099999696016, 502661.720499999821186 ] } },
{ "type": "Feature", "properties": { "NOMBRE_EST": "COLEGIO LOS TEJARES (IED)", "GENERO": 5, "COD_LOCA": "05", "CLASE_TIPO": 1, "FECHA": "2025-03-31T00:00:00", "OPreescola": 70, "OPrimaria": 128, "OSecundari": 0, "OMedia": 0, "OTotal": 198, "Aceleracio": 0, "DANE12_EST": "111850001461", "Educacion_": 0 }, "geometry": { "type": "Point", "coordinates": [ -8249138.282500000670552, 502669.537099998444319 ] } },
{ "type": "Feature", "properties": { "NOMBRE_EST": "COLEGIO FEDERICO GARCIA LORCA (IED)", "GENERO": 5, "COD_LOCA": "05", "CLASE_TIPO": 1, "FECHA": "2025-03-31T00:00:00", "OPreescola": 57, "OPrimaria": 188, "OSecundari": 733, "OMedia": 268, "OTotal": 1246, "Aceleracio": 0, "DANE12_EST": "111850001576", "Educacion_": 0 }, "geometry": { "type": "Point", "coordinates": [ -8249565.749399999156594, 502254.142900001257658 ] } },
{ "type": "Feature", "properties": { "NOMBRE_EST": "COLEGIO FEDERICO GARCIA LORCA (IED)", "GENERO": 5, "COD_LOCA": "05", "CLASE_TIPO": 1, "FECHA": "2025-03-31T00:00:00", "OPreescola": 234, "OPrimaria": 903, "OSecundari": 0, "OMedia": 0, "OTotal": 1137, "Aceleracio": 0, "DANE12_EST": "111850001576", "Educacion_": 0 }, "geometry": { "type": "Point", "coordinates": [ -8249660.370899999514222, 502493.105999998748302 ] } },
{ "type": "Feature", "properties": { "NOMBRE_EST": "COLEGIO GABRIEL GARCIA MARQUEZ (IED)", "GENERO": 5, "COD_LOCA": "05", "CLASE_TIPO": 1, "FECHA": "2025-03-31T00:00:00", "OPreescola": 238, "OPrimaria": 574, "OSecundari": 483, "OMedia": 140, "OTotal": 1510, "Aceleracio": 75, "DANE12_EST": "211001032501", "Educacion_": 0 }, "geometry": { "type": "Point", "coordinates": [ -8247772.392400000244379, 502011.830600000917912 ] } },
{ "type": "Feature", "properties": { "NOMBRE_EST": "COLEGIO RURAL LA UNION USME (CED)", "GENERO": 5, "COD_LOCA": "05", "CLASE_TIPO": 1, "FECHA": "2025-03-31T00:00:00", "OPreescola": 6, "OPrimaria": 16, "OSecundari": 0, "OMedia": 0, "OTotal": 22, "Aceleracio": 0, "DANE12_EST": "211850000043", "Educacion_": 0 }, "geometry": { "type": "Point", "coordinates": [ -8258076.124399999156594, 483964.365800000727177 ] } },
{ "type": "Feature", "properties": { "NOMBRE_EST": "COLEGIO GRAN YOMASA (IED)", "GENERO": 5, "COD_LOCA": "05", "CLASE_TIPO": 1, "FECHA": "2025-03-31T00:00:00", "OPreescola": 168, "OPrimaria": 700, "OSecundari": 640, "OMedia": 300, "OTotal": 1808, "Aceleracio": 0, "DANE12_EST": "211850000051", "Educacion_": 0 }, "geometry": { "type": "Point", "coordinates": [ -8249840.708499999716878, 502364.691100001335144 ] } },
{ "type": "Feature", "properties": { "NOMBRE_EST": "COLEGIO RURAL OLARTE (CED)", "GENERO": 5, "COD_LOCA": "05", "CLASE_TIPO": 1, "FECHA": "2025-03-31T00:00:00", "OPreescola": 21, "OPrimaria": 91, "OSecundari": 81, "OMedia": 0, "OTotal": 193, "Aceleracio": 0, "DANE12_EST": "211850000108", "Educacion_": 0 }, "geometry": { "type": "Point", "coordinates": [ -8252639.280500000342727, 494890.180900000035763 ] } },
{ "type": "Feature", "properties": { "NOMBRE_EST": "COLEGIO RURAL LOS ANDES (CED)", "GENERO": 5, "COD_LOCA": "05", "CLASE_TIPO": 1, "FECHA": "2025-03-31T00:00:00", "OPreescola": 7, "OPrimaria": 16, "OSecundari": 0, "OMedia": 0, "OTotal": 23, "Aceleracio": 0, "DANE12_EST": "211850000698", "Educacion_": 0 }, "geometry": { "type": "Point", "coordinates": [ -8256080.165999999269843, 485118.732500001788139 ] } },
{ "type": "Feature", "properties": { "NOMBRE_EST": "COLEGIO RURAL LOS ARRAYANES (CED)", "GENERO": 5, "COD_LOCA": "05", "CLASE_TIPO": 1, "FECHA": "2025-03-31T00:00:00", "OPreescola": 15, "OPrimaria": 50, "OSecundari": 0, "OMedia": 0, "OTotal": 65, "Aceleracio": 0, "DANE12_EST": "211850000710", "Educacion_": 0 }, "geometry": { "type": "Point", "coordinates": [ -8253273.801599999889731, 486169.286899998784065 ] } },
{ "type": "Feature", "properties": { "NOMBRE_EST": "COLEGIO RURAL LA ARGENTINA (CED)", "GENERO": 5, "COD_LOCA": "05", "CLASE_TIPO": 1, "FECHA": "2025-03-31T00:00:00", "OPreescola": 19, "OPrimaria": 55, "OSecundari": 0, "OMedia": 0, "OTotal": 74, "Aceleracio": 0, "DANE12_EST": "211850000736", "Educacion_": 0 }, "geometry": { "type": "Point", "coordinates": [ -8254162.131100000813603, 488720.369199998676777 ] } },
{ "type": "Feature", "properties": { "NOMBRE_EST": "COLEGIO TENERIFE - GRANADA SUR (IED)", "GENERO": 5, "COD_LOCA": "05", "CLASE_TIPO": 1, "FECHA": "2025-03-31T00:00:00", "OPreescola": 279, "OPrimaria": 506, "OSecundari": 585, "OMedia": 160, "OTotal": 1530, "Aceleracio": 0, "DANE12_EST": "211850000787", "Educacion_": 0 }, "geometry": { "type": "Point", "coordinates": [ -8249643.673000000417233, 501301.647599998861551 ] } },
{ "type": "Feature", "properties": { "NOMBRE_EST": "COLEGIO TENERIFE - GRANADA SUR (IED)", "GENERO": 5, "COD_LOCA": "05", "CLASE_TIPO": 1, "FECHA": "2025-03-31T00:00:00", "OPreescola": 80, "OPrimaria": 80, "OSecundari": 0, "OMedia": 0, "OTotal": 210, "Aceleracio": 50, "DANE12_EST": "211850000787", "Educacion_": 0 }, "geometry": { "type": "Point", "coordinates": [ -8251305.673000000417233, 503321.665500000119209 ] } },
{ "type": "Feature", "properties": { "NOMBRE_EST": "COLEGIO RURAL CHIZACA (CED)", "GENERO": 5, "COD_LOCA": "05", "CLASE_TIPO": 1, "FECHA": "2025-03-31T00:00:00", "OPreescola": 8, "OPrimaria": 14, "OSecundari": 0, "OMedia": 0, "OTotal": 22, "Aceleracio": 0, "DANE12_EST": "211850000841", "Educacion_": 0 }, "geometry": { "type": "Point", "coordinates": [ -8260268.005200000479817, 483528.970499999821186 ] } },
{ "type": "Feature", "properties": { "NOMBRE_EST": "COLEGIO RURAL EL CURUBITAL (CED)", "GENERO": 5, "COD_LOCA": "05", "CLASE_TIPO": 1, "FECHA": "2025-03-31T00:00:00", "OPreescola": 20, "OPrimaria": 38, "OSecundari": 0, "OMedia": 0, "OTotal": 58, "Aceleracio": 0, "DANE12_EST": "211850000868", "Educacion_": 0 }, "geometry": { "type": "Point", "coordinates": [ -8252853.013900000602007, 484643.140399999916553 ] } },
{ "type": "Feature", "properties": { "NOMBRE_EST": "COLEGIO EL DESTINO (IED)", "GENERO": 5, "COD_LOCA": "05", "CLASE_TIPO": 1, "FECHA": "2025-03-31T00:00:00", "OPreescola": 40, "OPrimaria": 152, "OSecundari": 296, "OMedia": 82, "OTotal": 570, "Aceleracio": 0, "DANE12_EST": "211850000876", "Educacion_": 0 }, "geometry": { "type": "Point", "coordinates": [ -8253050.0494, 491193.374699998646975 ] } },
{ "type": "Feature", "properties": { "NOMBRE_EST": "COLEGIO RURAL EL HATO (CED)", "GENERO": 5, "COD_LOCA": "05", "CLASE_TIPO": 1, "FECHA": "2025-03-31T00:00:00", "OPreescola": 15, "OPrimaria": 36, "OSecundari": 0, "OMedia": 0, "OTotal": 51, "Aceleracio": 0, "DANE12_EST": "211850000884", "Educacion_": 0 }, "geometry": { "type": "Point", "coordinates": [ -8255896.488800000399351, 488773.959499999880791 ] } },
{ "type": "Feature", "properties": { "NOMBRE_EST": "COLEGIO BRAZUELOS (IED)", "GENERO": 5, "COD_LOCA": "05", "CLASE_TIPO": 1, "FECHA": "2025-03-31T00:00:00", "OPreescola": 110, "OPrimaria": 421, "OSecundari": 367, "OMedia": 0, "OTotal": 898, "Aceleracio": 0, "DANE12_EST": "211850000931", "Educacion_": 0 }, "geometry": { "type": "Point", "coordinates": [ -8250987.2993, 500888.493700001388788 ] } },
{ "type": "Feature", "properties": { "NOMBRE_EST": "COLEGIO EL UVAL (IED)", "GENERO": 5, "COD_LOCA": "05", "CLASE_TIPO": 1, "FECHA": "2025-03-31T00:00:00", "OPreescola": 40, "OPrimaria": 325, "OSecundari": 305, "OMedia": 140, "OTotal": 810, "Aceleracio": 0, "DANE12_EST": "211850000981", "Educacion_": 0 }, "geometry": { "type": "Point", "coordinates": [ -8249358.69510000012815, 498951.164799999445677 ] } },
{ "type": "Feature", "properties": { "NOMBRE_EST": "COLEGIO RURAL LA MAYORIA (CED)", "GENERO": 5, "COD_LOCA": "05", "CLASE_TIPO": 1, "FECHA": "2025-03-31T00:00:00", "OPreescola": 13, "OPrimaria": 40, "OSecundari": 0, "OMedia": 0, "OTotal": 53, "Aceleracio": 0, "DANE12_EST": "211850001007", "Educacion_": 0 }, "geometry": { "type": "Point", "coordinates": [ -8258551.458699999377131, 487003.264499999582767 ] } },
{ "type": "Feature", "properties": { "NOMBRE_EST": "COLEGIO RURAL LAS MERCEDES (CED)", "GENERO": 5, "COD_LOCA": "05", "CLASE_TIPO": 1, "FECHA": "2025-03-31T00:00:00", "OPreescola": 15, "OPrimaria": 29, "OSecundari": 0, "OMedia": 0, "OTotal": 44, "Aceleracio": 0, "DANE12_EST": "211850001074", "Educacion_": 0 }, "geometry": { "type": "Point", "coordinates": [ -8257259.03940000012517, 489422.628299999982119 ] } },
{ "type": "Feature", "properties": { "NOMBRE_EST": "COLEGIO FABIO LOZANO SIMONELLI (IED)", "GENERO": 5, "COD_LOCA": "05", "CLASE_TIPO": 1, "FECHA": "2025-03-31T00:00:00", "OPreescola": 164, "OPrimaria": 560, "OSecundari": 1080, "OMedia": 360, "OTotal": 2240, "Aceleracio": 76, "DANE12_EST": "211850001481", "Educacion_": 0 }, "geometry": { "type": "Point", "coordinates": [ -8249809.539000000804663, 505155.246700000017881 ] } },
{ "type": "Feature", "properties": { "NOMBRE_EST": "COLEGIO FABIO LOZANO SIMONELLI (IED)", "GENERO": 5, "COD_LOCA": "05", "CLASE_TIPO": 1, "FECHA": "2025-03-31T00:00:00", "OPreescola": 100, "OPrimaria": 490, "OSecundari": 0, "OMedia": 0, "OTotal": 590, "Aceleracio": 0, "DANE12_EST": "211850001481", "Educacion_": 0 }, "geometry": { "type": "Point", "coordinates": [ -8250458.531700000166893, 505686.791999999433756 ] } },
{ "type": "Feature", "properties": { "NOMBRE_EST": "COLEGIO FABIO LOZANO SIMONELLI (IED)", "GENERO": 5, "COD_LOCA": "05", "CLASE_TIPO": 1, "FECHA": "2025-03-31T00:00:00", "OPreescola": 75, "OPrimaria": 420, "OSecundari": 0, "OMedia": 0, "OTotal": 495, "Aceleracio": 0, "DANE12_EST": "211850001481", "Educacion_": 0 }, "geometry": { "type": "Point", "coordinates": [ -8249222.885299999266863, 505159.713500000536442 ] } },
{ "type": "Feature", "properties": { "NOMBRE_EST": "COLEGIO CENTRO INTEGRAL JOSE MARIA CORDOBA (IED)", "GENERO": 5, "COD_LOCA": "06", "CLASE_TIPO": 1, "FECHA": "2025-03-31T00:00:00", "OPreescola": 164, "OPrimaria": 918, "OSecundari": 1161, "OMedia": 640, "OTotal": 3237, "Aceleracio": 0, "DANE12_EST": "111001009652", "Educacion_": 354 }, "geometry": { "type": "Point", "coordinates": [ -8252260.794199999421835, 510231.871300000697374 ] } },
{ "type": "Feature", "properties": { "NOMBRE_EST": "COLEGIO VENECIA (IED)", "GENERO": 5, "COD_LOCA": "06", "CLASE_TIPO": 1, "FECHA": "2025-03-31T00:00:00", "OPreescola": 386, "OPrimaria": 1366, "OSecundari": 1400, "OMedia": 600, "OTotal": 3967, "Aceleracio": 0, "DANE12_EST": "111001010251", "Educacion_": 215 }, "geometry": { "type": "Point", "coordinates": [ -8253625.57120000012219, 511730.575599998235703 ] } },
{ "type": "Feature", "properties": { "NOMBRE_EST": "COLEGIO VENECIA (IED)", "GENERO": 5, "COD_LOCA": "06", "CLASE_TIPO": 1, "FECHA": "2025-03-31T00:00:00", "OPreescola": 135, "OPrimaria": 509, "OSecundari": 0, "OMedia": 0, "OTotal": 644, "Aceleracio": 0, "DANE12_EST": "111001010251", "Educacion_": 0 }, "geometry": { "type": "Point", "coordinates": [ -8254102.0186, 511114.115600001066923 ] } },
{ "type": "Feature", "properties": { "NOMBRE_EST": "COLEGIO INSTITUTO TECNICO INDUSTRIAL PILOTO (IED)", "GENERO": 5, "COD_LOCA": "06", "CLASE_TIPO": 1, "FECHA": "2025-03-31T00:00:00", "OPreescola": 56, "OPrimaria": 0, "OSecundari": 1724, "OMedia": 510, "OTotal": 2596, "Aceleracio": 0, "DANE12_EST": "111001011011", "Educacion_": 306 }, "geometry": { "type": "Point", "coordinates": [ -8253001.068800000473857, 510997.971500001847744 ] } },
{ "type": "Feature", "properties": { "NOMBRE_EST": "COLEGIO INSTITUTO TECNICO INDUSTRIAL PILOTO (IED)", "GENERO": 5, "COD_LOCA": "06", "CLASE_TIPO": 1, "FECHA": "2025-03-31T00:00:00", "OPreescola": 0, "OPrimaria": 1051, "OSecundari": 0, "OMedia": 0, "OTotal": 1051, "Aceleracio": 0, "DANE12_EST": "111001011011", "Educacion_": 0 }, "geometry": { "type": "Point", "coordinates": [ -8253060.068199999630451, 510919.797699999064207 ] } },
{ "type": "Feature", "properties": { "NOMBRE_EST": "COLEGIO INSTITUTO TECNICO INDUSTRIAL PILOTO (IED)", "GENERO": 5, "COD_LOCA": "06", "CLASE_TIPO": 1, "FECHA": "2025-03-31T00:00:00", "OPreescola": 0, "OPrimaria": 576, "OSecundari": 0, "OMedia": 0, "OTotal": 576, "Aceleracio": 0, "DANE12_EST": "111001011011", "Educacion_": 0 }, "geometry": { "type": "Point", "coordinates": [ -8253473.063500000163913, 511150.969099998474121 ] } },
{ "type": "Feature", "properties": { "NOMBRE_EST": "COLEGIO INSTITUTO TECNICO INDUSTRIAL PILOTO (IED)", "GENERO": 5, "COD_LOCA": "06", "CLASE_TIPO": 1, "FECHA": "2025-03-31T00:00:00", "OPreescola": 281, "OPrimaria": 0, "OSecundari": 0, "OMedia": 0, "OTotal": 281, "Aceleracio": 0, "DANE12_EST": "111001011011", "Educacion_": 0 }, "geometry": { "type": "Point", "coordinates": [ -8252972.125800000503659, 511241.427600000053644 ] } },
{ "type": "Feature", "properties": { "NOMBRE_EST": "COLEGIO RAFAEL URIBE URIBE (IED)", "GENERO": 5, "COD_LOCA": "06", "CLASE_TIPO": 1, "FECHA": "2025-03-31T00:00:00", "OPreescola": 0, "OPrimaria": 732, "OSecundari": 523, "OMedia": 222, "OTotal": 1527, "Aceleracio": 50, "DANE12_EST": "111001012271", "Educacion_": 0 }, "geometry": { "type": "Point", "coordinates": [ -8251993.627499999478459, 510389.334399998188019 ] } },
{ "type": "Feature", "properties": { "NOMBRE_EST": "COLEGIO RAFAEL URIBE URIBE (IED)", "GENERO": 5, "COD_LOCA": "06", "CLASE_TIPO": 1, "FECHA": "2025-03-31T00:00:00", "OPreescola": 352, "OPrimaria": 0, "OSecundari": 0, "OMedia": 0, "OTotal": 352, "Aceleracio": 0, "DANE12_EST": "111001012271", "Educacion_": 0 }, "geometry": { "type": "Point", "coordinates": [ -8252346.510199999436736, 510754.516100000590086 ] } },
{ "type": "Feature", "properties": { "NOMBRE_EST": "COLEGIO MARCO FIDEL SUAREZ (IED)", "GENERO": 5, "COD_LOCA": "06", "CLASE_TIPO": 1, "FECHA": "2025-03-31T00:00:00", "OPreescola": 150, "OPrimaria": 665, "OSecundari": 800, "OMedia": 421, "OTotal": 2036, "Aceleracio": 0, "DANE12_EST": "111001014206", "Educacion_": 0 }, "geometry": { "type": "Point", "coordinates": [ -8252466.735300000756979, 510321.212099999189377 ] } },
{ "type": "Feature", "properties": { "NOMBRE_EST": "COLEGIO CIUDAD DE BOGOTA (IED)", "GENERO": 5, "COD_LOCA": "06", "CLASE_TIPO": 1, "FECHA": "2025-03-31T00:00:00", "OPreescola": 82, "OPrimaria": 524, "OSecundari": 962, "OMedia": 520, "OTotal": 2088, "Aceleracio": 0, "DANE12_EST": "111001014214", "Educacion_": 0 }, "geometry": { "type": "Point", "coordinates": [ -8253050.0494, 510106.794399999082088 ] } },
{ "type": "Feature", "properties": { "NOMBRE_EST": "COLEGIO CIUDAD DE BOGOTA (IED)", "GENERO": 5, "COD_LOCA": "06", "CLASE_TIPO": 1, "FECHA": "2025-03-31T00:00:00", "OPreescola": 181, "OPrimaria": 541, "OSecundari": 0, "OMedia": 0, "OTotal": 722, "Aceleracio": 0, "DANE12_EST": "111001014214", "Educacion_": 0 }, "geometry": { "type": "Point", "coordinates": [ -8253254.877299999818206, 510103.444099999964237 ] } },
{ "type": "Feature", "properties": { "NOMBRE_EST": "COLEGIO RUFINO JOSE CUERVO (IED)", "GENERO": 5, "COD_LOCA": "06", "CLASE_TIPO": 1, "FECHA": "2025-03-31T00:00:00", "OPreescola": 194, "OPrimaria": 196, "OSecundari": 812, "OMedia": 336, "OTotal": 1538, "Aceleracio": 0, "DANE12_EST": "111001018201", "Educacion_": 0 }, "geometry": { "type": "Point", "coordinates": [ -8251539.443900000303984, 508161.427299998700619 ] } },
{ "type": "Feature", "properties": { "NOMBRE_EST": "COLEGIO RUFINO JOSE CUERVO (IED)", "GENERO": 5, "COD_LOCA": "06", "CLASE_TIPO": 1, "FECHA": "2025-03-31T00:00:00", "OPreescola": 55, "OPrimaria": 456, "OSecundari": 0, "OMedia": 0, "OTotal": 511, "Aceleracio": 0, "DANE12_EST": "111001018201", "Educacion_": 0 }, "geometry": { "type": "Point", "coordinates": [ -8251437.029999999329448, 507652.200100000947714 ] } },
{ "type": "Feature", "properties": { "NOMBRE_EST": "COLEGIO RUFINO JOSE CUERVO (IED)", "GENERO": 5, "COD_LOCA": "06", "CLASE_TIPO": 1, "FECHA": "2025-03-31T00:00:00", "OPreescola": 36, "OPrimaria": 240, "OSecundari": 0, "OMedia": 0, "OTotal": 276, "Aceleracio": 0, "DANE12_EST": "111001018201", "Educacion_": 0 }, "geometry": { "type": "Point", "coordinates": [ -8252035.928899999707937, 508047.521000001579523 ] } },
{ "type": "Feature", "properties": { "NOMBRE_EST": "COLEGIO RUFINO JOSE CUERVO (IED)", "GENERO": 5, "COD_LOCA": "06", "CLASE_TIPO": 1, "FECHA": "2025-03-31T00:00:00", "OPreescola": 0, "OPrimaria": 280, "OSecundari": 0, "OMedia": 0, "OTotal": 280, "Aceleracio": 0, "DANE12_EST": "111001018201", "Educacion_": 0 }, "geometry": { "type": "Point", "coordinates": [ -8252035.928899999707937, 508047.521000001579523 ] } },
{ "type": "Feature", "properties": { "NOMBRE_EST": "COLEGIO INEM SANTIAGO PEREZ (IED)", "GENERO": 5, "COD_LOCA": "06", "CLASE_TIPO": 1, "FECHA": "2025-03-31T00:00:00", "OPreescola": 237, "OPrimaria": 1234, "OSecundari": 1125, "OMedia": 643, "OTotal": 3239, "Aceleracio": 0, "DANE12_EST": "111001019411", "Educacion_": 0 }, "geometry": { "type": "Point", "coordinates": [ -8252336.491499999538064, 509952.682100001722574 ] } },
{ "type": "Feature", "properties": { "NOMBRE_EST": "COLEGIO BERNARDO JARAMILLO (IED)", "GENERO": 5, "COD_LOCA": "06", "CLASE_TIPO": 1, "FECHA": "2025-03-31T00:00:00", "OPreescola": 220, "OPrimaria": 805, "OSecundari": 698, "OMedia": 361, "OTotal": 2084, "Aceleracio": 0, "DANE12_EST": "111001032450", "Educacion_": 0 }, "geometry": { "type": "Point", "coordinates": [ -8251726.460699999704957, 509415.52479999884963 ] } },
{ "type": "Feature", "properties": { "NOMBRE_EST": "COLEGIO ISLA DEL SOL (IED)", "GENERO": 5, "COD_LOCA": "06", "CLASE_TIPO": 1, "FECHA": "2025-03-31T00:00:00", "OPreescola": 163, "OPrimaria": 394, "OSecundari": 401, "OMedia": 156, "OTotal": 1114, "Aceleracio": 0, "DANE12_EST": "111001075736", "Educacion_": 0 }, "geometry": { "type": "Point", "coordinates": [ -8254615.201500000432134, 511440.21339999884367 ] } },
{ "type": "Feature", "properties": { "NOMBRE_EST": "COLEGIO SAN CARLOS (IED)", "GENERO": 5, "COD_LOCA": "06", "CLASE_TIPO": 1, "FECHA": "2025-03-31T00:00:00", "OPreescola": 25, "OPrimaria": 256, "OSecundari": 440, "OMedia": 0, "OTotal": 1019, "Aceleracio": 53, "DANE12_EST": "111001075957", "Educacion_": 245 }, "geometry": { "type": "Point", "coordinates": [ -8252375.453299999237061, 508647.206300001591444 ] } },
{ "type": "Feature", "properties": { "NOMBRE_EST": "COLEGIO SAN CARLOS (IED)", "GENERO": 5, "COD_LOCA": "06", "CLASE_TIPO": 1, "FECHA": "2025-03-31T00:00:00", "OPreescola": 154, "OPrimaria": 349, "OSecundari": 272, "OMedia": 316, "OTotal": 1091, "Aceleracio": 0, "DANE12_EST": "111001075957", "Educacion_": 0 }, "geometry": { "type": "Point", "coordinates": [ -8251904.571900000795722, 509215.627300001680851 ] } },
{ "type": "Feature", "properties": { "NOMBRE_EST": "COLEGIO SAN BENITO ABAD (IED)", "GENERO": 5, "COD_LOCA": "06", "CLASE_TIPO": 1, "FECHA": "2025-03-31T00:00:00", "OPreescola": 40, "OPrimaria": 317, "OSecundari": 302, "OMedia": 95, "OTotal": 754, "Aceleracio": 0, "DANE12_EST": "111001086631", "Educacion_": 0 }, "geometry": { "type": "Point", "coordinates": [ -8252903.107699999585748, 508895.12220000103116 ] } },
{ "type": "Feature", "properties": { "NOMBRE_EST": "COLEGIO SAN BENITO ABAD (IED)", "GENERO": 5, "COD_LOCA": "06", "CLASE_TIPO": 1, "FECHA": "2025-03-31T00:00:00", "OPreescola": 203, "OPrimaria": 247, "OSecundari": 0, "OMedia": 0, "OTotal": 450, "Aceleracio": 0, "DANE12_EST": "111001086631", "Educacion_": 0 }, "geometry": { "type": "Point", "coordinates": [ -8252603.658299999311566, 508850.452599998563528 ] } },
{ "type": "Feature", "properties": { "NOMBRE_EST": "COLEGIO CARLOS ALBAN HOLGUIN (IED)", "GENERO": 5, "COD_LOCA": "07", "CLASE_TIPO": 1, "FECHA": "2025-03-31T00:00:00", "OPreescola": 515, "OPrimaria": 1226, "OSecundari": 1712, "OMedia": 656, "OTotal": 4109, "Aceleracio": 0, "DANE12_EST": "111001002909", "Educacion_": 0 }, "geometry": { "type": "Point", "coordinates": [ -8259566.692399999126792, 513198.03770000115037 ] } },
{ "type": "Feature", "properties": { "NOMBRE_EST": "COLEGIO CARLOS ALBAN HOLGUIN (IED)", "GENERO": 5, "COD_LOCA": "07", "CLASE_TIPO": 1, "FECHA": "2025-03-31T00:00:00", "OPreescola": 75, "OPrimaria": 350, "OSecundari": 0, "OMedia": 0, "OTotal": 425, "Aceleracio": 0, "DANE12_EST": "111001002909", "Educacion_": 0 }, "geometry": { "type": "Point", "coordinates": [ -8259627.918099999427795, 512571.5152000002563 ] } },
{ "type": "Feature", "properties": { "NOMBRE_EST": "COLEGIO CARLOS ALBAN HOLGUIN (IED)", "GENERO": 5, "COD_LOCA": "07", "CLASE_TIPO": 1, "FECHA": "2025-03-31T00:00:00", "OPreescola": 136, "OPrimaria": 700, "OSecundari": 0, "OMedia": 0, "OTotal": 836, "Aceleracio": 0, "DANE12_EST": "111001002909", "Educacion_": 0 }, "geometry": { "type": "Point", "coordinates": [ -8261003.826999999582767, 514140.622800000011921 ] } },
{ "type": "Feature", "properties": { "NOMBRE_EST": "COLEGIO CEDID SAN PABLO (IED)", "GENERO": 5, "COD_LOCA": "07", "CLASE_TIPO": 1, "FECHA": "2025-03-31T00:00:00", "OPreescola": 78, "OPrimaria": 0, "OSecundari": 1452, "OMedia": 584, "OTotal": 2469, "Aceleracio": 0, "DANE12_EST": "111001010031", "Educacion_": 355 }, "geometry": { "type": "Point", "coordinates": [ -8258506.9309, 512579.332800000905991 ] } },
{ "type": "Feature", "properties": { "NOMBRE_EST": "COLEGIO CEDID SAN PABLO (IED)", "GENERO": 5, "COD_LOCA": "07", "CLASE_TIPO": 1, "FECHA": "2025-03-31T00:00:00", "OPreescola": 0, "OPrimaria": 1600, "OSecundari": 0, "OMedia": 0, "OTotal": 1600, "Aceleracio": 0, "DANE12_EST": "111001010031", "Educacion_": 0 }, "geometry": { "type": "Point", "coordinates": [ -8258236.424499999731779, 513309.7179000005126 ] } },
{ "type": "Feature", "properties": { "NOMBRE_EST": "COLEGIO CEDID SAN PABLO (IED)", "GENERO": 5, "COD_LOCA": "07", "CLASE_TIPO": 1, "FECHA": "2025-03-31T00:00:00", "OPreescola": 280, "OPrimaria": 0, "OSecundari": 0, "OMedia": 0, "OTotal": 280, "Aceleracio": 0, "DANE12_EST": "111001010031", "Educacion_": 0 }, "geometry": { "type": "Point", "coordinates": [ -8259017.887299999594688, 512728.982999999076128 ] } },
{ "type": "Feature", "properties": { "NOMBRE_EST": "COLEGIO NUEVO CHILE (IED)", "GENERO": 5, "COD_LOCA": "07", "CLASE_TIPO": 1, "FECHA": "2025-03-31T00:00:00", "OPreescola": 81, "OPrimaria": 794, "OSecundari": 1162, "OMedia": 440, "OTotal": 3866, "Aceleracio": 0, "DANE12_EST": "111001013676", "Educacion_": 1389 }, "geometry": { "type": "Point", "coordinates": [ -8256144.731300000101328, 512993.663499999791384 ] } },
{ "type": "Feature", "properties": { "NOMBRE_EST": "COLEGIO NUEVO CHILE (IED)", "GENERO": 5, "COD_LOCA": "07", "CLASE_TIPO": 1, "FECHA": "2025-03-31T00:00:00", "OPreescola": 374, "OPrimaria": 560, "OSecundari": 0, "OMedia": 0, "OTotal": 934, "Aceleracio": 0, "DANE12_EST": "111001013676", "Educacion_": 0 }, "geometry": { "type": "Point", "coordinates": [ -8255989.997199999168515, 512804.925000000745058 ] } },
{ "type": "Feature", "properties": { "NOMBRE_EST": "COLEGIO BRASILIA - BOSA (IED)", "GENERO": 5, "COD_LOCA": "07", "CLASE_TIPO": 1, "FECHA": "2025-03-31T00:00:00", "OPreescola": 0, "OPrimaria": 280, "OSecundari": 1283, "OMedia": 580, "OTotal": 2143, "Aceleracio": 0, "DANE12_EST": "111001014109", "Educacion_": 0 }, "geometry": { "type": "Point", "coordinates": [ -8257825.655600000172853, 515755.55180000141263 ] } },
{ "type": "Feature", "properties": { "NOMBRE_EST": "COLEGIO BRASILIA - BOSA (IED)", "GENERO": 5, "COD_LOCA": "07", "CLASE_TIPO": 1, "FECHA": "2025-03-31T00:00:00", "OPreescola": 551, "OPrimaria": 560, "OSecundari": 0, "OMedia": 0, "OTotal": 1111, "Aceleracio": 0, "DANE12_EST": "111001014109", "Educacion_": 0 }, "geometry": { "type": "Point", "coordinates": [ -8258347.744000000879169, 515624.881999999284744 ] } },
{ "type": "Feature", "properties": { "NOMBRE_EST": "COLEGIO BRASILIA - BOSA (IED)", "GENERO": 5, "COD_LOCA": "07", "CLASE_TIPO": 1, "FECHA": "2025-03-31T00:00:00", "OPreescola": 0, "OPrimaria": 560, "OSecundari": 0, "OMedia": 0, "OTotal": 560, "Aceleracio": 0, "DANE12_EST": "111001014109", "Educacion_": 0 }, "geometry": { "type": "Point", "coordinates": [ -8257816.75, 515754.434900000691414 ] } },
{ "type": "Feature", "properties": { "NOMBRE_EST": "COLEGIO MOTORISTA (CED)", "GENERO": 5, "COD_LOCA": "07", "CLASE_TIPO": 1, "FECHA": "2025-03-31T00:00:00", "OPreescola": 162, "OPrimaria": 350, "OSecundari": 0, "OMedia": 0, "OTotal": 512, "Aceleracio": 0, "DANE12_EST": "111001041599", "Educacion_": 0 }, "geometry": { "type": "Point", "coordinates": [ -8257191.134500000625849, 512385.011300001293421 ] } },
{ "type": "Feature", "properties": { "NOMBRE_EST": "COLEGIO GRANCOLOMBIANO (IED)", "GENERO": 5, "COD_LOCA": "07", "CLASE_TIPO": 1, "FECHA": "2025-03-31T00:00:00", "OPreescola": 257, "OPrimaria": 0, "OSecundari": 1265, "OMedia": 504, "OTotal": 2026, "Aceleracio": 0, "DANE12_EST": "111001046477", "Educacion_": 0 }, "geometry": { "type": "Point", "coordinates": [ -8259869.4814, 513763.140700001269579 ] } },
{ "type": "Feature", "properties": { "NOMBRE_EST": "COLEGIO GRANCOLOMBIANO (IED)", "GENERO": 5, "COD_LOCA": "07", "CLASE_TIPO": 1, "FECHA": "2025-03-31T00:00:00", "OPreescola": 0, "OPrimaria": 1094, "OSecundari": 0, "OMedia": 0, "OTotal": 1094, "Aceleracio": 0, "DANE12_EST": "111001046477", "Educacion_": 0 }, "geometry": { "type": "Point", "coordinates": [ -8259924.028000000864267, 513630.240699999034405 ] } },
{ "type": "Feature", "properties": { "NOMBRE_EST": "COLEGIO GRANCOLOMBIANO (IED)", "GENERO": 5, "COD_LOCA": "07", "CLASE_TIPO": 1, "FECHA": "2025-03-31T00:00:00", "OPreescola": 250, "OPrimaria": 0, "OSecundari": 0, "OMedia": 0, "OTotal": 250, "Aceleracio": 0, "DANE12_EST": "111001046477", "Educacion_": 0 }, "geometry": { "type": "Point", "coordinates": [ -8259869.4814, 513763.140700001269579 ] } },
{ "type": "Feature", "properties": { "NOMBRE_EST": "COLEGIO GRANCOLOMBIANO (IED)", "GENERO": 5, "COD_LOCA": "07", "CLASE_TIPO": 1, "FECHA": "2025-03-31T00:00:00", "OPreescola": 275, "OPrimaria": 455, "OSecundari": 0, "OMedia": 0, "OTotal": 730, "Aceleracio": 0, "DANE12_EST": "111001046477", "Educacion_": 0 }, "geometry": { "type": "Point", "coordinates": [ -8259557.78690000064671, 513414.697299998253584 ] } },
{ "type": "Feature", "properties": { "NOMBRE_EST": "COLEGIO JOSE ANTONIO GALAN (IED)", "GENERO": 5, "COD_LOCA": "07", "CLASE_TIPO": 1, "FECHA": "2025-03-31T00:00:00", "OPreescola": 208, "OPrimaria": 761, "OSecundari": 645, "OMedia": 237, "OTotal": 1851, "Aceleracio": 0, "DANE12_EST": "111001046591", "Educacion_": 0 }, "geometry": { "type": "Point", "coordinates": [ -8257576.299900000914931, 513304.133799999952316 ] } },
{ "type": "Feature", "properties": { "NOMBRE_EST": "COLEGIO LLANO ORIENTAL (IED)", "GENERO": 5, "COD_LOCA": "07", "CLASE_TIPO": 1, "FECHA": "2025-03-31T00:00:00", "OPreescola": 218, "OPrimaria": 424, "OSecundari": 318, "OMedia": 161, "OTotal": 1121, "Aceleracio": 0, "DANE12_EST": "111001086606", "Educacion_": 0 }, "geometry": { "type": "Point", "coordinates": [ -8259881.726600000634789, 513000.36430000141263 ] } },
{ "type": "Feature", "properties": { "NOMBRE_EST": "COLEGIO LA CONCEPCION (IED)", "GENERO": 5, "COD_LOCA": "07", "CLASE_TIPO": 1, "FECHA": "2025-03-31T00:00:00", "OPreescola": 253, "OPrimaria": 280, "OSecundari": 0, "OMedia": 0, "OTotal": 533, "Aceleracio": 0, "DANE12_EST": "111001086754", "Educacion_": 0 }, "geometry": { "type": "Point", "coordinates": [ -8259340.7138, 515117.840799998492002 ] } },
{ "type": "Feature", "properties": { "NOMBRE_EST": "COLEGIO LA CONCEPCION (IED)", "GENERO": 5, "COD_LOCA": "07", "CLASE_TIPO": 1, "FECHA": "2025-03-31T00:00:00", "OPreescola": 0, "OPrimaria": 455, "OSecundari": 570, "OMedia": 240, "OTotal": 1265, "Aceleracio": 0, "DANE12_EST": "111001086754", "Educacion_": 0 }, "geometry": { "type": "Point", "coordinates": [ -8257940.3147, 513196.920899998396635 ] } },
{ "type": "Feature", "properties": { "NOMBRE_EST": "COLEGIO LA ESPERANZA (IED)", "GENERO": 5, "COD_LOCA": "07", "CLASE_TIPO": 2, "FECHA": "2025-03-31T00:00:00", "OPreescola": 66, "OPrimaria": 422, "OSecundari": 414, "OMedia": 146, "OTotal": 1048, "Aceleracio": 0, "DANE12_EST": "111001098876", "Educacion_": 0 }, "geometry": { "type": "Point", "coordinates": [ -8260447.89750000089407, 513718.468400001525879 ] } },
{ "type": "Feature", "properties": { "NOMBRE_EST": "COLEGIO LOS NARANJOS (IED)", "GENERO": 5, "COD_LOCA": "07", "CLASE_TIPO": 2, "FECHA": "2025-03-31T00:00:00", "OPreescola": 103, "OPrimaria": 350, "OSecundari": 409, "OMedia": 187, "OTotal": 1049, "Aceleracio": 0, "DANE12_EST": "111001098884", "Educacion_": 0 }, "geometry": { "type": "Point", "coordinates": [ -8260143.32740000076592, 513731.870099999010563 ] } },
{ "type": "Feature", "properties": { "NOMBRE_EST": "COLEGIO ARGELIA (IED)", "GENERO": 5, "COD_LOCA": "07", "CLASE_TIPO": 2, "FECHA": "2025-03-31T00:00:00", "OPreescola": 90, "OPrimaria": 498, "OSecundari": 436, "OMedia": 209, "OTotal": 1233, "Aceleracio": 0, "DANE12_EST": "111001100064", "Educacion_": 0 }, "geometry": { "type": "Point", "coordinates": [ -8258393.384999999776483, 513951.881599999964237 ] } },
{ "type": "Feature", "properties": { "NOMBRE_EST": "COLEGIO SANTIAGO DE LAS ATALAYAS (IED)", "GENERO": 5, "COD_LOCA": "07", "CLASE_TIPO": 2, "FECHA": "2025-03-31T00:00:00", "OPreescola": 174, "OPrimaria": 565, "OSecundari": 482, "OMedia": 222, "OTotal": 1443, "Aceleracio": 0, "DANE12_EST": "111001100072", "Educacion_": 0 }, "geometry": { "type": "Point", "coordinates": [ -8259101.376900000497699, 515907.441700000315905 ] } },
{ "type": "Feature", "properties": { "NOMBRE_EST": "COLEGIO SAN IGNACIO (IED)", "GENERO": 5, "COD_LOCA": "07", "CLASE_TIPO": 2, "FECHA": "2025-03-31T00:00:00", "OPreescola": 137, "OPrimaria": 597, "OSecundari": 449, "OMedia": 229, "OTotal": 1412, "Aceleracio": 0, "DANE12_EST": "111001104051", "Educacion_": 0 }, "geometry": { "type": "Point", "coordinates": [ -8258783.003200000151992, 516308.387699998915195 ] } },
{ "type": "Feature", "properties": { "NOMBRE_EST": "COLEGIO LEONARDO POSADA PEDRAZA (IED)", "GENERO": 5, "COD_LOCA": "07", "CLASE_TIPO": 1, "FECHA": "2025-03-31T00:00:00", "OPreescola": 465, "OPrimaria": 1312, "OSecundari": 1253, "OMedia": 554, "OTotal": 3584, "Aceleracio": 0, "DANE12_EST": "111001104183", "Educacion_": 0 }, "geometry": { "type": "Point", "coordinates": [ -8260072.082900000736117, 515720.929800000041723 ] } },
{ "type": "Feature", "properties": { "NOMBRE_EST": "COLEGIO ALFONSO REYES ECHANDIA (IED)", "GENERO": 5, "COD_LOCA": "07", "CLASE_TIPO": 1, "FECHA": "2025-03-31T00:00:00", "OPreescola": 250, "OPrimaria": 1520, "OSecundari": 1286, "OMedia": 471, "OTotal": 3527, "Aceleracio": 0, "DANE12_EST": "111001104299", "Educacion_": 0 }, "geometry": { "type": "Point", "coordinates": [ -8259897.311300000175834, 514455.564899999648333 ] } },
{ "type": "Feature", "properties": { "NOMBRE_EST": "COLEGIO ORLANDO HIGUITA ROJAS (IED)", "GENERO": 5, "COD_LOCA": "07", "CLASE_TIPO": 1, "FECHA": "2025-03-31T00:00:00", "OPreescola": 382, "OPrimaria": 600, "OSecundari": 1250, "OMedia": 531, "OTotal": 2763, "Aceleracio": 0, "DANE12_EST": "111001104302", "Educacion_": 0 }, "geometry": { "type": "Point", "coordinates": [ -8258711.75870000012219, 515821.445099998265505 ] } },
{ "type": "Feature", "properties": { "NOMBRE_EST": "COLEGIO ORLANDO HIGUITA ROJAS (IED)", "GENERO": 5, "COD_LOCA": "07", "CLASE_TIPO": 1, "FECHA": "2025-03-31T00:00:00", "OPreescola": 108, "OPrimaria": 884, "OSecundari": 0, "OMedia": 0, "OTotal": 992, "Aceleracio": 0, "DANE12_EST": "111001104302", "Educacion_": 0 }, "geometry": { "type": "Point", "coordinates": [ -8258209.707800000905991, 515166.981199998408556 ] } },
{ "type": "Feature", "properties": { "NOMBRE_EST": "COLEGIO CARLOS PIZARRO LEON GOMEZ (IED)", "GENERO": 5, "COD_LOCA": "07", "CLASE_TIPO": 1, "FECHA": "2025-03-31T00:00:00", "OPreescola": 398, "OPrimaria": 1476, "OSecundari": 1415, "OMedia": 690, "OTotal": 4219, "Aceleracio": 240, "DANE12_EST": "111001104329", "Educacion_": 0 }, "geometry": { "type": "Point", "coordinates": [ -8260440.5504, 516592.066700000315905 ] } },
{ "type": "Feature", "properties": { "NOMBRE_EST": "COLEGIO ALFONSO LOPEZ MICHELSEN (IED)", "GENERO": 5, "COD_LOCA": "07", "CLASE_TIPO": 1, "FECHA": "2025-03-31T00:00:00", "OPreescola": 176, "OPrimaria": 1252, "OSecundari": 1362, "OMedia": 628, "OTotal": 3418, "Aceleracio": 0, "DANE12_EST": "111001106950", "Educacion_": 0 }, "geometry": { "type": "Point", "coordinates": [ -8260635.35950000025332, 516158.730700001120567 ] } },
{ "type": "Feature", "properties": { "NOMBRE_EST": "COLEGIO JOSE FRANCISCO SOCARRAS (IED)", "GENERO": 5, "COD_LOCA": "07", "CLASE_TIPO": 1, "FECHA": "2025-03-31T00:00:00", "OPreescola": 308, "OPrimaria": 1400, "OSecundari": 1280, "OMedia": 640, "OTotal": 3628, "Aceleracio": 0, "DANE12_EST": "111001106968", "Educacion_": 0 }, "geometry": { "type": "Point", "coordinates": [ -8259285.054099999368191, 515397.048099998384714 ] } },
{ "type": "Feature", "properties": { "NOMBRE_EST": "COLEGIO GERMAN ARCINIEGAS (IED)", "GENERO": 5, "COD_LOCA": "07", "CLASE_TIPO": 1, "FECHA": "2025-03-31T00:00:00", "OPreescola": 187, "OPrimaria": 860, "OSecundari": 786, "OMedia": 321, "OTotal": 2154, "Aceleracio": 0, "DANE12_EST": "111001107832", "Educacion_": 0 }, "geometry": { "type": "Point", "coordinates": [ -8258272.046700000762939, 516032.527699999511242 ] } },
{ "type": "Feature", "properties": { "NOMBRE_EST": "COLEGIO KIMI PERNIA DOMICO (IED)", "GENERO": 5, "COD_LOCA": "07", "CLASE_TIPO": 1, "FECHA": "2025-03-31T00:00:00", "OPreescola": 321, "OPrimaria": 1334, "OSecundari": 1160, "OMedia": 406, "OTotal": 3355, "Aceleracio": 134, "DANE12_EST": "111001107867", "Educacion_": 0 }, "geometry": { "type": "Point", "coordinates": [ -8260721.075500000268221, 515098.854699999094009 ] } },
{ "type": "Feature", "properties": { "NOMBRE_EST": "COLEGIO CIUDADELA EDUCATIVA DE BOSA (IED)", "GENERO": 5, "COD_LOCA": "07", "CLASE_TIPO": 1, "FECHA": "2025-03-31T00:00:00", "OPreescola": 920, "OPrimaria": 2520, "OSecundari": 2359, "OMedia": 882, "OTotal": 6681, "Aceleracio": 0, "DANE12_EST": "111001107875", "Educacion_": 0 }, "geometry": { "type": "Point", "coordinates": [ -8258477.987800000235438, 517182.881599999964237 ] } },
{ "type": "Feature", "properties": { "NOMBRE_EST": "COLEGIO DEBORA ARANGO PEREZ (IED)", "GENERO": 5, "COD_LOCA": "07", "CLASE_TIPO": 1, "FECHA": "2025-03-31T00:00:00", "OPreescola": 487, "OPrimaria": 1050, "OSecundari": 1039, "OMedia": 381, "OTotal": 3009, "Aceleracio": 52, "DANE12_EST": "111001107883", "Educacion_": 0 }, "geometry": { "type": "Point", "coordinates": [ -8258067.218900000676513, 514723.601700000464916 ] } },
{ "type": "Feature", "properties": { "NOMBRE_EST": "COLEGIO JORGE ISAACS (IED)", "GENERO": 5, "COD_LOCA": "07", "CLASE_TIPO": 2, "FECHA": "2025-03-31T00:00:00", "OPreescola": 170, "OPrimaria": 436, "OSecundari": 400, "OMedia": 171, "OTotal": 1177, "Aceleracio": 0, "DANE12_EST": "111001800384", "Educacion_": 0 }, "geometry": { "type": "Point", "coordinates": [ -8260188.968399999663234, 515640.517700001597404 ] } },
{ "type": "Feature", "properties": { "NOMBRE_EST": "COLEGIO SOLEDAD ACOSTA DE SAMPER (IED)", "GENERO": 5, "COD_LOCA": "07", "CLASE_TIPO": 2, "FECHA": "2025-03-31T00:00:00", "OPreescola": 66, "OPrimaria": 188, "OSecundari": 216, "OMedia": 61, "OTotal": 531, "Aceleracio": 0, "DANE12_EST": "111001800392", "Educacion_": 0 }, "geometry": { "type": "Point", "coordinates": [ -8258334.385700000450015, 517399.552000001072884 ] } },
{ "type": "Feature", "properties": { "NOMBRE_EST": "COLEGIO BICENTENARIO DE LA INDEPENDENCIA (IED)", "GENERO": 5, "COD_LOCA": "07", "CLASE_TIPO": 2, "FECHA": "2025-03-31T00:00:00", "OPreescola": 399, "OPrimaria": 623, "OSecundari": 474, "OMedia": 212, "OTotal": 1708, "Aceleracio": 0, "DANE12_EST": "111001800457", "Educacion_": 0 }, "geometry": { "type": "Point", "coordinates": [ -8260330.344100000336766, 514293.626400001347065 ] } },
{ "type": "Feature", "properties": { "NOMBRE_EST": "COLEGIO DE LA BICI (IED)", "GENERO": 5, "COD_LOCA": "07", "CLASE_TIPO": 1, "FECHA": "2025-03-31T00:00:00", "OPreescola": 200, "OPrimaria": 401, "OSecundari": 320, "OMedia": 148, "OTotal": 1069, "Aceleracio": 0, "DANE12_EST": "111001800643", "Educacion_": 0 }, "geometry": { "type": "Point", "coordinates": [ -8257941.427799999713898, 514154.024599999189377 ] } },
{ "type": "Feature", "properties": { "NOMBRE_EST": "COLEGIO PARQUES DE BOGOTA (IED)", "GENERO": 5, "COD_LOCA": "07", "CLASE_TIPO": 2, "FECHA": "2025-03-31T00:00:00", "OPreescola": 210, "OPrimaria": 417, "OSecundari": 315, "OMedia": 140, "OTotal": 1082, "Aceleracio": 0, "DANE12_EST": "111001800678", "Educacion_": 0 }, "geometry": { "type": "Point", "coordinates": [ -8259046.830399999395013, 515433.903499998152256 ] } },
{ "type": "Feature", "properties": { "NOMBRE_EST": "COLEGIO LAUREL DE CERA (IED)", "GENERO": 5, "COD_LOCA": "07", "CLASE_TIPO": 2, "FECHA": "2025-03-31T00:00:00", "OPreescola": 239, "OPrimaria": 423, "OSecundari": 316, "OMedia": 130, "OTotal": 1108, "Aceleracio": 0, "DANE12_EST": "111001800694", "Educacion_": 0 }, "geometry": { "type": "Point", "coordinates": [ -8261238.711200000718236, 515594.72749999910593 ] } },
{ "type": "Feature", "properties": { "NOMBRE_EST": "COLEGIO ESMERALDA ARBOLEDA CADAVID (IED)", "GENERO": 5, "COD_LOCA": "07", "CLASE_TIPO": 1, "FECHA": "2025-03-31T00:00:00", "OPreescola": 480, "OPrimaria": 1650, "OSecundari": 960, "OMedia": 323, "OTotal": 3513, "Aceleracio": 100, "DANE12_EST": "111001801080", "Educacion_": 0 }, "geometry": { "type": "Point", "coordinates": [ -8259290.620100000873208, 514362.868999999016523 ] } },
{ "type": "Feature", "properties": { "NOMBRE_EST": "COLEGIO CIUDADELA EL RECREO SONIA OSORIO DE SAINT-MALO (IED)", "GENERO": 5, "COD_LOCA": "07", "CLASE_TIPO": 1, "FECHA": "2025-03-31T00:00:00", "OPreescola": 398, "OPrimaria": 800, "OSecundari": 640, "OMedia": 276, "OTotal": 2198, "Aceleracio": 84, "DANE12_EST": "111001801098", "Educacion_": 0 }, "geometry": { "type": "Point", "coordinates": [ -8259812.708499999716878, 516412.254299998283386 ] } },
{ "type": "Feature", "properties": { "NOMBRE_EST": "COLEGIO LAURA HERRERA DE VARELA (IED)", "GENERO": 5, "COD_LOCA": "07", "CLASE_TIPO": 1, "FECHA": "2025-03-31T00:00:00", "OPreescola": 395, "OPrimaria": 780, "OSecundari": 649, "OMedia": 320, "OTotal": 2194, "Aceleracio": 50, "DANE12_EST": "111001801101", "Educacion_": 0 }, "geometry": { "type": "Point", "coordinates": [ -8258406.743300000205636, 515977.802499998360872 ] } },
{ "type": "Feature", "properties": { "NOMBRE_EST": "COLEGIO LUIS LOPEZ DE MESA (IED)", "GENERO": 5, "COD_LOCA": "07", "CLASE_TIPO": 1, "FECHA": "2025-03-31T00:00:00", "OPreescola": 282, "OPrimaria": 1150, "OSecundari": 1064, "OMedia": 409, "OTotal": 2905, "Aceleracio": 0, "DANE12_EST": "111102000265", "Educacion_": 0 }, "geometry": { "type": "Point", "coordinates": [ -8258329.932900000363588, 512688.778400000184774 ] } },
{ "type": "Feature", "properties": { "NOMBRE_EST": "COLEGIO PABLO DE TARSO (IED)", "GENERO": 5, "COD_LOCA": "07", "CLASE_TIPO": 1, "FECHA": "2025-03-31T00:00:00", "OPreescola": 263, "OPrimaria": 1089, "OSecundari": 961, "OMedia": 360, "OTotal": 3075, "Aceleracio": 0, "DANE12_EST": "111102000281", "Educacion_": 402 }, "geometry": { "type": "Point", "coordinates": [ -8258506.9309, 513041.6858000010252 ] } },
{ "type": "Feature", "properties": { "NOMBRE_EST": "COLEGIO PABLO DE TARSO (IED)", "GENERO": 5, "COD_LOCA": "07", "CLASE_TIPO": 1, "FECHA": "2025-03-31T00:00:00", "OPreescola": 50, "OPrimaria": 350, "OSecundari": 0, "OMedia": 0, "OTotal": 400, "Aceleracio": 0, "DANE12_EST": "111102000281", "Educacion_": 0 }, "geometry": { "type": "Point", "coordinates": [ -8259280.601299999281764, 512568.164799999445677 ] } },
{ "type": "Feature", "properties": { "NOMBRE_EST": "COLEGIO FRANCISCO DE PAULA SANTANDER (IED)", "GENERO": 5, "COD_LOCA": "07", "CLASE_TIPO": 1, "FECHA": "2025-03-31T00:00:00", "OPreescola": 126, "OPrimaria": 542, "OSecundari": 543, "OMedia": 220, "OTotal": 1431, "Aceleracio": 0, "DANE12_EST": "111102000621", "Educacion_": 0 }, "geometry": { "type": "Point", "coordinates": [ -8258215.273800000548363, 513832.38289999961853 ] } },
{ "type": "Feature", "properties": { "NOMBRE_EST": "COLEGIO FERNANDO MAZUERA VILLEGAS (IED)", "GENERO": 5, "COD_LOCA": "07", "CLASE_TIPO": 1, "FECHA": "2025-03-31T00:00:00", "OPreescola": 177, "OPrimaria": 665, "OSecundari": 1755, "OMedia": 928, "OTotal": 4490, "Aceleracio": 375, "DANE12_EST": "111102000753", "Educacion_": 590 }, "geometry": { "type": "Point", "coordinates": [ -8258867.606000000610948, 513391.24439999833703 ] } },
{ "type": "Feature", "properties": { "NOMBRE_EST": "COLEGIO FERNANDO MAZUERA VILLEGAS (IED)", "GENERO": 5, "COD_LOCA": "07", "CLASE_TIPO": 1, "FECHA": "2025-03-31T00:00:00", "OPreescola": 150, "OPrimaria": 420, "OSecundari": 0, "OMedia": 0, "OTotal": 570, "Aceleracio": 0, "DANE12_EST": "111102000753", "Educacion_": 0 }, "geometry": { "type": "Point", "coordinates": [ -8258629.38230000063777, 513317.535500001162291 ] } },
{ "type": "Feature", "properties": { "NOMBRE_EST": "COLEGIO FERNANDO MAZUERA VILLEGAS (IED)", "GENERO": 5, "COD_LOCA": "07", "CLASE_TIPO": 1, "FECHA": "2025-03-31T00:00:00", "OPreescola": 75, "OPrimaria": 400, "OSecundari": 0, "OMedia": 0, "OTotal": 475, "Aceleracio": 0, "DANE12_EST": "111102000753", "Educacion_": 0 }, "geometry": { "type": "Point", "coordinates": [ -8259449.806900000199676, 513820.098000001162291 ] } },
{ "type": "Feature", "properties": { "NOMBRE_EST": "COLEGIO FERNANDO MAZUERA VILLEGAS (IED)", "GENERO": 5, "COD_LOCA": "07", "CLASE_TIPO": 1, "FECHA": "2025-03-31T00:00:00", "OPreescola": 75, "OPrimaria": 315, "OSecundari": 0, "OMedia": 0, "OTotal": 390, "Aceleracio": 0, "DANE12_EST": "111102000753", "Educacion_": 0 }, "geometry": { "type": "Point", "coordinates": [ -8259509.91950000077486, 514301.444200001657009 ] } },
{ "type": "Feature", "properties": { "NOMBRE_EST": "COLEGIO FERNANDO MAZUERA VILLEGAS (IED)", "GENERO": 5, "COD_LOCA": "07", "CLASE_TIPO": 1, "FECHA": "2025-03-31T00:00:00", "OPreescola": 209, "OPrimaria": 0, "OSecundari": 0, "OMedia": 0, "OTotal": 209, "Aceleracio": 0, "DANE12_EST": "111102000753", "Educacion_": 0 }, "geometry": { "type": "Point", "coordinates": [ -8258489.119699999690056, 513342.105099998414516 ] } },
{ "type": "Feature", "properties": { "NOMBRE_EST": "COLEGIO PORFIRIO BARBA JACOB (IED)", "GENERO": 5, "COD_LOCA": "07", "CLASE_TIPO": 1, "FECHA": "2025-03-31T00:00:00", "OPreescola": 240, "OPrimaria": 840, "OSecundari": 680, "OMedia": 283, "OTotal": 2043, "Aceleracio": 0, "DANE12_EST": "111102000958", "Educacion_": 0 }, "geometry": { "type": "Point", "coordinates": [ -8259172.621400000527501, 513937.363000001758337 ] } },
{ "type": "Feature", "properties": { "NOMBRE_EST": "COLEGIO VILLAS DEL PROGRESO (IED)", "GENERO": 5, "COD_LOCA": "07", "CLASE_TIPO": 1, "FECHA": "2025-03-31T00:00:00", "OPreescola": 293, "OPrimaria": 519, "OSecundari": 0, "OMedia": 0, "OTotal": 812, "Aceleracio": 0, "DANE12_EST": "211001076958", "Educacion_": 0 }, "geometry": { "type": "Point", "coordinates": [ -8259987.480100000277162, 515472.99269999936223 ] } },
{ "type": "Feature", "properties": { "NOMBRE_EST": "COLEGIO VILLAS DEL PROGRESO (IED)", "GENERO": 5, "COD_LOCA": "07", "CLASE_TIPO": 1, "FECHA": "2025-03-31T00:00:00", "OPreescola": 0, "OPrimaria": 1505, "OSecundari": 979, "OMedia": 320, "OTotal": 2918, "Aceleracio": 114, "DANE12_EST": "211001076958", "Educacion_": 0 }, "geometry": { "type": "Point", "coordinates": [ -8259356.298599999397993, 517196.2837999984622 ] } },
{ "type": "Feature", "properties": { "NOMBRE_EST": "COLEGIO VILLAS DEL PROGRESO (IED)", "GENERO": 5, "COD_LOCA": "07", "CLASE_TIPO": 1, "FECHA": "2025-03-31T00:00:00", "OPreescola": 490, "OPrimaria": 0, "OSecundari": 0, "OMedia": 0, "OTotal": 490, "Aceleracio": 0, "DANE12_EST": "211001076958", "Educacion_": 0 }, "geometry": { "type": "Point", "coordinates": [ -8259239.413100000470877, 517496.718899998813868 ] } },
{ "type": "Feature", "properties": { "NOMBRE_EST": "COLEGIO SAN BERNARDINO (IED)", "GENERO": 5, "COD_LOCA": "07", "CLASE_TIPO": 1, "FECHA": "2025-03-31T00:00:00", "OPreescola": 120, "OPrimaria": 802, "OSecundari": 720, "OMedia": 360, "OTotal": 2227, "Aceleracio": 225, "DANE12_EST": "211102000201", "Educacion_": 0 }, "geometry": { "type": "Point", "coordinates": [ -8260351.494799999520183, 514630.905499998480082 ] } },
{ "type": "Feature", "properties": { "NOMBRE_EST": "COLEGIO EL PORVENIR (IED)", "GENERO": 5, "COD_LOCA": "07", "CLASE_TIPO": 1, "FECHA": "2025-03-31T00:00:00", "OPreescola": 326, "OPrimaria": 1122, "OSecundari": 961, "OMedia": 426, "OTotal": 2835, "Aceleracio": 0, "DANE12_EST": "211102000243", "Educacion_": 0 }, "geometry": { "type": "Point", "coordinates": [ -8258086.143200000748038, 516624.455299999564886 ] } },
{ "type": "Feature", "properties": { "NOMBRE_EST": "COLEGIO EL PORVENIR (IED)", "GENERO": 5, "COD_LOCA": "07", "CLASE_TIPO": 1, "FECHA": "2025-03-31T00:00:00", "OPreescola": 150, "OPrimaria": 748, "OSecundari": 640, "OMedia": 259, "OTotal": 1797, "Aceleracio": 0, "DANE12_EST": "211102000243", "Educacion_": 0 }, "geometry": { "type": "Point", "coordinates": [ -8259657.97440000064671, 517276.697599999606609 ] } },
{ "type": "Feature", "properties": { "NOMBRE_EST": "COLEGIO BOSANOVA (IED)", "GENERO": 5, "COD_LOCA": "07", "CLASE_TIPO": 1, "FECHA": "2025-03-31T00:00:00", "OPreescola": 92, "OPrimaria": 556, "OSecundari": 480, "OMedia": 240, "OTotal": 1368, "Aceleracio": 0, "DANE12_EST": "211102000995", "Educacion_": 0 }, "geometry": { "type": "Point", "coordinates": [ -8258624.929500000551343, 515139.060499999672174 ] } },
{ "type": "Feature", "properties": { "NOMBRE_EST": "COLEGIO CARLOS ARANGO VELEZ (IED)", "GENERO": 5, "COD_LOCA": "08", "CLASE_TIPO": 1, "FECHA": "2025-03-31T00:00:00", "OPreescola": 234, "OPrimaria": 792, "OSecundari": 760, "OMedia": 342, "OTotal": 2234, "Aceleracio": 106, "DANE12_EST": "111001000124", "Educacion_": 0 }, "geometry": { "type": "Point", "coordinates": [ -8252777.316700000315905, 514430.994899999350309 ] } },
{ "type": "Feature", "properties": { "NOMBRE_EST": "COLEGIO DARIO ECHANDIA (IED)", "GENERO": 5, "COD_LOCA": "08", "CLASE_TIPO": 1, "FECHA": "2025-03-31T00:00:00", "OPreescola": 0, "OPrimaria": 70, "OSecundari": 801, "OMedia": 328, "OTotal": 1199, "Aceleracio": 0, "DANE12_EST": "111001001279", "Educacion_": 0 }, "geometry": { "type": "Point", "coordinates": [ -8255683.868599999696016, 517292.333599999547005 ] } },
{ "type": "Feature", "properties": { "NOMBRE_EST": "COLEGIO DARIO ECHANDIA (IED)", "GENERO": 5, "COD_LOCA": "08", "CLASE_TIPO": 1, "FECHA": "2025-03-31T00:00:00", "OPreescola": 0, "OPrimaria": 561, "OSecundari": 0, "OMedia": 0, "OTotal": 561, "Aceleracio": 0, "DANE12_EST": "111001001279", "Educacion_": 0 }, "geometry": { "type": "Point", "coordinates": [ -8255629.322000000625849, 517456.511900000274181 ] } },
{ "type": "Feature", "properties": { "NOMBRE_EST": "COLEGIO DARIO ECHANDIA (IED)", "GENERO": 5, "COD_LOCA": "08", "CLASE_TIPO": 1, "FECHA": "2025-03-31T00:00:00", "OPreescola": 135, "OPrimaria": 70, "OSecundari": 0, "OMedia": 0, "OTotal": 205, "Aceleracio": 0, "DANE12_EST": "111001001279", "Educacion_": 0 }, "geometry": { "type": "Point", "coordinates": [ -8255581.454600000753999, 517535.809000000357628 ] } },
{ "type": "Feature", "properties": { "NOMBRE_EST": "COLEGIO NACIONAL NICOLAS ESGUERRA (IED)", "GENERO": 5, "COD_LOCA": "08", "CLASE_TIPO": 1, "FECHA": "2025-03-31T00:00:00", "OPreescola": 0, "OPrimaria": 0, "OSecundari": 608, "OMedia": 448, "OTotal": 2071, "Aceleracio": 0, "DANE12_EST": "111001010910", "Educacion_": 1015 }, "geometry": { "type": "Point", "coordinates": [ -8251492.6897, 516395.501600001007318 ] } },
{ "type": "Feature", "properties": { "NOMBRE_EST": "COLEGIO CARLOS ARTURO TORRES (IED)", "GENERO": 5, "COD_LOCA": "08", "CLASE_TIPO": 1, "FECHA": "2025-03-31T00:00:00", "OPreescola": 303, "OPrimaria": 635, "OSecundari": 528, "OMedia": 271, "OTotal": 2540, "Aceleracio": 182, "DANE12_EST": "111001011321", "Educacion_": 621 }, "geometry": { "type": "Point", "coordinates": [ -8253939.492200000211596, 512571.5152000002563 ] } },
{ "type": "Feature", "properties": { "NOMBRE_EST": "COLEGIO CARLOS ARTURO TORRES (IED)", "GENERO": 5, "COD_LOCA": "08", "CLASE_TIPO": 1, "FECHA": "2025-03-31T00:00:00", "OPreescola": 0, "OPrimaria": 150, "OSecundari": 0, "OMedia": 0, "OTotal": 150, "Aceleracio": 0, "DANE12_EST": "111001011321", "Educacion_": 0 }, "geometry": { "type": "Point", "coordinates": [ -8253932.812999999150634, 512562.580899998545647 ] } },
{ "type": "Feature", "properties": { "NOMBRE_EST": "COLEGIO LA AMISTAD (IED)", "GENERO": 5, "COD_LOCA": "08", "CLASE_TIPO": 1, "FECHA": "2025-03-31T00:00:00", "OPreescola": 94, "OPrimaria": 530, "OSecundari": 714, "OMedia": 320, "OTotal": 2082, "Aceleracio": 151, "DANE12_EST": "111001011690", "Educacion_": 273 }, "geometry": { "type": "Point", "coordinates": [ -8254143.206800000742078, 515230.640399999916553 ] } },
{ "type": "Feature", "properties": { "NOMBRE_EST": "COLEGIO LA AMISTAD (IED)", "GENERO": 5, "COD_LOCA": "08", "CLASE_TIPO": 1, "FECHA": "2025-03-31T00:00:00", "OPreescola": 50, "OPrimaria": 343, "OSecundari": 0, "OMedia": 0, "OTotal": 393, "Aceleracio": 0, "DANE12_EST": "111001011690", "Educacion_": 0 }, "geometry": { "type": "Point", "coordinates": [ -8255771.811000000685453, 516317.322500001639128 ] } },
{ "type": "Feature", "properties": { "NOMBRE_EST": "COLEGIO LA AMISTAD (IED)", "GENERO": 5, "COD_LOCA": "08", "CLASE_TIPO": 1, "FECHA": "2025-03-31T00:00:00", "OPreescola": 38, "OPrimaria": 220, "OSecundari": 0, "OMedia": 0, "OTotal": 258, "Aceleracio": 0, "DANE12_EST": "111001011690", "Educacion_": 0 }, "geometry": { "type": "Point", "coordinates": [ -8256190.372300000861287, 515956.582600001245737 ] } },
{ "type": "Feature", "properties": { "NOMBRE_EST": "COLEGIO TOM ADAMS (IED)", "GENERO": 5, "COD_LOCA": "08", "CLASE_TIPO": 1, "FECHA": "2025-03-31T00:00:00", "OPreescola": 120, "OPrimaria": 459, "OSecundari": 647, "OMedia": 242, "OTotal": 1521, "Aceleracio": 53, "DANE12_EST": "111001012343", "Educacion_": 0 }, "geometry": { "type": "Point", "coordinates": [ -8254975.876599999144673, 514639.84010000154376 ] } },
{ "type": "Feature", "properties": { "NOMBRE_EST": "COLEGIO TOM ADAMS (IED)", "GENERO": 5, "COD_LOCA": "08", "CLASE_TIPO": 1, "FECHA": "2025-03-31T00:00:00", "OPreescola": 135, "OPrimaria": 909, "OSecundari": 0, "OMedia": 0, "OTotal": 1097, "Aceleracio": 53, "DANE12_EST": "111001012343", "Educacion_": 0 }, "geometry": { "type": "Point", "coordinates": [ -8255336.551799999549985, 515330.038199998438358 ] } },
{ "type": "Feature", "properties": { "NOMBRE_EST": "COLEGIO EL JAPON (IED)", "GENERO": 5, "COD_LOCA": "08", "CLASE_TIPO": 1, "FECHA": "2025-03-31T00:00:00", "OPreescola": 77, "OPrimaria": 630, "OSecundari": 860, "OMedia": 480, "OTotal": 3176, "Aceleracio": 0, "DANE12_EST": "111001012360", "Educacion_": 1129 }, "geometry": { "type": "Point", "coordinates": [ -8254730.9737, 515024.027300000190735 ] } },
{ "type": "Feature", "properties": { "NOMBRE_EST": "COLEGIO SAN PEDRO CLAVER (IED)", "GENERO": 5, "COD_LOCA": "08", "CLASE_TIPO": 1, "FECHA": "2025-03-31T00:00:00", "OPreescola": 214, "OPrimaria": 700, "OSecundari": 880, "OMedia": 270, "OTotal": 2064, "Aceleracio": 0, "DANE12_EST": "111001013102", "Educacion_": 0 }, "geometry": { "type": "Point", "coordinates": [ -8255553.624800000339746, 515056.415300000458956 ] } },
{ "type": "Feature", "properties": { "NOMBRE_EST": "COLEGIO SAN PEDRO CLAVER (IED)", "GENERO": 5, "COD_LOCA": "08", "CLASE_TIPO": 1, "FECHA": "2025-03-31T00:00:00", "OPreescola": 90, "OPrimaria": 490, "OSecundari": 0, "OMedia": 0, "OTotal": 580, "Aceleracio": 0, "DANE12_EST": "111001013102", "Educacion_": 0 }, "geometry": { "type": "Point", "coordinates": [ -8256722.479399999603629, 516136.393899999558926 ] } },
{ "type": "Feature", "properties": { "NOMBRE_EST": "COLEGIO CLASS (IED)", "GENERO": 5, "COD_LOCA": "08", "CLASE_TIPO": 1, "FECHA": "2025-03-31T00:00:00", "OPreescola": 124, "OPrimaria": 0, "OSecundari": 1000, "OMedia": 381, "OTotal": 1505, "Aceleracio": 0, "DANE12_EST": "111001013129", "Educacion_": 0 }, "geometry": { "type": "Point", "coordinates": [ -8257574.0735, 514196.463500000536442 ] } },
{ "type": "Feature", "properties": { "NOMBRE_EST": "COLEGIO CLASS (IED)", "GENERO": 5, "COD_LOCA": "08", "CLASE_TIPO": 1, "FECHA": "2025-03-31T00:00:00", "OPreescola": 210, "OPrimaria": 560, "OSecundari": 0, "OMedia": 0, "OTotal": 770, "Aceleracio": 0, "DANE12_EST": "111001013129", "Educacion_": 0 }, "geometry": { "type": "Point", "coordinates": [ -8256704.668299999088049, 513610.138099998235703 ] } },
{ "type": "Feature", "properties": { "NOMBRE_EST": "COLEGIO CLASS (IED)", "GENERO": 5, "COD_LOCA": "08", "CLASE_TIPO": 1, "FECHA": "2025-03-31T00:00:00", "OPreescola": 0, "OPrimaria": 878, "OSecundari": 0, "OMedia": 0, "OTotal": 932, "Aceleracio": 54, "DANE12_EST": "111001013129", "Educacion_": 0 }, "geometry": { "type": "Point", "coordinates": [ -8257013.023299999535084, 513786.593699999153614 ] } },
{ "type": "Feature", "properties": { "NOMBRE_EST": "COLEGIO PAULO VI (IED)", "GENERO": 5, "COD_LOCA": "08", "CLASE_TIPO": 1, "FECHA": "2025-03-31T00:00:00", "OPreescola": 150, "OPrimaria": 1066, "OSecundari": 966, "OMedia": 354, "OTotal": 2945, "Aceleracio": 409, "DANE12_EST": "111001013153", "Educacion_": 0 }, "geometry": { "type": "Point", "coordinates": [ -8255275.325999999418855, 515037.429200001060963 ] } },
{ "type": "Feature", "properties": { "NOMBRE_EST": "COLEGIO SAN JOSE (IED)", "GENERO": 5, "COD_LOCA": "08", "CLASE_TIPO": 1, "FECHA": "2025-03-31T00:00:00", "OPreescola": 436, "OPrimaria": 945, "OSecundari": 880, "OMedia": 240, "OTotal": 2501, "Aceleracio": 0, "DANE12_EST": "111001013161", "Educacion_": 0 }, "geometry": { "type": "Point", "coordinates": [ -8255777.376900000497699, 515016.209499999880791 ] } },
{ "type": "Feature", "properties": { "NOMBRE_EST": "COLEGIO SAN JOSE (IED)", "GENERO": 5, "COD_LOCA": "08", "CLASE_TIPO": 1, "FECHA": "2025-03-31T00:00:00", "OPreescola": 140, "OPrimaria": 400, "OSecundari": 0, "OMedia": 0, "OTotal": 540, "Aceleracio": 0, "DANE12_EST": "111001013161", "Educacion_": 0 }, "geometry": { "type": "Point", "coordinates": [ -8256092.411100000143051, 514465.616300001740456 ] } },
{ "type": "Feature", "properties": { "NOMBRE_EST": "COLEGIO SAN RAFAEL (IED)", "GENERO": 5, "COD_LOCA": "08", "CLASE_TIPO": 1, "FECHA": "2025-03-31T00:00:00", "OPreescola": 200, "OPrimaria": 700, "OSecundari": 760, "OMedia": 280, "OTotal": 1940, "Aceleracio": 0, "DANE12_EST": "111001013170", "Educacion_": 0 }, "geometry": { "type": "Point", "coordinates": [ -8255605.944900000467896, 514530.391699999570847 ] } },
{ "type": "Feature", "properties": { "NOMBRE_EST": "COLEGIO SAN RAFAEL (IED)", "GENERO": 5, "COD_LOCA": "08", "CLASE_TIPO": 1, "FECHA": "2025-03-31T00:00:00", "OPreescola": 50, "OPrimaria": 288, "OSecundari": 0, "OMedia": 0, "OTotal": 338, "Aceleracio": 0, "DANE12_EST": "111001013170", "Educacion_": 0 }, "geometry": { "type": "Point", "coordinates": [ -8256504.293199999257922, 513869.23759999871254 ] } },
{ "type": "Feature", "properties": { "NOMBRE_EST": "COLEGIO MARSELLA (IED)", "GENERO": 5, "COD_LOCA": "08", "CLASE_TIPO": 1, "FECHA": "2025-03-31T00:00:00", "OPreescola": 235, "OPrimaria": 700, "OSecundari": 762, "OMedia": 321, "OTotal": 2018, "Aceleracio": 0, "DANE12_EST": "111001014290", "Educacion_": 0 }, "geometry": { "type": "Point", "coordinates": [ -8251823.308599999174476, 516202.287599999457598 ] } },
{ "type": "Feature", "properties": { "NOMBRE_EST": "COLEGIO FRANCISCO DE MIRANDA (IED)", "GENERO": 5, "COD_LOCA": "08", "CLASE_TIPO": 1, "FECHA": "2025-03-31T00:00:00", "OPreescola": 75, "OPrimaria": 525, "OSecundari": 480, "OMedia": 262, "OTotal": 1342, "Aceleracio": 0, "DANE12_EST": "111001014974", "Educacion_": 0 }, "geometry": { "type": "Point", "coordinates": [ -8254836.727299999445677, 514022.240699999034405 ] } },
{ "type": "Feature", "properties": { "NOMBRE_EST": "COLEGIO LAS AMERICAS (IED)", "GENERO": 5, "COD_LOCA": "08", "CLASE_TIPO": 1, "FECHA": "2025-03-31T00:00:00", "OPreescola": 180, "OPrimaria": 929, "OSecundari": 1090, "OMedia": 480, "OTotal": 2729, "Aceleracio": 50, "DANE12_EST": "111001015598", "Educacion_": 0 }, "geometry": { "type": "Point", "coordinates": [ -8254397.0153, 514501.354400001466274 ] } },
{ "type": "Feature", "properties": { "NOMBRE_EST": "COLEGIO O.E.A. (IED)", "GENERO": 5, "COD_LOCA": "08", "CLASE_TIPO": 1, "FECHA": "2025-03-31T00:00:00", "OPreescola": 148, "OPrimaria": 600, "OSecundari": 750, "OMedia": 342, "OTotal": 1840, "Aceleracio": 0, "DANE12_EST": "111001015601", "Educacion_": 0 }, "geometry": { "type": "Point", "coordinates": [ -8253406.271800000220537, 514618.62049999833107 ] } },
{ "type": "Feature", "properties": { "NOMBRE_EST": "COLEGIO O.E.A. (IED)", "GENERO": 5, "COD_LOCA": "08", "CLASE_TIPO": 1, "FECHA": "2025-03-31T00:00:00", "OPreescola": 69, "OPrimaria": 525, "OSecundari": 0, "OMedia": 0, "OTotal": 594, "Aceleracio": 0, "DANE12_EST": "111001015601", "Educacion_": 0 }, "geometry": { "type": "Point", "coordinates": [ -8253328.348099999129772, 513696.13230000063777 ] } },
{ "type": "Feature", "properties": { "NOMBRE_EST": "COLEGIO ISABEL II (IED)", "GENERO": 5, "COD_LOCA": "08", "CLASE_TIPO": 1, "FECHA": "2025-03-31T00:00:00", "OPreescola": 189, "OPrimaria": 178, "OSecundari": 920, "OMedia": 380, "OTotal": 1667, "Aceleracio": 0, "DANE12_EST": "111001016071", "Educacion_": 0 }, "geometry": { "type": "Point", "coordinates": [ -8254668.634800000116229, 516369.8141999989748 ] } },
{ "type": "Feature", "properties": { "NOMBRE_EST": "COLEGIO ISABEL II (IED)", "GENERO": 5, "COD_LOCA": "08", "CLASE_TIPO": 1, "FECHA": "2025-03-31T00:00:00", "OPreescola": 76, "OPrimaria": 770, "OSecundari": 0, "OMedia": 0, "OTotal": 846, "Aceleracio": 0, "DANE12_EST": "111001016071", "Educacion_": 0 }, "geometry": { "type": "Point", "coordinates": [ -8254506.10840000025928, 516522.82209999859333 ] } },
{ "type": "Feature", "properties": { "NOMBRE_EST": "COLEGIO ALQUERIA DE LA FRAGUA (IED)", "GENERO": 5, "COD_LOCA": "08", "CLASE_TIPO": 1, "FECHA": "2025-03-31T00:00:00", "OPreescola": 106, "OPrimaria": 420, "OSecundari": 315, "OMedia": 108, "OTotal": 949, "Aceleracio": 0, "DANE12_EST": "111001016098", "Educacion_": 0 }, "geometry": { "type": "Point", "coordinates": [ -8252796.24100000038743, 513174.584899999201298 ] } },
{ "type": "Feature", "properties": { "NOMBRE_EST": "COLEGIO LOS PERIODISTAS (IED)", "GENERO": 5, "COD_LOCA": "08", "CLASE_TIPO": 1, "FECHA": "2025-03-31T00:00:00", "OPreescola": 160, "OPrimaria": 641, "OSecundari": 523, "OMedia": 222, "OTotal": 1546, "Aceleracio": 0, "DANE12_EST": "111001016101", "Educacion_": 0 }, "geometry": { "type": "Point", "coordinates": [ -8255254.175300000235438, 514571.714099999517202 ] } },
{ "type": "Feature", "properties": { "NOMBRE_EST": "COLEGIO LA CHUCUA (IED)", "GENERO": 5, "COD_LOCA": "08", "CLASE_TIPO": 1, "FECHA": "2025-03-31T00:00:00", "OPreescola": 171, "OPrimaria": 770, "OSecundari": 611, "OMedia": 315, "OTotal": 1867, "Aceleracio": 0, "DANE12_EST": "111001016136", "Educacion_": 0 }, "geometry": { "type": "Point", "coordinates": [ -8254178.82909999974072, 513041.6858000010252 ] } },
{ "type": "Feature", "properties": { "NOMBRE_EST": "COLEGIO KENNEDY (IED)", "GENERO": 5, "COD_LOCA": "08", "CLASE_TIPO": 1, "FECHA": "2025-03-31T00:00:00", "OPreescola": 0, "OPrimaria": 0, "OSecundari": 720, "OMedia": 420, "OTotal": 1140, "Aceleracio": 0, "DANE12_EST": "111001016292", "Educacion_": 0 }, "geometry": { "type": "Point", "coordinates": [ -8253313.876599999144673, 514882.190499998629093 ] } },
{ "type": "Feature", "properties": { "NOMBRE_EST": "COLEGIO KENNEDY (IED)", "GENERO": 5, "COD_LOCA": "08", "CLASE_TIPO": 1, "FECHA": "2025-03-31T00:00:00", "OPreescola": 45, "OPrimaria": 175, "OSecundari": 0, "OMedia": 0, "OTotal": 220, "Aceleracio": 0, "DANE12_EST": "111001016292", "Educacion_": 0 }, "geometry": { "type": "Point", "coordinates": [ -8252714.977800000458956, 514334.948600001633167 ] } },
{ "type": "Feature", "properties": { "NOMBRE_EST": "COLEGIO KENNEDY (IED)", "GENERO": 5, "COD_LOCA": "08", "CLASE_TIPO": 1, "FECHA": "2025-03-31T00:00:00", "OPreescola": 0, "OPrimaria": 282, "OSecundari": 0, "OMedia": 0, "OTotal": 282, "Aceleracio": 0, "DANE12_EST": "111001016292", "Educacion_": 0 }, "geometry": { "type": "Point", "coordinates": [ -8253829.285900000482798, 514834.167100001126528 ] } },
{ "type": "Feature", "properties": { "NOMBRE_EST": "COLEGIO KENNEDY (IED)", "GENERO": 5, "COD_LOCA": "08", "CLASE_TIPO": 1, "FECHA": "2025-03-31T00:00:00", "OPreescola": 69, "OPrimaria": 140, "OSecundari": 0, "OMedia": 0, "OTotal": 209, "Aceleracio": 0, "DANE12_EST": "111001016292", "Educacion_": 0 }, "geometry": { "type": "Point", "coordinates": [ -8253956.190099999308586, 515067.583500001579523 ] } },
{ "type": "Feature", "properties": { "NOMBRE_EST": "COLEGIO FERNANDO SOTO APARICIO (IED)", "GENERO": 5, "COD_LOCA": "08", "CLASE_TIPO": 1, "FECHA": "2025-03-31T00:00:00", "OPreescola": 0, "OPrimaria": 175, "OSecundari": 680, "OMedia": 303, "OTotal": 1158, "Aceleracio": 0, "DANE12_EST": "111001024660", "Educacion_": 0 }, "geometry": { "type": "Point", "coordinates": [ -8254064.17, 514725.835299998521805 ] } },
{ "type": "Feature", "properties": { "NOMBRE_EST": "COLEGIO FERNANDO SOTO APARICIO (IED)", "GENERO": 5, "COD_LOCA": "08", "CLASE_TIPO": 1, "FECHA": "2025-03-31T00:00:00", "OPreescola": 325, "OPrimaria": 1050, "OSecundari": 0, "OMedia": 0, "OTotal": 1375, "Aceleracio": 0, "DANE12_EST": "111001024660", "Educacion_": 0 }, "geometry": { "type": "Point", "coordinates": [ -8256857.176000000908971, 514540.44310000166297 ] } },
{ "type": "Feature", "properties": { "NOMBRE_EST": "COLEGIO INEM FRANCISCO DE PAULA SANTANDER (IED)", "GENERO": 5, "COD_LOCA": "08", "CLASE_TIPO": 1, "FECHA": "2025-03-31T00:00:00", "OPreescola": 300, "OPrimaria": 1524, "OSecundari": 2314, "OMedia": 1206, "OTotal": 5344, "Aceleracio": 0, "DANE12_EST": "111001024732", "Educacion_": 0 }, "geometry": { "type": "Point", "coordinates": [ -8255058.253000000491738, 515379.178800001740456 ] } },
{ "type": "Feature", "properties": { "NOMBRE_EST": "COLEGIO INEM FRANCISCO DE PAULA SANTANDER (IED)", "GENERO": 5, "COD_LOCA": "08", "CLASE_TIPO": 1, "FECHA": "2025-03-31T00:00:00", "OPreescola": 350, "OPrimaria": 980, "OSecundari": 0, "OMedia": 0, "OTotal": 1330, "Aceleracio": 0, "DANE12_EST": "111001024732", "Educacion_": 0 }, "geometry": { "type": "Point", "coordinates": [ -8254641.918099999427795, 515581.325500000268221 ] } },
{ "type": "Feature", "properties": { "NOMBRE_EST": "COLEGIO JOHN F. KENNEDY (IED)", "GENERO": 5, "COD_LOCA": "08", "CLASE_TIPO": 1, "FECHA": "2025-03-31T00:00:00", "OPreescola": 270, "OPrimaria": 1033, "OSecundari": 960, "OMedia": 400, "OTotal": 2797, "Aceleracio": 134, "DANE12_EST": "111001026964", "Educacion_": 0 }, "geometry": { "type": "Point", "coordinates": [ -8254528.372300000861287, 515064.2331000007689 ] } },
{ "type": "Feature", "properties": { "NOMBRE_EST": "COLEGIO PROSPERO PINZON (IED)", "GENERO": 5, "COD_LOCA": "08", "CLASE_TIPO": 1, "FECHA": "2025-03-31T00:00:00", "OPreescola": 110, "OPrimaria": 483, "OSecundari": 404, "OMedia": 192, "OTotal": 1312, "Aceleracio": 123, "DANE12_EST": "111001027308", "Educacion_": 0 }, "geometry": { "type": "Point", "coordinates": [ -8254459.3542, 515338.972899999469519 ] } },
{ "type": "Feature", "properties": { "NOMBRE_EST": "COLEGIO MANUEL CEPEDA VARGAS (IED)", "GENERO": 5, "COD_LOCA": "08", "CLASE_TIPO": 1, "FECHA": "2025-03-31T00:00:00", "OPreescola": 419, "OPrimaria": 1279, "OSecundari": 1727, "OMedia": 684, "OTotal": 4553, "Aceleracio": 127, "DANE12_EST": "111001027391", "Educacion_": 317 }, "geometry": { "type": "Point", "coordinates": [ -8257450.508899999782443, 514467.849899999797344 ] } },
{ "type": "Feature", "properties": { "NOMBRE_EST": "COLEGIO MANUEL CEPEDA VARGAS (IED)", "GENERO": 5, "COD_LOCA": "08", "CLASE_TIPO": 1, "FECHA": "2025-03-31T00:00:00", "OPreescola": 0, "OPrimaria": 987, "OSecundari": 0, "OMedia": 0, "OTotal": 987, "Aceleracio": 0, "DANE12_EST": "111001027391", "Educacion_": 0 }, "geometry": { "type": "Point", "coordinates": [ -8256896.137800000607967, 515447.305500000715256 ] } },
{ "type": "Feature", "properties": { "NOMBRE_EST": "COLEGIO MANUEL CEPEDA VARGAS (IED)", "GENERO": 5, "COD_LOCA": "08", "CLASE_TIPO": 1, "FECHA": "2025-03-31T00:00:00", "OPreescola": 190, "OPrimaria": 210, "OSecundari": 0, "OMedia": 0, "OTotal": 400, "Aceleracio": 0, "DANE12_EST": "111001027391", "Educacion_": 0 }, "geometry": { "type": "Point", "coordinates": [ -8256897.251000000163913, 515483.044199999421835 ] } },
{ "type": "Feature", "properties": { "NOMBRE_EST": "COLEGIO JAIRO ANIBAL NIÑO (CED)", "GENERO": 5, "COD_LOCA": "08", "CLASE_TIPO": 1, "FECHA": "2025-03-31T00:00:00", "OPreescola": 213, "OPrimaria": 696, "OSecundari": 633, "OMedia": 0, "OTotal": 1542, "Aceleracio": 0, "DANE12_EST": "111001027405", "Educacion_": 0 }, "geometry": { "type": "Point", "coordinates": [ -8256239.352800000458956, 516718.270599998533726 ] } },
{ "type": "Feature", "properties": { "NOMBRE_EST": "COLEGIO JACKELINE (IED)", "GENERO": 5, "COD_LOCA": "08", "CLASE_TIPO": 1, "FECHA": "2025-03-31T00:00:00", "OPreescola": 263, "OPrimaria": 706, "OSecundari": 0, "OMedia": 0, "OTotal": 969, "Aceleracio": 0, "DANE12_EST": "111001029114", "Educacion_": 0 }, "geometry": { "type": "Point", "coordinates": [ -8255769.584599999710917, 513623.539799999445677 ] } },
{ "type": "Feature", "properties": { "NOMBRE_EST": "COLEGIO JACKELINE (IED)", "GENERO": 5, "COD_LOCA": "08", "CLASE_TIPO": 1, "FECHA": "2025-03-31T00:00:00", "OPreescola": 0, "OPrimaria": 0, "OSecundari": 671, "OMedia": 152, "OTotal": 823, "Aceleracio": 0, "DANE12_EST": "111001029114", "Educacion_": 0 }, "geometry": { "type": "Point", "coordinates": [ -8255945.469399999827147, 513548.713799998164177 ] } },
{ "type": "Feature", "properties": { "NOMBRE_EST": "COLEGIO MANUEL ZAPATA OLIVELLA (IED)", "GENERO": 5, "COD_LOCA": "08", "CLASE_TIPO": 1, "FECHA": "2025-03-31T00:00:00", "OPreescola": 150, "OPrimaria": 845, "OSecundari": 724, "OMedia": 320, "OTotal": 2039, "Aceleracio": 0, "DANE12_EST": "111001033898", "Educacion_": 0 }, "geometry": { "type": "Point", "coordinates": [ -8255487.9463, 517147.142200000584126 ] } },
{ "type": "Feature", "properties": { "NOMBRE_EST": "COLEGIO LA FLORESTA SUR (IED)", "GENERO": 5, "COD_LOCA": "08", "CLASE_TIPO": 1, "FECHA": "2025-03-31T00:00:00", "OPreescola": 89, "OPrimaria": 0, "OSecundari": 560, "OMedia": 203, "OTotal": 852, "Aceleracio": 0, "DANE12_EST": "111001034045", "Educacion_": 0 }, "geometry": { "type": "Point", "coordinates": [ -8251813.289899999275804, 514932.447599999606609 ] } },
{ "type": "Feature", "properties": { "NOMBRE_EST": "COLEGIO LA FLORESTA SUR (IED)", "GENERO": 5, "COD_LOCA": "08", "CLASE_TIPO": 1, "FECHA": "2025-03-31T00:00:00", "OPreescola": 100, "OPrimaria": 671, "OSecundari": 0, "OMedia": 0, "OTotal": 771, "Aceleracio": 0, "DANE12_EST": "111001034045", "Educacion_": 0 }, "geometry": { "type": "Point", "coordinates": [ -8251857.817700000479817, 514903.410199999809265 ] } },
{ "type": "Feature", "properties": { "NOMBRE_EST": "COLEGIO SAN JOSE DE CASTILLA (IED)", "GENERO": 5, "COD_LOCA": "08", "CLASE_TIPO": 1, "FECHA": "2025-03-31T00:00:00", "OPreescola": 0, "OPrimaria": 0, "OSecundari": 831, "OMedia": 425, "OTotal": 1256, "Aceleracio": 0, "DANE12_EST": "111001041475", "Educacion_": 0 }, "geometry": { "type": "Point", "coordinates": [ -8253676.778200000524521, 516857.877000000327826 ] } },
{ "type": "Feature", "properties": { "NOMBRE_EST": "COLEGIO SAN JOSE DE CASTILLA (IED)", "GENERO": 5, "COD_LOCA": "08", "CLASE_TIPO": 1, "FECHA": "2025-03-31T00:00:00", "OPreescola": 100, "OPrimaria": 811, "OSecundari": 0, "OMedia": 0, "OTotal": 911, "Aceleracio": 0, "DANE12_EST": "111001041475", "Educacion_": 0 }, "geometry": { "type": "Point", "coordinates": [ -8252703.845799999311566, 518284.109900001436472 ] } },
{ "type": "Feature", "properties": { "NOMBRE_EST": "COLEGIO CASTILLA (IED)", "GENERO": 5, "COD_LOCA": "08", "CLASE_TIPO": 1, "FECHA": "2025-03-31T00:00:00", "OPreescola": 190, "OPrimaria": 1393, "OSecundari": 1280, "OMedia": 621, "OTotal": 3484, "Aceleracio": 0, "DANE12_EST": "111001076767", "Educacion_": 0 }, "geometry": { "type": "Point", "coordinates": [ -8253437.441299999132752, 517138.207299999892712 ] } },
{ "type": "Feature", "properties": { "NOMBRE_EST": "COLEGIO VILLA RICA (IED)", "GENERO": 5, "COD_LOCA": "08", "CLASE_TIPO": 1, "FECHA": "2025-03-31T00:00:00", "OPreescola": 75, "OPrimaria": 0, "OSecundari": 731, "OMedia": 326, "OTotal": 1132, "Aceleracio": 0, "DANE12_EST": "111001079154", "Educacion_": 0 }, "geometry": { "type": "Point", "coordinates": [ -8256246.031999999657273, 513267.279399998486042 ] } },
{ "type": "Feature", "properties": { "NOMBRE_EST": "COLEGIO VILLA RICA (IED)", "GENERO": 5, "COD_LOCA": "08", "CLASE_TIPO": 1, "FECHA": "2025-03-31T00:00:00", "OPreescola": 190, "OPrimaria": 856, "OSecundari": 0, "OMedia": 0, "OTotal": 1046, "Aceleracio": 0, "DANE12_EST": "111001079154", "Educacion_": 0 }, "geometry": { "type": "Point", "coordinates": [ -8256143.618100000545382, 513862.536699999123812 ] } },
{ "type": "Feature", "properties": { "NOMBRE_EST": "COLEGIO ALFONSO LOPEZ PUMAREJO (IED)", "GENERO": 5, "COD_LOCA": "08", "CLASE_TIPO": 1, "FECHA": "2025-03-31T00:00:00", "OPreescola": 54, "OPrimaria": 490, "OSecundari": 800, "OMedia": 272, "OTotal": 1616, "Aceleracio": 0, "DANE12_EST": "111001086649", "Educacion_": 0 }, "geometry": { "type": "Point", "coordinates": [ -8253632.250399999320507, 513487.289599999785423 ] } },
{ "type": "Feature", "properties": { "NOMBRE_EST": "COLEGIO ALFONSO LOPEZ PUMAREJO (IED)", "GENERO": 5, "COD_LOCA": "08", "CLASE_TIPO": 1, "FECHA": "2025-03-31T00:00:00", "OPreescola": 200, "OPrimaria": 280, "OSecundari": 0, "OMedia": 0, "OTotal": 480, "Aceleracio": 0, "DANE12_EST": "111001086649", "Educacion_": 0 }, "geometry": { "type": "Point", "coordinates": [ -8253335.027300000190735, 513014.882699999958277 ] } },
{ "type": "Feature", "properties": { "NOMBRE_EST": "COLEGIO INSTITUTO TECNICO RODRIGO DE TRIANA (IED)", "GENERO": 5, "COD_LOCA": "08", "CLASE_TIPO": 1, "FECHA": "2025-03-31T00:00:00", "OPreescola": 94, "OPrimaria": 0, "OSecundari": 971, "OMedia": 441, "OTotal": 1506, "Aceleracio": 0, "DANE12_EST": "111001086771", "Educacion_": 0 }, "geometry": { "type": "Point", "coordinates": [ -8256284.99379999935627, 517119.220800001174212 ] } },
{ "type": "Feature", "properties": { "NOMBRE_EST": "COLEGIO INSTITUTO TECNICO RODRIGO DE TRIANA (IED)", "GENERO": 5, "COD_LOCA": "08", "CLASE_TIPO": 1, "FECHA": "2025-03-31T00:00:00", "OPreescola": 208, "OPrimaria": 658, "OSecundari": 0, "OMedia": 0, "OTotal": 866, "Aceleracio": 0, "DANE12_EST": "111001086771", "Educacion_": 0 }, "geometry": { "type": "Point", "coordinates": [ -8256519.878000000491738, 517168.362399999052286 ] } },
{ "type": "Feature", "properties": { "NOMBRE_EST": "COLEGIO INSTITUTO TECNICO RODRIGO DE TRIANA (IED)", "GENERO": 5, "COD_LOCA": "08", "CLASE_TIPO": 1, "FECHA": "2025-03-31T00:00:00", "OPreescola": 0, "OPrimaria": 443, "OSecundari": 0, "OMedia": 0, "OTotal": 443, "Aceleracio": 0, "DANE12_EST": "111001086771", "Educacion_": 0 }, "geometry": { "type": "Point", "coordinates": [ -8256051.222899999469519, 517084.598299998790026 ] } },
{ "type": "Feature", "properties": { "NOMBRE_EST": "COLEGIO BELLAVISTA (IED)", "GENERO": 5, "COD_LOCA": "08", "CLASE_TIPO": 2, "FECHA": "2025-03-31T00:00:00", "OPreescola": 137, "OPrimaria": 446, "OSecundari": 447, "OMedia": 242, "OTotal": 1272, "Aceleracio": 0, "DANE12_EST": "111001098892", "Educacion_": 0 }, "geometry": { "type": "Point", "coordinates": [ -8256922.854499999433756, 517686.585499998182058 ] } },
{ "type": "Feature", "properties": { "NOMBRE_EST": "COLEGIO EDUARDO UMAÑA LUNA (IED)", "GENERO": 5, "COD_LOCA": "08", "CLASE_TIPO": 1, "FECHA": "2025-03-31T00:00:00", "OPreescola": 356, "OPrimaria": 700, "OSecundari": 566, "OMedia": 293, "OTotal": 1915, "Aceleracio": 0, "DANE12_EST": "111001098906", "Educacion_": 0 }, "geometry": { "type": "Point", "coordinates": [ -8257107.644899999722838, 517273.346999999135733 ] } },
{ "type": "Feature", "properties": { "NOMBRE_EST": "COLEGIO HERNANDO DURAN DUSSAN (IED)", "GENERO": 5, "COD_LOCA": "08", "CLASE_TIPO": 1, "FECHA": "2025-03-31T00:00:00", "OPreescola": 397, "OPrimaria": 877, "OSecundari": 801, "OMedia": 400, "OTotal": 2475, "Aceleracio": 0, "DANE12_EST": "111001100048", "Educacion_": 0 }, "geometry": { "type": "Point", "coordinates": [ -8256820.440600000321865, 516512.770500000566244 ] } },
{ "type": "Feature", "properties": { "NOMBRE_EST": "COLEGIO JAIME HERNANDO GARZON FORERO (IED)", "GENERO": 5, "COD_LOCA": "07", "CLASE_TIPO": 2, "FECHA": "2025-03-31T00:00:00", "OPreescola": 91, "OPrimaria": 569, "OSecundari": 483, "OMedia": 212, "OTotal": 1355, "Aceleracio": 0, "DANE12_EST": "111001100056", "Educacion_": 0 }, "geometry": { "type": "Point", "coordinates": [ -8257940.3147, 516867.928599998354912 ] } },
{ "type": "Feature", "properties": { "NOMBRE_EST": "COLEGIO GABRIEL BETANCOURT MEJIA (IED)", "GENERO": 5, "COD_LOCA": "08", "CLASE_TIPO": 1, "FECHA": "2025-03-31T00:00:00", "OPreescola": 378, "OPrimaria": 908, "OSecundari": 959, "OMedia": 479, "OTotal": 2724, "Aceleracio": 0, "DANE12_EST": "111001104281", "Educacion_": 0 }, "geometry": { "type": "Point", "coordinates": [ -8254983.668999999761581, 517629.625500001013279 ] } },
{ "type": "Feature", "properties": { "NOMBRE_EST": "COLEGIO CODEMA (IED)", "GENERO": 5, "COD_LOCA": "08", "CLASE_TIPO": 1, "FECHA": "2025-03-31T00:00:00", "OPreescola": 221, "OPrimaria": 1020, "OSecundari": 1120, "OMedia": 400, "OTotal": 2761, "Aceleracio": 0, "DANE12_EST": "111001104558", "Educacion_": 0 }, "geometry": { "type": "Point", "coordinates": [ -8256090.184699999168515, 518002.658599998801947 ] } },
{ "type": "Feature", "properties": { "NOMBRE_EST": "COLEGIO GENERAL GUSTAVO ROJAS PINILLA (IED)", "GENERO": 5, "COD_LOCA": "08", "CLASE_TIPO": 1, "FECHA": "2025-03-31T00:00:00", "OPreescola": 399, "OPrimaria": 1110, "OSecundari": 1178, "OMedia": 428, "OTotal": 3115, "Aceleracio": 0, "DANE12_EST": "111001106984", "Educacion_": 0 }, "geometry": { "type": "Point", "coordinates": [ -8253189.198799999430776, 518048.450199998915195 ] } },
{ "type": "Feature", "properties": { "NOMBRE_EST": "COLEGIO GENERAL GUSTAVO ROJAS PINILLA (IED)", "GENERO": 5, "COD_LOCA": "08", "CLASE_TIPO": 1, "FECHA": "2025-03-31T00:00:00", "OPreescola": 25, "OPrimaria": 349, "OSecundari": 0, "OMedia": 0, "OTotal": 374, "Aceleracio": 0, "DANE12_EST": "111001106984", "Educacion_": 0 }, "geometry": { "type": "Point", "coordinates": [ -8253169.161299999803305, 518495.199000000953674 ] } },
{ "type": "Feature", "properties": { "NOMBRE_EST": "COLEGIO SALUDCOOP SUR (IED)", "GENERO": 5, "COD_LOCA": "08", "CLASE_TIPO": 1, "FECHA": "2025-03-31T00:00:00", "OPreescola": 307, "OPrimaria": 913, "OSecundari": 803, "OMedia": 391, "OTotal": 2414, "Aceleracio": 0, "DANE12_EST": "111001107778", "Educacion_": 0 }, "geometry": { "type": "Point", "coordinates": [ -8255871.998500000685453, 517348.176500000059605 ] } },
{ "type": "Feature", "properties": { "NOMBRE_EST": "COLEGIO NELSON MANDELA (IED)", "GENERO": 5, "COD_LOCA": "08", "CLASE_TIPO": 1, "FECHA": "2025-03-31T00:00:00", "OPreescola": 314, "OPrimaria": 716, "OSecundari": 592, "OMedia": 296, "OTotal": 1918, "Aceleracio": 0, "DANE12_EST": "111001110477", "Educacion_": 0 }, "geometry": { "type": "Point", "coordinates": [ -8257448.282500000670552, 516652.376499999314547 ] } },
{ "type": "Feature", "properties": { "NOMBRE_EST": "COLEGIO LAS MARGARITAS (IED)", "GENERO": 5, "COD_LOCA": "08", "CLASE_TIPO": 2, "FECHA": "2025-03-31T00:00:00", "OPreescola": 87, "OPrimaria": 208, "OSecundari": 161, "OMedia": 73, "OTotal": 529, "Aceleracio": 0, "DANE12_EST": "111001800431", "Educacion_": 0 }, "geometry": { "type": "Point", "coordinates": [ -8257075.362199999392033, 516380.982599999755621 ] } },
{ "type": "Feature", "properties": { "NOMBRE_EST": "COLEGIO EMMA REYES (IED)", "GENERO": 5, "COD_LOCA": "08", "CLASE_TIPO": 2, "FECHA": "2025-03-31T00:00:00", "OPreescola": 80, "OPrimaria": 199, "OSecundari": 155, "OMedia": 66, "OTotal": 500, "Aceleracio": 0, "DANE12_EST": "111001800554", "Educacion_": 0 }, "geometry": { "type": "Point", "coordinates": [ -8253840.4178, 516451.343899998813868 ] } },
{ "type": "Feature", "properties": { "NOMBRE_EST": "COLEGIO FELIZA BURSZTYN (IED)", "GENERO": 5, "COD_LOCA": "08", "CLASE_TIPO": 1, "FECHA": "2025-03-31T00:00:00", "OPreescola": 160, "OPrimaria": 396, "OSecundari": 320, "OMedia": 160, "OTotal": 1036, "Aceleracio": 0, "DANE12_EST": "111001801241", "Educacion_": 0 }, "geometry": { "type": "Point", "coordinates": [ -8252055.966399999335408, 515060.882599998265505 ] } },
{ "type": "Feature", "properties": { "NOMBRE_EST": "COLEGIO TERESA MARTINEZ DE VARELA (IED)", "GENERO": 5, "COD_LOCA": "08", "CLASE_TIPO": 1, "FECHA": "2025-03-31T00:00:00", "OPreescola": 351, "OPrimaria": 619, "OSecundari": 501, "OMedia": 234, "OTotal": 1705, "Aceleracio": 0, "DANE12_EST": "111001801268", "Educacion_": 0 }, "geometry": { "type": "Point", "coordinates": [ -8255014.838400000706315, 518988.859400000423193 ] } },
{ "type": "Feature", "properties": { "NOMBRE_EST": "COLEGIO RODRIGO ARENAS BETANCOURT (IED)", "GENERO": 5, "COD_LOCA": "09", "CLASE_TIPO": 1, "FECHA": "2025-03-31T00:00:00", "OPreescola": 478, "OPrimaria": 841, "OSecundari": 700, "OMedia": 284, "OTotal": 2303, "Aceleracio": 0, "DANE12_EST": "111001014346", "Educacion_": 0 }, "geometry": { "type": "Point", "coordinates": [ -8253726.871899999678135, 520469.859200000762939 ] } },
{ "type": "Feature", "properties": { "NOMBRE_EST": "COLEGIO PABLO NERUDA (IED)", "GENERO": 5, "COD_LOCA": "09", "CLASE_TIPO": 1, "FECHA": "2025-03-31T00:00:00", "OPreescola": 87, "OPrimaria": 360, "OSecundari": 882, "OMedia": 360, "OTotal": 1689, "Aceleracio": 0, "DANE12_EST": "111001102199", "Educacion_": 0 }, "geometry": { "type": "Point", "coordinates": [ -8254270.110999999567866, 520678.720400001853704 ] } },
{ "type": "Feature", "properties": { "NOMBRE_EST": "COLEGIO PABLO NERUDA (IED)", "GENERO": 5, "COD_LOCA": "09", "CLASE_TIPO": 1, "FECHA": "2025-03-31T00:00:00", "OPreescola": 175, "OPrimaria": 380, "OSecundari": 0, "OMedia": 0, "OTotal": 555, "Aceleracio": 0, "DANE12_EST": "111001102199", "Educacion_": 0 }, "geometry": { "type": "Point", "coordinates": [ -8253942.831700000911951, 520712.227600000798702 ] } },
{ "type": "Feature", "properties": { "NOMBRE_EST": "COLEGIO CARLO FEDERICI (IED)", "GENERO": 5, "COD_LOCA": "09", "CLASE_TIPO": 1, "FECHA": "2025-03-31T00:00:00", "OPreescola": 173, "OPrimaria": 789, "OSecundari": 880, "OMedia": 480, "OTotal": 2322, "Aceleracio": 0, "DANE12_EST": "111001104272", "Educacion_": 0 }, "geometry": { "type": "Point", "coordinates": [ -8255423.380999999120831, 520631.810300000011921 ] } },
{ "type": "Feature", "properties": { "NOMBRE_EST": "COLEGIO LA FELICIDAD (IED)", "GENERO": 5, "COD_LOCA": "09", "CLASE_TIPO": 1, "FECHA": "2025-03-31T00:00:00", "OPreescola": 150, "OPrimaria": 388, "OSecundari": 323, "OMedia": 168, "OTotal": 1029, "Aceleracio": 0, "DANE12_EST": "111001800091", "Educacion_": 0 }, "geometry": { "type": "Point", "coordinates": [ -8252167.285900000482798, 518927.430900000035763 ] } },
{ "type": "Feature", "properties": { "NOMBRE_EST": "COLEGIO MARIA JOSEFA CANELONES (IED)", "GENERO": 5, "COD_LOCA": "09", "CLASE_TIPO": 1, "FECHA": "2025-03-31T00:00:00", "OPreescola": 240, "OPrimaria": 601, "OSecundari": 480, "OMedia": 120, "OTotal": 1441, "Aceleracio": 0, "DANE12_EST": "111001801322", "Educacion_": 0 }, "geometry": { "type": "Point", "coordinates": [ -8252309.774800000712276, 518411.433400001376867 ] } },
{ "type": "Feature", "properties": { "NOMBRE_EST": "COLEGIO ANTONIO VAN UDEN (IED)", "GENERO": 5, "COD_LOCA": "09", "CLASE_TIPO": 1, "FECHA": "2025-03-31T00:00:00", "OPreescola": 70, "OPrimaria": 231, "OSecundari": 869, "OMedia": 330, "OTotal": 1500, "Aceleracio": 0, "DANE12_EST": "111279000061", "Educacion_": 0 }, "geometry": { "type": "Point", "coordinates": [ -8255303.155899999663234, 522554.028499998152256 ] } },
{ "type": "Feature", "properties": { "NOMBRE_EST": "COLEGIO ANTONIO VAN UDEN (IED)", "GENERO": 5, "COD_LOCA": "09", "CLASE_TIPO": 1, "FECHA": "2025-03-31T00:00:00", "OPreescola": 200, "OPrimaria": 351, "OSecundari": 0, "OMedia": 0, "OTotal": 551, "Aceleracio": 0, "DANE12_EST": "111279000061", "Educacion_": 0 }, "geometry": { "type": "Point", "coordinates": [ -8255612.624099999666214, 522950.540699999779463 ] } },
{ "type": "Feature", "properties": { "NOMBRE_EST": "COLEGIO ANTONIO VAN UDEN (IED)", "GENERO": 5, "COD_LOCA": "09", "CLASE_TIPO": 1, "FECHA": "2025-03-31T00:00:00", "OPreescola": 0, "OPrimaria": 494, "OSecundari": 0, "OMedia": 0, "OTotal": 494, "Aceleracio": 0, "DANE12_EST": "111279000061", "Educacion_": 0 }, "geometry": { "type": "Point", "coordinates": [ -8255542.492799999192357, 522475.843199998140335 ] } },
{ "type": "Feature", "properties": { "NOMBRE_EST": "COLEGIO VILLEMAR EL CARMEN (IED)", "GENERO": 5, "COD_LOCA": "09", "CLASE_TIPO": 1, "FECHA": "2025-03-31T00:00:00", "OPreescola": 0, "OPrimaria": 0, "OSecundari": 1160, "OMedia": 469, "OTotal": 1629, "Aceleracio": 0, "DANE12_EST": "111279000125", "Educacion_": 0 }, "geometry": { "type": "Point", "coordinates": [ -8253139.105000000447035, 520755.786899998784065 ] } },
{ "type": "Feature", "properties": { "NOMBRE_EST": "COLEGIO VILLEMAR EL CARMEN (IED)", "GENERO": 5, "COD_LOCA": "09", "CLASE_TIPO": 1, "FECHA": "2025-03-31T00:00:00", "OPreescola": 91, "OPrimaria": 522, "OSecundari": 0, "OMedia": 0, "OTotal": 613, "Aceleracio": 0, "DANE12_EST": "111279000125", "Educacion_": 0 }, "geometry": { "type": "Point", "coordinates": [ -8251084.147199999541044, 520659.732999999076128 ] } },
{ "type": "Feature", "properties": { "NOMBRE_EST": "COLEGIO VILLEMAR EL CARMEN (IED)", "GENERO": 5, "COD_LOCA": "09", "CLASE_TIPO": 1, "FECHA": "2025-03-31T00:00:00", "OPreescola": 136, "OPrimaria": 945, "OSecundari": 0, "OMedia": 0, "OTotal": 1081, "Aceleracio": 0, "DANE12_EST": "111279000125", "Educacion_": 0 }, "geometry": { "type": "Point", "coordinates": [ -8253040.0307, 521104.262800000607967 ] } },
{ "type": "Feature", "properties": { "NOMBRE_EST": "COLEGIO INSTITUTO TECNICO INTERNACIONAL (IED)", "GENERO": 5, "COD_LOCA": "09", "CLASE_TIPO": 1, "FECHA": "2025-03-31T00:00:00", "OPreescola": 300, "OPrimaria": 1322, "OSecundari": 1160, "OMedia": 448, "OTotal": 3230, "Aceleracio": 0, "DANE12_EST": "111279000168", "Educacion_": 0 }, "geometry": { "type": "Point", "coordinates": [ -8253808.135199999436736, 522308.303599998354912 ] } },
{ "type": "Feature", "properties": { "NOMBRE_EST": "COLEGIO LUIS ANGEL ARANGO (IED)", "GENERO": 5, "COD_LOCA": "09", "CLASE_TIPO": 1, "FECHA": "2025-03-31T00:00:00", "OPreescola": 16, "OPrimaria": 30, "OSecundari": 458, "OMedia": 181, "OTotal": 685, "Aceleracio": 0, "DANE12_EST": "111279000184", "Educacion_": 0 }, "geometry": { "type": "Point", "coordinates": [ -8253008.86119999922812, 521793.400800000876188 ] } },
{ "type": "Feature", "properties": { "NOMBRE_EST": "COLEGIO LUIS ANGEL ARANGO (IED)", "GENERO": 5, "COD_LOCA": "09", "CLASE_TIPO": 1, "FECHA": "2025-03-31T00:00:00", "OPreescola": 60, "OPrimaria": 290, "OSecundari": 0, "OMedia": 0, "OTotal": 350, "Aceleracio": 0, "DANE12_EST": "111279000184", "Educacion_": 0 }, "geometry": { "type": "Point", "coordinates": [ -8253127.973099999129772, 521982.160799998790026 ] } },
{ "type": "Feature", "properties": { "NOMBRE_EST": "COLEGIO COSTA RICA (IED)", "GENERO": 5, "COD_LOCA": "09", "CLASE_TIPO": 1, "FECHA": "2025-03-31T00:00:00", "OPreescola": 389, "OPrimaria": 700, "OSecundari": 760, "OMedia": 320, "OTotal": 2649, "Aceleracio": 125, "DANE12_EST": "111279000362", "Educacion_": 355 }, "geometry": { "type": "Point", "coordinates": [ -8253004.408399999141693, 521484.013900000602007 ] } },
{ "type": "Feature", "properties": { "NOMBRE_EST": "COLEGIO COSTA RICA (IED)", "GENERO": 5, "COD_LOCA": "09", "CLASE_TIPO": 1, "FECHA": "2025-03-31T00:00:00", "OPreescola": 90, "OPrimaria": 90, "OSecundari": 0, "OMedia": 0, "OTotal": 180, "Aceleracio": 0, "DANE12_EST": "111279000362", "Educacion_": 0 }, "geometry": { "type": "Point", "coordinates": [ -8251726.460699999704957, 521968.757699999958277 ] } },
{ "type": "Feature", "properties": { "NOMBRE_EST": "COLEGIO INTEGRADO DE FONTIBON IBEP (IED)", "GENERO": 5, "COD_LOCA": "09", "CLASE_TIPO": 1, "FECHA": "2025-03-31T00:00:00", "OPreescola": 156, "OPrimaria": 0, "OSecundari": 883, "OMedia": 294, "OTotal": 3821, "Aceleracio": 100, "DANE12_EST": "111279000966", "Educacion_": 2388 }, "geometry": { "type": "Point", "coordinates": [ -8254053.03800000064075, 521360.036200001835823 ] } },
{ "type": "Feature", "properties": { "NOMBRE_EST": "COLEGIO INTEGRADO DE FONTIBON IBEP (IED)", "GENERO": 5, "COD_LOCA": "09", "CLASE_TIPO": 1, "FECHA": "2025-03-31T00:00:00", "OPreescola": 277, "OPrimaria": 1030, "OSecundari": 0, "OMedia": 0, "OTotal": 1307, "Aceleracio": 0, "DANE12_EST": "111279000966", "Educacion_": 0 }, "geometry": { "type": "Point", "coordinates": [ -8253912.775499999523163, 521912.911499999463558 ] } },
{ "type": "Feature", "properties": { "NOMBRE_EST": "COLEGIO INTEGRADO DE FONTIBON IBEP (IED)", "GENERO": 5, "COD_LOCA": "09", "CLASE_TIPO": 1, "FECHA": "2025-03-31T00:00:00", "OPreescola": 75, "OPrimaria": 210, "OSecundari": 0, "OMedia": 0, "OTotal": 285, "Aceleracio": 0, "DANE12_EST": "111279000966", "Educacion_": 0 }, "geometry": { "type": "Point", "coordinates": [ -8254344.69510000012815, 521986.628499999642372 ] } },
{ "type": "Feature", "properties": { "NOMBRE_EST": "COLEGIO ATAHUALPA (IED)", "GENERO": 5, "COD_LOCA": "09", "CLASE_TIPO": 1, "FECHA": "2025-03-31T00:00:00", "OPreescola": 156, "OPrimaria": 525, "OSecundari": 420, "OMedia": 175, "OTotal": 1276, "Aceleracio": 0, "DANE12_EST": "111279001296", "Educacion_": 0 }, "geometry": { "type": "Point", "coordinates": [ -8254161.017899999395013, 522479.193999998271465 ] } },
{ "type": "Feature", "properties": { "NOMBRE_EST": "COLEGIO INSTITUTO TECNICO LAUREANO GOMEZ (IED)", "GENERO": 5, "COD_LOCA": "10", "CLASE_TIPO": 1, "FECHA": "2025-03-31T00:00:00", "OPreescola": 40, "OPrimaria": 0, "OSecundari": 1184, "OMedia": 780, "OTotal": 2004, "Aceleracio": 0, "DANE12_EST": "111001000272", "Educacion_": 0 }, "geometry": { "type": "Point", "coordinates": [ -8248930.1151, 525799.9037000015378 ] } },
{ "type": "Feature", "properties": { "NOMBRE_EST": "COLEGIO INSTITUTO TECNICO LAUREANO GOMEZ (IED)", "GENERO": 5, "COD_LOCA": "10", "CLASE_TIPO": 1, "FECHA": "2025-03-31T00:00:00", "OPreescola": 230, "OPrimaria": 1189, "OSecundari": 0, "OMedia": 0, "OTotal": 1419, "Aceleracio": 0, "DANE12_EST": "111001000272", "Educacion_": 0 }, "geometry": { "type": "Point", "coordinates": [ -8248993.567199999466538, 525866.922499999403954 ] } },
{ "type": "Feature", "properties": { "NOMBRE_EST": "COLEGIO MARCO TULIO FERNANDEZ (IED)", "GENERO": 5, "COD_LOCA": "10", "CLASE_TIPO": 1, "FECHA": "2025-03-31T00:00:00", "OPreescola": 0, "OPrimaria": 0, "OSecundari": 324, "OMedia": 144, "OTotal": 468, "Aceleracio": 0, "DANE12_EST": "111001001121", "Educacion_": 0 }, "geometry": { "type": "Point", "coordinates": [ -8249025.8498, 520916.621800001710653 ] } },
{ "type": "Feature", "properties": { "NOMBRE_EST": "COLEGIO MARCO TULIO FERNANDEZ (IED)", "GENERO": 5, "COD_LOCA": "10", "CLASE_TIPO": 1, "FECHA": "2025-03-31T00:00:00", "OPreescola": 88, "OPrimaria": 156, "OSecundari": 0, "OMedia": 0, "OTotal": 244, "Aceleracio": 0, "DANE12_EST": "111001001121", "Educacion_": 0 }, "geometry": { "type": "Point", "coordinates": [ -8248956.831700000911951, 520851.840999998152256 ] } },
{ "type": "Feature", "properties": { "NOMBRE_EST": "COLEGIO MARCO TULIO FERNANDEZ (IED)", "GENERO": 5, "COD_LOCA": "10", "CLASE_TIPO": 1, "FECHA": "2025-03-31T00:00:00", "OPreescola": 0, "OPrimaria": 106, "OSecundari": 0, "OMedia": 0, "OTotal": 106, "Aceleracio": 0, "DANE12_EST": "111001001121", "Educacion_": 0 }, "geometry": { "type": "Point", "coordinates": [ -8248774.267799999564886, 521088.625999998301268 ] } },
{ "type": "Feature", "properties": { "NOMBRE_EST": "COLEGIO MARCO TULIO FERNANDEZ (IED)", "GENERO": 5, "COD_LOCA": "10", "CLASE_TIPO": 1, "FECHA": "2025-03-31T00:00:00", "OPreescola": 45, "OPrimaria": 140, "OSecundari": 0, "OMedia": 0, "OTotal": 185, "Aceleracio": 0, "DANE12_EST": "111001001121", "Educacion_": 0 }, "geometry": { "type": "Point", "coordinates": [ -8250080.045399999246001, 520895.400499999523163 ] } },
{ "type": "Feature", "properties": { "NOMBRE_EST": "COLEGIO NUEVA CONSTITUCION (IED)", "GENERO": 5, "COD_LOCA": "10", "CLASE_TIPO": 1, "FECHA": "2025-03-31T00:00:00", "OPreescola": 238, "OPrimaria": 700, "OSecundari": 640, "OMedia": 440, "OTotal": 2508, "Aceleracio": 0, "DANE12_EST": "111001001538", "Educacion_": 490 }, "geometry": { "type": "Point", "coordinates": [ -8251204.372300000861287, 525005.735199999064207 ] } },
{ "type": "Feature", "properties": { "NOMBRE_EST": "COLEGIO ANTONIO NARIÑO (IED)", "GENERO": 5, "COD_LOCA": "10", "CLASE_TIPO": 1, "FECHA": "2025-03-31T00:00:00", "OPreescola": 221, "OPrimaria": 899, "OSecundari": 813, "OMedia": 534, "OTotal": 2691, "Aceleracio": 0, "DANE12_EST": "111001006483", "Educacion_": 224 }, "geometry": { "type": "Point", "coordinates": [ -8249221.772099999710917, 522199.961500000208616 ] } },
{ "type": "Feature", "properties": { "NOMBRE_EST": "COLEGIO ANTONIO NARIÑO (IED)", "GENERO": 5, "COD_LOCA": "10", "CLASE_TIPO": 1, "FECHA": "2025-03-31T00:00:00", "OPreescola": 80, "OPrimaria": 0, "OSecundari": 0, "OMedia": 0, "OTotal": 80, "Aceleracio": 0, "DANE12_EST": "111001006483", "Educacion_": 0 }, "geometry": { "type": "Point", "coordinates": [ -8248852.191400000825524, 521890.573100000619888 ] } },
{ "type": "Feature", "properties": { "NOMBRE_EST": "COLEGIO ROBERT F. KENNEDY (IED)", "GENERO": 5, "COD_LOCA": "10", "CLASE_TIPO": 1, "FECHA": "2025-03-31T00:00:00", "OPreescola": 0, "OPrimaria": 385, "OSecundari": 760, "OMedia": 540, "OTotal": 1760, "Aceleracio": 75, "DANE12_EST": "111001009521", "Educacion_": 0 }, "geometry": { "type": "Point", "coordinates": [ -8248920.096300000324845, 521444.921799998730421 ] } },
{ "type": "Feature", "properties": { "NOMBRE_EST": "COLEGIO ROBERT F. KENNEDY (IED)", "GENERO": 5, "COD_LOCA": "10", "CLASE_TIPO": 1, "FECHA": "2025-03-31T00:00:00", "OPreescola": 129, "OPrimaria": 223, "OSecundari": 0, "OMedia": 0, "OTotal": 352, "Aceleracio": 0, "DANE12_EST": "111001009521", "Educacion_": 0 }, "geometry": { "type": "Point", "coordinates": [ -8249251.828400000929832, 521902.859200000762939 ] } },
{ "type": "Feature", "properties": { "NOMBRE_EST": "COLEGIO INSTITUTO TECNICO JUAN DEL CORRAL (IED)", "GENERO": 5, "COD_LOCA": "10", "CLASE_TIPO": 1, "FECHA": "2025-03-31T00:00:00", "OPreescola": 0, "OPrimaria": 0, "OSecundari": 456, "OMedia": 480, "OTotal": 936, "Aceleracio": 0, "DANE12_EST": "111001009580", "Educacion_": 0 }, "geometry": { "type": "Point", "coordinates": [ -8246827.289899999275804, 522363.03319999948144 ] } },
{ "type": "Feature", "properties": { "NOMBRE_EST": "COLEGIO INSTITUTO TECNICO JUAN DEL CORRAL (IED)", "GENERO": 5, "COD_LOCA": "10", "CLASE_TIPO": 1, "FECHA": "2025-03-31T00:00:00", "OPreescola": 75, "OPrimaria": 445, "OSecundari": 0, "OMedia": 0, "OTotal": 520, "Aceleracio": 0, "DANE12_EST": "111001009580", "Educacion_": 0 }, "geometry": { "type": "Point", "coordinates": [ -8246778.309299999848008, 522044.708700001239777 ] } },
{ "type": "Feature", "properties": { "NOMBRE_EST": "COLEGIO REPUBLICA DE COLOMBIA (IED)", "GENERO": 5, "COD_LOCA": "10", "CLASE_TIPO": 1, "FECHA": "2025-03-31T00:00:00", "OPreescola": 110, "OPrimaria": 280, "OSecundari": 685, "OMedia": 380, "OTotal": 1637, "Aceleracio": 0, "DANE12_EST": "111001009971", "Educacion_": 182 }, "geometry": { "type": "Point", "coordinates": [ -8247838.070900000631809, 521261.747600000351667 ] } },
{ "type": "Feature", "properties": { "NOMBRE_EST": "COLEGIO REPUBLICA DE COLOMBIA (IED)", "GENERO": 5, "COD_LOCA": "10", "CLASE_TIPO": 1, "FECHA": "2025-03-31T00:00:00", "OPreescola": 199, "OPrimaria": 128, "OSecundari": 0, "OMedia": 0, "OTotal": 327, "Aceleracio": 0, "DANE12_EST": "111001009971", "Educacion_": 0 }, "geometry": { "type": "Point", "coordinates": [ -8247825.8257, 521431.518800001591444 ] } },
{ "type": "Feature", "properties": { "NOMBRE_EST": "COLEGIO REPUBLICA DE COLOMBIA (IED)", "GENERO": 5, "COD_LOCA": "10", "CLASE_TIPO": 1, "FECHA": "2025-03-31T00:00:00", "OPreescola": 0, "OPrimaria": 420, "OSecundari": 0, "OMedia": 0, "OTotal": 420, "Aceleracio": 0, "DANE12_EST": "111001009971", "Educacion_": 0 }, "geometry": { "type": "Point", "coordinates": [ -8247556.432600000873208, 521604.641100000590086 ] } },
{ "type": "Feature", "properties": { "NOMBRE_EST": "COLEGIO INSTITUTO TECNICO INDUSTRIAL FRANCISCO JOSE DE CALDAS (IED)", "GENERO": 5, "COD_LOCA": "10", "CLASE_TIPO": 1, "FECHA": "2025-03-31T00:00:00", "OPreescola": 0, "OPrimaria": 0, "OSecundari": 2280, "OMedia": 960, "OTotal": 3240, "Aceleracio": 0, "DANE12_EST": "111001010740", "Educacion_": 0 }, "geometry": { "type": "Point", "coordinates": [ -8248262.198100000619888, 520315.726700000464916 ] } },
{ "type": "Feature", "properties": { "NOMBRE_EST": "COLEGIO INSTITUTO TECNICO INDUSTRIAL FRANCISCO JOSE DE CALDAS (IED)", "GENERO": 5, "COD_LOCA": "10", "CLASE_TIPO": 1, "FECHA": "2025-03-31T00:00:00", "OPreescola": 0, "OPrimaria": 916, "OSecundari": 0, "OMedia": 0, "OTotal": 916, "Aceleracio": 0, "DANE12_EST": "111001010740", "Educacion_": 0 }, "geometry": { "type": "Point", "coordinates": [ -8248061.823000000789762, 520765.839099999517202 ] } },
{ "type": "Feature", "properties": { "NOMBRE_EST": "COLEGIO INSTITUTO TECNICO INDUSTRIAL FRANCISCO JOSE DE CALDAS (IED)", "GENERO": 5, "COD_LOCA": "10", "CLASE_TIPO": 1, "FECHA": "2025-03-31T00:00:00", "OPreescola": 0, "OPrimaria": 560, "OSecundari": 0, "OMedia": 0, "OTotal": 560, "Aceleracio": 0, "DANE12_EST": "111001010740", "Educacion_": 0 }, "geometry": { "type": "Point", "coordinates": [ -8247655.506899999454618, 521179.096000000834465 ] } },
{ "type": "Feature", "properties": { "NOMBRE_EST": "COLEGIO INSTITUTO TECNICO INDUSTRIAL FRANCISCO JOSE DE CALDAS (IED)", "GENERO": 5, "COD_LOCA": "10", "CLASE_TIPO": 1, "FECHA": "2025-03-31T00:00:00", "OPreescola": 301, "OPrimaria": 140, "OSecundari": 0, "OMedia": 0, "OTotal": 441, "Aceleracio": 0, "DANE12_EST": "111001010740", "Educacion_": 0 }, "geometry": { "type": "Point", "coordinates": [ -8247655.506899999454618, 521179.096000000834465 ] } },
{ "type": "Feature", "properties": { "NOMBRE_EST": "COLEGIO MIGUEL ANTONIO CARO (IED)", "GENERO": 5, "COD_LOCA": "10", "CLASE_TIPO": 1, "FECHA": "2025-03-31T00:00:00", "OPreescola": 95, "OPrimaria": 576, "OSecundari": 448, "OMedia": 224, "OTotal": 1535, "Aceleracio": 0, "DANE12_EST": "111001011070", "Educacion_": 192 }, "geometry": { "type": "Point", "coordinates": [ -8249323.07289999909699, 524716.440900001674891 ] } },
{ "type": "Feature", "properties": { "NOMBRE_EST": "COLEGIO JOSE ASUNCION SILVA (IED)", "GENERO": 5, "COD_LOCA": "10", "CLASE_TIPO": 1, "FECHA": "2025-03-31T00:00:00", "OPreescola": 30, "OPrimaria": 180, "OSecundari": 280, "OMedia": 140, "OTotal": 630, "Aceleracio": 0, "DANE12_EST": "111001011771", "Educacion_": 0 }, "geometry": { "type": "Point", "coordinates": [ -8248612.854499999433756, 525212.374600000679493 ] } },
{ "type": "Feature", "properties": { "NOMBRE_EST": "COLEGIO JOSE ASUNCION SILVA (IED)", "GENERO": 5, "COD_LOCA": "10", "CLASE_TIPO": 1, "FECHA": "2025-03-31T00:00:00", "OPreescola": 100, "OPrimaria": 120, "OSecundari": 0, "OMedia": 0, "OTotal": 220, "Aceleracio": 0, "DANE12_EST": "111001011771", "Educacion_": 0 }, "geometry": { "type": "Point", "coordinates": [ -8248324.537000000476837, 525288.328600000590086 ] } },
{ "type": "Feature", "properties": { "NOMBRE_EST": "COLEGIO MORISCO (IED)", "GENERO": 5, "COD_LOCA": "10", "CLASE_TIPO": 1, "FECHA": "2025-03-31T00:00:00", "OPreescola": 75, "OPrimaria": 385, "OSecundari": 480, "OMedia": 235, "OTotal": 1175, "Aceleracio": 0, "DANE12_EST": "111001012441", "Educacion_": 0 }, "geometry": { "type": "Point", "coordinates": [ -8247721.185399999842048, 524420.445999998599291 ] } },
{ "type": "Feature", "properties": { "NOMBRE_EST": "COLEGIO SAN JOSE NORTE (IED)", "GENERO": 5, "COD_LOCA": "10", "CLASE_TIPO": 1, "FECHA": "2025-03-31T00:00:00", "OPreescola": 0, "OPrimaria": 109, "OSecundari": 470, "OMedia": 300, "OTotal": 879, "Aceleracio": 0, "DANE12_EST": "111001012459", "Educacion_": 0 }, "geometry": { "type": "Point", "coordinates": [ -8248996.9068, 523708.945799998939037 ] } },
{ "type": "Feature", "properties": { "NOMBRE_EST": "COLEGIO SAN JOSE NORTE (IED)", "GENERO": 5, "COD_LOCA": "10", "CLASE_TIPO": 1, "FECHA": "2025-03-31T00:00:00", "OPreescola": 75, "OPrimaria": 315, "OSecundari": 0, "OMedia": 0, "OTotal": 415, "Aceleracio": 25, "DANE12_EST": "111001012459", "Educacion_": 0 }, "geometry": { "type": "Point", "coordinates": [ -8249082.6228, 523335.885600000619888 ] } },
{ "type": "Feature", "properties": { "NOMBRE_EST": "COLEGIO TABORA (IED)", "GENERO": 5, "COD_LOCA": "10", "CLASE_TIPO": 1, "FECHA": "2025-03-31T00:00:00", "OPreescola": 100, "OPrimaria": 569, "OSecundari": 517, "OMedia": 229, "OTotal": 1415, "Aceleracio": 0, "DANE12_EST": "111001012483", "Educacion_": 0 }, "geometry": { "type": "Point", "coordinates": [ -8248550.515599999576807, 523124.783399999141693 ] } },
{ "type": "Feature", "properties": { "NOMBRE_EST": "COLEGIO TABORA (IED)", "GENERO": 5, "COD_LOCA": "10", "CLASE_TIPO": 1, "FECHA": "2025-03-31T00:00:00", "OPreescola": 100, "OPrimaria": 280, "OSecundari": 0, "OMedia": 0, "OTotal": 430, "Aceleracio": 50, "DANE12_EST": "111001012483", "Educacion_": 0 }, "geometry": { "type": "Point", "coordinates": [ -8248192.066800000146031, 522858.951799999922514 ] } },
{ "type": "Feature", "properties": { "NOMBRE_EST": "COLEGIO NACIONES UNIDAS (IED)", "GENERO": 5, "COD_LOCA": "10", "CLASE_TIPO": 1, "FECHA": "2025-03-31T00:00:00", "OPreescola": 276, "OPrimaria": 210, "OSecundari": 0, "OMedia": 0, "OTotal": 486, "Aceleracio": 0, "DANE12_EST": "111001013293", "Educacion_": 0 }, "geometry": { "type": "Point", "coordinates": [ -8247342.699100000783801, 521642.616399999707937 ] } },
{ "type": "Feature", "properties": { "NOMBRE_EST": "COLEGIO NACIONES UNIDAS (IED)", "GENERO": 5, "COD_LOCA": "10", "CLASE_TIPO": 1, "FECHA": "2025-03-31T00:00:00", "OPreescola": 0, "OPrimaria": 215, "OSecundari": 320, "OMedia": 120, "OTotal": 655, "Aceleracio": 0, "DANE12_EST": "111001013293", "Educacion_": 0 }, "geometry": { "type": "Point", "coordinates": [ -8247502.999199999496341, 522043.591699998825788 ] } },
{ "type": "Feature", "properties": { "NOMBRE_EST": "COLEGIO FLORIDABLANCA (IED)", "GENERO": 5, "COD_LOCA": "10", "CLASE_TIPO": 1, "FECHA": "2025-03-31T00:00:00", "OPreescola": 0, "OPrimaria": 0, "OSecundari": 839, "OMedia": 377, "OTotal": 1216, "Aceleracio": 0, "DANE12_EST": "111001015458", "Educacion_": 0 }, "geometry": { "type": "Point", "coordinates": [ -8250361.683700000867248, 523567.093400001525879 ] } },
{ "type": "Feature", "properties": { "NOMBRE_EST": "COLEGIO FLORIDABLANCA (IED)", "GENERO": 5, "COD_LOCA": "10", "CLASE_TIPO": 1, "FECHA": "2025-03-31T00:00:00", "OPreescola": 0, "OPrimaria": 630, "OSecundari": 0, "OMedia": 0, "OTotal": 630, "Aceleracio": 0, "DANE12_EST": "111001015458", "Educacion_": 0 }, "geometry": { "type": "Point", "coordinates": [ -8250056.668299999088049, 522837.730000000447035 ] } },
{ "type": "Feature", "properties": { "NOMBRE_EST": "COLEGIO FLORIDABLANCA (IED)", "GENERO": 5, "COD_LOCA": "10", "CLASE_TIPO": 1, "FECHA": "2025-03-31T00:00:00", "OPreescola": 150, "OPrimaria": 210, "OSecundari": 0, "OMedia": 0, "OTotal": 360, "Aceleracio": 0, "DANE12_EST": "111001015458", "Educacion_": 0 }, "geometry": { "type": "Point", "coordinates": [ -8249927.537699999287724, 523435.293699998408556 ] } },
{ "type": "Feature", "properties": { "NOMBRE_EST": "COLEGIO JORGE GAITAN CORTES (IED)", "GENERO": 5, "COD_LOCA": "10", "CLASE_TIPO": 1, "FECHA": "2025-03-31T00:00:00", "OPreescola": 0, "OPrimaria": 512, "OSecundari": 0, "OMedia": 0, "OTotal": 512, "Aceleracio": 0, "DANE12_EST": "111001015806", "Educacion_": 0 }, "geometry": { "type": "Point", "coordinates": [ -8248676.306600000709295, 524776.756999999284744 ] } },
{ "type": "Feature", "properties": { "NOMBRE_EST": "COLEGIO JORGE GAITAN CORTES (IED)", "GENERO": 5, "COD_LOCA": "10", "CLASE_TIPO": 1, "FECHA": "2025-03-31T00:00:00", "OPreescola": 105, "OPrimaria": 0, "OSecundari": 0, "OMedia": 0, "OTotal": 105, "Aceleracio": 0, "DANE12_EST": "111001015806", "Educacion_": 0 }, "geometry": { "type": "Point", "coordinates": [ -8248537.157299999147654, 524326.621399998664856 ] } },
{ "type": "Feature", "properties": { "NOMBRE_EST": "COLEGIO JORGE GAITAN CORTES (IED)", "GENERO": 5, "COD_LOCA": "10", "CLASE_TIPO": 1, "FECHA": "2025-03-31T00:00:00", "OPreescola": 0, "OPrimaria": 0, "OSecundari": 432, "OMedia": 198, "OTotal": 630, "Aceleracio": 0, "DANE12_EST": "111001015806", "Educacion_": 0 }, "geometry": { "type": "Point", "coordinates": [ -8248380.19679999910295, 524134.504799999296665 ] } },
{ "type": "Feature", "properties": { "NOMBRE_EST": "COLEGIO REPUBLICA DE CHINA (IED)", "GENERO": 5, "COD_LOCA": "10", "CLASE_TIPO": 1, "FECHA": "2025-03-31T00:00:00", "OPreescola": 22, "OPrimaria": 490, "OSecundari": 815, "OMedia": 400, "OTotal": 1727, "Aceleracio": 0, "DANE12_EST": "111001015814", "Educacion_": 0 }, "geometry": { "type": "Point", "coordinates": [ -8249199.508199999108911, 524649.423099998384714 ] } },
{ "type": "Feature", "properties": { "NOMBRE_EST": "COLEGIO REPUBLICA DE CHINA (IED)", "GENERO": 5, "COD_LOCA": "10", "CLASE_TIPO": 1, "FECHA": "2025-03-31T00:00:00", "OPreescola": 140, "OPrimaria": 216, "OSecundari": 0, "OMedia": 0, "OTotal": 356, "Aceleracio": 0, "DANE12_EST": "111001015814", "Educacion_": 0 }, "geometry": { "type": "Point", "coordinates": [ -8249442.184699999168515, 524462.890500001609325 ] } },
{ "type": "Feature", "properties": { "NOMBRE_EST": "COLEGIO MAGDALENA ORTEGA DE NARIÑO (IED)", "GENERO": 5, "COD_LOCA": "10", "CLASE_TIPO": 1, "FECHA": "2025-03-31T00:00:00", "OPreescola": 70, "OPrimaria": 620, "OSecundari": 600, "OMedia": 480, "OTotal": 2260, "Aceleracio": 0, "DANE12_EST": "111001017795", "Educacion_": 490 }, "geometry": { "type": "Point", "coordinates": [ -8246906.3267, 522297.134300000965595 ] } },
{ "type": "Feature", "properties": { "NOMBRE_EST": "COLEGIO VILLA AMALIA (IED)", "GENERO": 5, "COD_LOCA": "10", "CLASE_TIPO": 1, "FECHA": "2025-03-31T00:00:00", "OPreescola": 75, "OPrimaria": 653, "OSecundari": 482, "OMedia": 231, "OTotal": 1441, "Aceleracio": 0, "DANE12_EST": "111001025216", "Educacion_": 0 }, "geometry": { "type": "Point", "coordinates": [ -8251654.103000000119209, 525012.436999998986721 ] } },
{ "type": "Feature", "properties": { "NOMBRE_EST": "COLEGIO GARCES NAVAS (IED)", "GENERO": 5, "COD_LOCA": "10", "CLASE_TIPO": 1, "FECHA": "2025-03-31T00:00:00", "OPreescola": 32, "OPrimaria": 562, "OSecundari": 720, "OMedia": 420, "OTotal": 1734, "Aceleracio": 0, "DANE12_EST": "111001033979", "Educacion_": 0 }, "geometry": { "type": "Point", "coordinates": [ -8250688.962999999523163, 524953.237700000405312 ] } },
{ "type": "Feature", "properties": { "NOMBRE_EST": "COLEGIO GARCES NAVAS (IED)", "GENERO": 5, "COD_LOCA": "10", "CLASE_TIPO": 1, "FECHA": "2025-03-31T00:00:00", "OPreescola": 225, "OPrimaria": 196, "OSecundari": 0, "OMedia": 0, "OTotal": 421, "Aceleracio": 0, "DANE12_EST": "111001033979", "Educacion_": 0 }, "geometry": { "type": "Point", "coordinates": [ -8250605.473400000482798, 525081.688999999314547 ] } },
{ "type": "Feature", "properties": { "NOMBRE_EST": "COLEGIO GUILLERMO LEON VALENCIA (IED)", "GENERO": 5, "COD_LOCA": "10", "CLASE_TIPO": 1, "FECHA": "2025-03-31T00:00:00", "OPreescola": 52, "OPrimaria": 187, "OSecundari": 232, "OMedia": 75, "OTotal": 546, "Aceleracio": 0, "DANE12_EST": "111001034002", "Educacion_": 0 }, "geometry": { "type": "Point", "coordinates": [ -8249720.4835, 524285.293999999761581 ] } },
{ "type": "Feature", "properties": { "NOMBRE_EST": "COLEGIO NESTOR FORERO ALCALA (IED)", "GENERO": 5, "COD_LOCA": "10", "CLASE_TIPO": 1, "FECHA": "2025-03-31T00:00:00", "OPreescola": 0, "OPrimaria": 0, "OSecundari": 293, "OMedia": 113, "OTotal": 406, "Aceleracio": 0, "DANE12_EST": "111001035521", "Educacion_": 0 }, "geometry": { "type": "Point", "coordinates": [ -8248052.917500000447035, 521977.69310000166297 ] } },
{ "type": "Feature", "properties": { "NOMBRE_EST": "COLEGIO NESTOR FORERO ALCALA (IED)", "GENERO": 5, "COD_LOCA": "10", "CLASE_TIPO": 1, "FECHA": "2025-03-31T00:00:00", "OPreescola": 49, "OPrimaria": 161, "OSecundari": 0, "OMedia": 0, "OTotal": 210, "Aceleracio": 0, "DANE12_EST": "111001035521", "Educacion_": 0 }, "geometry": { "type": "Point", "coordinates": [ -8248022.86119999922812, 521777.763900000602007 ] } },
{ "type": "Feature", "properties": { "NOMBRE_EST": "COLEGIO NESTOR FORERO ALCALA (IED)", "GENERO": 5, "COD_LOCA": "10", "CLASE_TIPO": 1, "FECHA": "2025-03-31T00:00:00", "OPreescola": 0, "OPrimaria": 174, "OSecundari": 0, "OMedia": 0, "OTotal": 174, "Aceleracio": 0, "DANE12_EST": "111001035521", "Educacion_": 0 }, "geometry": { "type": "Point", "coordinates": [ -8248116.369599999859929, 521714.099300000816584 ] } },
{ "type": "Feature", "properties": { "NOMBRE_EST": "COLEGIO INSTITUTO TECNICO DISTRITAL REPUBLICA DE GUATEMALA (IED)", "GENERO": 5, "COD_LOCA": "10", "CLASE_TIPO": 1, "FECHA": "2025-03-31T00:00:00", "OPreescola": 125, "OPrimaria": 525, "OSecundari": 444, "OMedia": 300, "OTotal": 1394, "Aceleracio": 0, "DANE12_EST": "111001036625", "Educacion_": 0 }, "geometry": { "type": "Point", "coordinates": [ -8247304.85050000064075, 522690.294399999082088 ] } },
{ "type": "Feature", "properties": { "NOMBRE_EST": "COLEGIO MANUELA AYALA DE GAITAN (IED)", "GENERO": 5, "COD_LOCA": "10", "CLASE_TIPO": 1, "FECHA": "2025-03-31T00:00:00", "OPreescola": 0, "OPrimaria": 132, "OSecundari": 508, "OMedia": 297, "OTotal": 937, "Aceleracio": 0, "DANE12_EST": "111001046299", "Educacion_": 0 }, "geometry": { "type": "Point", "coordinates": [ -8248723.060799999162555, 522470.258499998599291 ] } },
{ "type": "Feature", "properties": { "NOMBRE_EST": "COLEGIO MANUELA AYALA DE GAITAN (IED)", "GENERO": 5, "COD_LOCA": "10", "CLASE_TIPO": 1, "FECHA": "2025-03-31T00:00:00", "OPreescola": 75, "OPrimaria": 525, "OSecundari": 0, "OMedia": 0, "OTotal": 600, "Aceleracio": 0, "DANE12_EST": "111001046299", "Educacion_": 0 }, "geometry": { "type": "Point", "coordinates": [ -8249139.395700000226498, 522546.21000000089407 ] } },
{ "type": "Feature", "properties": { "NOMBRE_EST": "COLEGIO LAS MERCEDES (IED)", "GENERO": 5, "COD_LOCA": "10", "CLASE_TIPO": 2, "FECHA": "2025-03-31T00:00:00", "OPreescola": 75, "OPrimaria": 535, "OSecundari": 391, "OMedia": 199, "OTotal": 1200, "Aceleracio": 0, "DANE12_EST": "111001098922", "Educacion_": 0 }, "geometry": { "type": "Point", "coordinates": [ -8251578.405799999833107, 523817.28999999910593 ] } },
{ "type": "Feature", "properties": { "NOMBRE_EST": "COLEGIO TORQUIGUA (IED)", "GENERO": 5, "COD_LOCA": "10", "CLASE_TIPO": 2, "FECHA": "2025-03-31T00:00:00", "OPreescola": 73, "OPrimaria": 461, "OSecundari": 375, "OMedia": 201, "OTotal": 1110, "Aceleracio": 0, "DANE12_EST": "111001098931", "Educacion_": 0 }, "geometry": { "type": "Point", "coordinates": [ -8253662.306600000709295, 526203.134399998933077 ] } },
{ "type": "Feature", "properties": { "NOMBRE_EST": "COLEGIO BOLIVIA (IED)", "GENERO": 5, "COD_LOCA": "10", "CLASE_TIPO": 1, "FECHA": "2025-03-31T00:00:00", "OPreescola": 0, "OPrimaria": 137, "OSecundari": 210, "OMedia": 105, "OTotal": 452, "Aceleracio": 0, "DANE12_EST": "111001104035", "Educacion_": 0 }, "geometry": { "type": "Point", "coordinates": [ -8246778.309299999848008, 522044.708700001239777 ] } },
{ "type": "Feature", "properties": { "NOMBRE_EST": "COLEGIO TOMAS CIPRIANO DE MOSQUERA (IED)", "GENERO": 5, "COD_LOCA": "10", "CLASE_TIPO": 1, "FECHA": "2025-03-31T00:00:00", "OPreescola": 407, "OPrimaria": 762, "OSecundari": 655, "OMedia": 312, "OTotal": 2136, "Aceleracio": 0, "DANE12_EST": "111001108456", "Educacion_": 0 }, "geometry": { "type": "Point", "coordinates": [ -8252623.695800000801682, 524697.452500000596046 ] } },
{ "type": "Feature", "properties": { "NOMBRE_EST": "COLEGIO CHARRY (IED)", "GENERO": 5, "COD_LOCA": "10", "CLASE_TIPO": 1, "FECHA": "2025-03-31T00:00:00", "OPreescola": 150, "OPrimaria": 702, "OSecundari": 640, "OMedia": 400, "OTotal": 2741, "Aceleracio": 0, "DANE12_EST": "111001108901", "Educacion_": 849 }, "geometry": { "type": "Point", "coordinates": [ -8251035.166600000113249, 525355.346999999135733 ] } },
{ "type": "Feature", "properties": { "NOMBRE_EST": "COLEGIO RODOLFO LLINAS (IED)", "GENERO": 5, "COD_LOCA": "10", "CLASE_TIPO": 1, "FECHA": "2025-03-31T00:00:00", "OPreescola": 150, "OPrimaria": 877, "OSecundari": 0, "OMedia": 0, "OTotal": 1027, "Aceleracio": 0, "DANE12_EST": "111001109550", "Educacion_": 0 }, "geometry": { "type": "Point", "coordinates": [ -8249783.935599999502301, 525993.141399998217821 ] } },
{ "type": "Feature", "properties": { "NOMBRE_EST": "COLEGIO RODOLFO LLINAS (IED)", "GENERO": 5, "COD_LOCA": "10", "CLASE_TIPO": 1, "FECHA": "2025-03-31T00:00:00", "OPreescola": 0, "OPrimaria": 0, "OSecundari": 879, "OMedia": 455, "OTotal": 1334, "Aceleracio": 0, "DANE12_EST": "111001109550", "Educacion_": 0 }, "geometry": { "type": "Point", "coordinates": [ -8249555.730599999427795, 525920.537599999457598 ] } },
{ "type": "Feature", "properties": { "NOMBRE_EST": "COLEGIO ABEL RODRIGUEZ CESPEDES (IED)", "GENERO": 5, "COD_LOCA": "10", "CLASE_TIPO": 1, "FECHA": "2025-03-31T00:00:00", "OPreescola": 208, "OPrimaria": 400, "OSecundari": 322, "OMedia": 160, "OTotal": 1090, "Aceleracio": 0, "DANE12_EST": "111001801055", "Educacion_": 0 }, "geometry": { "type": "Point", "coordinates": [ -8252077.11710000038147, 525588.794799998402596 ] } },
{ "type": "Feature", "properties": { "NOMBRE_EST": "COLEGIO LUCILA RUBIO DE LAVERDE (IED)", "GENERO": 5, "COD_LOCA": "10", "CLASE_TIPO": 1, "FECHA": "2025-03-31T00:00:00", "OPreescola": 160, "OPrimaria": 390, "OSecundari": 314, "OMedia": 200, "OTotal": 1114, "Aceleracio": 50, "DANE12_EST": "111001801071", "Educacion_": 0 }, "geometry": { "type": "Point", "coordinates": [ -8252829.636800000444055, 526598.548200000077486 ] } },
{ "type": "Feature", "properties": { "NOMBRE_EST": "COLEGIO LA PALESTINA (IED)", "GENERO": 5, "COD_LOCA": "10", "CLASE_TIPO": 1, "FECHA": "2025-03-31T00:00:00", "OPreescola": 0, "OPrimaria": 0, "OSecundari": 140, "OMedia": 360, "OTotal": 500, "Aceleracio": 0, "DANE12_EST": "111265000017", "Educacion_": 0 }, "geometry": { "type": "Point", "coordinates": [ -8248058.4835, 523474.386799998581409 ] } },
{ "type": "Feature", "properties": { "NOMBRE_EST": "COLEGIO LA PALESTINA (IED)", "GENERO": 5, "COD_LOCA": "10", "CLASE_TIPO": 1, "FECHA": "2025-03-31T00:00:00", "OPreescola": 136, "OPrimaria": 585, "OSecundari": 336, "OMedia": 0, "OTotal": 1057, "Aceleracio": 0, "DANE12_EST": "111265000017", "Educacion_": 0 }, "geometry": { "type": "Point", "coordinates": [ -8248109.690400000661612, 523760.325500000268221 ] } },
{ "type": "Feature", "properties": { "NOMBRE_EST": "COLEGIO GENERAL SANTANDER (IED)", "GENERO": 5, "COD_LOCA": "10", "CLASE_TIPO": 1, "FECHA": "2025-03-31T00:00:00", "OPreescola": 101, "OPrimaria": 0, "OSecundari": 1443, "OMedia": 518, "OTotal": 2062, "Aceleracio": 0, "DANE12_EST": "111265000025", "Educacion_": 0 }, "geometry": { "type": "Point", "coordinates": [ -8253276.028000000864267, 525633.473900001496077 ] } },
{ "type": "Feature", "properties": { "NOMBRE_EST": "COLEGIO GENERAL SANTANDER (IED)", "GENERO": 5, "COD_LOCA": "10", "CLASE_TIPO": 1, "FECHA": "2025-03-31T00:00:00", "OPreescola": 275, "OPrimaria": 1489, "OSecundari": 0, "OMedia": 0, "OTotal": 1815, "Aceleracio": 51, "DANE12_EST": "111265000025", "Educacion_": 0 }, "geometry": { "type": "Point", "coordinates": [ -8253395.139799999073148, 525467.044399999082088 ] } },
{ "type": "Feature", "properties": { "NOMBRE_EST": "COLEGIO GENERAL SANTANDER (IED)", "GENERO": 5, "COD_LOCA": "10", "CLASE_TIPO": 1, "FECHA": "2025-03-31T00:00:00", "OPreescola": 180, "OPrimaria": 0, "OSecundari": 0, "OMedia": 0, "OTotal": 1100, "Aceleracio": 0, "DANE12_EST": "111265000025", "Educacion_": 920 }, "geometry": { "type": "Point", "coordinates": [ -8252995.502900000661612, 525752.990499999374151 ] } },
{ "type": "Feature", "properties": { "NOMBRE_EST": "COLEGIO ANTONIO VILLAVICENCIO (IED)", "GENERO": 5, "COD_LOCA": "10", "CLASE_TIPO": 1, "FECHA": "2025-03-31T00:00:00", "OPreescola": 64, "OPrimaria": 600, "OSecundari": 0, "OMedia": 0, "OTotal": 840, "Aceleracio": 0, "DANE12_EST": "111265000343", "Educacion_": 176 }, "geometry": { "type": "Point", "coordinates": [ -8252585.847100000828505, 524359.013199999928474 ] } },
{ "type": "Feature", "properties": { "NOMBRE_EST": "COLEGIO ANTONIO VILLAVICENCIO (IED)", "GENERO": 5, "COD_LOCA": "10", "CLASE_TIPO": 1, "FECHA": "2025-03-31T00:00:00", "OPreescola": 200, "OPrimaria": 0, "OSecundari": 0, "OMedia": 0, "OTotal": 200, "Aceleracio": 0, "DANE12_EST": "111265000343", "Educacion_": 0 }, "geometry": { "type": "Point", "coordinates": [ -8253264.895999999716878, 524819.201699998229742 ] } },
{ "type": "Feature", "properties": { "NOMBRE_EST": "COLEGIO ANTONIO VILLAVICENCIO (IED)", "GENERO": 5, "COD_LOCA": "10", "CLASE_TIPO": 1, "FECHA": "2025-03-31T00:00:00", "OPreescola": 0, "OPrimaria": 0, "OSecundari": 540, "OMedia": 191, "OTotal": 731, "Aceleracio": 0, "DANE12_EST": "111265000343", "Educacion_": 0 }, "geometry": { "type": "Point", "coordinates": [ -8251711.989099999889731, 524710.856100000441074 ] } },
{ "type": "Feature", "properties": { "NOMBRE_EST": "COLEGIO SIMON BOLIVAR (IED)", "GENERO": 5, "COD_LOCA": "10", "CLASE_TIPO": 1, "FECHA": "2025-03-31T00:00:00", "OPreescola": 20, "OPrimaria": 0, "OSecundari": 520, "OMedia": 200, "OTotal": 890, "Aceleracio": 150, "DANE12_EST": "111265000394", "Educacion_": 0 }, "geometry": { "type": "Point", "coordinates": [ -8248755.343499999493361, 525071.636300001293421 ] } },
{ "type": "Feature", "properties": { "NOMBRE_EST": "COLEGIO SIMON BOLIVAR (IED)", "GENERO": 5, "COD_LOCA": "10", "CLASE_TIPO": 1, "FECHA": "2025-03-31T00:00:00", "OPreescola": 75, "OPrimaria": 560, "OSecundari": 0, "OMedia": 0, "OTotal": 685, "Aceleracio": 50, "DANE12_EST": "111265000394", "Educacion_": 0 }, "geometry": { "type": "Point", "coordinates": [ -8248205.425200000405312, 524753.300799999386072 ] } },
{ "type": "Feature", "properties": { "NOMBRE_EST": "COLEGIO NIDIA QUINTERO DE TURBAY (IED)", "GENERO": 5, "COD_LOCA": "10", "CLASE_TIPO": 1, "FECHA": "2025-03-31T00:00:00", "OPreescola": 176, "OPrimaria": 525, "OSecundari": 480, "OMedia": 360, "OTotal": 1541, "Aceleracio": 0, "DANE12_EST": "111265000408", "Educacion_": 0 }, "geometry": { "type": "Point", "coordinates": [ -8249682.634800000116229, 524011.639800000935793 ] } },
{ "type": "Feature", "properties": { "NOMBRE_EST": "COLEGIO LA GAITANA (IED)", "GENERO": 5, "COD_LOCA": "11", "CLASE_TIPO": 1, "FECHA": "2025-03-31T00:00:00", "OPreescola": 32, "OPrimaria": 0, "OSecundari": 880, "OMedia": 400, "OTotal": 1312, "Aceleracio": 0, "DANE12_EST": "111001002330", "Educacion_": 0 }, "geometry": { "type": "Point", "coordinates": [ -8249732.72859999909997, 528505.275699999183416 ] } },
{ "type": "Feature", "properties": { "NOMBRE_EST": "COLEGIO LA GAITANA (IED)", "GENERO": 5, "COD_LOCA": "11", "CLASE_TIPO": 1, "FECHA": "2025-03-31T00:00:00", "OPreescola": 158, "OPrimaria": 784, "OSecundari": 0, "OMedia": 0, "OTotal": 942, "Aceleracio": 0, "DANE12_EST": "111001002330", "Educacion_": 0 }, "geometry": { "type": "Point", "coordinates": [ -8249508.976399999111891, 528246.12779999896884 ] } },
{ "type": "Feature", "properties": { "NOMBRE_EST": "COLEGIO INSTITUTO TECNICO DISTRITAL JULIO FLOREZ (IED)", "GENERO": 5, "COD_LOCA": "11", "CLASE_TIPO": 1, "FECHA": "2025-03-31T00:00:00", "OPreescola": 134, "OPrimaria": 534, "OSecundari": 0, "OMedia": 0, "OTotal": 668, "Aceleracio": 0, "DANE12_EST": "111001015776", "Educacion_": 0 }, "geometry": { "type": "Point", "coordinates": [ -8245892.206199999898672, 523338.11939999833703 ] } },
{ "type": "Feature", "properties": { "NOMBRE_EST": "COLEGIO INSTITUTO TECNICO DISTRITAL JULIO FLOREZ (IED)", "GENERO": 5, "COD_LOCA": "11", "CLASE_TIPO": 1, "FECHA": "2025-03-31T00:00:00", "OPreescola": 0, "OPrimaria": 0, "OSecundari": 480, "OMedia": 250, "OTotal": 730, "Aceleracio": 0, "DANE12_EST": "111001015776", "Educacion_": 0 }, "geometry": { "type": "Point", "coordinates": [ -8246276.258400000631809, 522358.565400000661612 ] } },
{ "type": "Feature", "properties": { "NOMBRE_EST": "COLEGIO ALBERTO LLERAS CAMARGO (IED)", "GENERO": 5, "COD_LOCA": "11", "CLASE_TIPO": 1, "FECHA": "2025-03-31T00:00:00", "OPreescola": 374, "OPrimaria": 1246, "OSecundari": 1160, "OMedia": 600, "OTotal": 3380, "Aceleracio": 0, "DANE12_EST": "111001025020", "Educacion_": 0 }, "geometry": { "type": "Point", "coordinates": [ -8249050.340099999681115, 528647.137200001627207 ] } },
{ "type": "Feature", "properties": { "NOMBRE_EST": "COLEGIO TIBABUYES UNIVERSAL (IED)", "GENERO": 5, "COD_LOCA": "11", "CLASE_TIPO": 1, "FECHA": "2025-03-31T00:00:00", "OPreescola": 206, "OPrimaria": 598, "OSecundari": 552, "OMedia": 341, "OTotal": 1697, "Aceleracio": 0, "DANE12_EST": "111001045225", "Educacion_": 0 }, "geometry": { "type": "Point", "coordinates": [ -8249939.7829, 528950.967500001192093 ] } },
{ "type": "Feature", "properties": { "NOMBRE_EST": "COLEGIO TIBABUYES UNIVERSAL (IED)", "GENERO": 5, "COD_LOCA": "11", "CLASE_TIPO": 1, "FECHA": "2025-03-31T00:00:00", "OPreescola": 140, "OPrimaria": 410, "OSecundari": 371, "OMedia": 56, "OTotal": 977, "Aceleracio": 0, "DANE12_EST": "111001045225", "Educacion_": 0 }, "geometry": { "type": "Point", "coordinates": [ -8249313.054099999368191, 528507.509799998253584 ] } },
{ "type": "Feature", "properties": { "NOMBRE_EST": "COLEGIO TIBABUYES UNIVERSAL (IED)", "GENERO": 5, "COD_LOCA": "11", "CLASE_TIPO": 1, "FECHA": "2025-03-31T00:00:00", "OPreescola": 216, "OPrimaria": 496, "OSecundari": 423, "OMedia": 144, "OTotal": 1279, "Aceleracio": 0, "DANE12_EST": "111001045225", "Educacion_": 0 }, "geometry": { "type": "Point", "coordinates": [ -8248687.4386, 528606.924499999731779 ] } },
{ "type": "Feature", "properties": { "NOMBRE_EST": "COLEGIO NUEVA COLOMBIA (IED)", "GENERO": 5, "COD_LOCA": "11", "CLASE_TIPO": 1, "FECHA": "2025-03-31T00:00:00", "OPreescola": 0, "OPrimaria": 618, "OSecundari": 1118, "OMedia": 390, "OTotal": 2151, "Aceleracio": 25, "DANE12_EST": "111001075272", "Educacion_": 0 }, "geometry": { "type": "Point", "coordinates": [ -8248703.023299999535084, 526974.97520000115037 ] } },
{ "type": "Feature", "properties": { "NOMBRE_EST": "COLEGIO NUEVA COLOMBIA (IED)", "GENERO": 5, "COD_LOCA": "11", "CLASE_TIPO": 1, "FECHA": "2025-03-31T00:00:00", "OPreescola": 320, "OPrimaria": 473, "OSecundari": 0, "OMedia": 0, "OTotal": 793, "Aceleracio": 0, "DANE12_EST": "111001075272", "Educacion_": 0 }, "geometry": { "type": "Point", "coordinates": [ -8248906.737999999895692, 527663.048200000077486 ] } },
{ "type": "Feature", "properties": { "NOMBRE_EST": "COLEGIO GUSTAVO MORALES MORALES (IED)", "GENERO": 5, "COD_LOCA": "11", "CLASE_TIPO": 1, "FECHA": "2025-03-31T00:00:00", "OPreescola": 0, "OPrimaria": 770, "OSecundari": 920, "OMedia": 321, "OTotal": 2011, "Aceleracio": 0, "DANE12_EST": "111001075515", "Educacion_": 0 }, "geometry": { "type": "Point", "coordinates": [ -8244810.180700000375509, 525653.579500000923872 ] } },
{ "type": "Feature", "properties": { "NOMBRE_EST": "COLEGIO GUSTAVO MORALES MORALES (IED)", "GENERO": 5, "COD_LOCA": "11", "CLASE_TIPO": 1, "FECHA": "2025-03-31T00:00:00", "OPreescola": 295, "OPrimaria": 112, "OSecundari": 0, "OMedia": 0, "OTotal": 407, "Aceleracio": 0, "DANE12_EST": "111001075515", "Educacion_": 0 }, "geometry": { "type": "Point", "coordinates": [ -8245410.192800000309944, 525948.462099999189377 ] } },
{ "type": "Feature", "properties": { "NOMBRE_EST": "COLEGIO RAMON DE ZUBIRIA (IED)", "GENERO": 5, "COD_LOCA": "11", "CLASE_TIPO": 1, "FECHA": "2025-03-31T00:00:00", "OPreescola": 0, "OPrimaria": 324, "OSecundari": 396, "OMedia": 219, "OTotal": 939, "Aceleracio": 0, "DANE12_EST": "111001086665", "Educacion_": 0 }, "geometry": { "type": "Point", "coordinates": [ -8247917.107699999585748, 526664.450800001621246 ] } },
{ "type": "Feature", "properties": { "NOMBRE_EST": "COLEGIO RAMON DE ZUBIRIA (IED)", "GENERO": 5, "COD_LOCA": "11", "CLASE_TIPO": 1, "FECHA": "2025-03-31T00:00:00", "OPreescola": 400, "OPrimaria": 1161, "OSecundari": 0, "OMedia": 0, "OTotal": 1561, "Aceleracio": 0, "DANE12_EST": "111001086665", "Educacion_": 0 }, "geometry": { "type": "Point", "coordinates": [ -8247297.0581, 526868.860599998384714 ] } },
{ "type": "Feature", "properties": { "NOMBRE_EST": "COLEGIO RAMON DE ZUBIRIA (IED)", "GENERO": 5, "COD_LOCA": "11", "CLASE_TIPO": 1, "FECHA": "2025-03-31T00:00:00", "OPreescola": 0, "OPrimaria": 0, "OSecundari": 803, "OMedia": 146, "OTotal": 949, "Aceleracio": 0, "DANE12_EST": "111001086665", "Educacion_": 0 }, "geometry": { "type": "Point", "coordinates": [ -8247308.190099999308586, 526808.542899999767542 ] } },
{ "type": "Feature", "properties": { "NOMBRE_EST": "COLEGIO VISTA BELLA (IED)", "GENERO": 5, "COD_LOCA": "11", "CLASE_TIPO": 1, "FECHA": "2025-03-31T00:00:00", "OPreescola": 0, "OPrimaria": 280, "OSecundari": 183, "OMedia": 9, "OTotal": 472, "Aceleracio": 0, "DANE12_EST": "111001092983", "Educacion_": 0 }, "geometry": { "type": "Point", "coordinates": [ -8243702.551799999549985, 529355.331700000911951 ] } },
{ "type": "Feature", "properties": { "NOMBRE_EST": "COLEGIO VISTA BELLA (IED)", "GENERO": 5, "COD_LOCA": "11", "CLASE_TIPO": 1, "FECHA": "2025-03-31T00:00:00", "OPreescola": 0, "OPrimaria": 0, "OSecundari": 480, "OMedia": 320, "OTotal": 800, "Aceleracio": 0, "DANE12_EST": "111001092983", "Educacion_": 0 }, "geometry": { "type": "Point", "coordinates": [ -8243766.003900000825524, 529235.809500001370907 ] } },
{ "type": "Feature", "properties": { "NOMBRE_EST": "COLEGIO VISTA BELLA (IED)", "GENERO": 5, "COD_LOCA": "11", "CLASE_TIPO": 1, "FECHA": "2025-03-31T00:00:00", "OPreescola": 100, "OPrimaria": 390, "OSecundari": 0, "OMedia": 0, "OTotal": 490, "Aceleracio": 0, "DANE12_EST": "111001092983", "Educacion_": 0 }, "geometry": { "type": "Point", "coordinates": [ -8243013.484099999070168, 529377.6722999997437 ] } },
{ "type": "Feature", "properties": { "NOMBRE_EST": "COLEGIO ALVARO GOMEZ HURTADO (IED)", "GENERO": 5, "COD_LOCA": "11", "CLASE_TIPO": 1, "FECHA": "2025-03-31T00:00:00", "OPreescola": 0, "OPrimaria": 320, "OSecundari": 1000, "OMedia": 440, "OTotal": 1760, "Aceleracio": 0, "DANE12_EST": "111001093084", "Educacion_": 0 }, "geometry": { "type": "Point", "coordinates": [ -8248439.196100000292063, 527177.151900000870228 ] } },
{ "type": "Feature", "properties": { "NOMBRE_EST": "COLEGIO ALVARO GOMEZ HURTADO (IED)", "GENERO": 5, "COD_LOCA": "11", "CLASE_TIPO": 1, "FECHA": "2025-03-31T00:00:00", "OPreescola": 180, "OPrimaria": 931, "OSecundari": 0, "OMedia": 0, "OTotal": 1111, "Aceleracio": 0, "DANE12_EST": "111001093084", "Educacion_": 0 }, "geometry": { "type": "Point", "coordinates": [ -8248039.559100000187755, 527715.547499999403954 ] } },
{ "type": "Feature", "properties": { "NOMBRE_EST": "COLEGIO ALVARO GOMEZ HURTADO (IED)", "GENERO": 5, "COD_LOCA": "11", "CLASE_TIPO": 1, "FECHA": "2025-03-31T00:00:00", "OPreescola": 0, "OPrimaria": 420, "OSecundari": 0, "OMedia": 0, "OTotal": 420, "Aceleracio": 0, "DANE12_EST": "111001093084", "Educacion_": 0 }, "geometry": { "type": "Point", "coordinates": [ -8248510.440600000321865, 527573.687699999660254 ] } },
{ "type": "Feature", "properties": { "NOMBRE_EST": "COLEGIO ALVARO GOMEZ HURTADO (IED)", "GENERO": 5, "COD_LOCA": "11", "CLASE_TIPO": 1, "FECHA": "2025-03-31T00:00:00", "OPreescola": 241, "OPrimaria": 0, "OSecundari": 0, "OMedia": 0, "OTotal": 241, "Aceleracio": 0, "DANE12_EST": "111001093084", "Educacion_": 0 }, "geometry": { "type": "Point", "coordinates": [ -8248384.649599999189377, 527438.530200000852346 ] } },
{ "type": "Feature", "properties": { "NOMBRE_EST": "COLEGIO LA TOSCANA - LISBOA (IED)", "GENERO": 5, "COD_LOCA": "11", "CLASE_TIPO": 1, "FECHA": "2025-03-31T00:00:00", "OPreescola": 124, "OPrimaria": 0, "OSecundari": 491, "OMedia": 280, "OTotal": 895, "Aceleracio": 0, "DANE12_EST": "111001094889", "Educacion_": 0 }, "geometry": { "type": "Point", "coordinates": [ -8250269.288499999791384, 528654.956399999558926 ] } },
{ "type": "Feature", "properties": { "NOMBRE_EST": "COLEGIO LA TOSCANA - LISBOA (IED)", "GENERO": 5, "COD_LOCA": "11", "CLASE_TIPO": 1, "FECHA": "2025-03-31T00:00:00", "OPreescola": 50, "OPrimaria": 631, "OSecundari": 0, "OMedia": 0, "OTotal": 681, "Aceleracio": 0, "DANE12_EST": "111001094889", "Educacion_": 0 }, "geometry": { "type": "Point", "coordinates": [ -8251198.80629999935627, 528301.97859999909997 ] } },
{ "type": "Feature", "properties": { "NOMBRE_EST": "COLEGIO LA TOSCANA - LISBOA (IED)", "GENERO": 5, "COD_LOCA": "11", "CLASE_TIPO": 1, "FECHA": "2025-03-31T00:00:00", "OPreescola": 25, "OPrimaria": 420, "OSecundari": 105, "OMedia": 0, "OTotal": 550, "Aceleracio": 0, "DANE12_EST": "111001094889", "Educacion_": 0 }, "geometry": { "type": "Point", "coordinates": [ -8250514.191400000825524, 528451.6587999984622 ] } },
{ "type": "Feature", "properties": { "NOMBRE_EST": "COLEGIO LA TOSCANA - LISBOA (IED)", "GENERO": 5, "COD_LOCA": "11", "CLASE_TIPO": 1, "FECHA": "2025-03-31T00:00:00", "OPreescola": 360, "OPrimaria": 0, "OSecundari": 0, "OMedia": 0, "OTotal": 360, "Aceleracio": 0, "DANE12_EST": "111001094889", "Educacion_": 0 }, "geometry": { "type": "Point", "coordinates": [ -8249910.839800000190735, 529063.787099998444319 ] } },
{ "type": "Feature", "properties": { "NOMBRE_EST": "COLEGIO BILBAO (IED)", "GENERO": 5, "COD_LOCA": "11", "CLASE_TIPO": 2, "FECHA": "2025-03-31T00:00:00", "OPreescola": 68, "OPrimaria": 443, "OSecundari": 518, "OMedia": 161, "OTotal": 1190, "Aceleracio": 0, "DANE12_EST": "111001098949", "Educacion_": 0 }, "geometry": { "type": "Point", "coordinates": [ -8249594.692399999126792, 529353.097600001841784 ] } },
{ "type": "Feature", "properties": { "NOMBRE_EST": "COLEGIO JOSE MARIA VELAZ (IED)", "GENERO": 5, "COD_LOCA": "11", "CLASE_TIPO": 2, "FECHA": "2025-03-31T00:00:00", "OPreescola": 138, "OPrimaria": 526, "OSecundari": 468, "OMedia": 204, "OTotal": 1336, "Aceleracio": 0, "DANE12_EST": "111001104043", "Educacion_": 0 }, "geometry": { "type": "Point", "coordinates": [ -8250174.666999999433756, 528774.477699998766184 ] } },
{ "type": "Feature", "properties": { "NOMBRE_EST": "COLEGIO DELIA ZAPATA OLIVELLA (IED)", "GENERO": 5, "COD_LOCA": "11", "CLASE_TIPO": 1, "FECHA": "2025-03-31T00:00:00", "OPreescola": 246, "OPrimaria": 840, "OSecundari": 801, "OMedia": 439, "OTotal": 2326, "Aceleracio": 0, "DANE12_EST": "111001104256", "Educacion_": 0 }, "geometry": { "type": "Point", "coordinates": [ -8250258.156600000336766, 529732.88910000026226 ] } },
{ "type": "Feature", "properties": { "NOMBRE_EST": "COLEGIO GERARDO MOLINA RAMIREZ (IED)", "GENERO": 5, "COD_LOCA": "11", "CLASE_TIPO": 1, "FECHA": "2025-03-31T00:00:00", "OPreescola": 414, "OPrimaria": 1192, "OSecundari": 1160, "OMedia": 600, "OTotal": 3366, "Aceleracio": 0, "DANE12_EST": "111001104264", "Educacion_": 0 }, "geometry": { "type": "Point", "coordinates": [ -8250535.3421, 529269.320300001651049 ] } },
{ "type": "Feature", "properties": { "NOMBRE_EST": "COLEGIO GONZALO ARANGO (IED)", "GENERO": 5, "COD_LOCA": "11", "CLASE_TIPO": 1, "FECHA": "2025-03-31T00:00:00", "OPreescola": 655, "OPrimaria": 1015, "OSecundari": 640, "OMedia": 360, "OTotal": 2670, "Aceleracio": 0, "DANE12_EST": "111001104388", "Educacion_": 0 }, "geometry": { "type": "Point", "coordinates": [ -8248180.934900000691414, 527160.396899998188019 ] } },
{ "type": "Feature", "properties": { "NOMBRE_EST": "COLEGIO VIRGINIA GUTIERREZ DE PINEDA (IED)", "GENERO": 5, "COD_LOCA": "11", "CLASE_TIPO": 1, "FECHA": "2025-03-31T00:00:00", "OPreescola": 128, "OPrimaria": 740, "OSecundari": 840, "OMedia": 440, "OTotal": 2148, "Aceleracio": 0, "DANE12_EST": "111001107069", "Educacion_": 0 }, "geometry": { "type": "Point", "coordinates": [ -8247803.561799999326468, 527285.500900000333786 ] } },
{ "type": "Feature", "properties": { "NOMBRE_EST": "COLEGIO VEINTIUN ANGELES (IED)", "GENERO": 5, "COD_LOCA": "11", "CLASE_TIPO": 1, "FECHA": "2025-03-31T00:00:00", "OPreescola": 139, "OPrimaria": 700, "OSecundari": 960, "OMedia": 449, "OTotal": 2248, "Aceleracio": 0, "DANE12_EST": "111001107077", "Educacion_": 0 }, "geometry": { "type": "Point", "coordinates": [ -8246586.839800000190735, 529312.884500000625849 ] } },
{ "type": "Feature", "properties": { "NOMBRE_EST": "COLEGIO VEINTIUN ANGELES (IED)", "GENERO": 5, "COD_LOCA": "11", "CLASE_TIPO": 1, "FECHA": "2025-03-31T00:00:00", "OPreescola": 56, "OPrimaria": 300, "OSecundari": 0, "OMedia": 0, "OTotal": 356, "Aceleracio": 0, "DANE12_EST": "111001107077", "Educacion_": 0 }, "geometry": { "type": "Point", "coordinates": [ -8246397.596699999645352, 529364.267900001257658 ] } },
{ "type": "Feature", "properties": { "NOMBRE_EST": "COLEGIO VEINTIUN ANGELES (IED)", "GENERO": 5, "COD_LOCA": "11", "CLASE_TIPO": 1, "FECHA": "2025-03-31T00:00:00", "OPreescola": 56, "OPrimaria": 300, "OSecundari": 0, "OMedia": 0, "OTotal": 356, "Aceleracio": 0, "DANE12_EST": "111001107077", "Educacion_": 0 }, "geometry": { "type": "Point", "coordinates": [ -8246083.675699999555945, 528041.714299999177456 ] } },
{ "type": "Feature", "properties": { "NOMBRE_EST": "COLEGIO VEINTIUN ANGELES (IED)", "GENERO": 5, "COD_LOCA": "11", "CLASE_TIPO": 1, "FECHA": "2025-03-31T00:00:00", "OPreescola": 209, "OPrimaria": 0, "OSecundari": 0, "OMedia": 0, "OTotal": 209, "Aceleracio": 0, "DANE12_EST": "111001107077", "Educacion_": 0 }, "geometry": { "type": "Point", "coordinates": [ -8246114.845100000500679, 529897.093699999153614 ] } },
{ "type": "Feature", "properties": { "NOMBRE_EST": "COLEGIO NICOLAS BUENAVENTURA (IED)", "GENERO": 5, "COD_LOCA": "11", "CLASE_TIPO": 1, "FECHA": "2025-03-31T00:00:00", "OPreescola": 236, "OPrimaria": 740, "OSecundari": 667, "OMedia": 296, "OTotal": 1939, "Aceleracio": 0, "DANE12_EST": "111001107786", "Educacion_": 0 }, "geometry": { "type": "Point", "coordinates": [ -8247775.731899999082088, 529825.603199999779463 ] } },
{ "type": "Feature", "properties": { "NOMBRE_EST": "COLEGIO NICOLAS BUENAVENTURA (IED)", "GENERO": 5, "COD_LOCA": "11", "CLASE_TIPO": 1, "FECHA": "2025-03-31T00:00:00", "OPreescola": 40, "OPrimaria": 321, "OSecundari": 0, "OMedia": 0, "OTotal": 361, "Aceleracio": 0, "DANE12_EST": "111001107786", "Educacion_": 0 }, "geometry": { "type": "Point", "coordinates": [ -8247796.8827, 533275.093699999153614 ] } },
{ "type": "Feature", "properties": { "NOMBRE_EST": "COLEGIO FILARMONICO JORGE MARIO BERGOGLIO (IED)", "GENERO": 5, "COD_LOCA": "11", "CLASE_TIPO": 1, "FECHA": "2025-03-31T00:00:00", "OPreescola": 112, "OPrimaria": 200, "OSecundari": 160, "OMedia": 81, "OTotal": 553, "Aceleracio": 0, "DANE12_EST": "111001800163", "Educacion_": 0 }, "geometry": { "type": "Point", "coordinates": [ -8249119.358200000599027, 529221.288100000470877 ] } },
{ "type": "Feature", "properties": { "NOMBRE_EST": "COLEGIO COMPARTIR SUBA (IED)", "GENERO": 5, "COD_LOCA": "11", "CLASE_TIPO": 1, "FECHA": "2025-03-31T00:00:00", "OPreescola": 119, "OPrimaria": 0, "OSecundari": 386, "OMedia": 192, "OTotal": 697, "Aceleracio": 0, "DANE12_EST": "111001800813", "Educacion_": 0 }, "geometry": { "type": "Point", "coordinates": [ -8249487.8257, 529928.370799999684095 ] } },
{ "type": "Feature", "properties": { "NOMBRE_EST": "COLEGIO COMPARTIR SUBA (IED)", "GENERO": 5, "COD_LOCA": "11", "CLASE_TIPO": 1, "FECHA": "2025-03-31T00:00:00", "OPreescola": 0, "OPrimaria": 405, "OSecundari": 0, "OMedia": 0, "OTotal": 476, "Aceleracio": 71, "DANE12_EST": "111001800813", "Educacion_": 0 }, "geometry": { "type": "Point", "coordinates": [ -8249251.828400000929832, 529749.64469999819994 ] } },
{ "type": "Feature", "properties": { "NOMBRE_EST": "COLEGIO JAIME NIÑO DIEZ (IED)", "GENERO": 5, "COD_LOCA": "11", "CLASE_TIPO": 1, "FECHA": "2025-03-31T00:00:00", "OPreescola": 120, "OPrimaria": 200, "OSecundari": 160, "OMedia": 80, "OTotal": 585, "Aceleracio": 25, "DANE12_EST": "111001801250", "Educacion_": 0 }, "geometry": { "type": "Point", "coordinates": [ -8248668.5143, 529246.979800000786781 ] } },
{ "type": "Feature", "properties": { "NOMBRE_EST": "COLEGIO ELISA MUJICA VELASQUEZ (IED)", "GENERO": 5, "COD_LOCA": "11", "CLASE_TIPO": 1, "FECHA": "2025-03-31T00:00:00", "OPreescola": 0, "OPrimaria": 364, "OSecundari": 360, "OMedia": 120, "OTotal": 869, "Aceleracio": 25, "DANE12_EST": "111001801349", "Educacion_": 0 }, "geometry": { "type": "Point", "coordinates": [ -8250213.628799999132752, 528770.00959999859333 ] } },
{ "type": "Feature", "properties": { "NOMBRE_EST": "COLEGIO ELISA MUJICA VELASQUEZ (IED)", "GENERO": 5, "COD_LOCA": "11", "CLASE_TIPO": 1, "FECHA": "2025-03-31T00:00:00", "OPreescola": 195, "OPrimaria": 90, "OSecundari": 0, "OMedia": 0, "OTotal": 285, "Aceleracio": 0, "DANE12_EST": "111001801349", "Educacion_": 0 }, "geometry": { "type": "Point", "coordinates": [ -8250111.2149, 528176.872900001704693 ] } },
{ "type": "Feature", "properties": { "NOMBRE_EST": "COLEGIO FILARMONICO SIMON BOLIVAR (IED)", "GENERO": 5, "COD_LOCA": "11", "CLASE_TIPO": 1, "FECHA": "2025-03-31T00:00:00", "OPreescola": 100, "OPrimaria": 540, "OSecundari": 480, "OMedia": 192, "OTotal": 1937, "Aceleracio": 0, "DANE12_EST": "111769000174", "Educacion_": 625 }, "geometry": { "type": "Point", "coordinates": [ -8247012.080199999734759, 528410.329199999570847 ] } },
{ "type": "Feature", "properties": { "NOMBRE_EST": "COLEGIO FILARMONICO SIMON BOLIVAR (IED)", "GENERO": 5, "COD_LOCA": "11", "CLASE_TIPO": 1, "FECHA": "2025-03-31T00:00:00", "OPreescola": 0, "OPrimaria": 0, "OSecundari": 0, "OMedia": 0, "OTotal": 250, "Aceleracio": 250, "DANE12_EST": "111769000174", "Educacion_": 0 }, "geometry": { "type": "Point", "coordinates": [ -8246996.495500000193715, 528079.692800000309944 ] } },
{ "type": "Feature", "properties": { "NOMBRE_EST": "COLEGIO EL SALITRE - SUBA (IED)", "GENERO": 5, "COD_LOCA": "11", "CLASE_TIPO": 1, "FECHA": "2025-03-31T00:00:00", "OPreescola": 63, "OPrimaria": 0, "OSecundari": 648, "OMedia": 468, "OTotal": 1179, "Aceleracio": 0, "DANE12_EST": "111769000247", "Educacion_": 0 }, "geometry": { "type": "Point", "coordinates": [ -8246227.277799999341369, 530450.029899999499321 ] } },
{ "type": "Feature", "properties": { "NOMBRE_EST": "COLEGIO EL SALITRE - SUBA (IED)", "GENERO": 5, "COD_LOCA": "11", "CLASE_TIPO": 1, "FECHA": "2025-03-31T00:00:00", "OPreescola": 364, "OPrimaria": 864, "OSecundari": 0, "OMedia": 0, "OTotal": 1228, "Aceleracio": 0, "DANE12_EST": "111769000247", "Educacion_": 0 }, "geometry": { "type": "Point", "coordinates": [ -8247458.471400000154972, 529679.27140000090003 ] } },
{ "type": "Feature", "properties": { "NOMBRE_EST": "COLEGIO EL SALITRE - SUBA (IED)", "GENERO": 5, "COD_LOCA": "11", "CLASE_TIPO": 1, "FECHA": "2025-03-31T00:00:00", "OPreescola": 0, "OPrimaria": 612, "OSecundari": 684, "OMedia": 0, "OTotal": 1296, "Aceleracio": 0, "DANE12_EST": "111769000247", "Educacion_": 0 }, "geometry": { "type": "Point", "coordinates": [ -8246900.760800000280142, 529265.969300001859665 ] } },
{ "type": "Feature", "properties": { "NOMBRE_EST": "COLEGIO PRADO VERANIEGO (IED)", "GENERO": 5, "COD_LOCA": "11", "CLASE_TIPO": 1, "FECHA": "2025-03-31T00:00:00", "OPreescola": 0, "OPrimaria": 152, "OSecundari": 640, "OMedia": 320, "OTotal": 1112, "Aceleracio": 0, "DANE12_EST": "111769000956", "Educacion_": 0 }, "geometry": { "type": "Point", "coordinates": [ -8243712.570499999448657, 525681.503899998962879 ] } },
{ "type": "Feature", "properties": { "NOMBRE_EST": "COLEGIO PRADO VERANIEGO (IED)", "GENERO": 5, "COD_LOCA": "11", "CLASE_TIPO": 1, "FECHA": "2025-03-31T00:00:00", "OPreescola": 158, "OPrimaria": 493, "OSecundari": 0, "OMedia": 0, "OTotal": 651, "Aceleracio": 0, "DANE12_EST": "111769000956", "Educacion_": 0 }, "geometry": { "type": "Point", "coordinates": [ -8244392.732599999755621, 525288.328600000590086 ] } },
{ "type": "Feature", "properties": { "NOMBRE_EST": "COLEGIO ANIBAL FERNANDEZ DE SOTO (IED)", "GENERO": 5, "COD_LOCA": "11", "CLASE_TIPO": 1, "FECHA": "2025-03-31T00:00:00", "OPreescola": 0, "OPrimaria": 0, "OSecundari": 608, "OMedia": 304, "OTotal": 912, "Aceleracio": 0, "DANE12_EST": "111769001502", "Educacion_": 0 }, "geometry": { "type": "Point", "coordinates": [ -8244025.3783, 526366.214400000870228 ] } },
{ "type": "Feature", "properties": { "NOMBRE_EST": "COLEGIO ANIBAL FERNANDEZ DE SOTO (IED)", "GENERO": 5, "COD_LOCA": "11", "CLASE_TIPO": 1, "FECHA": "2025-03-31T00:00:00", "OPreescola": 51, "OPrimaria": 560, "OSecundari": 0, "OMedia": 0, "OTotal": 611, "Aceleracio": 0, "DANE12_EST": "111769001502", "Educacion_": 0 }, "geometry": { "type": "Point", "coordinates": [ -8243685.853900000452995, 526771.682100001722574 ] } },
{ "type": "Feature", "properties": { "NOMBRE_EST": "COLEGIO NUEVA ZELANDIA (IED)", "GENERO": 5, "COD_LOCA": "11", "CLASE_TIPO": 1, "FECHA": "2025-03-31T00:00:00", "OPreescola": 0, "OPrimaria": 296, "OSecundari": 555, "OMedia": 185, "OTotal": 1061, "Aceleracio": 25, "DANE12_EST": "111769001871", "Educacion_": 0 }, "geometry": { "type": "Point", "coordinates": [ -8243169.331399999558926, 530399.762800000607967 ] } },
{ "type": "Feature", "properties": { "NOMBRE_EST": "COLEGIO NUEVA ZELANDIA (IED)", "GENERO": 5, "COD_LOCA": "11", "CLASE_TIPO": 1, "FECHA": "2025-03-31T00:00:00", "OPreescola": 225, "OPrimaria": 444, "OSecundari": 0, "OMedia": 0, "OTotal": 669, "Aceleracio": 0, "DANE12_EST": "111769001871", "Educacion_": 0 }, "geometry": { "type": "Point", "coordinates": [ -8242866.542400000616908, 531107.973400000482798 ] } },
{ "type": "Feature", "properties": { "NOMBRE_EST": "COLEGIO VILLA ELISA (IED)", "GENERO": 5, "COD_LOCA": "11", "CLASE_TIPO": 1, "FECHA": "2025-03-31T00:00:00", "OPreescola": 0, "OPrimaria": 0, "OSecundari": 472, "OMedia": 307, "OTotal": 779, "Aceleracio": 0, "DANE12_EST": "111769003122", "Educacion_": 0 }, "geometry": { "type": "Point", "coordinates": [ -8247426.188699999824166, 527408.371100001037121 ] } },
{ "type": "Feature", "properties": { "NOMBRE_EST": "COLEGIO VILLA ELISA (IED)", "GENERO": 5, "COD_LOCA": "11", "CLASE_TIPO": 1, "FECHA": "2025-03-31T00:00:00", "OPreescola": 75, "OPrimaria": 483, "OSecundari": 320, "OMedia": 0, "OTotal": 878, "Aceleracio": 0, "DANE12_EST": "111769003122", "Educacion_": 0 }, "geometry": { "type": "Point", "coordinates": [ -8248035.1064, 526329.353799998760223 ] } },
{ "type": "Feature", "properties": { "NOMBRE_EST": "COLEGIO VILLA ELISA (IED)", "GENERO": 5, "COD_LOCA": "11", "CLASE_TIPO": 1, "FECHA": "2025-03-31T00:00:00", "OPreescola": 50, "OPrimaria": 333, "OSecundari": 0, "OMedia": 0, "OTotal": 383, "Aceleracio": 0, "DANE12_EST": "111769003122", "Educacion_": 0 }, "geometry": { "type": "Point", "coordinates": [ -8247519.697100000455976, 526899.019499998539686 ] } },
{ "type": "Feature", "properties": { "NOMBRE_EST": "COLEGIO REPUBLICA DOMINICANA (IED)", "GENERO": 5, "COD_LOCA": "11", "CLASE_TIPO": 1, "FECHA": "2025-03-31T00:00:00", "OPreescola": 407, "OPrimaria": 1260, "OSecundari": 1280, "OMedia": 480, "OTotal": 3427, "Aceleracio": 0, "DANE12_EST": "111769003360", "Educacion_": 0 }, "geometry": { "type": "Point", "coordinates": [ -8249772.803600000217557, 528174.638900000602007 ] } },
{ "type": "Feature", "properties": { "NOMBRE_EST": "COLEGIO REPUBLICA DOMINICANA (IED)", "GENERO": 5, "COD_LOCA": "11", "CLASE_TIPO": 1, "FECHA": "2025-03-31T00:00:00", "OPreescola": 220, "OPrimaria": 596, "OSecundari": 532, "OMedia": 296, "OTotal": 1719, "Aceleracio": 75, "DANE12_EST": "111769003360", "Educacion_": 0 }, "geometry": { "type": "Point", "coordinates": [ -8249633.65430000051856, 527671.984200000762939 ] } },
{ "type": "Feature", "properties": { "NOMBRE_EST": "COLEGIO JUAN LOZANO Y LOZANO (IED)", "GENERO": 5, "COD_LOCA": "11", "CLASE_TIPO": 1, "FECHA": "2025-03-31T00:00:00", "OPreescola": 0, "OPrimaria": 0, "OSecundari": 600, "OMedia": 520, "OTotal": 1640, "Aceleracio": 0, "DANE12_EST": "111769003416", "Educacion_": 520 }, "geometry": { "type": "Point", "coordinates": [ -8247999.484099999070168, 528357.8293999992311 ] } },
{ "type": "Feature", "properties": { "NOMBRE_EST": "COLEGIO JUAN LOZANO Y LOZANO (IED)", "GENERO": 5, "COD_LOCA": "11", "CLASE_TIPO": 1, "FECHA": "2025-03-31T00:00:00", "OPreescola": 94, "OPrimaria": 1190, "OSecundari": 715, "OMedia": 0, "OTotal": 1999, "Aceleracio": 0, "DANE12_EST": "111769003416", "Educacion_": 0 }, "geometry": { "type": "Point", "coordinates": [ -8247251.417099999263883, 529902.678899999707937 ] } },
{ "type": "Feature", "properties": { "NOMBRE_EST": "COLEGIO JUAN LOZANO Y LOZANO (IED)", "GENERO": 5, "COD_LOCA": "11", "CLASE_TIPO": 1, "FECHA": "2025-03-31T00:00:00", "OPreescola": 449, "OPrimaria": 0, "OSecundari": 0, "OMedia": 0, "OTotal": 449, "Aceleracio": 0, "DANE12_EST": "111769003416", "Educacion_": 0 }, "geometry": { "type": "Point", "coordinates": [ -8248158.671, 529678.15430000051856 ] } },
{ "type": "Feature", "properties": { "NOMBRE_EST": "COLEGIO GERARDO PAREDES (IED)", "GENERO": 5, "COD_LOCA": "11", "CLASE_TIPO": 1, "FECHA": "2025-03-31T00:00:00", "OPreescola": 569, "OPrimaria": 1446, "OSecundari": 997, "OMedia": 435, "OTotal": 5167, "Aceleracio": 479, "DANE12_EST": "111769003424", "Educacion_": 1241 }, "geometry": { "type": "Point", "coordinates": [ -8248067.389000000432134, 526680.088599998503923 ] } },
{ "type": "Feature", "properties": { "NOMBRE_EST": "COLEGIO GERARDO PAREDES (IED)", "GENERO": 5, "COD_LOCA": "11", "CLASE_TIPO": 1, "FECHA": "2025-03-31T00:00:00", "OPreescola": 104, "OPrimaria": 336, "OSecundari": 0, "OMedia": 0, "OTotal": 440, "Aceleracio": 0, "DANE12_EST": "111769003424", "Educacion_": 0 }, "geometry": { "type": "Point", "coordinates": [ -8247980.559800000861287, 525875.858300000429153 ] } },
{ "type": "Feature", "properties": { "NOMBRE_EST": "COLEGIO HUNZA (IED)", "GENERO": 5, "COD_LOCA": "11", "CLASE_TIPO": 1, "FECHA": "2025-03-31T00:00:00", "OPreescola": 0, "OPrimaria": 102, "OSecundari": 510, "OMedia": 0, "OTotal": 612, "Aceleracio": 0, "DANE12_EST": "111769004188", "Educacion_": 0 }, "geometry": { "type": "Point", "coordinates": [ -8246898.534399999305606, 526395.256099998950958 ] } },
{ "type": "Feature", "properties": { "NOMBRE_EST": "COLEGIO HUNZA (IED)", "GENERO": 5, "COD_LOCA": "11", "CLASE_TIPO": 1, "FECHA": "2025-03-31T00:00:00", "OPreescola": 136, "OPrimaria": 30, "OSecundari": 76, "OMedia": 228, "OTotal": 470, "Aceleracio": 0, "DANE12_EST": "111769004188", "Educacion_": 0 }, "geometry": { "type": "Point", "coordinates": [ -8247357.170700000599027, 526103.722699999809265 ] } },
{ "type": "Feature", "properties": { "NOMBRE_EST": "COLEGIO HUNZA (IED)", "GENERO": 5, "COD_LOCA": "11", "CLASE_TIPO": 1, "FECHA": "2025-03-31T00:00:00", "OPreescola": 0, "OPrimaria": 612, "OSecundari": 0, "OMedia": 0, "OTotal": 612, "Aceleracio": 0, "DANE12_EST": "111769004188", "Educacion_": 0 }, "geometry": { "type": "Point", "coordinates": [ -8247174.606699999421835, 526078.0320999994874 ] } },
{ "type": "Feature", "properties": { "NOMBRE_EST": "COLEGIO HUNZA (IED)", "GENERO": 5, "COD_LOCA": "11", "CLASE_TIPO": 1, "FECHA": "2025-03-31T00:00:00", "OPreescola": 243, "OPrimaria": 0, "OSecundari": 0, "OMedia": 0, "OTotal": 243, "Aceleracio": 0, "DANE12_EST": "111769004188", "Educacion_": 0 }, "geometry": { "type": "Point", "coordinates": [ -8247469.60329999960959, 526198.666400000452995 ] } },
{ "type": "Feature", "properties": { "NOMBRE_EST": "COLEGIO FEMENINO LORENCITA VILLEGAS DE SANTOS (IED)", "GENERO": 1, "COD_LOCA": "12", "CLASE_TIPO": 1, "FECHA": "2025-03-31T00:00:00", "OPreescola": 0, "OPrimaria": 180, "OSecundari": 240, "OMedia": 110, "OTotal": 530, "Aceleracio": 0, "DANE12_EST": "111001000612", "Educacion_": 0 }, "geometry": { "type": "Point", "coordinates": [ -8245650.642899999395013, 520731.214999999850988 ] } },
{ "type": "Feature", "properties": { "NOMBRE_EST": "COLEGIO FEMENINO LORENCITA VILLEGAS DE SANTOS (IED)", "GENERO": 1, "COD_LOCA": "12", "CLASE_TIPO": 1, "FECHA": "2025-03-31T00:00:00", "OPreescola": 66, "OPrimaria": 120, "OSecundari": 0, "OMedia": 0, "OTotal": 186, "Aceleracio": 0, "DANE12_EST": "111001000612", "Educacion_": 0 }, "geometry": { "type": "Point", "coordinates": [ -8245481.43720000050962, 520791.528000000864267 ] } },
{ "type": "Feature", "properties": { "NOMBRE_EST": "COLEGIO TECNICO DOMINGO FAUSTINO SARMIENTO (IED)", "GENERO": 5, "COD_LOCA": "12", "CLASE_TIPO": 1, "FECHA": "2025-03-31T00:00:00", "OPreescola": 42, "OPrimaria": 0, "OSecundari": 480, "OMedia": 210, "OTotal": 732, "Aceleracio": 0, "DANE12_EST": "111001008389", "Educacion_": 0 }, "geometry": { "type": "Point", "coordinates": [ -8245050.630799999460578, 522091.619600001722574 ] } },
{ "type": "Feature", "properties": { "NOMBRE_EST": "COLEGIO TECNICO DOMINGO FAUSTINO SARMIENTO (IED)", "GENERO": 5, "COD_LOCA": "12", "CLASE_TIPO": 1, "FECHA": "2025-03-31T00:00:00", "OPreescola": 0, "OPrimaria": 198, "OSecundari": 0, "OMedia": 0, "OTotal": 198, "Aceleracio": 0, "DANE12_EST": "111001008389", "Educacion_": 0 }, "geometry": { "type": "Point", "coordinates": [ -8245065.102299999445677, 521616.927299998700619 ] } },
{ "type": "Feature", "properties": { "NOMBRE_EST": "COLEGIO TECNICO DOMINGO FAUSTINO SARMIENTO (IED)", "GENERO": 5, "COD_LOCA": "12", "CLASE_TIPO": 1, "FECHA": "2025-03-31T00:00:00", "OPreescola": 107, "OPrimaria": 54, "OSecundari": 0, "OMedia": 0, "OTotal": 161, "Aceleracio": 0, "DANE12_EST": "111001008389", "Educacion_": 0 }, "geometry": { "type": "Point", "coordinates": [ -8244697.747999999672174, 522026.837900001555681 ] } },
{ "type": "Feature", "properties": { "NOMBRE_EST": "COLEGIO TECNICO DOMINGO FAUSTINO SARMIENTO (IED)", "GENERO": 5, "COD_LOCA": "12", "CLASE_TIPO": 1, "FECHA": "2025-03-31T00:00:00", "OPreescola": 0, "OPrimaria": 233, "OSecundari": 0, "OMedia": 0, "OTotal": 233, "Aceleracio": 0, "DANE12_EST": "111001008389", "Educacion_": 0 }, "geometry": { "type": "Point", "coordinates": [ -8244702.200799999758601, 521897.274599999189377 ] } },
{ "type": "Feature", "properties": { "NOMBRE_EST": "COLEGIO HELADIA MEJIA (IED)", "GENERO": 5, "COD_LOCA": "12", "CLASE_TIPO": 1, "FECHA": "2025-03-31T00:00:00", "OPreescola": 0, "OPrimaria": 0, "OSecundari": 480, "OMedia": 202, "OTotal": 682, "Aceleracio": 0, "DANE12_EST": "111001009148", "Educacion_": 0 }, "geometry": { "type": "Point", "coordinates": [ -8244960.46199999935925, 518553.276500001549721 ] } },
{ "type": "Feature", "properties": { "NOMBRE_EST": "COLEGIO HELADIA MEJIA (IED)", "GENERO": 5, "COD_LOCA": "12", "CLASE_TIPO": 1, "FECHA": "2025-03-31T00:00:00", "OPreescola": 80, "OPrimaria": 551, "OSecundari": 0, "OMedia": 0, "OTotal": 631, "Aceleracio": 0, "DANE12_EST": "111001009148", "Educacion_": 0 }, "geometry": { "type": "Point", "coordinates": [ -8245364.551799999549985, 518711.873100001364946 ] } },
{ "type": "Feature", "properties": { "NOMBRE_EST": "COLEGIO JORGE ELIECER GAITAN (IED)", "GENERO": 5, "COD_LOCA": "12", "CLASE_TIPO": 1, "FECHA": "2025-03-31T00:00:00", "OPreescola": 0, "OPrimaria": 0, "OSecundari": 665, "OMedia": 350, "OTotal": 1015, "Aceleracio": 0, "DANE12_EST": "111001010421", "Educacion_": 0 }, "geometry": { "type": "Point", "coordinates": [ -8246668.103000000119209, 519887.954700000584126 ] } },
{ "type": "Feature", "properties": { "NOMBRE_EST": "COLEGIO JORGE ELIECER GAITAN (IED)", "GENERO": 5, "COD_LOCA": "12", "CLASE_TIPO": 1, "FECHA": "2025-03-31T00:00:00", "OPreescola": 0, "OPrimaria": 528, "OSecundari": 0, "OMedia": 0, "OTotal": 528, "Aceleracio": 0, "DANE12_EST": "111001010421", "Educacion_": 0 }, "geometry": { "type": "Point", "coordinates": [ -8246479.973099999129772, 520653.031500000506639 ] } },
{ "type": "Feature", "properties": { "NOMBRE_EST": "COLEGIO JORGE ELIECER GAITAN (IED)", "GENERO": 5, "COD_LOCA": "12", "CLASE_TIPO": 1, "FECHA": "2025-03-31T00:00:00", "OPreescola": 174, "OPrimaria": 0, "OSecundari": 0, "OMedia": 0, "OTotal": 174, "Aceleracio": 0, "DANE12_EST": "111001010421", "Educacion_": 0 }, "geometry": { "type": "Point", "coordinates": [ -8246599.084899999201298, 519853.331000000238419 ] } },
{ "type": "Feature", "properties": { "NOMBRE_EST": "COLEGIO REPUBLICA DE PANAMA (IED)", "GENERO": 5, "COD_LOCA": "12", "CLASE_TIPO": 1, "FECHA": "2025-03-31T00:00:00", "OPreescola": 5, "OPrimaria": 155, "OSecundari": 320, "OMedia": 66, "OTotal": 546, "Aceleracio": 0, "DANE12_EST": "111001011088", "Educacion_": 0 }, "geometry": { "type": "Point", "coordinates": [ -8246203.900699999183416, 520816.100000001490116 ] } },
{ "type": "Feature", "properties": { "NOMBRE_EST": "COLEGIO REPUBLICA DE PANAMA (IED)", "GENERO": 5, "COD_LOCA": "12", "CLASE_TIPO": 1, "FECHA": "2025-03-31T00:00:00", "OPreescola": 80, "OPrimaria": 0, "OSecundari": 0, "OMedia": 0, "OTotal": 80, "Aceleracio": 0, "DANE12_EST": "111001011088", "Educacion_": 0 }, "geometry": { "type": "Point", "coordinates": [ -8246734.8947, 520810.515399999916553 ] } },
{ "type": "Feature", "properties": { "NOMBRE_EST": "COLEGIO REPUBLICA DE PANAMA (IED)", "GENERO": 5, "COD_LOCA": "12", "CLASE_TIPO": 1, "FECHA": "2025-03-31T00:00:00", "OPreescola": 0, "OPrimaria": 225, "OSecundari": 0, "OMedia": 0, "OTotal": 225, "Aceleracio": 0, "DANE12_EST": "111001011088", "Educacion_": 0 }, "geometry": { "type": "Point", "coordinates": [ -8246169.391699999570847, 521152.290100000798702 ] } },
{ "type": "Feature", "properties": { "NOMBRE_EST": "COLEGIO FRANCISCO PRIMERO S.S. (IED)", "GENERO": 5, "COD_LOCA": "12", "CLASE_TIPO": 1, "FECHA": "2025-03-31T00:00:00", "OPreescola": 104, "OPrimaria": 210, "OSecundari": 140, "OMedia": 0, "OTotal": 529, "Aceleracio": 75, "DANE12_EST": "111001024830", "Educacion_": 0 }, "geometry": { "type": "Point", "coordinates": [ -8246071.430500000715256, 518443.822700001299381 ] } },
{ "type": "Feature", "properties": { "NOMBRE_EST": "COLEGIO FRANCISCO PRIMERO S.S. (IED)", "GENERO": 5, "COD_LOCA": "12", "CLASE_TIPO": 1, "FECHA": "2025-03-31T00:00:00", "OPreescola": 0, "OPrimaria": 0, "OSecundari": 140, "OMedia": 175, "OTotal": 417, "Aceleracio": 102, "DANE12_EST": "111001024830", "Educacion_": 0 }, "geometry": { "type": "Point", "coordinates": [ -8246015.7708, 519350.730000000447035 ] } },
{ "type": "Feature", "properties": { "NOMBRE_EST": "COLEGIO FRANCISCO PRIMERO S.S. (IED)", "GENERO": 5, "COD_LOCA": "12", "CLASE_TIPO": 1, "FECHA": "2025-03-31T00:00:00", "OPreescola": 178, "OPrimaria": 231, "OSecundari": 0, "OMedia": 0, "OTotal": 409, "Aceleracio": 0, "DANE12_EST": "111001024830", "Educacion_": 0 }, "geometry": { "type": "Point", "coordinates": [ -8245805.377000000327826, 520091.229899998754263 ] } },
{ "type": "Feature", "properties": { "NOMBRE_EST": "COLEGIO RAFAEL BERNAL JIMENEZ (IED)", "GENERO": 5, "COD_LOCA": "12", "CLASE_TIPO": 1, "FECHA": "2025-03-31T00:00:00", "OPreescola": 40, "OPrimaria": 105, "OSecundari": 440, "OMedia": 210, "OTotal": 820, "Aceleracio": 25, "DANE12_EST": "111001028258", "Educacion_": 0 }, "geometry": { "type": "Point", "coordinates": [ -8245824.301300000399351, 520645.213199999183416 ] } },
{ "type": "Feature", "properties": { "NOMBRE_EST": "COLEGIO RAFAEL BERNAL JIMENEZ (IED)", "GENERO": 5, "COD_LOCA": "12", "CLASE_TIPO": 1, "FECHA": "2025-03-31T00:00:00", "OPreescola": 135, "OPrimaria": 420, "OSecundari": 0, "OMedia": 0, "OTotal": 555, "Aceleracio": 0, "DANE12_EST": "111001028258", "Educacion_": 0 }, "geometry": { "type": "Point", "coordinates": [ -8245697.397099999710917, 520911.037200000137091 ] } },
{ "type": "Feature", "properties": { "NOMBRE_EST": "COLEGIO JUAN FRANCISCO BERBEO (IED)", "GENERO": 5, "COD_LOCA": "12", "CLASE_TIPO": 1, "FECHA": "2025-03-31T00:00:00", "OPreescola": 0, "OPrimaria": 247, "OSecundari": 364, "OMedia": 357, "OTotal": 968, "Aceleracio": 0, "DANE12_EST": "111001029912", "Educacion_": 0 }, "geometry": { "type": "Point", "coordinates": [ -8245086.253100000321865, 520554.743900001049042 ] } },
{ "type": "Feature", "properties": { "NOMBRE_EST": "COLEGIO JUAN FRANCISCO BERBEO (IED)", "GENERO": 5, "COD_LOCA": "12", "CLASE_TIPO": 1, "FECHA": "2025-03-31T00:00:00", "OPreescola": 75, "OPrimaria": 155, "OSecundari": 0, "OMedia": 0, "OTotal": 255, "Aceleracio": 25, "DANE12_EST": "111001029912", "Educacion_": 0 }, "geometry": { "type": "Point", "coordinates": [ -8244709.993200000375509, 520087.879200000315905 ] } },
{ "type": "Feature", "properties": { "NOMBRE_EST": "COLEGIO TOMAS CARRASQUILLA (IED)", "GENERO": 5, "COD_LOCA": "12", "CLASE_TIPO": 1, "FECHA": "2025-03-31T00:00:00", "OPreescola": 0, "OPrimaria": 105, "OSecundari": 595, "OMedia": 299, "OTotal": 999, "Aceleracio": 0, "DANE12_EST": "111001032255", "Educacion_": 0 }, "geometry": { "type": "Point", "coordinates": [ -8246609.103700000792742, 521104.262800000607967 ] } },
{ "type": "Feature", "properties": { "NOMBRE_EST": "COLEGIO TOMAS CARRASQUILLA (IED)", "GENERO": 5, "COD_LOCA": "12", "CLASE_TIPO": 1, "FECHA": "2025-03-31T00:00:00", "OPreescola": 144, "OPrimaria": 482, "OSecundari": 0, "OMedia": 0, "OTotal": 626, "Aceleracio": 0, "DANE12_EST": "111001032255", "Educacion_": 0 }, "geometry": { "type": "Point", "coordinates": [ -8246587.95299999974668, 521208.13569999858737 ] } },
{ "type": "Feature", "properties": { "NOMBRE_EST": "COLEGIO MANUELA BELTRAN (IED)", "GENERO": 5, "COD_LOCA": "13", "CLASE_TIPO": 1, "FECHA": "2025-03-31T00:00:00", "OPreescola": 3, "OPrimaria": 118, "OSecundari": 571, "OMedia": 246, "OTotal": 1157, "Aceleracio": 0, "DANE12_EST": "111001010731", "Educacion_": 219 }, "geometry": { "type": "Point", "coordinates": [ -8245036.159299999475479, 517584.9510000012815 ] } },
{ "type": "Feature", "properties": { "NOMBRE_EST": "COLEGIO MANUELA BELTRAN (IED)", "GENERO": 5, "COD_LOCA": "13", "CLASE_TIPO": 1, "FECHA": "2025-03-31T00:00:00", "OPreescola": 120, "OPrimaria": 419, "OSecundari": 0, "OMedia": 0, "OTotal": 539, "Aceleracio": 0, "DANE12_EST": "111001010731", "Educacion_": 0 }, "geometry": { "type": "Point", "coordinates": [ -8246736.00789999961853, 515939.829999998211861 ] } },
{ "type": "Feature", "properties": { "NOMBRE_EST": "COLEGIO TECNICO PALERMO (IED)", "GENERO": 5, "COD_LOCA": "13", "CLASE_TIPO": 1, "FECHA": "2025-03-31T00:00:00", "OPreescola": 95, "OPrimaria": 555, "OSecundari": 407, "OMedia": 224, "OTotal": 1281, "Aceleracio": 0, "DANE12_EST": "111001094897", "Educacion_": 0 }, "geometry": { "type": "Point", "coordinates": [ -8245905.564500000327826, 516876.863499999046326 ] } },
{ "type": "Feature", "properties": { "NOMBRE_EST": "COLEGIO EDUARDO SANTOS (IED)", "GENERO": 5, "COD_LOCA": "14", "CLASE_TIPO": 1, "FECHA": "2025-03-31T00:00:00", "OPreescola": 30, "OPrimaria": 465, "OSecundari": 358, "OMedia": 141, "OTotal": 1167, "Aceleracio": 173, "DANE12_EST": "111001014001", "Educacion_": 0 }, "geometry": { "type": "Point", "coordinates": [ -8247905.97580000013113, 511995.252900000661612 ] } },
{ "type": "Feature", "properties": { "NOMBRE_EST": "COLEGIO EDUARDO SANTOS (IED)", "GENERO": 5, "COD_LOCA": "14", "CLASE_TIPO": 1, "FECHA": "2025-03-31T00:00:00", "OPreescola": 137, "OPrimaria": 0, "OSecundari": 0, "OMedia": 0, "OTotal": 137, "Aceleracio": 0, "DANE12_EST": "111001014001", "Educacion_": 0 }, "geometry": { "type": "Point", "coordinates": [ -8248306.7259, 512265.514899998903275 ] } },
{ "type": "Feature", "properties": { "NOMBRE_EST": "COLEGIO REPUBLICA BOLIVARIANA DE VENEZUELA (IED)", "GENERO": 5, "COD_LOCA": "14", "CLASE_TIPO": 1, "FECHA": "2025-03-31T00:00:00", "OPreescola": 12, "OPrimaria": 60, "OSecundari": 236, "OMedia": 105, "OTotal": 413, "Aceleracio": 0, "DANE12_EST": "111001016250", "Educacion_": 0 }, "geometry": { "type": "Point", "coordinates": [ -8246488.878599999472499, 514312.612300001084805 ] } },
{ "type": "Feature", "properties": { "NOMBRE_EST": "COLEGIO REPUBLICA BOLIVARIANA DE VENEZUELA (IED)", "GENERO": 5, "COD_LOCA": "14", "CLASE_TIPO": 1, "FECHA": "2025-03-31T00:00:00", "OPreescola": 120, "OPrimaria": 252, "OSecundari": 0, "OMedia": 0, "OTotal": 372, "Aceleracio": 0, "DANE12_EST": "111001016250", "Educacion_": 0 }, "geometry": { "type": "Point", "coordinates": [ -8246904.100299999117851, 514677.811999998986721 ] } },
{ "type": "Feature", "properties": { "NOMBRE_EST": "COLEGIO SAN FRANCISCO DE ASIS (IED)", "GENERO": 5, "COD_LOCA": "14", "CLASE_TIPO": 1, "FECHA": "2025-03-31T00:00:00", "OPreescola": 1, "OPrimaria": 0, "OSecundari": 494, "OMedia": 159, "OTotal": 654, "Aceleracio": 0, "DANE12_EST": "111001016772", "Educacion_": 0 }, "geometry": { "type": "Point", "coordinates": [ -8247910.42850000038743, 511971.800400000065565 ] } },
{ "type": "Feature", "properties": { "NOMBRE_EST": "COLEGIO SAN FRANCISCO DE ASIS (IED)", "GENERO": 5, "COD_LOCA": "14", "CLASE_TIPO": 1, "FECHA": "2025-03-31T00:00:00", "OPreescola": 210, "OPrimaria": 444, "OSecundari": 0, "OMedia": 0, "OTotal": 654, "Aceleracio": 0, "DANE12_EST": "111001016772", "Educacion_": 0 }, "geometry": { "type": "Point", "coordinates": [ -8248137.520300000905991, 512213.02589999884367 ] } },
{ "type": "Feature", "properties": { "NOMBRE_EST": "COLEGIO LICEO NACIONAL ANTONIA SANTOS (IED)", "GENERO": 5, "COD_LOCA": "14", "CLASE_TIPO": 1, "FECHA": "2025-03-31T00:00:00", "OPreescola": 35, "OPrimaria": 0, "OSecundari": 528, "OMedia": 221, "OTotal": 784, "Aceleracio": 0, "DANE12_EST": "111001019526", "Educacion_": 0 }, "geometry": { "type": "Point", "coordinates": [ -8247437.320699999108911, 513547.596999999135733 ] } },
{ "type": "Feature", "properties": { "NOMBRE_EST": "COLEGIO LICEO NACIONAL ANTONIA SANTOS (IED)", "GENERO": 5, "COD_LOCA": "14", "CLASE_TIPO": 1, "FECHA": "2025-03-31T00:00:00", "OPreescola": 123, "OPrimaria": 700, "OSecundari": 0, "OMedia": 0, "OTotal": 823, "Aceleracio": 0, "DANE12_EST": "111001019526", "Educacion_": 0 }, "geometry": { "type": "Point", "coordinates": [ -8247439.5471, 513496.223999999463558 ] } },
{ "type": "Feature", "properties": { "NOMBRE_EST": "COLEGIO LICEO NACIONAL AGUSTIN NIETO CABALLERO (IED)", "GENERO": 5, "COD_LOCA": "14", "CLASE_TIPO": 1, "FECHA": "2025-03-31T00:00:00", "OPreescola": 102, "OPrimaria": 355, "OSecundari": 220, "OMedia": 66, "OTotal": 923, "Aceleracio": 180, "DANE12_EST": "111001025313", "Educacion_": 0 }, "geometry": { "type": "Point", "coordinates": [ -8247205.776200000196695, 513234.892200000584126 ] } },
{ "type": "Feature", "properties": { "NOMBRE_EST": "COLEGIO TECNICO MENORAH (IED)", "GENERO": 1, "COD_LOCA": "14", "CLASE_TIPO": 1, "FECHA": "2025-03-31T00:00:00", "OPreescola": 74, "OPrimaria": 509, "OSecundari": 467, "OMedia": 183, "OTotal": 1233, "Aceleracio": 0, "DANE12_EST": "111001026069", "Educacion_": 0 }, "geometry": { "type": "Point", "coordinates": [ -8247959.409099999815226, 511963.982900001108646 ] } },
{ "type": "Feature", "properties": { "NOMBRE_EST": "COLEGIO TECNICO MENORAH (IED)", "GENERO": 1, "COD_LOCA": "14", "CLASE_TIPO": 1, "FECHA": "2025-03-31T00:00:00", "OPreescola": 63, "OPrimaria": 0, "OSecundari": 0, "OMedia": 0, "OTotal": 63, "Aceleracio": 0, "DANE12_EST": "111001026069", "Educacion_": 0 }, "geometry": { "type": "Point", "coordinates": [ -8249154.980399999767542, 512195.157400000840425 ] } },
{ "type": "Feature", "properties": { "NOMBRE_EST": "COLEGIO PANAMERICANO (IED)", "GENERO": 5, "COD_LOCA": "14", "CLASE_TIPO": 1, "FECHA": "2025-03-31T00:00:00", "OPreescola": 141, "OPrimaria": 313, "OSecundari": 190, "OMedia": 80, "OTotal": 2779, "Aceleracio": 500, "DANE12_EST": "111001030856", "Educacion_": 1555 }, "geometry": { "type": "Point", "coordinates": [ -8246415.407800000160933, 515193.785100001841784 ] } },
{ "type": "Feature", "properties": { "NOMBRE_EST": "COLEGIO RICAURTE (IED)", "GENERO": 5, "COD_LOCA": "14", "CLASE_TIPO": 1, "FECHA": "2025-03-31T00:00:00", "OPreescola": 90, "OPrimaria": 70, "OSecundari": 315, "OMedia": 125, "OTotal": 600, "Aceleracio": 0, "DANE12_EST": "111001041459", "Educacion_": 0 }, "geometry": { "type": "Point", "coordinates": [ -8248105.237600000575185, 513308.601100001484156 ] } },
{ "type": "Feature", "properties": { "NOMBRE_EST": "COLEGIO RICAURTE (IED)", "GENERO": 5, "COD_LOCA": "14", "CLASE_TIPO": 1, "FECHA": "2025-03-31T00:00:00", "OPreescola": 100, "OPrimaria": 350, "OSecundari": 0, "OMedia": 0, "OTotal": 450, "Aceleracio": 0, "DANE12_EST": "111001041459", "Educacion_": 0 }, "geometry": { "type": "Point", "coordinates": [ -8248186.500900000333786, 513759.790300000458956 ] } },
{ "type": "Feature", "properties": { "NOMBRE_EST": "COLEGIO GUILLERMO LEON VALENCIA (IED)", "GENERO": 5, "COD_LOCA": "15", "CLASE_TIPO": 1, "FECHA": "2025-03-31T00:00:00", "OPreescola": 0, "OPrimaria": 385, "OSecundari": 480, "OMedia": 280, "OTotal": 1594, "Aceleracio": 205, "DANE12_EST": "111001011053", "Educacion_": 244 }, "geometry": { "type": "Point", "coordinates": [ -8248895.606000000610948, 511184.472199998795986 ] } },
{ "type": "Feature", "properties": { "NOMBRE_EST": "COLEGIO GUILLERMO LEON VALENCIA (IED)", "GENERO": 5, "COD_LOCA": "15", "CLASE_TIPO": 1, "FECHA": "2025-03-31T00:00:00", "OPreescola": 0, "OPrimaria": 118, "OSecundari": 0, "OMedia": 0, "OTotal": 118, "Aceleracio": 0, "DANE12_EST": "111001011053", "Educacion_": 0 }, "geometry": { "type": "Point", "coordinates": [ -8249104.886700000613928, 511377.6739999987185 ] } },
{ "type": "Feature", "properties": { "NOMBRE_EST": "COLEGIO GUILLERMO LEON VALENCIA (IED)", "GENERO": 5, "COD_LOCA": "15", "CLASE_TIPO": 1, "FECHA": "2025-03-31T00:00:00", "OPreescola": 90, "OPrimaria": 70, "OSecundari": 0, "OMedia": 0, "OTotal": 160, "Aceleracio": 0, "DANE12_EST": "111001011053", "Educacion_": 0 }, "geometry": { "type": "Point", "coordinates": [ -8248062.936200000345707, 511650.167500000447035 ] } },
{ "type": "Feature", "properties": { "NOMBRE_EST": "COLEGIO ESCUELA NORMAL SUPERIOR DISTRITAL MARIA MONTESSORI (IED)", "GENERO": 5, "COD_LOCA": "15", "CLASE_TIPO": 1, "FECHA": "2025-03-31T00:00:00", "OPreescola": 0, "OPrimaria": 813, "OSecundari": 0, "OMedia": 0, "OTotal": 813, "Aceleracio": 0, "DANE12_EST": "111001011908", "Educacion_": 0 }, "geometry": { "type": "Point", "coordinates": [ -8248438.082900000736117, 510967.81870000064373 ] } },
{ "type": "Feature", "properties": { "NOMBRE_EST": "COLEGIO ESCUELA NORMAL SUPERIOR DISTRITAL MARIA MONTESSORI (IED)", "GENERO": 5, "COD_LOCA": "15", "CLASE_TIPO": 1, "FECHA": "2025-03-31T00:00:00", "OPreescola": 425, "OPrimaria": 0, "OSecundari": 799, "OMedia": 641, "OTotal": 1865, "Aceleracio": 0, "DANE12_EST": "111001011908", "Educacion_": 0 }, "geometry": { "type": "Point", "coordinates": [ -8248047.351500000804663, 511077.262200001627207 ] } },
{ "type": "Feature", "properties": { "NOMBRE_EST": "COLEGIO ATANASIO GIRARDOT (IED)", "GENERO": 5, "COD_LOCA": "15", "CLASE_TIPO": 1, "FECHA": "2025-03-31T00:00:00", "OPreescola": 0, "OPrimaria": 931, "OSecundari": 934, "OMedia": 389, "OTotal": 2254, "Aceleracio": 0, "DANE12_EST": "111001012602", "Educacion_": 0 }, "geometry": { "type": "Point", "coordinates": [ -8249285.224199999123812, 511989.668999999761581 ] } },
{ "type": "Feature", "properties": { "NOMBRE_EST": "COLEGIO ATANASIO GIRARDOT (IED)", "GENERO": 5, "COD_LOCA": "15", "CLASE_TIPO": 1, "FECHA": "2025-03-31T00:00:00", "OPreescola": 237, "OPrimaria": 0, "OSecundari": 0, "OMedia": 0, "OTotal": 237, "Aceleracio": 0, "DANE12_EST": "111001012602", "Educacion_": 0 }, "geometry": { "type": "Point", "coordinates": [ -8248490.403100000694394, 511841.136900000274181 ] } },
{ "type": "Feature", "properties": { "NOMBRE_EST": "COLEGIO ATANASIO GIRARDOT (IED)", "GENERO": 5, "COD_LOCA": "15", "CLASE_TIPO": 1, "FECHA": "2025-03-31T00:00:00", "OPreescola": 120, "OPrimaria": 0, "OSecundari": 0, "OMedia": 0, "OTotal": 120, "Aceleracio": 0, "DANE12_EST": "111001012602", "Educacion_": 0 }, "geometry": { "type": "Point", "coordinates": [ -8249880.783500000834465, 511950.581500001251698 ] } },
{ "type": "Feature", "properties": { "NOMBRE_EST": "COLEGIO FRANCISCO DE PAULA SANTANDER (IED)", "GENERO": 5, "COD_LOCA": "15", "CLASE_TIPO": 1, "FECHA": "2025-03-31T00:00:00", "OPreescola": 0, "OPrimaria": 0, "OSecundari": 400, "OMedia": 190, "OTotal": 590, "Aceleracio": 0, "DANE12_EST": "111001014630", "Educacion_": 0 }, "geometry": { "type": "Point", "coordinates": [ -8248503.761399999260902, 511560.825300000607967 ] } },
{ "type": "Feature", "properties": { "NOMBRE_EST": "COLEGIO FRANCISCO DE PAULA SANTANDER (IED)", "GENERO": 5, "COD_LOCA": "15", "CLASE_TIPO": 1, "FECHA": "2025-03-31T00:00:00", "OPreescola": 75, "OPrimaria": 325, "OSecundari": 0, "OMedia": 0, "OTotal": 400, "Aceleracio": 0, "DANE12_EST": "111001014630", "Educacion_": 0 }, "geometry": { "type": "Point", "coordinates": [ -8250319.38230000063777, 511620.014499999582767 ] } },
{ "type": "Feature", "properties": { "NOMBRE_EST": "COLEGIO TECNICO JAIME PARDO LEAL (IED)", "GENERO": 5, "COD_LOCA": "15", "CLASE_TIPO": 1, "FECHA": "2025-03-31T00:00:00", "OPreescola": 188, "OPrimaria": 544, "OSecundari": 436, "OMedia": 196, "OTotal": 1364, "Aceleracio": 0, "DANE12_EST": "111001086720", "Educacion_": 0 }, "geometry": { "type": "Point", "coordinates": [ -8247482.96169999986887, 511067.211199998855591 ] } },
{ "type": "Feature", "properties": { "NOMBRE_EST": "COLEGIO DE CULTURA POPULAR (IED)", "GENERO": 5, "COD_LOCA": "16", "CLASE_TIPO": 1, "FECHA": "2025-03-31T00:00:00", "OPreescola": 0, "OPrimaria": 0, "OSecundari": 322, "OMedia": 202, "OTotal": 524, "Aceleracio": 0, "DANE12_EST": "111001000078", "Educacion_": 0 }, "geometry": { "type": "Point", "coordinates": [ -8251050.75139999948442, 513320.885899998247623 ] } },
{ "type": "Feature", "properties": { "NOMBRE_EST": "COLEGIO DE CULTURA POPULAR (IED)", "GENERO": 5, "COD_LOCA": "16", "CLASE_TIPO": 1, "FECHA": "2025-03-31T00:00:00", "OPreescola": 135, "OPrimaria": 159, "OSecundari": 0, "OMedia": 0, "OTotal": 294, "Aceleracio": 0, "DANE12_EST": "111001000078", "Educacion_": 0 }, "geometry": { "type": "Point", "coordinates": [ -8251412.53969999961555, 512389.478399999439716 ] } },
{ "type": "Feature", "properties": { "NOMBRE_EST": "COLEGIO DE CULTURA POPULAR (IED)", "GENERO": 5, "COD_LOCA": "16", "CLASE_TIPO": 1, "FECHA": "2025-03-31T00:00:00", "OPreescola": 0, "OPrimaria": 240, "OSecundari": 34, "OMedia": 0, "OTotal": 274, "Aceleracio": 0, "DANE12_EST": "111001000078", "Educacion_": 0 }, "geometry": { "type": "Point", "coordinates": [ -8251315.691800000146031, 512503.390999998897314 ] } },
{ "type": "Feature", "properties": { "NOMBRE_EST": "COLEGIO LA MERCED (IED)", "GENERO": 5, "COD_LOCA": "16", "CLASE_TIPO": 1, "FECHA": "2025-03-31T00:00:00", "OPreescola": 120, "OPrimaria": 538, "OSecundari": 486, "OMedia": 249, "OTotal": 1393, "Aceleracio": 0, "DANE12_EST": "111001006122", "Educacion_": 0 }, "geometry": { "type": "Point", "coordinates": [ -8248924.549100000411272, 515118.957600001245737 ] } },
{ "type": "Feature", "properties": { "NOMBRE_EST": "COLEGIO SILVERIA ESPINOSA DE RENDON (IED)", "GENERO": 5, "COD_LOCA": "16", "CLASE_TIPO": 1, "FECHA": "2025-03-31T00:00:00", "OPreescola": 0, "OPrimaria": 0, "OSecundari": 560, "OMedia": 292, "OTotal": 852, "Aceleracio": 0, "DANE12_EST": "111001011045", "Educacion_": 0 }, "geometry": { "type": "Point", "coordinates": [ -8250153.51630000025034, 515961.049899999052286 ] } },
{ "type": "Feature", "properties": { "NOMBRE_EST": "COLEGIO SILVERIA ESPINOSA DE RENDON (IED)", "GENERO": 5, "COD_LOCA": "16", "CLASE_TIPO": 1, "FECHA": "2025-03-31T00:00:00", "OPreescola": 237, "OPrimaria": 571, "OSecundari": 0, "OMedia": 0, "OTotal": 808, "Aceleracio": 0, "DANE12_EST": "111001011045", "Educacion_": 0 }, "geometry": { "type": "Point", "coordinates": [ -8251176.542400000616908, 515302.117499999701977 ] } },
{ "type": "Feature", "properties": { "NOMBRE_EST": "COLEGIO SILVERIA ESPINOSA DE RENDON (IED)", "GENERO": 5, "COD_LOCA": "16", "CLASE_TIPO": 1, "FECHA": "2025-03-31T00:00:00", "OPreescola": 95, "OPrimaria": 306, "OSecundari": 0, "OMedia": 0, "OTotal": 401, "Aceleracio": 0, "DANE12_EST": "111001011045", "Educacion_": 0 }, "geometry": { "type": "Point", "coordinates": [ -8250667.812300000339746, 515637.167199999094009 ] } },
{ "type": "Feature", "properties": { "NOMBRE_EST": "COLEGIO ANDRES BELLO (IED)", "GENERO": 5, "COD_LOCA": "16", "CLASE_TIPO": 1, "FECHA": "2025-03-31T00:00:00", "OPreescola": 0, "OPrimaria": 317, "OSecundari": 560, "OMedia": 320, "OTotal": 1397, "Aceleracio": 0, "DANE12_EST": "111001011274", "Educacion_": 200 }, "geometry": { "type": "Point", "coordinates": [ -8252148.361500000581145, 512548.062600001692772 ] } },
{ "type": "Feature", "properties": { "NOMBRE_EST": "COLEGIO ANDRES BELLO (IED)", "GENERO": 5, "COD_LOCA": "16", "CLASE_TIPO": 1, "FECHA": "2025-03-31T00:00:00", "OPreescola": 128, "OPrimaria": 189, "OSecundari": 0, "OMedia": 0, "OTotal": 317, "Aceleracio": 0, "DANE12_EST": "111001011274", "Educacion_": 0 }, "geometry": { "type": "Point", "coordinates": [ -8252148.361500000581145, 512548.062600001692772 ] } },
{ "type": "Feature", "properties": { "NOMBRE_EST": "COLEGIO EL JAZMIN (IED)", "GENERO": 5, "COD_LOCA": "16", "CLASE_TIPO": 1, "FECHA": "2025-03-31T00:00:00", "OPreescola": 86, "OPrimaria": 334, "OSecundari": 510, "OMedia": 240, "OTotal": 1170, "Aceleracio": 0, "DANE12_EST": "111001012530", "Educacion_": 0 }, "geometry": { "type": "Point", "coordinates": [ -8250437.380999999120831, 513751.972600001841784 ] } },
{ "type": "Feature", "properties": { "NOMBRE_EST": "COLEGIO EL JAZMIN (IED)", "GENERO": 5, "COD_LOCA": "16", "CLASE_TIPO": 1, "FECHA": "2025-03-31T00:00:00", "OPreescola": 173, "OPrimaria": 479, "OSecundari": 0, "OMedia": 0, "OTotal": 652, "Aceleracio": 0, "DANE12_EST": "111001012530", "Educacion_": 0 }, "geometry": { "type": "Point", "coordinates": [ -8249808.425899999216199, 514355.051300000399351 ] } },
{ "type": "Feature", "properties": { "NOMBRE_EST": "COLEGIO ESPAÑA (IED)", "GENERO": 5, "COD_LOCA": "16", "CLASE_TIPO": 1, "FECHA": "2025-03-31T00:00:00", "OPreescola": 0, "OPrimaria": 0, "OSecundari": 180, "OMedia": 80, "OTotal": 410, "Aceleracio": 150, "DANE12_EST": "111001012556", "Educacion_": 0 }, "geometry": { "type": "Point", "coordinates": [ -8247998.370899999514222, 515056.415300000458956 ] } },
{ "type": "Feature", "properties": { "NOMBRE_EST": "COLEGIO ESPAÑA (IED)", "GENERO": 5, "COD_LOCA": "16", "CLASE_TIPO": 1, "FECHA": "2025-03-31T00:00:00", "OPreescola": 69, "OPrimaria": 250, "OSecundari": 0, "OMedia": 0, "OTotal": 319, "Aceleracio": 0, "DANE12_EST": "111001012556", "Educacion_": 0 }, "geometry": { "type": "Point", "coordinates": [ -8247609.865900000557303, 515140.177299998700619 ] } },
{ "type": "Feature", "properties": { "NOMBRE_EST": "COLEGIO TECNICO BENJAMIN HERRERA (IED)", "GENERO": 5, "COD_LOCA": "16", "CLASE_TIPO": 1, "FECHA": "2025-03-31T00:00:00", "OPreescola": 0, "OPrimaria": 0, "OSecundari": 829, "OMedia": 345, "OTotal": 1174, "Aceleracio": 0, "DANE12_EST": "111001012963", "Educacion_": 0 }, "geometry": { "type": "Point", "coordinates": [ -8251433.690400000661612, 513000.36430000141263 ] } },
{ "type": "Feature", "properties": { "NOMBRE_EST": "COLEGIO TECNICO BENJAMIN HERRERA (IED)", "GENERO": 5, "COD_LOCA": "16", "CLASE_TIPO": 1, "FECHA": "2025-03-31T00:00:00", "OPreescola": 0, "OPrimaria": 490, "OSecundari": 0, "OMedia": 0, "OTotal": 490, "Aceleracio": 0, "DANE12_EST": "111001012963", "Educacion_": 0 }, "geometry": { "type": "Point", "coordinates": [ -8251788.799599999561906, 512839.5456000007689 ] } },
{ "type": "Feature", "properties": { "NOMBRE_EST": "COLEGIO TECNICO BENJAMIN HERRERA (IED)", "GENERO": 5, "COD_LOCA": "16", "CLASE_TIPO": 1, "FECHA": "2025-03-31T00:00:00", "OPreescola": 50, "OPrimaria": 195, "OSecundari": 0, "OMedia": 0, "OTotal": 245, "Aceleracio": 0, "DANE12_EST": "111001012963", "Educacion_": 0 }, "geometry": { "type": "Point", "coordinates": [ -8251155.391699999570847, 512778.121899999678135 ] } },
{ "type": "Feature", "properties": { "NOMBRE_EST": "COLEGIO JOSE JOAQUIN CASAS (IED)", "GENERO": 5, "COD_LOCA": "16", "CLASE_TIPO": 1, "FECHA": "2025-03-31T00:00:00", "OPreescola": 80, "OPrimaria": 120, "OSecundari": 110, "OMedia": 0, "OTotal": 310, "Aceleracio": 0, "DANE12_EST": "111001014729", "Educacion_": 0 }, "geometry": { "type": "Point", "coordinates": [ -8249754.992499999701977, 516201.170699998736382 ] } },
{ "type": "Feature", "properties": { "NOMBRE_EST": "COLEGIO JOSE JOAQUIN CASAS (IED)", "GENERO": 5, "COD_LOCA": "16", "CLASE_TIPO": 1, "FECHA": "2025-03-31T00:00:00", "OPreescola": 0, "OPrimaria": 135, "OSecundari": 35, "OMedia": 60, "OTotal": 230, "Aceleracio": 0, "DANE12_EST": "111001014729", "Educacion_": 0 }, "geometry": { "type": "Point", "coordinates": [ -8249704.898700000718236, 516259.246599998325109 ] } },
{ "type": "Feature", "properties": { "NOMBRE_EST": "COLEGIO ANTONIO JOSE DE SUCRE (IED)", "GENERO": 5, "COD_LOCA": "16", "CLASE_TIPO": 1, "FECHA": "2025-03-31T00:00:00", "OPreescola": 47, "OPrimaria": 226, "OSecundari": 188, "OMedia": 60, "OTotal": 521, "Aceleracio": 0, "DANE12_EST": "111001014745", "Educacion_": 0 }, "geometry": { "type": "Point", "coordinates": [ -8250799.169299999251962, 516359.762600000947714 ] } },
{ "type": "Feature", "properties": { "NOMBRE_EST": "COLEGIO MARCO ANTONIO CARREÑO SILVA (IED)", "GENERO": 5, "COD_LOCA": "16", "CLASE_TIPO": 1, "FECHA": "2025-03-31T00:00:00", "OPreescola": 0, "OPrimaria": 0, "OSecundari": 480, "OMedia": 160, "OTotal": 640, "Aceleracio": 0, "DANE12_EST": "111001014826", "Educacion_": 0 }, "geometry": { "type": "Point", "coordinates": [ -8250196.9309, 512382.777699999511242 ] } },
{ "type": "Feature", "properties": { "NOMBRE_EST": "COLEGIO MARCO ANTONIO CARREÑO SILVA (IED)", "GENERO": 5, "COD_LOCA": "16", "CLASE_TIPO": 1, "FECHA": "2025-03-31T00:00:00", "OPreescola": 0, "OPrimaria": 455, "OSecundari": 0, "OMedia": 0, "OTotal": 455, "Aceleracio": 0, "DANE12_EST": "111001014826", "Educacion_": 0 }, "geometry": { "type": "Point", "coordinates": [ -8249805.086300000548363, 512820.560100000351667 ] } },
{ "type": "Feature", "properties": { "NOMBRE_EST": "COLEGIO MARCO ANTONIO CARREÑO SILVA (IED)", "GENERO": 5, "COD_LOCA": "16", "CLASE_TIPO": 1, "FECHA": "2025-03-31T00:00:00", "OPreescola": 227, "OPrimaria": 140, "OSecundari": 0, "OMedia": 0, "OTotal": 367, "Aceleracio": 0, "DANE12_EST": "111001014826", "Educacion_": 0 }, "geometry": { "type": "Point", "coordinates": [ -8249564.636199999600649, 512926.655699998140335 ] } },
{ "type": "Feature", "properties": { "NOMBRE_EST": "COLEGIO LUIS VARGAS TEJADA (IED)", "GENERO": 5, "COD_LOCA": "16", "CLASE_TIPO": 1, "FECHA": "2025-03-31T00:00:00", "OPreescola": 0, "OPrimaria": 54, "OSecundari": 320, "OMedia": 160, "OTotal": 534, "Aceleracio": 0, "DANE12_EST": "111001014869", "Educacion_": 0 }, "geometry": { "type": "Point", "coordinates": [ -8251649.6502, 513686.081000000238419 ] } },
{ "type": "Feature", "properties": { "NOMBRE_EST": "COLEGIO LUIS VARGAS TEJADA (IED)", "GENERO": 5, "COD_LOCA": "16", "CLASE_TIPO": 1, "FECHA": "2025-03-31T00:00:00", "OPreescola": 50, "OPrimaria": 216, "OSecundari": 0, "OMedia": 0, "OTotal": 266, "Aceleracio": 0, "DANE12_EST": "111001014869", "Educacion_": 0 }, "geometry": { "type": "Point", "coordinates": [ -8251838.893400000408292, 513584.45160000026226 ] } },
{ "type": "Feature", "properties": { "NOMBRE_EST": "COLEGIO JULIO GARAVITO ARMERO (IED)", "GENERO": 5, "COD_LOCA": "16", "CLASE_TIPO": 1, "FECHA": "2025-03-31T00:00:00", "OPreescola": 233, "OPrimaria": 511, "OSecundari": 0, "OMedia": 0, "OTotal": 744, "Aceleracio": 0, "DANE12_EST": "111001014885", "Educacion_": 0 }, "geometry": { "type": "Point", "coordinates": [ -8252584.733999999240041, 512578.215999998152256 ] } },
{ "type": "Feature", "properties": { "NOMBRE_EST": "COLEGIO JULIO GARAVITO ARMERO (IED)", "GENERO": 5, "COD_LOCA": "16", "CLASE_TIPO": 1, "FECHA": "2025-03-31T00:00:00", "OPreescola": 0, "OPrimaria": 0, "OSecundari": 280, "OMedia": 0, "OTotal": 280, "Aceleracio": 0, "DANE12_EST": "111001014885", "Educacion_": 0 }, "geometry": { "type": "Point", "coordinates": [ -8252191.776100000366569, 512592.734299998730421 ] } },
{ "type": "Feature", "properties": { "NOMBRE_EST": "COLEGIO JULIO GARAVITO ARMERO (IED)", "GENERO": 5, "COD_LOCA": "16", "CLASE_TIPO": 1, "FECHA": "2025-03-31T00:00:00", "OPreescola": 0, "OPrimaria": 0, "OSecundari": 540, "OMedia": 480, "OTotal": 1020, "Aceleracio": 0, "DANE12_EST": "111001014885", "Educacion_": 0 }, "geometry": { "type": "Point", "coordinates": [ -8252055.966399999335408, 512844.012800000607967 ] } },
{ "type": "Feature", "properties": { "NOMBRE_EST": "COLEGIO SORRENTO (IED)", "GENERO": 5, "COD_LOCA": "16", "CLASE_TIPO": 1, "FECHA": "2025-03-31T00:00:00", "OPreescola": 50, "OPrimaria": 0, "OSecundari": 962, "OMedia": 327, "OTotal": 1339, "Aceleracio": 0, "DANE12_EST": "111001020168", "Educacion_": 0 }, "geometry": { "type": "Point", "coordinates": [ -8250252.590600000694394, 515188.200899999588728 ] } },
{ "type": "Feature", "properties": { "NOMBRE_EST": "COLEGIO SORRENTO (IED)", "GENERO": 5, "COD_LOCA": "16", "CLASE_TIPO": 1, "FECHA": "2025-03-31T00:00:00", "OPreescola": 120, "OPrimaria": 980, "OSecundari": 0, "OMedia": 0, "OTotal": 1100, "Aceleracio": 0, "DANE12_EST": "111001020168", "Educacion_": 0 }, "geometry": { "type": "Point", "coordinates": [ -8250258.156600000336766, 514824.115699999034405 ] } },
{ "type": "Feature", "properties": { "NOMBRE_EST": "COLEGIO JOSE MANUEL RESTREPO (IED)", "GENERO": 5, "COD_LOCA": "16", "CLASE_TIPO": 1, "FECHA": "2025-03-31T00:00:00", "OPreescola": 148, "OPrimaria": 504, "OSecundari": 378, "OMedia": 148, "OTotal": 1178, "Aceleracio": 0, "DANE12_EST": "111001045535", "Educacion_": 0 }, "geometry": { "type": "Point", "coordinates": [ -8251303.446599999442697, 514600.751400001347065 ] } },
{ "type": "Feature", "properties": { "NOMBRE_EST": "COLEGIO LUIS CARLOS GALAN SARMIENTO (IED)", "GENERO": 5, "COD_LOCA": "16", "CLASE_TIPO": 1, "FECHA": "2025-03-31T00:00:00", "OPreescola": 0, "OPrimaria": 35, "OSecundari": 632, "OMedia": 220, "OTotal": 887, "Aceleracio": 0, "DANE12_EST": "111001065056", "Educacion_": 0 }, "geometry": { "type": "Point", "coordinates": [ -8250908.262399999424815, 513900.508299998939037 ] } },
{ "type": "Feature", "properties": { "NOMBRE_EST": "COLEGIO LUIS CARLOS GALAN SARMIENTO (IED)", "GENERO": 5, "COD_LOCA": "16", "CLASE_TIPO": 1, "FECHA": "2025-03-31T00:00:00", "OPreescola": 50, "OPrimaria": 490, "OSecundari": 0, "OMedia": 0, "OTotal": 540, "Aceleracio": 0, "DANE12_EST": "111001065056", "Educacion_": 0 }, "geometry": { "type": "Point", "coordinates": [ -8250759.0943, 513969.750500001013279 ] } },
{ "type": "Feature", "properties": { "NOMBRE_EST": "COLEGIO INTEGRADA LA CANDELARIA (IED)", "GENERO": 5, "COD_LOCA": "17", "CLASE_TIPO": 1, "FECHA": "2025-03-31T00:00:00", "OPreescola": 0, "OPrimaria": 346, "OSecundari": 537, "OMedia": 267, "OTotal": 1745, "Aceleracio": 195, "DANE12_EST": "111001013323", "Educacion_": 400 }, "geometry": { "type": "Point", "coordinates": [ -8245353.419800000265241, 512424.098900001496077 ] } },
{ "type": "Feature", "properties": { "NOMBRE_EST": "COLEGIO INTEGRADA LA CANDELARIA (IED)", "GENERO": 5, "COD_LOCA": "17", "CLASE_TIPO": 1, "FECHA": "2025-03-31T00:00:00", "OPreescola": 122, "OPrimaria": 207, "OSecundari": 0, "OMedia": 0, "OTotal": 329, "Aceleracio": 0, "DANE12_EST": "111001013323", "Educacion_": 0 }, "geometry": { "type": "Point", "coordinates": [ -8245212.044099999591708, 512789.289900001138449 ] } },
{ "type": "Feature", "properties": { "NOMBRE_EST": "COLEGIO ESCUELA NACIONAL DE COMERCIO (IED)", "GENERO": 5, "COD_LOCA": "17", "CLASE_TIPO": 1, "FECHA": "2025-03-31T00:00:00", "OPreescola": 100, "OPrimaria": 666, "OSecundari": 408, "OMedia": 160, "OTotal": 1334, "Aceleracio": 0, "DANE12_EST": "111001013374", "Educacion_": 0 }, "geometry": { "type": "Point", "coordinates": [ -8245433.569900000467896, 511829.969099998474121 ] } },
{ "type": "Feature", "properties": { "NOMBRE_EST": "COLEGIO RESTREPO MILLAN (IED)", "GENERO": 5, "COD_LOCA": "18", "CLASE_TIPO": 1, "FECHA": "2025-03-31T00:00:00", "OPreescola": 0, "OPrimaria": 0, "OSecundari": 567, "OMedia": 421, "OTotal": 1366, "Aceleracio": 0, "DANE12_EST": "111001010928", "Educacion_": 378 }, "geometry": { "type": "Point", "coordinates": [ -8251088.599999999627471, 510311.161200001835823 ] } },
{ "type": "Feature", "properties": { "NOMBRE_EST": "COLEGIO RESTREPO MILLAN (IED)", "GENERO": 5, "COD_LOCA": "18", "CLASE_TIPO": 1, "FECHA": "2025-03-31T00:00:00", "OPreescola": 100, "OPrimaria": 264, "OSecundari": 0, "OMedia": 0, "OTotal": 364, "Aceleracio": 0, "DANE12_EST": "111001010928", "Educacion_": 0 }, "geometry": { "type": "Point", "coordinates": [ -8251376.917500000447035, 510741.114900000393391 ] } },
{ "type": "Feature", "properties": { "NOMBRE_EST": "COLEGIO RESTREPO MILLAN (IED)", "GENERO": 5, "COD_LOCA": "18", "CLASE_TIPO": 1, "FECHA": "2025-03-31T00:00:00", "OPreescola": 100, "OPrimaria": 285, "OSecundari": 0, "OMedia": 0, "OTotal": 385, "Aceleracio": 0, "DANE12_EST": "111001010928", "Educacion_": 0 }, "geometry": { "type": "Point", "coordinates": [ -8250917.167999999597669, 509916.945900000631809 ] } },
{ "type": "Feature", "properties": { "NOMBRE_EST": "COLEGIO RESTREPO MILLAN (IED)", "GENERO": 5, "COD_LOCA": "18", "CLASE_TIPO": 1, "FECHA": "2025-03-31T00:00:00", "OPreescola": 0, "OPrimaria": 0, "OSecundari": 0, "OMedia": 0, "OTotal": 408, "Aceleracio": 408, "DANE12_EST": "111001010928", "Educacion_": 0 }, "geometry": { "type": "Point", "coordinates": [ -8251075.241699999198318, 510538.980599999427795 ] } },
{ "type": "Feature", "properties": { "NOMBRE_EST": "COLEGIO REINO DE HOLANDA (IED)", "GENERO": 5, "COD_LOCA": "18", "CLASE_TIPO": 1, "FECHA": "2025-03-31T00:00:00", "OPreescola": 0, "OPrimaria": 0, "OSecundari": 683, "OMedia": 225, "OTotal": 1058, "Aceleracio": 0, "DANE12_EST": "111001011029", "Educacion_": 150 }, "geometry": { "type": "Point", "coordinates": [ -8250532.002499999478459, 508924.157499998807907 ] } },
{ "type": "Feature", "properties": { "NOMBRE_EST": "COLEGIO REINO DE HOLANDA (IED)", "GENERO": 5, "COD_LOCA": "18", "CLASE_TIPO": 1, "FECHA": "2025-03-31T00:00:00", "OPreescola": 0, "OPrimaria": 565, "OSecundari": 0, "OMedia": 0, "OTotal": 565, "Aceleracio": 0, "DANE12_EST": "111001011029", "Educacion_": 0 }, "geometry": { "type": "Point", "coordinates": [ -8250589.888699999079108, 508985.578200001269579 ] } },
{ "type": "Feature", "properties": { "NOMBRE_EST": "COLEGIO REINO DE HOLANDA (IED)", "GENERO": 5, "COD_LOCA": "18", "CLASE_TIPO": 1, "FECHA": "2025-03-31T00:00:00", "OPreescola": 185, "OPrimaria": 169, "OSecundari": 0, "OMedia": 0, "OTotal": 354, "Aceleracio": 0, "DANE12_EST": "111001011029", "Educacion_": 0 }, "geometry": { "type": "Point", "coordinates": [ -8251176.542400000616908, 509127.404500000178814 ] } },
{ "type": "Feature", "properties": { "NOMBRE_EST": "COLEGIO LICEO FEMENINO DE CUNDINAMARCA MERCEDES NARIÑO (IED)", "GENERO": 1, "COD_LOCA": "18", "CLASE_TIPO": 1, "FECHA": "2025-03-31T00:00:00", "OPreescola": 394, "OPrimaria": 1297, "OSecundari": 1252, "OMedia": 530, "OTotal": 4327, "Aceleracio": 201, "DANE12_EST": "111001011819", "Educacion_": 653 }, "geometry": { "type": "Point", "coordinates": [ -8249201.7346, 510477.558600001037121 ] } },
{ "type": "Feature", "properties": { "NOMBRE_EST": "COLEGIO BRAVO PAEZ (IED)", "GENERO": 5, "COD_LOCA": "18", "CLASE_TIPO": 1, "FECHA": "2025-03-31T00:00:00", "OPreescola": 145, "OPrimaria": 480, "OSecundari": 578, "OMedia": 320, "OTotal": 1724, "Aceleracio": 201, "DANE12_EST": "111001012611", "Educacion_": 0 }, "geometry": { "type": "Point", "coordinates": [ -8250890.45130000077188, 510368.11600000038743 ] } },
{ "type": "Feature", "properties": { "NOMBRE_EST": "COLEGIO QUIROGA ALIANZA (IED)", "GENERO": 5, "COD_LOCA": "18", "CLASE_TIPO": 1, "FECHA": "2025-03-31T00:00:00", "OPreescola": 124, "OPrimaria": 500, "OSecundari": 497, "OMedia": 174, "OTotal": 1345, "Aceleracio": 50, "DANE12_EST": "111001012815", "Educacion_": 0 }, "geometry": { "type": "Point", "coordinates": [ -8250698.981799999251962, 510353.598099999129772 ] } },
{ "type": "Feature", "properties": { "NOMBRE_EST": "COLEGIO RAFAEL DELGADO SALGUERO (IED)", "GENERO": 5, "COD_LOCA": "18", "CLASE_TIPO": 1, "FECHA": "2025-03-31T00:00:00", "OPreescola": 0, "OPrimaria": 90, "OSecundari": 309, "OMedia": 120, "OTotal": 519, "Aceleracio": 0, "DANE12_EST": "111001012971", "Educacion_": 0 }, "geometry": { "type": "Point", "coordinates": [ -8251041.845799999311566, 510918.680900000035763 ] } },
{ "type": "Feature", "properties": { "NOMBRE_EST": "COLEGIO RAFAEL DELGADO SALGUERO (IED)", "GENERO": 5, "COD_LOCA": "18", "CLASE_TIPO": 1, "FECHA": "2025-03-31T00:00:00", "OPreescola": 40, "OPrimaria": 152, "OSecundari": 0, "OMedia": 0, "OTotal": 192, "Aceleracio": 0, "DANE12_EST": "111001012971", "Educacion_": 0 }, "geometry": { "type": "Point", "coordinates": [ -8251872.289200000464916, 511041.525499999523163 ] } },
{ "type": "Feature", "properties": { "NOMBRE_EST": "COLEGIO RAFAEL DELGADO SALGUERO (IED)", "GENERO": 5, "COD_LOCA": "18", "CLASE_TIPO": 1, "FECHA": "2025-03-31T00:00:00", "OPreescola": 135, "OPrimaria": 180, "OSecundari": 0, "OMedia": 0, "OTotal": 315, "Aceleracio": 0, "DANE12_EST": "111001012971", "Educacion_": 0 }, "geometry": { "type": "Point", "coordinates": [ -8250926.0735, 510834.923300001770258 ] } },
{ "type": "Feature", "properties": { "NOMBRE_EST": "COLEGIO SAN AGUSTIN (IED)", "GENERO": 5, "COD_LOCA": "18", "CLASE_TIPO": 1, "FECHA": "2025-03-31T00:00:00", "OPreescola": 273, "OPrimaria": 1050, "OSecundari": 1080, "OMedia": 353, "OTotal": 2774, "Aceleracio": 18, "DANE12_EST": "111001013811", "Educacion_": 0 }, "geometry": { "type": "Point", "coordinates": [ -8250336.080199999734759, 506755.476700000464916 ] } },
{ "type": "Feature", "properties": { "NOMBRE_EST": "COLEGIO REPUBLICA FEDERAL DE ALEMANIA (IED)", "GENERO": 5, "COD_LOCA": "18", "CLASE_TIPO": 1, "FECHA": "2025-03-31T00:00:00", "OPreescola": 75, "OPrimaria": 245, "OSecundari": 189, "OMedia": 63, "OTotal": 572, "Aceleracio": 0, "DANE12_EST": "111001014028", "Educacion_": 0 }, "geometry": { "type": "Point", "coordinates": [ -8251592.877299999818206, 510238.571899998933077 ] } },
{ "type": "Feature", "properties": { "NOMBRE_EST": "COLEGIO MANUEL DEL SOCORRO RODRIGUEZ (IED)", "GENERO": 5, "COD_LOCA": "18", "CLASE_TIPO": 1, "FECHA": "2025-03-31T00:00:00", "OPreescola": 166, "OPrimaria": 394, "OSecundari": 587, "OMedia": 268, "OTotal": 1415, "Aceleracio": 0, "DANE12_EST": "111001014591", "Educacion_": 0 }, "geometry": { "type": "Point", "coordinates": [ -8251673.027300000190735, 510123.545800000429153 ] } },
{ "type": "Feature", "properties": { "NOMBRE_EST": "COLEGIO MANUEL DEL SOCORRO RODRIGUEZ (IED)", "GENERO": 5, "COD_LOCA": "18", "CLASE_TIPO": 1, "FECHA": "2025-03-31T00:00:00", "OPreescola": 75, "OPrimaria": 350, "OSecundari": 0, "OMedia": 0, "OTotal": 425, "Aceleracio": 0, "DANE12_EST": "111001014591", "Educacion_": 0 }, "geometry": { "type": "Point", "coordinates": [ -8251897.892699999734759, 510727.713700000196695 ] } },
{ "type": "Feature", "properties": { "NOMBRE_EST": "COLEGIO EL LIBERTADOR (IED)", "GENERO": 5, "COD_LOCA": "18", "CLASE_TIPO": 1, "FECHA": "2025-03-31T00:00:00", "OPreescola": 0, "OPrimaria": 0, "OSecundari": 530, "OMedia": 250, "OTotal": 780, "Aceleracio": 0, "DANE12_EST": "111001014664", "Educacion_": 0 }, "geometry": { "type": "Point", "coordinates": [ -8250585.435900000855327, 510867.309599999338388 ] } },
{ "type": "Feature", "properties": { "NOMBRE_EST": "COLEGIO EL LIBERTADOR (IED)", "GENERO": 5, "COD_LOCA": "18", "CLASE_TIPO": 1, "FECHA": "2025-03-31T00:00:00", "OPreescola": 140, "OPrimaria": 525, "OSecundari": 0, "OMedia": 0, "OTotal": 665, "Aceleracio": 0, "DANE12_EST": "111001014664", "Educacion_": 0 }, "geometry": { "type": "Point", "coordinates": [ -8250740.17, 511309.550799999386072 ] } },
{ "type": "Feature", "properties": { "NOMBRE_EST": "COLEGIO EL LIBERTADOR (IED)", "GENERO": 5, "COD_LOCA": "18", "CLASE_TIPO": 1, "FECHA": "2025-03-31T00:00:00", "OPreescola": 90, "OPrimaria": 302, "OSecundari": 0, "OMedia": 0, "OTotal": 392, "Aceleracio": 0, "DANE12_EST": "111001014664", "Educacion_": 0 }, "geometry": { "type": "Point", "coordinates": [ -8250242.571900000795722, 511118.582699999213219 ] } },
{ "type": "Feature", "properties": { "NOMBRE_EST": "COLEGIO CLEMENCIA HOLGUIN DE URDANETA (IED)", "GENERO": 5, "COD_LOCA": "18", "CLASE_TIPO": 1, "FECHA": "2025-03-31T00:00:00", "OPreescola": 155, "OPrimaria": 346, "OSecundari": 286, "OMedia": 136, "OTotal": 923, "Aceleracio": 0, "DANE12_EST": "111001014958", "Educacion_": 0 }, "geometry": { "type": "Point", "coordinates": [ -8249947.575200000777841, 510292.176300000399351 ] } },
{ "type": "Feature", "properties": { "NOMBRE_EST": "COLEGIO ALEJANDRO OBREGON (IED)", "GENERO": 5, "COD_LOCA": "18", "CLASE_TIPO": 1, "FECHA": "2025-03-31T00:00:00", "OPreescola": 109, "OPrimaria": 669, "OSecundari": 680, "OMedia": 240, "OTotal": 1698, "Aceleracio": 0, "DANE12_EST": "111001015172", "Educacion_": 0 }, "geometry": { "type": "Point", "coordinates": [ -8249761.671700000762939, 509998.469099998474121 ] } },
{ "type": "Feature", "properties": { "NOMBRE_EST": "COLEGIO ANTONIO BARAYA (IED)", "GENERO": 5, "COD_LOCA": "18", "CLASE_TIPO": 1, "FECHA": "2025-03-31T00:00:00", "OPreescola": 101, "OPrimaria": 321, "OSecundari": 462, "OMedia": 186, "OTotal": 1070, "Aceleracio": 0, "DANE12_EST": "111001015733", "Educacion_": 0 }, "geometry": { "type": "Point", "coordinates": [ -8249803.973099999129772, 510802.537099998444319 ] } },
{ "type": "Feature", "properties": { "NOMBRE_EST": "COLEGIO ANTONIO BARAYA (IED)", "GENERO": 5, "COD_LOCA": "18", "CLASE_TIPO": 1, "FECHA": "2025-03-31T00:00:00", "OPreescola": 127, "OPrimaria": 210, "OSecundari": 0, "OMedia": 0, "OTotal": 337, "Aceleracio": 0, "DANE12_EST": "111001015733", "Educacion_": 0 }, "geometry": { "type": "Point", "coordinates": [ -8249805.086300000548363, 511063.86089999973774 ] } },
{ "type": "Feature", "properties": { "NOMBRE_EST": "COLEGIO ALEXANDER FLEMING (IED)", "GENERO": 5, "COD_LOCA": "18", "CLASE_TIPO": 1, "FECHA": "2025-03-31T00:00:00", "OPreescola": 185, "OPrimaria": 0, "OSecundari": 420, "OMedia": 188, "OTotal": 793, "Aceleracio": 0, "DANE12_EST": "111001018058", "Educacion_": 0 }, "geometry": { "type": "Point", "coordinates": [ -8251084.147199999541044, 509489.230200000107288 ] } },
{ "type": "Feature", "properties": { "NOMBRE_EST": "COLEGIO ALEXANDER FLEMING (IED)", "GENERO": 5, "COD_LOCA": "18", "CLASE_TIPO": 1, "FECHA": "2025-03-31T00:00:00", "OPreescola": 300, "OPrimaria": 671, "OSecundari": 0, "OMedia": 0, "OTotal": 971, "Aceleracio": 0, "DANE12_EST": "111001018058", "Educacion_": 0 }, "geometry": { "type": "Point", "coordinates": [ -8251003.997199999168515, 509421.108500000089407 ] } },
{ "type": "Feature", "properties": { "NOMBRE_EST": "COLEGIO ALEXANDER FLEMING (IED)", "GENERO": 5, "COD_LOCA": "18", "CLASE_TIPO": 1, "FECHA": "2025-03-31T00:00:00", "OPreescola": 50, "OPrimaria": 150, "OSecundari": 0, "OMedia": 0, "OTotal": 200, "Aceleracio": 0, "DANE12_EST": "111001018058", "Educacion_": 0 }, "geometry": { "type": "Point", "coordinates": [ -8251472.652200000360608, 508720.910999998450279 ] } },
{ "type": "Feature", "properties": { "NOMBRE_EST": "COLEGIO MISAEL PASTRANA BORRERO (IED)", "GENERO": 5, "COD_LOCA": "18", "CLASE_TIPO": 1, "FECHA": "2025-03-31T00:00:00", "OPreescola": 152, "OPrimaria": 570, "OSecundari": 428, "OMedia": 118, "OTotal": 1486, "Aceleracio": 0, "DANE12_EST": "111001020095", "Educacion_": 218 }, "geometry": { "type": "Point", "coordinates": [ -8249702.6722999997437, 508675.124699998646975 ] } },
{ "type": "Feature", "properties": { "NOMBRE_EST": "COLEGIO GUSTAVO RESTREPO (IED)", "GENERO": 5, "COD_LOCA": "18", "CLASE_TIPO": 1, "FECHA": "2025-03-31T00:00:00", "OPreescola": 0, "OPrimaria": 0, "OSecundari": 560, "OMedia": 223, "OTotal": 783, "Aceleracio": 0, "DANE12_EST": "111001027332", "Educacion_": 0 }, "geometry": { "type": "Point", "coordinates": [ -8249685.97440000064671, 510274.308100000023842 ] } },
{ "type": "Feature", "properties": { "NOMBRE_EST": "COLEGIO GUSTAVO RESTREPO (IED)", "GENERO": 5, "COD_LOCA": "18", "CLASE_TIPO": 1, "FECHA": "2025-03-31T00:00:00", "OPreescola": 150, "OPrimaria": 880, "OSecundari": 0, "OMedia": 0, "OTotal": 1030, "Aceleracio": 0, "DANE12_EST": "111001027332", "Educacion_": 0 }, "geometry": { "type": "Point", "coordinates": [ -8249061.472100000828505, 510086.692800000309944 ] } },
{ "type": "Feature", "properties": { "NOMBRE_EST": "COLEGIO GUSTAVO RESTREPO (IED)", "GENERO": 5, "COD_LOCA": "15", "CLASE_TIPO": 1, "FECHA": "2025-03-31T00:00:00", "OPreescola": 0, "OPrimaria": 0, "OSecundari": 372, "OMedia": 0, "OTotal": 372, "Aceleracio": 0, "DANE12_EST": "111001027332", "Educacion_": 0 }, "geometry": { "type": "Point", "coordinates": [ -8248434.743300000205636, 510811.471200000494719 ] } },
{ "type": "Feature", "properties": { "NOMBRE_EST": "COLEGIO ALFREDO IRIARTE (IED)", "GENERO": 5, "COD_LOCA": "18", "CLASE_TIPO": 1, "FECHA": "2025-03-31T00:00:00", "OPreescola": 38, "OPrimaria": 636, "OSecundari": 675, "OMedia": 260, "OTotal": 1609, "Aceleracio": 0, "DANE12_EST": "111001027383", "Educacion_": 0 }, "geometry": { "type": "Point", "coordinates": [ -8250119.007200000807643, 507941.43189999833703 ] } },
{ "type": "Feature", "properties": { "NOMBRE_EST": "COLEGIO ALFREDO IRIARTE (IED)", "GENERO": 5, "COD_LOCA": "18", "CLASE_TIPO": 1, "FECHA": "2025-03-31T00:00:00", "OPreescola": 115, "OPrimaria": 305, "OSecundari": 0, "OMedia": 0, "OTotal": 420, "Aceleracio": 0, "DANE12_EST": "111001027383", "Educacion_": 0 }, "geometry": { "type": "Point", "coordinates": [ -8250584.322699999436736, 508115.641399998217821 ] } },
{ "type": "Feature", "properties": { "NOMBRE_EST": "COLEGIO ALFREDO IRIARTE (IED)", "GENERO": 5, "COD_LOCA": "18", "CLASE_TIPO": 1, "FECHA": "2025-03-31T00:00:00", "OPreescola": 70, "OPrimaria": 166, "OSecundari": 0, "OMedia": 0, "OTotal": 236, "Aceleracio": 0, "DANE12_EST": "111001027383", "Educacion_": 0 }, "geometry": { "type": "Point", "coordinates": [ -8251091.939600000157952, 508365.789200000464916 ] } },
{ "type": "Feature", "properties": { "NOMBRE_EST": "COLEGIO PALERMO SUR (CED)", "GENERO": 5, "COD_LOCA": "18", "CLASE_TIPO": 1, "FECHA": "2025-03-31T00:00:00", "OPreescola": 293, "OPrimaria": 1200, "OSecundari": 0, "OMedia": 0, "OTotal": 1493, "Aceleracio": 0, "DANE12_EST": "111001028380", "Educacion_": 0 }, "geometry": { "type": "Point", "coordinates": [ -8249858.519600000232458, 506271.942600000649691 ] } },
{ "type": "Feature", "properties": { "NOMBRE_EST": "COLEGIO ENRIQUE OLAYA HERRERA (IED)", "GENERO": 5, "COD_LOCA": "18", "CLASE_TIPO": 1, "FECHA": "2025-03-31T00:00:00", "OPreescola": 502, "OPrimaria": 1541, "OSecundari": 1668, "OMedia": 830, "OTotal": 4541, "Aceleracio": 0, "DANE12_EST": "111001030015", "Educacion_": 0 }, "geometry": { "type": "Point", "coordinates": [ -8248923.435900000855327, 509103.952899999916553 ] } },
{ "type": "Feature", "properties": { "NOMBRE_EST": "COLEGIO REPUBLICA EE.UU. DE AMERICA (IED)", "GENERO": 5, "COD_LOCA": "18", "CLASE_TIPO": 1, "FECHA": "2025-03-31T00:00:00", "OPreescola": 113, "OPrimaria": 272, "OSecundari": 200, "OMedia": 72, "OTotal": 657, "Aceleracio": 0, "DANE12_EST": "111001032395", "Educacion_": 0 }, "geometry": { "type": "Point", "coordinates": [ -8249363.147900000214577, 510866.192800000309944 ] } },
{ "type": "Feature", "properties": { "NOMBRE_EST": "COLEGIO CLEMENCIA DE CAYCEDO (IED)", "GENERO": 5, "COD_LOCA": "18", "CLASE_TIPO": 1, "FECHA": "2025-03-31T00:00:00", "OPreescola": 70, "OPrimaria": 297, "OSecundari": 294, "OMedia": 105, "OTotal": 906, "Aceleracio": 0, "DANE12_EST": "111001034134", "Educacion_": 140 }, "geometry": { "type": "Point", "coordinates": [ -8250415.11710000038147, 510463.040699999779463 ] } },
{ "type": "Feature", "properties": { "NOMBRE_EST": "COLEGIO JOSE MARTI (IED)", "GENERO": 5, "COD_LOCA": "18", "CLASE_TIPO": 1, "FECHA": "2025-03-31T00:00:00", "OPreescola": 93, "OPrimaria": 0, "OSecundari": 420, "OMedia": 140, "OTotal": 653, "Aceleracio": 0, "DANE12_EST": "111001036765", "Educacion_": 0 }, "geometry": { "type": "Point", "coordinates": [ -8249895.255100000649691, 509606.488800000399351 ] } },
{ "type": "Feature", "properties": { "NOMBRE_EST": "COLEGIO JOSE MARTI (IED)", "GENERO": 5, "COD_LOCA": "18", "CLASE_TIPO": 1, "FECHA": "2025-03-31T00:00:00", "OPreescola": 100, "OPrimaria": 318, "OSecundari": 0, "OMedia": 0, "OTotal": 418, "Aceleracio": 0, "DANE12_EST": "111001036765", "Educacion_": 0 }, "geometry": { "type": "Point", "coordinates": [ -8250205.836400000378489, 509759.48369999974966 ] } },
{ "type": "Feature", "properties": { "NOMBRE_EST": "COLEGIO JOSE MARTI (IED)", "GENERO": 5, "COD_LOCA": "18", "CLASE_TIPO": 1, "FECHA": "2025-03-31T00:00:00", "OPreescola": 125, "OPrimaria": 560, "OSecundari": 0, "OMedia": 0, "OTotal": 685, "Aceleracio": 0, "DANE12_EST": "111001036765", "Educacion_": 0 }, "geometry": { "type": "Point", "coordinates": [ -8250565.398399999365211, 509444.560199998319149 ] } },
{ "type": "Feature", "properties": { "NOMBRE_EST": "COLEGIO JOSE MARTI (IED)", "GENERO": 5, "COD_LOCA": "18", "CLASE_TIPO": 1, "FECHA": "2025-03-31T00:00:00", "OPreescola": 45, "OPrimaria": 245, "OSecundari": 0, "OMedia": 0, "OTotal": 290, "Aceleracio": 0, "DANE12_EST": "111001036765", "Educacion_": 0 }, "geometry": { "type": "Point", "coordinates": [ -8249824.010600000619888, 509068.217099998146296 ] } },
{ "type": "Feature", "properties": { "NOMBRE_EST": "COLEGIO JOSE MARTI (IED)", "GENERO": 5, "COD_LOCA": "18", "CLASE_TIPO": 1, "FECHA": "2025-03-31T00:00:00", "OPreescola": 0, "OPrimaria": 0, "OSecundari": 0, "OMedia": 0, "OTotal": 150, "Aceleracio": 150, "DANE12_EST": "111001036765", "Educacion_": 0 }, "geometry": { "type": "Point", "coordinates": [ -8250558.719200000166893, 509762.833999998867512 ] } },
{ "type": "Feature", "properties": { "NOMBRE_EST": "COLEGIO DIANA TURBAY (IED)", "GENERO": 5, "COD_LOCA": "18", "CLASE_TIPO": 1, "FECHA": "2025-03-31T00:00:00", "OPreescola": 363, "OPrimaria": 384, "OSecundari": 457, "OMedia": 196, "OTotal": 1630, "Aceleracio": 50, "DANE12_EST": "111001041611", "Educacion_": 180 }, "geometry": { "type": "Point", "coordinates": [ -8249898.5945999994874, 506763.293699998408556 ] } },
{ "type": "Feature", "properties": { "NOMBRE_EST": "COLEGIO DIANA TURBAY (IED)", "GENERO": 5, "COD_LOCA": "18", "CLASE_TIPO": 1, "FECHA": "2025-03-31T00:00:00", "OPreescola": 0, "OPrimaria": 229, "OSecundari": 0, "OMedia": 0, "OTotal": 229, "Aceleracio": 0, "DANE12_EST": "111001041611", "Educacion_": 0 }, "geometry": { "type": "Point", "coordinates": [ -8249626.975099999457598, 506519.851199999451637 ] } },
{ "type": "Feature", "properties": { "NOMBRE_EST": "COLEGIO MARRUECOS Y MOLINOS (IED)", "GENERO": 5, "COD_LOCA": "18", "CLASE_TIPO": 1, "FECHA": "2025-03-31T00:00:00", "OPreescola": 268, "OPrimaria": 1051, "OSecundari": 1358, "OMedia": 560, "OTotal": 3839, "Aceleracio": 0, "DANE12_EST": "111001076376", "Educacion_": 602 }, "geometry": { "type": "Point", "coordinates": [ -8250773.5658, 507624.2820999994874 ] } },
{ "type": "Feature", "properties": { "NOMBRE_EST": "COLEGIO LA PAZ (IED)", "GENERO": 5, "COD_LOCA": "18", "CLASE_TIPO": 1, "FECHA": "2025-03-31T00:00:00", "OPreescola": 120, "OPrimaria": 212, "OSecundari": 0, "OMedia": 0, "OTotal": 332, "Aceleracio": 0, "DANE12_EST": "111001078930", "Educacion_": 0 }, "geometry": { "type": "Point", "coordinates": [ -8250639.9824, 506319.960900001227856 ] } },
{ "type": "Feature", "properties": { "NOMBRE_EST": "COLEGIO LA PAZ (IED)", "GENERO": 5, "COD_LOCA": "18", "CLASE_TIPO": 1, "FECHA": "2025-03-31T00:00:00", "OPreescola": 0, "OPrimaria": 315, "OSecundari": 455, "OMedia": 70, "OTotal": 955, "Aceleracio": 115, "DANE12_EST": "111001078930", "Educacion_": 0 }, "geometry": { "type": "Point", "coordinates": [ -8250262.609400000423193, 506429.397999998182058 ] } },
{ "type": "Feature", "properties": { "NOMBRE_EST": "COLEGIO SANTA LUCIA (IED)", "GENERO": 5, "COD_LOCA": "18", "CLASE_TIPO": 2, "FECHA": "2025-03-31T00:00:00", "OPreescola": 50, "OPrimaria": 369, "OSecundari": 459, "OMedia": 232, "OTotal": 1110, "Aceleracio": 0, "DANE12_EST": "111001098965", "Educacion_": 0 }, "geometry": { "type": "Point", "coordinates": [ -8250700.095000000670552, 509713.696899998933077 ] } },
{ "type": "Feature", "properties": { "NOMBRE_EST": "COLEGIO COLOMBIA VIVA (IED)", "GENERO": 5, "COD_LOCA": "18", "CLASE_TIPO": 1, "FECHA": "2025-03-31T00:00:00", "OPreescola": 235, "OPrimaria": 660, "OSecundari": 620, "OMedia": 221, "OTotal": 1736, "Aceleracio": 0, "DANE12_EST": "111001102091", "Educacion_": 0 }, "geometry": { "type": "Point", "coordinates": [ -8249626.975099999457598, 507427.739199999719858 ] } },
{ "type": "Feature", "properties": { "NOMBRE_EST": "COLEGIO MARIA CANO (IED)", "GENERO": 5, "COD_LOCA": "18", "CLASE_TIPO": 1, "FECHA": "2025-03-31T00:00:00", "OPreescola": 206, "OPrimaria": 630, "OSecundari": 720, "OMedia": 234, "OTotal": 1790, "Aceleracio": 0, "DANE12_EST": "111001107794", "Educacion_": 0 }, "geometry": { "type": "Point", "coordinates": [ -8250497.49349999986589, 508070.972300000488758 ] } },
{ "type": "Feature", "properties": { "NOMBRE_EST": "COLEGIO REPUBLICA DE MEXICO (IED)", "GENERO": 5, "COD_LOCA": "19", "CLASE_TIPO": 1, "FECHA": "2025-03-31T00:00:00", "OPreescola": 150, "OPrimaria": 700, "OSecundari": 840, "OMedia": 440, "OTotal": 2557, "Aceleracio": 427, "DANE12_EST": "111001014486", "Educacion_": 0 }, "geometry": { "type": "Point", "coordinates": [ -8252836.315999999642372, 507623.165300000458956 ] } },
{ "type": "Feature", "properties": { "NOMBRE_EST": "COLEGIO RAFAEL URIBE URIBE (IED)", "GENERO": 5, "COD_LOCA": "19", "CLASE_TIPO": 1, "FECHA": "2025-03-31T00:00:00", "OPreescola": 107, "OPrimaria": 697, "OSecundari": 640, "OMedia": 320, "OTotal": 1764, "Aceleracio": 0, "DANE12_EST": "111001014524", "Educacion_": 0 }, "geometry": { "type": "Point", "coordinates": [ -8254150.999199999496341, 506725.325500000268221 ] } },
{ "type": "Feature", "properties": { "NOMBRE_EST": "COLEGIO ISMAEL PERDOMO (IED)", "GENERO": 5, "COD_LOCA": "19", "CLASE_TIPO": 1, "FECHA": "2025-03-31T00:00:00", "OPreescola": 218, "OPrimaria": 918, "OSecundari": 846, "OMedia": 344, "OTotal": 2640, "Aceleracio": 0, "DANE12_EST": "111001020320", "Educacion_": 314 }, "geometry": { "type": "Point", "coordinates": [ -8256022.279799999669194, 511197.873500000685453 ] } },
{ "type": "Feature", "properties": { "NOMBRE_EST": "COLEGIO LEON DE GREIFF (IED)", "GENERO": 5, "COD_LOCA": "19", "CLASE_TIPO": 1, "FECHA": "2025-03-31T00:00:00", "OPreescola": 340, "OPrimaria": 770, "OSecundari": 529, "OMedia": 210, "OTotal": 2169, "Aceleracio": 0, "DANE12_EST": "111001027251", "Educacion_": 320 }, "geometry": { "type": "Point", "coordinates": [ -8253057.84180000051856, 507153.026599999517202 ] } },
{ "type": "Feature", "properties": { "NOMBRE_EST": "COLEGIO CIUDAD DE MONTREAL (IED)", "GENERO": 5, "COD_LOCA": "19", "CLASE_TIPO": 1, "FECHA": "2025-03-31T00:00:00", "OPreescola": 116, "OPrimaria": 409, "OSecundari": 309, "OMedia": 74, "OTotal": 908, "Aceleracio": 0, "DANE12_EST": "111001028266", "Educacion_": 0 }, "geometry": { "type": "Point", "coordinates": [ -8253018.880000000819564, 507415.455200001597404 ] } },
{ "type": "Feature", "properties": { "NOMBRE_EST": "COLEGIO SANTA BARBARA (IED)", "GENERO": 5, "COD_LOCA": "19", "CLASE_TIPO": 1, "FECHA": "2025-03-31T00:00:00", "OPreescola": 70, "OPrimaria": 131, "OSecundari": 384, "OMedia": 129, "OTotal": 714, "Aceleracio": 0, "DANE12_EST": "111001030821", "Educacion_": 0 }, "geometry": { "type": "Point", "coordinates": [ -8253552.100299999117851, 507328.351199999451637 ] } },
{ "type": "Feature", "properties": { "NOMBRE_EST": "COLEGIO SANTA BARBARA (IED)", "GENERO": 5, "COD_LOCA": "19", "CLASE_TIPO": 1, "FECHA": "2025-03-31T00:00:00", "OPreescola": 125, "OPrimaria": 445, "OSecundari": 0, "OMedia": 0, "OTotal": 570, "Aceleracio": 0, "DANE12_EST": "111001030821", "Educacion_": 0 }, "geometry": { "type": "Point", "coordinates": [ -8254097.5658, 507619.815200001001358 ] } },
{ "type": "Feature", "properties": { "NOMBRE_EST": "COLEGIO UNION EUROPEA (IED)", "GENERO": 5, "COD_LOCA": "19", "CLASE_TIPO": 1, "FECHA": "2025-03-31T00:00:00", "OPreescola": 175, "OPrimaria": 735, "OSecundari": 800, "OMedia": 320, "OTotal": 2030, "Aceleracio": 0, "DANE12_EST": "111001030830", "Educacion_": 0 }, "geometry": { "type": "Point", "coordinates": [ -8253407.384999999776483, 507689.052000001072884 ] } },
{ "type": "Feature", "properties": { "NOMBRE_EST": "COLEGIO UNION EUROPEA (IED)", "GENERO": 5, "COD_LOCA": "19", "CLASE_TIPO": 1, "FECHA": "2025-03-31T00:00:00", "OPreescola": 100, "OPrimaria": 280, "OSecundari": 0, "OMedia": 0, "OTotal": 380, "Aceleracio": 0, "DANE12_EST": "111001030830", "Educacion_": 0 }, "geometry": { "type": "Point", "coordinates": [ -8252899.768100000917912, 507052.522199999541044 ] } },
{ "type": "Feature", "properties": { "NOMBRE_EST": "COLEGIO ARBORIZADORA BAJA (IED)", "GENERO": 5, "COD_LOCA": "19", "CLASE_TIPO": 1, "FECHA": "2025-03-31T00:00:00", "OPreescola": 142, "OPrimaria": 912, "OSecundari": 923, "OMedia": 352, "OTotal": 2404, "Aceleracio": 75, "DANE12_EST": "111001030848", "Educacion_": 0 }, "geometry": { "type": "Point", "coordinates": [ -8254621.880599999800324, 509811.971099998801947 ] } },
{ "type": "Feature", "properties": { "NOMBRE_EST": "COLEGIO EL TESORO DE LA CUMBRE (IED)", "GENERO": 5, "COD_LOCA": "19", "CLASE_TIPO": 1, "FECHA": "2025-03-31T00:00:00", "OPreescola": 48, "OPrimaria": 222, "OSecundari": 0, "OMedia": 0, "OTotal": 430, "Aceleracio": 160, "DANE12_EST": "111001033928", "Educacion_": 0 }, "geometry": { "type": "Point", "coordinates": [ -8254233.375600000843406, 505798.461599998176098 ] } },
{ "type": "Feature", "properties": { "NOMBRE_EST": "COLEGIO EL TESORO DE LA CUMBRE (IED)", "GENERO": 5, "COD_LOCA": "19", "CLASE_TIPO": 1, "FECHA": "2025-03-31T00:00:00", "OPreescola": 125, "OPrimaria": 0, "OSecundari": 0, "OMedia": 0, "OTotal": 125, "Aceleracio": 0, "DANE12_EST": "111001033928", "Educacion_": 0 }, "geometry": { "type": "Point", "coordinates": [ -8252831.863199999555945, 508183.761900000274181 ] } },
{ "type": "Feature", "properties": { "NOMBRE_EST": "COLEGIO EL TESORO DE LA CUMBRE (IED)", "GENERO": 5, "COD_LOCA": "19", "CLASE_TIPO": 1, "FECHA": "2025-03-31T00:00:00", "OPreescola": 100, "OPrimaria": 700, "OSecundari": 700, "OMedia": 247, "OTotal": 1747, "Aceleracio": 0, "DANE12_EST": "111001033928", "Educacion_": 0 }, "geometry": { "type": "Point", "coordinates": [ -8254257.865900000557303, 505358.484200000762939 ] } },
{ "type": "Feature", "properties": { "NOMBRE_EST": "COLEGIO NICOLAS GOMEZ DAVILA (IED)", "GENERO": 5, "COD_LOCA": "19", "CLASE_TIPO": 1, "FECHA": "2025-03-31T00:00:00", "OPreescola": 172, "OPrimaria": 642, "OSecundari": 1040, "OMedia": 405, "OTotal": 2259, "Aceleracio": 0, "DANE12_EST": "111001034240", "Educacion_": 0 }, "geometry": { "type": "Point", "coordinates": [ -8254242.281199999153614, 508555.63399999961257 ] } },
{ "type": "Feature", "properties": { "NOMBRE_EST": "COLEGIO NICOLAS GOMEZ DAVILA (IED)", "GENERO": 5, "COD_LOCA": "19", "CLASE_TIPO": 1, "FECHA": "2025-03-31T00:00:00", "OPreescola": 100, "OPrimaria": 423, "OSecundari": 0, "OMedia": 0, "OTotal": 523, "Aceleracio": 0, "DANE12_EST": "111001034240", "Educacion_": 0 }, "geometry": { "type": "Point", "coordinates": [ -8255087.196100000292063, 508738.778799999505281 ] } },
{ "type": "Feature", "properties": { "NOMBRE_EST": "COLEGIO COMPARTIR RECUERDO (IED)", "GENERO": 5, "COD_LOCA": "19", "CLASE_TIPO": 1, "FECHA": "2025-03-31T00:00:00", "OPreescola": 210, "OPrimaria": 581, "OSecundari": 426, "OMedia": 150, "OTotal": 1367, "Aceleracio": 0, "DANE12_EST": "111001034754", "Educacion_": 0 }, "geometry": { "type": "Point", "coordinates": [ -8253852.66300000064075, 506935.267299998551607 ] } },
{ "type": "Feature", "properties": { "NOMBRE_EST": "COLEGIO COMPARTIR RECUERDO (IED)", "GENERO": 5, "COD_LOCA": "19", "CLASE_TIPO": 1, "FECHA": "2025-03-31T00:00:00", "OPreescola": 150, "OPrimaria": 354, "OSecundari": 0, "OMedia": 0, "OTotal": 504, "Aceleracio": 0, "DANE12_EST": "111001034754", "Educacion_": 0 }, "geometry": { "type": "Point", "coordinates": [ -8253630.024000000208616, 507395.354299999773502 ] } },
{ "type": "Feature", "properties": { "NOMBRE_EST": "COLEGIO ACACIA II (IED)", "GENERO": 5, "COD_LOCA": "19", "CLASE_TIPO": 1, "FECHA": "2025-03-31T00:00:00", "OPreescola": 292, "OPrimaria": 661, "OSecundari": 959, "OMedia": 480, "OTotal": 2392, "Aceleracio": 0, "DANE12_EST": "111001035572", "Educacion_": 0 }, "geometry": { "type": "Point", "coordinates": [ -8253488.648199999704957, 508230.664599999785423 ] } },
{ "type": "Feature", "properties": { "NOMBRE_EST": "COLEGIO ACACIA II (IED)", "GENERO": 5, "COD_LOCA": "19", "CLASE_TIPO": 1, "FECHA": "2025-03-31T00:00:00", "OPreescola": 150, "OPrimaria": 420, "OSecundari": 0, "OMedia": 0, "OTotal": 570, "Aceleracio": 0, "DANE12_EST": "111001035572", "Educacion_": 0 }, "geometry": { "type": "Point", "coordinates": [ -8253700.155200000852346, 508081.022799998521805 ] } },
{ "type": "Feature", "properties": { "NOMBRE_EST": "COLEGIO JOSE JAIME ROJAS (IED)", "GENERO": 5, "COD_LOCA": "19", "CLASE_TIPO": 1, "FECHA": "2025-03-31T00:00:00", "OPreescola": 218, "OPrimaria": 528, "OSecundari": 425, "OMedia": 160, "OTotal": 1331, "Aceleracio": 0, "DANE12_EST": "111001036561", "Educacion_": 0 }, "geometry": { "type": "Point", "coordinates": [ -8254445.995799999684095, 505922.415100000798702 ] } },
{ "type": "Feature", "properties": { "NOMBRE_EST": "COLEGIO RODRIGO LARA BONILLA (IED)", "GENERO": 5, "COD_LOCA": "19", "CLASE_TIPO": 1, "FECHA": "2025-03-31T00:00:00", "OPreescola": 55, "OPrimaria": 771, "OSecundari": 1041, "OMedia": 384, "OTotal": 2798, "Aceleracio": 0, "DANE12_EST": "111001036781", "Educacion_": 547 }, "geometry": { "type": "Point", "coordinates": [ -8254794.425799999386072, 509638.874600000679493 ] } },
{ "type": "Feature", "properties": { "NOMBRE_EST": "COLEGIO RODRIGO LARA BONILLA (IED)", "GENERO": 5, "COD_LOCA": "19", "CLASE_TIPO": 1, "FECHA": "2025-03-31T00:00:00", "OPreescola": 260, "OPrimaria": 561, "OSecundari": 0, "OMedia": 0, "OTotal": 821, "Aceleracio": 0, "DANE12_EST": "111001036781", "Educacion_": 0 }, "geometry": { "type": "Point", "coordinates": [ -8252639.280500000342727, 507604.181099999696016 ] } },
{ "type": "Feature", "properties": { "NOMBRE_EST": "COLEGIO RODRIGO LARA BONILLA (IED)", "GENERO": 5, "COD_LOCA": "19", "CLASE_TIPO": 1, "FECHA": "2025-03-31T00:00:00", "OPreescola": 182, "OPrimaria": 0, "OSecundari": 0, "OMedia": 0, "OTotal": 182, "Aceleracio": 0, "DANE12_EST": "111001036781", "Educacion_": 0 }, "geometry": { "type": "Point", "coordinates": [ -8254900.179400000721216, 510199.485300000756979 ] } },
{ "type": "Feature", "properties": { "NOMBRE_EST": "COLEGIO TECNICO CEDID GUILLERMO CANO ISAZA (IED)", "GENERO": 5, "COD_LOCA": "19", "CLASE_TIPO": 1, "FECHA": "2025-03-31T00:00:00", "OPreescola": 150, "OPrimaria": 1050, "OSecundari": 960, "OMedia": 416, "OTotal": 3204, "Aceleracio": 0, "DANE12_EST": "111001044385", "Educacion_": 628 }, "geometry": { "type": "Point", "coordinates": [ -8252719.430500000715256, 507876.661699999123812 ] } },
{ "type": "Feature", "properties": { "NOMBRE_EST": "COLEGIO EL PARAISO DE MANUELA BELTRAN (IED)", "GENERO": 5, "COD_LOCA": "19", "CLASE_TIPO": 1, "FECHA": "2025-03-31T00:00:00", "OPreescola": 244, "OPrimaria": 525, "OSecundari": 417, "OMedia": 142, "OTotal": 1328, "Aceleracio": 0, "DANE12_EST": "111001045730", "Educacion_": 0 }, "geometry": { "type": "Point", "coordinates": [ -8255244.156600000336766, 509539.483899999409914 ] } },
{ "type": "Feature", "properties": { "NOMBRE_EST": "COLEGIO EL PARAISO DE MANUELA BELTRAN (IED)", "GENERO": 5, "COD_LOCA": "19", "CLASE_TIPO": 1, "FECHA": "2025-03-31T00:00:00", "OPreescola": 182, "OPrimaria": 492, "OSecundari": 324, "OMedia": 115, "OTotal": 1163, "Aceleracio": 50, "DANE12_EST": "111001045730", "Educacion_": 0 }, "geometry": { "type": "Point", "coordinates": [ -8255592.5866, 509445.677000001072884 ] } },
{ "type": "Feature", "properties": { "NOMBRE_EST": "COLEGIO VILLAMAR (IED)", "GENERO": 5, "COD_LOCA": "19", "CLASE_TIPO": 1, "FECHA": "2025-03-31T00:00:00", "OPreescola": 0, "OPrimaria": 157, "OSecundari": 211, "OMedia": 0, "OTotal": 368, "Aceleracio": 0, "DANE12_EST": "111001046663", "Educacion_": 0 }, "geometry": { "type": "Point", "coordinates": [ -8254638.578600000590086, 507424.388999998569489 ] } },
{ "type": "Feature", "properties": { "NOMBRE_EST": "COLEGIO VILLAMAR (IED)", "GENERO": 5, "COD_LOCA": "19", "CLASE_TIPO": 1, "FECHA": "2025-03-31T00:00:00", "OPreescola": 112, "OPrimaria": 123, "OSecundari": 0, "OMedia": 0, "OTotal": 235, "Aceleracio": 0, "DANE12_EST": "111001046663", "Educacion_": 0 }, "geometry": { "type": "Point", "coordinates": [ -8254379.20409999974072, 507910.163499999791384 ] } },
{ "type": "Feature", "properties": { "NOMBRE_EST": "COLEGIO LA ARABIA (IED)", "GENERO": 5, "COD_LOCA": "19", "CLASE_TIPO": 1, "FECHA": "2025-03-31T00:00:00", "OPreescola": 195, "OPrimaria": 525, "OSecundari": 350, "OMedia": 0, "OTotal": 1145, "Aceleracio": 75, "DANE12_EST": "111001047457", "Educacion_": 0 }, "geometry": { "type": "Point", "coordinates": [ -8254033.000499999150634, 505230.064800001680851 ] } },
{ "type": "Feature", "properties": { "NOMBRE_EST": "COLEGIO ARBORIZADORA ALTA (IED)", "GENERO": 5, "COD_LOCA": "19", "CLASE_TIPO": 1, "FECHA": "2025-03-31T00:00:00", "OPreescola": 41, "OPrimaria": 840, "OSecundari": 961, "OMedia": 360, "OTotal": 2253, "Aceleracio": 51, "DANE12_EST": "111001047571", "Educacion_": 0 }, "geometry": { "type": "Point", "coordinates": [ -8255157.32740000076592, 509168.723999999463558 ] } },
{ "type": "Feature", "properties": { "NOMBRE_EST": "COLEGIO ARBORIZADORA ALTA (IED)", "GENERO": 5, "COD_LOCA": "19", "CLASE_TIPO": 1, "FECHA": "2025-03-31T00:00:00", "OPreescola": 350, "OPrimaria": 210, "OSecundari": 0, "OMedia": 0, "OTotal": 560, "Aceleracio": 0, "DANE12_EST": "111001047571", "Educacion_": 0 }, "geometry": { "type": "Point", "coordinates": [ -8255706.132500000298023, 509157.556600000709295 ] } },
{ "type": "Feature", "properties": { "NOMBRE_EST": "COLEGIO PARAISO MIRADOR (IED)", "GENERO": 5, "COD_LOCA": "19", "CLASE_TIPO": 1, "FECHA": "2025-03-31T00:00:00", "OPreescola": 188, "OPrimaria": 0, "OSecundari": 0, "OMedia": 0, "OTotal": 188, "Aceleracio": 0, "DANE12_EST": "111001047678", "Educacion_": 0 }, "geometry": { "type": "Point", "coordinates": [ -8255701.679700000211596, 507167.5439000017941 ] } },
{ "type": "Feature", "properties": { "NOMBRE_EST": "COLEGIO PARAISO MIRADOR (IED)", "GENERO": 5, "COD_LOCA": "19", "CLASE_TIPO": 1, "FECHA": "2025-03-31T00:00:00", "OPreescola": 0, "OPrimaria": 1058, "OSecundari": 0, "OMedia": 0, "OTotal": 1158, "Aceleracio": 100, "DANE12_EST": "111001047678", "Educacion_": 0 }, "geometry": { "type": "Point", "coordinates": [ -8255351.023299999535084, 506987.75279999896884 ] } },
{ "type": "Feature", "properties": { "NOMBRE_EST": "COLEGIO PARAISO MIRADOR (IED)", "GENERO": 5, "COD_LOCA": "19", "CLASE_TIPO": 1, "FECHA": "2025-03-31T00:00:00", "OPreescola": 0, "OPrimaria": 0, "OSecundari": 779, "OMedia": 296, "OTotal": 2362, "Aceleracio": 0, "DANE12_EST": "111001047678", "Educacion_": 1287 }, "geometry": { "type": "Point", "coordinates": [ -8255354.3629, 507283.682399999350309 ] } },
{ "type": "Feature", "properties": { "NOMBRE_EST": "COLEGIO MARIA MERCEDES CARRANZA (IED)", "GENERO": 5, "COD_LOCA": "19", "CLASE_TIPO": 1, "FECHA": "2025-03-31T00:00:00", "OPreescola": 237, "OPrimaria": 1194, "OSecundari": 1201, "OMedia": 516, "OTotal": 3148, "Aceleracio": 0, "DANE12_EST": "111001075329", "Educacion_": 0 }, "geometry": { "type": "Point", "coordinates": [ -8255874.224899999797344, 511107.41499999910593 ] } },
{ "type": "Feature", "properties": { "NOMBRE_EST": "COLEGIO ESTRELLA DEL SUR (IED)", "GENERO": 5, "COD_LOCA": "19", "CLASE_TIPO": 1, "FECHA": "2025-03-31T00:00:00", "OPreescola": 160, "OPrimaria": 180, "OSecundari": 0, "OMedia": 0, "OTotal": 340, "Aceleracio": 0, "DANE12_EST": "111001075663", "Educacion_": 0 }, "geometry": { "type": "Point", "coordinates": [ -8253496.440600000321865, 506467.36600000038743 ] } },
{ "type": "Feature", "properties": { "NOMBRE_EST": "COLEGIO ESTRELLA DEL SUR (IED)", "GENERO": 5, "COD_LOCA": "19", "CLASE_TIPO": 1, "FECHA": "2025-03-31T00:00:00", "OPreescola": 0, "OPrimaria": 350, "OSecundari": 200, "OMedia": 0, "OTotal": 675, "Aceleracio": 125, "DANE12_EST": "111001075663", "Educacion_": 0 }, "geometry": { "type": "Point", "coordinates": [ -8253716.853199999779463, 506172.556000001728535 ] } },
{ "type": "Feature", "properties": { "NOMBRE_EST": "COLEGIO ESTRELLA DEL SUR (IED)", "GENERO": 5, "COD_LOCA": "19", "CLASE_TIPO": 1, "FECHA": "2025-03-31T00:00:00", "OPreescola": 230, "OPrimaria": 455, "OSecundari": 0, "OMedia": 0, "OTotal": 685, "Aceleracio": 0, "DANE12_EST": "111001075663", "Educacion_": 0 }, "geometry": { "type": "Point", "coordinates": [ -8253517.591299999505281, 506269.709199998527765 ] } },
{ "type": "Feature", "properties": { "NOMBRE_EST": "COLEGIO ESTRELLA DEL SUR (IED)", "GENERO": 5, "COD_LOCA": "19", "CLASE_TIPO": 1, "FECHA": "2025-03-31T00:00:00", "OPreescola": 0, "OPrimaria": 0, "OSecundari": 520, "OMedia": 240, "OTotal": 760, "Aceleracio": 0, "DANE12_EST": "111001075663", "Educacion_": 0 }, "geometry": { "type": "Point", "coordinates": [ -8253817.040699999779463, 506399.246899999678135 ] } },
{ "type": "Feature", "properties": { "NOMBRE_EST": "COLEGIO SOTAVENTO (IED)", "GENERO": 5, "COD_LOCA": "19", "CLASE_TIPO": 1, "FECHA": "2025-03-31T00:00:00", "OPreescola": 50, "OPrimaria": 526, "OSecundari": 313, "OMedia": 81, "OTotal": 970, "Aceleracio": 0, "DANE12_EST": "111001075752", "Educacion_": 0 }, "geometry": { "type": "Point", "coordinates": [ -8252944.29590000025928, 506430.514699999243021 ] } },
{ "type": "Feature", "properties": { "NOMBRE_EST": "COLEGIO SAN FRANCISCO (IED)", "GENERO": 5, "COD_LOCA": "19", "CLASE_TIPO": 1, "FECHA": "2025-03-31T00:00:00", "OPreescola": 535, "OPrimaria": 315, "OSecundari": 1266, "OMedia": 475, "OTotal": 2641, "Aceleracio": 50, "DANE12_EST": "111001076937", "Educacion_": 0 }, "geometry": { "type": "Point", "coordinates": [ -8253986.246300000697374, 508825.884399998933077 ] } },
{ "type": "Feature", "properties": { "NOMBRE_EST": "COLEGIO SAN FRANCISCO (IED)", "GENERO": 5, "COD_LOCA": "19", "CLASE_TIPO": 1, "FECHA": "2025-03-31T00:00:00", "OPreescola": 0, "OPrimaria": 841, "OSecundari": 0, "OMedia": 0, "OTotal": 841, "Aceleracio": 0, "DANE12_EST": "111001076937", "Educacion_": 0 }, "geometry": { "type": "Point", "coordinates": [ -8254227.809599999338388, 508485.279699999839067 ] } },
{ "type": "Feature", "properties": { "NOMBRE_EST": "COLEGIO SAN FRANCISCO (IED)", "GENERO": 5, "COD_LOCA": "19", "CLASE_TIPO": 1, "FECHA": "2025-03-31T00:00:00", "OPreescola": 0, "OPrimaria": 239, "OSecundari": 0, "OMedia": 0, "OTotal": 331, "Aceleracio": 92, "DANE12_EST": "111001076937", "Educacion_": 0 }, "geometry": { "type": "Point", "coordinates": [ -8254292.374900000169873, 508355.738600000739098 ] } },
{ "type": "Feature", "properties": { "NOMBRE_EST": "COLEGIO CONFEDERACION BRISAS DEL DIAMANTE (IED)", "GENERO": 5, "COD_LOCA": "19", "CLASE_TIPO": 1, "FECHA": "2025-03-31T00:00:00", "OPreescola": 85, "OPrimaria": 0, "OSecundari": 836, "OMedia": 266, "OTotal": 1312, "Aceleracio": 125, "DANE12_EST": "111001086584", "Educacion_": 0 }, "geometry": { "type": "Point", "coordinates": [ -8254096.452600000426173, 506769.993999999016523 ] } },
{ "type": "Feature", "properties": { "NOMBRE_EST": "COLEGIO CONFEDERACION BRISAS DEL DIAMANTE (IED)", "GENERO": 5, "COD_LOCA": "19", "CLASE_TIPO": 1, "FECHA": "2025-03-31T00:00:00", "OPreescola": 140, "OPrimaria": 600, "OSecundari": 0, "OMedia": 0, "OTotal": 740, "Aceleracio": 0, "DANE12_EST": "111001086584", "Educacion_": 0 }, "geometry": { "type": "Point", "coordinates": [ -8254670.86119999922812, 507065.922800000756979 ] } },
{ "type": "Feature", "properties": { "NOMBRE_EST": "COLEGIO CONFEDERACION BRISAS DEL DIAMANTE (IED)", "GENERO": 5, "COD_LOCA": "19", "CLASE_TIPO": 1, "FECHA": "2025-03-31T00:00:00", "OPreescola": 90, "OPrimaria": 420, "OSecundari": 0, "OMedia": 0, "OTotal": 510, "Aceleracio": 0, "DANE12_EST": "111001086584", "Educacion_": 0 }, "geometry": { "type": "Point", "coordinates": [ -8254774.388299999758601, 508919.690499998629093 ] } },
{ "type": "Feature", "properties": { "NOMBRE_EST": "COLEGIO EL MINUTO DE BUENOS AIRES (IED)", "GENERO": 5, "COD_LOCA": "19", "CLASE_TIPO": 1, "FECHA": "2025-03-31T00:00:00", "OPreescola": 210, "OPrimaria": 300, "OSecundari": 0, "OMedia": 0, "OTotal": 510, "Aceleracio": 0, "DANE12_EST": "111001086762", "Educacion_": 0 }, "geometry": { "type": "Point", "coordinates": [ -8253203.670299999415874, 505852.063099998980761 ] } },
{ "type": "Feature", "properties": { "NOMBRE_EST": "COLEGIO EL MINUTO DE BUENOS AIRES (IED)", "GENERO": 5, "COD_LOCA": "19", "CLASE_TIPO": 1, "FECHA": "2025-03-31T00:00:00", "OPreescola": 0, "OPrimaria": 120, "OSecundari": 440, "OMedia": 160, "OTotal": 720, "Aceleracio": 0, "DANE12_EST": "111001086762", "Educacion_": 0 }, "geometry": { "type": "Point", "coordinates": [ -8253467.497500000521541, 505595.223000001162291 ] } },
{ "type": "Feature", "properties": { "NOMBRE_EST": "COLEGIO CEDID CIUDAD BOLIVAR (IED)", "GENERO": 5, "COD_LOCA": "19", "CLASE_TIPO": 1, "FECHA": "2025-03-31T00:00:00", "OPreescola": 498, "OPrimaria": 175, "OSecundari": 1591, "OMedia": 545, "OTotal": 3660, "Aceleracio": 0, "DANE12_EST": "111001086801", "Educacion_": 851 }, "geometry": { "type": "Point", "coordinates": [ -8255977.752000000327826, 510161.515500001609325 ] } },
{ "type": "Feature", "properties": { "NOMBRE_EST": "COLEGIO CEDID CIUDAD BOLIVAR (IED)", "GENERO": 5, "COD_LOCA": "19", "CLASE_TIPO": 1, "FECHA": "2025-03-31T00:00:00", "OPreescola": 100, "OPrimaria": 708, "OSecundari": 0, "OMedia": 0, "OTotal": 808, "Aceleracio": 0, "DANE12_EST": "111001086801", "Educacion_": 0 }, "geometry": { "type": "Point", "coordinates": [ -8256066.807600000873208, 509495.930700000375509 ] } },
{ "type": "Feature", "properties": { "NOMBRE_EST": "COLEGIO CEDID CIUDAD BOLIVAR (IED)", "GENERO": 5, "COD_LOCA": "19", "CLASE_TIPO": 1, "FECHA": "2025-03-31T00:00:00", "OPreescola": 41, "OPrimaria": 457, "OSecundari": 0, "OMedia": 0, "OTotal": 498, "Aceleracio": 0, "DANE12_EST": "111001086801", "Educacion_": 0 }, "geometry": { "type": "Point", "coordinates": [ -8256427.482799999415874, 510502.127399999648333 ] } },
{ "type": "Feature", "properties": { "NOMBRE_EST": "COLEGIO CEDID CIUDAD BOLIVAR (IED)", "GENERO": 5, "COD_LOCA": "19", "CLASE_TIPO": 1, "FECHA": "2025-03-31T00:00:00", "OPreescola": 32, "OPrimaria": 279, "OSecundari": 0, "OMedia": 0, "OTotal": 311, "Aceleracio": 0, "DANE12_EST": "111001086801", "Educacion_": 0 }, "geometry": { "type": "Point", "coordinates": [ -8255835.2631, 509899.077899999916553 ] } },
{ "type": "Feature", "properties": { "NOMBRE_EST": "COLEGIO SIERRA MORENA (IED)", "GENERO": 5, "COD_LOCA": "19", "CLASE_TIPO": 1, "FECHA": "2025-03-31T00:00:00", "OPreescola": 225, "OPrimaria": 700, "OSecundari": 1413, "OMedia": 479, "OTotal": 3400, "Aceleracio": 0, "DANE12_EST": "111001086835", "Educacion_": 583 }, "geometry": { "type": "Point", "coordinates": [ -8256519.878000000491738, 509813.087900001555681 ] } },
{ "type": "Feature", "properties": { "NOMBRE_EST": "COLEGIO SIERRA MORENA (IED)", "GENERO": 5, "COD_LOCA": "19", "CLASE_TIPO": 1, "FECHA": "2025-03-31T00:00:00", "OPreescola": 100, "OPrimaria": 700, "OSecundari": 0, "OMedia": 0, "OTotal": 840, "Aceleracio": 40, "DANE12_EST": "111001086835", "Educacion_": 0 }, "geometry": { "type": "Point", "coordinates": [ -8257833.44789999909699, 511421.228199999779463 ] } },
{ "type": "Feature", "properties": { "NOMBRE_EST": "COLEGIO SIERRA MORENA (IED)", "GENERO": 5, "COD_LOCA": "19", "CLASE_TIPO": 1, "FECHA": "2025-03-31T00:00:00", "OPreescola": 100, "OPrimaria": 630, "OSecundari": 0, "OMedia": 0, "OTotal": 730, "Aceleracio": 0, "DANE12_EST": "111001086835", "Educacion_": 0 }, "geometry": { "type": "Point", "coordinates": [ -8256517.651599999517202, 509346.286499999463558 ] } },
{ "type": "Feature", "properties": { "NOMBRE_EST": "COLEGIO SIERRA MORENA (IED)", "GENERO": 5, "COD_LOCA": "19", "CLASE_TIPO": 1, "FECHA": "2025-03-31T00:00:00", "OPreescola": 80, "OPrimaria": 361, "OSecundari": 0, "OMedia": 0, "OTotal": 481, "Aceleracio": 40, "DANE12_EST": "111001086835", "Educacion_": 0 }, "geometry": { "type": "Point", "coordinates": [ -8256575.537699999287724, 509450.144000001251698 ] } },
{ "type": "Feature", "properties": { "NOMBRE_EST": "COLEGIO LA ESTANCIA - SAN ISIDRO LABRADOR (IED)", "GENERO": 5, "COD_LOCA": "19", "CLASE_TIPO": 1, "FECHA": "2025-03-31T00:00:00", "OPreescola": 60, "OPrimaria": 606, "OSecundari": 847, "OMedia": 370, "OTotal": 2011, "Aceleracio": 0, "DANE12_EST": "111001092410", "Educacion_": 128 }, "geometry": { "type": "Point", "coordinates": [ -8257244.567800000309944, 511805.399900000542402 ] } },
{ "type": "Feature", "properties": { "NOMBRE_EST": "COLEGIO LA ESTANCIA - SAN ISIDRO LABRADOR (IED)", "GENERO": 5, "COD_LOCA": "19", "CLASE_TIPO": 1, "FECHA": "2025-03-31T00:00:00", "OPreescola": 150, "OPrimaria": 340, "OSecundari": 0, "OMedia": 0, "OTotal": 490, "Aceleracio": 0, "DANE12_EST": "111001092410", "Educacion_": 0 }, "geometry": { "type": "Point", "coordinates": [ -8257893.560499999672174, 511697.072200000286102 ] } },
{ "type": "Feature", "properties": { "NOMBRE_EST": "COLEGIO CIUDAD BOLIVAR - ARGENTINA (IED)", "GENERO": 5, "COD_LOCA": "19", "CLASE_TIPO": 1, "FECHA": "2025-03-31T00:00:00", "OPreescola": 120, "OPrimaria": 770, "OSecundari": 680, "OMedia": 280, "OTotal": 1850, "Aceleracio": 0, "DANE12_EST": "111001096555", "Educacion_": 0 }, "geometry": { "type": "Point", "coordinates": [ -8256004.468699999153614, 510196.135000001639128 ] } },
{ "type": "Feature", "properties": { "NOMBRE_EST": "COLEGIO CIUDAD BOLIVAR - ARGENTINA (IED)", "GENERO": 5, "COD_LOCA": "19", "CLASE_TIPO": 1, "FECHA": "2025-03-31T00:00:00", "OPreescola": 50, "OPrimaria": 360, "OSecundari": 0, "OMedia": 0, "OTotal": 410, "Aceleracio": 0, "DANE12_EST": "111001096555", "Educacion_": 0 }, "geometry": { "type": "Point", "coordinates": [ -8255698.340099999681115, 509641.1081000007689 ] } },
{ "type": "Feature", "properties": { "NOMBRE_EST": "COLEGIO LA JOYA (IED)", "GENERO": 5, "COD_LOCA": "19", "CLASE_TIPO": 1, "FECHA": "2025-03-31T00:00:00", "OPreescola": 103, "OPrimaria": 350, "OSecundari": 360, "OMedia": 160, "OTotal": 973, "Aceleracio": 0, "DANE12_EST": "111001098973", "Educacion_": 0 }, "geometry": { "type": "Point", "coordinates": [ -8253850.436599999666214, 505556.138700000941753 ] } },
{ "type": "Feature", "properties": { "NOMBRE_EST": "COLEGIO BUENAVISTA (IED)", "GENERO": 5, "COD_LOCA": "19", "CLASE_TIPO": 2, "FECHA": "2025-03-31T00:00:00", "OPreescola": 92, "OPrimaria": 502, "OSecundari": 427, "OMedia": 175, "OTotal": 1196, "Aceleracio": 0, "DANE12_EST": "111001100013", "Educacion_": 0 }, "geometry": { "type": "Point", "coordinates": [ -8253152.463400000706315, 505962.616300001740456 ] } },
{ "type": "Feature", "properties": { "NOMBRE_EST": "COLEGIO GIMNASIO SABIO CALDAS (IED)", "GENERO": 5, "COD_LOCA": "19", "CLASE_TIPO": 2, "FECHA": "2025-03-31T00:00:00", "OPreescola": 75, "OPrimaria": 437, "OSecundari": 353, "OMedia": 143, "OTotal": 1008, "Aceleracio": 0, "DANE12_EST": "111001100021", "Educacion_": 0 }, "geometry": { "type": "Point", "coordinates": [ -8255870.885299999266863, 509040.298599999397993 ] } },
{ "type": "Feature", "properties": { "NOMBRE_EST": "COLEGIO JOSE MARIA VARGAS VILA (IED)", "GENERO": 5, "COD_LOCA": "19", "CLASE_TIPO": 1, "FECHA": "2025-03-31T00:00:00", "OPreescola": 332, "OPrimaria": 1365, "OSecundari": 960, "OMedia": 440, "OTotal": 3272, "Aceleracio": 175, "DANE12_EST": "111001107115", "Educacion_": 0 }, "geometry": { "type": "Point", "coordinates": [ -8255598.152599999681115, 506181.489700000733137 ] } },
{ "type": "Feature", "properties": { "NOMBRE_EST": "COLEGIO CUNDINAMARCA (IED)", "GENERO": 5, "COD_LOCA": "19", "CLASE_TIPO": 1, "FECHA": "2025-03-31T00:00:00", "OPreescola": 443, "OPrimaria": 1231, "OSecundari": 1281, "OMedia": 565, "OTotal": 3565, "Aceleracio": 45, "DANE12_EST": "111001107816", "Educacion_": 0 }, "geometry": { "type": "Point", "coordinates": [ -8253036.691099999472499, 508374.723000001162291 ] } },
{ "type": "Feature", "properties": { "NOMBRE_EST": "COLEGIO ANTONIO GARCIA (IED)", "GENERO": 5, "COD_LOCA": "19", "CLASE_TIPO": 1, "FECHA": "2025-03-31T00:00:00", "OPreescola": 367, "OPrimaria": 1066, "OSecundari": 664, "OMedia": 403, "OTotal": 2655, "Aceleracio": 155, "DANE12_EST": "111001107859", "Educacion_": 0 }, "geometry": { "type": "Point", "coordinates": [ -8253134.652200000360608, 506405.94709999859333 ] } },
{ "type": "Feature", "properties": { "NOMBRE_EST": "COLEGIO FANNY MIKEY (IED)", "GENERO": 5, "COD_LOCA": "19", "CLASE_TIPO": 1, "FECHA": "2025-03-31T00:00:00", "OPreescola": 243, "OPrimaria": 805, "OSecundari": 800, "OMedia": 240, "OTotal": 2088, "Aceleracio": 0, "DANE12_EST": "111001109304", "Educacion_": 0 }, "geometry": { "type": "Point", "coordinates": [ -8254663.068800000473857, 506982.169199999421835 ] } },
{ "type": "Feature", "properties": { "NOMBRE_EST": "COLEGIO EL ENSUEÑO (IED)", "GENERO": 5, "COD_LOCA": "19", "CLASE_TIPO": 2, "FECHA": "2025-03-31T00:00:00", "OPreescola": 152, "OPrimaria": 416, "OSecundari": 334, "OMedia": 139, "OTotal": 1041, "Aceleracio": 0, "DANE12_EST": "111001800414", "Educacion_": 0 }, "geometry": { "type": "Point", "coordinates": [ -8255337.66499999910593, 510818.171799998730421 ] } },
{ "type": "Feature", "properties": { "NOMBRE_EST": "COLEGIO ROGELIO SALMONA (IED)", "GENERO": 5, "COD_LOCA": "19", "CLASE_TIPO": 2, "FECHA": "2025-03-31T00:00:00", "OPreescola": 232, "OPrimaria": 648, "OSecundari": 477, "OMedia": 224, "OTotal": 1581, "Aceleracio": 0, "DANE12_EST": "111001800422", "Educacion_": 0 }, "geometry": { "type": "Point", "coordinates": [ -8254894.613399999216199, 511203.457299999892712 ] } },
{ "type": "Feature", "properties": { "NOMBRE_EST": "COLEGIO ANGELA RESTREPO MORENO (IED)", "GENERO": 5, "COD_LOCA": "19", "CLASE_TIPO": 2, "FECHA": "2025-03-31T00:00:00", "OPreescola": 190, "OPrimaria": 417, "OSecundari": 331, "OMedia": 137, "OTotal": 1075, "Aceleracio": 0, "DANE12_EST": "111001800571", "Educacion_": 0 }, "geometry": { "type": "Point", "coordinates": [ -8255929.884600000455976, 510677.459300000220537 ] } },
{ "type": "Feature", "properties": { "NOMBRE_EST": "COLEGIO EL NOGAL (IED)", "GENERO": 5, "COD_LOCA": "19", "CLASE_TIPO": 2, "FECHA": "2025-03-31T00:00:00", "OPreescola": 236, "OPrimaria": 419, "OSecundari": 325, "OMedia": 130, "OTotal": 1110, "Aceleracio": 0, "DANE12_EST": "111001800635", "Educacion_": 0 }, "geometry": { "type": "Point", "coordinates": [ -8255965.506899999454618, 509990.651799999177456 ] } },
{ "type": "Feature", "properties": { "NOMBRE_EST": "COLEGIO MARIA CURREA MANRIQUE (IED)", "GENERO": 5, "COD_LOCA": "19", "CLASE_TIPO": 1, "FECHA": "2025-03-31T00:00:00", "OPreescola": 240, "OPrimaria": 600, "OSecundari": 561, "OMedia": 80, "OTotal": 1481, "Aceleracio": 0, "DANE12_EST": "111001801276", "Educacion_": 0 }, "geometry": { "type": "Point", "coordinates": [ -8254685.332699999213219, 510554.615200001746416 ] } },
{ "type": "Feature", "properties": { "NOMBRE_EST": "COLEGIO AGUDELO RESTREPO (IED)", "GENERO": 5, "COD_LOCA": "19", "CLASE_TIPO": 1, "FECHA": "2025-03-31T00:00:00", "OPreescola": 146, "OPrimaria": 400, "OSecundari": 320, "OMedia": 160, "OTotal": 1051, "Aceleracio": 25, "DANE12_EST": "111001801314", "Educacion_": 0 }, "geometry": { "type": "Point", "coordinates": [ -8255741.754699999466538, 511105.181400001049042 ] } },
{ "type": "Feature", "properties": { "NOMBRE_EST": "COLEGIO RURAL PASQUILLA (IED)", "GENERO": 5, "COD_LOCA": "19", "CLASE_TIPO": 1, "FECHA": "2025-03-31T00:00:00", "OPreescola": 42, "OPrimaria": 238, "OSecundari": 500, "OMedia": 138, "OTotal": 918, "Aceleracio": 0, "DANE12_EST": "211850001121", "Educacion_": 0 }, "geometry": { "type": "Point", "coordinates": [ -8255090.535700000822544, 495275.390700001269579 ] } },
{ "type": "Feature", "properties": { "NOMBRE_EST": "COLEGIO RURAL PASQUILLA (IED)", "GENERO": 5, "COD_LOCA": "19", "CLASE_TIPO": 1, "FECHA": "2025-03-31T00:00:00", "OPreescola": 13, "OPrimaria": 56, "OSecundari": 0, "OMedia": 0, "OTotal": 69, "Aceleracio": 0, "DANE12_EST": "211850001121", "Educacion_": 0 }, "geometry": { "type": "Point", "coordinates": [ -8254581.805600000545382, 491072.793000001460314 ] } },
{ "type": "Feature", "properties": { "NOMBRE_EST": "COLEGIO RURAL PASQUILLA (IED)", "GENERO": 5, "COD_LOCA": "19", "CLASE_TIPO": 1, "FECHA": "2025-03-31T00:00:00", "OPreescola": 7, "OPrimaria": 59, "OSecundari": 0, "OMedia": 0, "OTotal": 66, "Aceleracio": 0, "DANE12_EST": "211850001121", "Educacion_": 0 }, "geometry": { "type": "Point", "coordinates": [ -8254695.351500000804663, 493443.147999998182058 ] } },
{ "type": "Feature", "properties": { "NOMBRE_EST": "COLEGIO RURAL QUIBA ALTA (IED)", "GENERO": 5, "COD_LOCA": "19", "CLASE_TIPO": 1, "FECHA": "2025-03-31T00:00:00", "OPreescola": 0, "OPrimaria": 0, "OSecundari": 435, "OMedia": 169, "OTotal": 604, "Aceleracio": 0, "DANE12_EST": "211850001171", "Educacion_": 0 }, "geometry": { "type": "Point", "coordinates": [ -8255983.318, 502995.600699998438358 ] } },
{ "type": "Feature", "properties": { "NOMBRE_EST": "COLEGIO RURAL QUIBA ALTA (IED)", "GENERO": 5, "COD_LOCA": "19", "CLASE_TIPO": 1, "FECHA": "2025-03-31T00:00:00", "OPreescola": 302, "OPrimaria": 508, "OSecundari": 0, "OMedia": 0, "OTotal": 810, "Aceleracio": 0, "DANE12_EST": "211850001171", "Educacion_": 0 }, "geometry": { "type": "Point", "coordinates": [ -8256118.014599999412894, 504556.704100001603365 ] } },
{ "type": "Feature", "properties": { "NOMBRE_EST": "COLEGIO MOCHUELO ALTO (CED)", "GENERO": 5, "COD_LOCA": "19", "CLASE_TIPO": 1, "FECHA": "2025-03-31T00:00:00", "OPreescola": 46, "OPrimaria": 295, "OSecundari": 0, "OMedia": 0, "OTotal": 380, "Aceleracio": 39, "DANE12_EST": "211850001180", "Educacion_": 0 }, "geometry": { "type": "Point", "coordinates": [ -8254142.093599999323487, 500198.419700000435114 ] } },
{ "type": "Feature", "properties": { "NOMBRE_EST": "COLEGIO RURAL JOSE CELESTINO MUTIS (IED)", "GENERO": 5, "COD_LOCA": "19", "CLASE_TIPO": 1, "FECHA": "2025-03-31T00:00:00", "OPreescola": 313, "OPrimaria": 700, "OSecundari": 560, "OMedia": 280, "OTotal": 1853, "Aceleracio": 0, "DANE12_EST": "211850001317", "Educacion_": 0 }, "geometry": { "type": "Point", "coordinates": [ -8254562.881300000473857, 502681.820300001651049 ] } },
{ "type": "Feature", "properties": { "NOMBRE_EST": "COLEGIO CANADA (IED)", "GENERO": 5, "COD_LOCA": "19", "CLASE_TIPO": 1, "FECHA": "2025-03-31T00:00:00", "OPreescola": 50, "OPrimaria": 349, "OSecundari": 280, "OMedia": 130, "OTotal": 809, "Aceleracio": 0, "DANE12_EST": "311001075034", "Educacion_": 0 }, "geometry": { "type": "Point", "coordinates": [ -8254852.312000000849366, 506055.302400000393391 ] } },
{ "type": "Feature", "properties": { "NOMBRE_EST": "COLEGIO CAMPESTRE JAIME GARZON (IED)", "GENERO": 5, "COD_LOCA": "20", "CLASE_TIPO": 1, "FECHA": "2025-03-31T00:00:00", "OPreescola": 45, "OPrimaria": 100, "OSecundari": 100, "OMedia": 56, "OTotal": 366, "Aceleracio": 10, "DANE12_EST": "211001076346", "Educacion_": 55 }, "geometry": { "type": "Point", "coordinates": [ -8256734.724600000306964, 464720.896999999880791 ] } },
{ "type": "Feature", "properties": { "NOMBRE_EST": "COLEGIO CAMPESTRE JAIME GARZON (IED)", "GENERO": 5, "COD_LOCA": "20", "CLASE_TIPO": 1, "FECHA": "2025-03-31T00:00:00", "OPreescola": 25, "OPrimaria": 40, "OSecundari": 0, "OMedia": 0, "OTotal": 65, "Aceleracio": 0, "DANE12_EST": "211001076346", "Educacion_": 0 }, "geometry": { "type": "Point", "coordinates": [ -8253120.180700000375509, 467238.970100000500679 ] } },
{ "type": "Feature", "properties": { "NOMBRE_EST": "COLEGIO CAMPESTRE JAIME GARZON (IED)", "GENERO": 5, "COD_LOCA": "20", "CLASE_TIPO": 1, "FECHA": "2025-03-31T00:00:00", "OPreescola": 9, "OPrimaria": 20, "OSecundari": 0, "OMedia": 0, "OTotal": 29, "Aceleracio": 0, "DANE12_EST": "211001076346", "Educacion_": 0 }, "geometry": { "type": "Point", "coordinates": [ -8255038.215500000864267, 467501.273499999195337 ] } },
{ "type": "Feature", "properties": { "NOMBRE_EST": "COLEGIO CAMPESTRE JAIME GARZON (IED)", "GENERO": 5, "COD_LOCA": "20", "CLASE_TIPO": 1, "FECHA": "2025-03-31T00:00:00", "OPreescola": 11, "OPrimaria": 20, "OSecundari": 0, "OMedia": 0, "OTotal": 31, "Aceleracio": 0, "DANE12_EST": "211001076346", "Educacion_": 0 }, "geometry": { "type": "Point", "coordinates": [ -8253561.005899999290705, 472426.028299998492002 ] } },
{ "type": "Feature", "properties": { "NOMBRE_EST": "COLEGIO CAMPESTRE JAIME GARZON (IED)", "GENERO": 5, "COD_LOCA": "20", "CLASE_TIPO": 1, "FECHA": "2025-03-31T00:00:00", "OPreescola": 9, "OPrimaria": 20, "OSecundari": 0, "OMedia": 0, "OTotal": 29, "Aceleracio": 0, "DANE12_EST": "211001076346", "Educacion_": 0 }, "geometry": { "type": "Point", "coordinates": [ -8252030.3629, 467023.546999998390675 ] } },
{ "type": "Feature", "properties": { "NOMBRE_EST": "COLEGIO CAMPESTRE JAIME GARZON (IED)", "GENERO": 5, "COD_LOCA": "20", "CLASE_TIPO": 1, "FECHA": "2025-03-31T00:00:00", "OPreescola": 0, "OPrimaria": 15, "OSecundari": 45, "OMedia": 0, "OTotal": 103, "Aceleracio": 0, "DANE12_EST": "211001076346", "Educacion_": 43 }, "geometry": { "type": "Point", "coordinates": [ -8253866.021299999207258, 469989.289000000804663 ] } },
{ "type": "Feature", "properties": { "NOMBRE_EST": "COLEGIO CAMPESTRE JAIME GARZON (IED)", "GENERO": 5, "COD_LOCA": "20", "CLASE_TIPO": 1, "FECHA": "2025-03-31T00:00:00", "OPreescola": 9, "OPrimaria": 20, "OSecundari": 0, "OMedia": 0, "OTotal": 29, "Aceleracio": 0, "DANE12_EST": "211001076346", "Educacion_": 0 }, "geometry": { "type": "Point", "coordinates": [ -8258532.534299999475479, 467139.629799999296665 ] } },
{ "type": "Feature", "properties": { "NOMBRE_EST": "COLEGIO CAMPESTRE JAIME GARZON (IED)", "GENERO": 5, "COD_LOCA": "20", "CLASE_TIPO": 1, "FECHA": "2025-03-31T00:00:00", "OPreescola": 9, "OPrimaria": 25, "OSecundari": 0, "OMedia": 0, "OTotal": 34, "Aceleracio": 0, "DANE12_EST": "211001076346", "Educacion_": 0 }, "geometry": { "type": "Point", "coordinates": [ -8257771.108999999240041, 462090.168299999088049 ] } },
{ "type": "Feature", "properties": { "NOMBRE_EST": "COLEGIO CAMPESTRE JAIME GARZON (IED)", "GENERO": 5, "COD_LOCA": "20", "CLASE_TIPO": 1, "FECHA": "2025-03-31T00:00:00", "OPreescola": 9, "OPrimaria": 25, "OSecundari": 0, "OMedia": 0, "OTotal": 34, "Aceleracio": 0, "DANE12_EST": "211001076346", "Educacion_": 0 }, "geometry": { "type": "Point", "coordinates": [ -8254055.264399999752641, 463633.772599998861551 ] } },
{ "type": "Feature", "properties": { "NOMBRE_EST": "COLEGIO GIMNASIO DEL CAMPO JUAN DE LA CRUZ VARELA (IED)", "GENERO": 5, "COD_LOCA": "20", "CLASE_TIPO": 1, "FECHA": "2025-03-31T00:00:00", "OPreescola": 44, "OPrimaria": 93, "OSecundari": 169, "OMedia": 95, "OTotal": 460, "Aceleracio": 24, "DANE12_EST": "211850001473", "Educacion_": 35 }, "geometry": { "type": "Point", "coordinates": [ -8278129.217499999329448, 444035.440499998629093 ] } },
{ "type": "Feature", "properties": { "NOMBRE_EST": "COLEGIO GIMNASIO DEL CAMPO JUAN DE LA CRUZ VARELA (IED)", "GENERO": 5, "COD_LOCA": "20", "CLASE_TIPO": 1, "FECHA": "2025-03-31T00:00:00", "OPreescola": 15, "OPrimaria": 48, "OSecundari": 80, "OMedia": 42, "OTotal": 185, "Aceleracio": 0, "DANE12_EST": "211850001473", "Educacion_": 0 }, "geometry": { "type": "Point", "coordinates": [ -8275045.667600000277162, 440618.637600000947714 ] } },
{ "type": "Feature", "properties": { "NOMBRE_EST": "COLEGIO GIMNASIO DEL CAMPO JUAN DE LA CRUZ VARELA (IED)", "GENERO": 5, "COD_LOCA": "20", "CLASE_TIPO": 1, "FECHA": "2025-03-31T00:00:00", "OPreescola": 12, "OPrimaria": 17, "OSecundari": 0, "OMedia": 0, "OTotal": 29, "Aceleracio": 0, "DANE12_EST": "211850001473", "Educacion_": 0 }, "geometry": { "type": "Point", "coordinates": [ -8276604.14049999974668, 443743.076799999922514 ] } },
{ "type": "Feature", "properties": { "NOMBRE_EST": "COLEGIO GIMNASIO DEL CAMPO JUAN DE LA CRUZ VARELA (IED)", "GENERO": 5, "COD_LOCA": "20", "CLASE_TIPO": 1, "FECHA": "2025-03-31T00:00:00", "OPreescola": 8, "OPrimaria": 16, "OSecundari": 0, "OMedia": 0, "OTotal": 24, "Aceleracio": 0, "DANE12_EST": "211850001473", "Educacion_": 0 }, "geometry": { "type": "Point", "coordinates": [ -8274009.283099999651313, 443829.000399999320507 ] } },
{ "type": "Feature", "properties": { "NOMBRE_EST": "COLEGIO GIMNASIO DEL CAMPO JUAN DE LA CRUZ VARELA (IED)", "GENERO": 5, "COD_LOCA": "20", "CLASE_TIPO": 1, "FECHA": "2025-03-31T00:00:00", "OPreescola": 10, "OPrimaria": 32, "OSecundari": 0, "OMedia": 0, "OTotal": 42, "Aceleracio": 0, "DANE12_EST": "211850001473", "Educacion_": 0 }, "geometry": { "type": "Point", "coordinates": [ -8277569.280500000342727, 433450.678800001740456 ] } },
{ "type": "Feature", "properties": { "NOMBRE_EST": "COLEGIO GIMNASIO DEL CAMPO JUAN DE LA CRUZ VARELA (IED)", "GENERO": 5, "COD_LOCA": "20", "CLASE_TIPO": 1, "FECHA": "2025-03-31T00:00:00", "OPreescola": 4, "OPrimaria": 19, "OSecundari": 0, "OMedia": 0, "OTotal": 23, "Aceleracio": 0, "DANE12_EST": "211850001473", "Educacion_": 0 }, "geometry": { "type": "Point", "coordinates": [ -8276578.537000000476837, 437631.549100000411272 ] } },
{ "type": "Feature", "properties": { "NOMBRE_EST": "COLEGIO GIMNASIO DEL CAMPO JUAN DE LA CRUZ VARELA (IED)", "GENERO": 5, "COD_LOCA": "20", "CLASE_TIPO": 1, "FECHA": "2025-03-31T00:00:00", "OPreescola": 7, "OPrimaria": 20, "OSecundari": 0, "OMedia": 0, "OTotal": 27, "Aceleracio": 0, "DANE12_EST": "211850001473", "Educacion_": 0 }, "geometry": { "type": "Point", "coordinates": [ -8281429.840399999171495, 426619.087600000202656 ] } },
{ "type": "Feature", "properties": { "NOMBRE_EST": "COLEGIO GIMNASIO DEL CAMPO JUAN DE LA CRUZ VARELA (IED)", "GENERO": 5, "COD_LOCA": "20", "CLASE_TIPO": 1, "FECHA": "2025-03-31T00:00:00", "OPreescola": 7, "OPrimaria": 16, "OSecundari": 0, "OMedia": 0, "OTotal": 23, "Aceleracio": 0, "DANE12_EST": "211850001473", "Educacion_": 0 }, "geometry": { "type": "Point", "coordinates": [ -8271659.328700000420213, 445724.919100001454353 ] } },
{ "type": "Feature", "properties": { "NOMBRE_EST": "COLEGIO GIMNASIO DEL CAMPO JUAN DE LA CRUZ VARELA (IED)", "GENERO": 5, "COD_LOCA": "20", "CLASE_TIPO": 1, "FECHA": "2025-03-31T00:00:00", "OPreescola": 12, "OPrimaria": 46, "OSecundari": 57, "OMedia": 25, "OTotal": 148, "Aceleracio": 8, "DANE12_EST": "211850001473", "Educacion_": 0 }, "geometry": { "type": "Point", "coordinates": [ -8271087.146500000730157, 449020.273400001227856 ] } },
{ "type": "Feature", "properties": { "NOMBRE_EST": "COLEGIO GIMNASIO DEL CAMPO JUAN DE LA CRUZ VARELA (IED)", "GENERO": 5, "COD_LOCA": "20", "CLASE_TIPO": 1, "FECHA": "2025-03-31T00:00:00", "OPreescola": 12, "OPrimaria": 29, "OSecundari": 0, "OMedia": 0, "OTotal": 41, "Aceleracio": 0, "DANE12_EST": "211850001473", "Educacion_": 0 }, "geometry": { "type": "Point", "coordinates": [ -8272596.63880000077188, 448876.315400000661612 ] } },
{ "type": "Feature", "properties": { "NOMBRE_EST": "COLEGIO GIMNASIO DEL CAMPO JUAN DE LA CRUZ VARELA (IED)", "GENERO": 5, "COD_LOCA": "20", "CLASE_TIPO": 1, "FECHA": "2025-03-31T00:00:00", "OPreescola": 3, "OPrimaria": 6, "OSecundari": 0, "OMedia": 0, "OTotal": 9, "Aceleracio": 0, "DANE12_EST": "211850001473", "Educacion_": 0 }, "geometry": { "type": "Point", "coordinates": [ -8273964.755400000140071, 451988.761399999260902 ] } },
{ "type": "Feature", "properties": { "NOMBRE_EST": "COLEGIO GIMNASIO DEL CAMPO JUAN DE LA CRUZ VARELA (IED)", "GENERO": 5, "COD_LOCA": "20", "CLASE_TIPO": 1, "FECHA": "2025-03-31T00:00:00", "OPreescola": 4, "OPrimaria": 9, "OSecundari": 0, "OMedia": 0, "OTotal": 13, "Aceleracio": 0, "DANE12_EST": "211850001473", "Educacion_": 0 }, "geometry": { "type": "Point", "coordinates": [ -8274258.63880000077188, 456150.38910000026226 ] } },
{ "type": "Feature", "properties": { "NOMBRE_EST": "COLEGIO GIMNASIO DEL CAMPO JUAN DE LA CRUZ VARELA (IED)", "GENERO": 5, "COD_LOCA": "20", "CLASE_TIPO": 1, "FECHA": "2025-03-31T00:00:00", "OPreescola": 4, "OPrimaria": 7, "OSecundari": 0, "OMedia": 0, "OTotal": 11, "Aceleracio": 0, "DANE12_EST": "211850001473", "Educacion_": 0 }, "geometry": { "type": "Point", "coordinates": [ -8275905.054099999368191, 446613.191199999302626 ] } },
{ "type": "Feature", "properties": { "NOMBRE_EST": "COLEGIO GIMNASIO DEL CAMPO JUAN DE LA CRUZ VARELA (IED)", "GENERO": 5, "COD_LOCA": "20", "CLASE_TIPO": 1, "FECHA": "2025-03-31T00:00:00", "OPreescola": 2, "OPrimaria": 8, "OSecundari": 0, "OMedia": 0, "OTotal": 10, "Aceleracio": 0, "DANE12_EST": "211850001473", "Educacion_": 0 }, "geometry": { "type": "Point", "coordinates": [ -8276697.648900000378489, 449169.811500001698732 ] } }
]
}
