{
"type": "FeatureCollection",
"name": "ofertacupos_032025_wgs84",
"crs": { "type": "name", "properties": { "name": "urn:ogc:def:crs:OGC:1.3:CRS84" } },
"features": [
{ "type": "Feature", "properties": { "NOMBRE_EST": "COLEGIO AQUILEO PARRA (IED)", "GENERO": 5, "COD_LOCA": "01", "CLASE_TIPO": 1, "FECHA": "2025-03-31T00:00:00", "OPreescola": 170, "OPrimaria": 1115, "OSecundari": 1045, "OMedia": 313, "OTotal": 2920, "Aceleracio": 0, "DANE12_EST": "111001000132", "Educacion_": 277 }, "geometry": { "type": "Point", "coordinates": [ -74.039170000389703, 4.76573000001767 ] } },
{ "type": "Feature", "properties": { "NOMBRE_EST": "COLEGIO AGUSTIN FERNANDEZ (IED)", "GENERO": 5, "COD_LOCA": "01", "CLASE_TIPO": 1, "FECHA": "2025-03-31T00:00:00", "OPreescola": 0, "OPrimaria": 317, "OSecundari": 599, "OMedia": 262, "OTotal": 1500, "Aceleracio": 0, "DANE12_EST": "111001029955", "Educacion_": 322 }, "geometry": { "type": "Point", "coordinates": [ -74.024099999727255, 4.729649999815668 ] } },
{ "type": "Feature", "properties": { "NOMBRE_EST": "COLEGIO AGUSTIN FERNANDEZ (IED)", "GENERO": 5, "COD_LOCA": "01", "CLASE_TIPO": 1, "FECHA": "2025-03-31T00:00:00", "OPreescola": 40, "OPrimaria": 200, "OSecundari": 0, "OMedia": 0, "OTotal": 240, "Aceleracio": 0, "DANE12_EST": "111001029955", "Educacion_": 0 }, "geometry": { "type": "Point", "coordinates": [ -74.017669999959026, 4.732529999602177 ] } },
{ "type": "Feature", "properties": { "NOMBRE_EST": "COLEGIO AGUSTIN FERNANDEZ (IED)", "GENERO": 5, "COD_LOCA": "01", "CLASE_TIPO": 1, "FECHA": "2025-03-31T00:00:00", "OPreescola": 75, "OPrimaria": 350, "OSecundari": 0, "OMedia": 0, "OTotal": 425, "Aceleracio": 0, "DANE12_EST": "111001029955", "Educacion_": 0 }, "geometry": { "type": "Point", "coordinates": [ -74.01617000028412, 4.735059999591882 ] } },
{ "type": "Feature", "properties": { "NOMBRE_EST": "COLEGIO AGUSTIN FERNANDEZ (IED)", "GENERO": 5, "COD_LOCA": "01", "CLASE_TIPO": 1, "FECHA": "2025-03-31T00:00:00", "OPreescola": 58, "OPrimaria": 70, "OSecundari": 0, "OMedia": 0, "OTotal": 202, "Aceleracio": 74, "DANE12_EST": "111001029955", "Educacion_": 0 }, "geometry": { "type": "Point", "coordinates": [ -74.02445999957736, 4.733539999642358 ] } },
{ "type": "Feature", "properties": { "NOMBRE_EST": "COLEGIO FRIEDRICH NAUMANN (IED)", "GENERO": 5, "COD_LOCA": "01", "CLASE_TIPO": 1, "FECHA": "2025-03-31T00:00:00", "OPreescola": 139, "OPrimaria": 222, "OSecundari": 474, "OMedia": 138, "OTotal": 973, "Aceleracio": 0, "DANE12_EST": "111001044806", "Educacion_": 0 }, "geometry": { "type": "Point", "coordinates": [ -74.023210000147714, 4.749210000042193 ] } },
{ "type": "Feature", "properties": { "NOMBRE_EST": "COLEGIO FRIEDRICH NAUMANN (IED)", "GENERO": 5, "COD_LOCA": "01", "CLASE_TIPO": 1, "FECHA": "2025-03-31T00:00:00", "OPreescola": 184, "OPrimaria": 350, "OSecundari": 0, "OMedia": 0, "OTotal": 534, "Aceleracio": 0, "DANE12_EST": "111001044806", "Educacion_": 0 }, "geometry": { "type": "Point", "coordinates": [ -74.025540000026012, 4.758869999955706 ] } },
{ "type": "Feature", "properties": { "NOMBRE_EST": "COLEGIO TOBERIN (IED)", "GENERO": 5, "COD_LOCA": "01", "CLASE_TIPO": 1, "FECHA": "2025-03-31T00:00:00", "OPreescola": 54, "OPrimaria": 0, "OSecundari": 1000, "OMedia": 480, "OTotal": 1534, "Aceleracio": 0, "DANE12_EST": "111001046957", "Educacion_": 0 }, "geometry": { "type": "Point", "coordinates": [ -74.039490000056858, 4.745409999660335 ] } },
{ "type": "Feature", "properties": { "NOMBRE_EST": "COLEGIO TOBERIN (IED)", "GENERO": 5, "COD_LOCA": "01", "CLASE_TIPO": 1, "FECHA": "2025-03-31T00:00:00", "OPreescola": 0, "OPrimaria": 810, "OSecundari": 0, "OMedia": 0, "OTotal": 860, "Aceleracio": 50, "DANE12_EST": "111001046957", "Educacion_": 0 }, "geometry": { "type": "Point", "coordinates": [ -74.035709999834054, 4.742999999607874 ] } },
{ "type": "Feature", "properties": { "NOMBRE_EST": "COLEGIO TOBERIN (IED)", "GENERO": 5, "COD_LOCA": "01", "CLASE_TIPO": 1, "FECHA": "2025-03-31T00:00:00", "OPreescola": 351, "OPrimaria": 180, "OSecundari": 0, "OMedia": 0, "OTotal": 531, "Aceleracio": 0, "DANE12_EST": "111001046957", "Educacion_": 0 }, "geometry": { "type": "Point", "coordinates": [ -74.040449999956593, 4.743049999605254 ] } },
{ "type": "Feature", "properties": { "NOMBRE_EST": "COLEGIO NUEVO HORIZONTE (IED)", "GENERO": 5, "COD_LOCA": "01", "CLASE_TIPO": 1, "FECHA": "2025-03-31T00:00:00", "OPreescola": 95, "OPrimaria": 0, "OSecundari": 773, "OMedia": 253, "OTotal": 1175, "Aceleracio": 54, "DANE12_EST": "111001086681", "Educacion_": 0 }, "geometry": { "type": "Point", "coordinates": [ -74.025820000408487, 4.766850000269435 ] } },
{ "type": "Feature", "properties": { "NOMBRE_EST": "COLEGIO NUEVO HORIZONTE (IED)", "GENERO": 5, "COD_LOCA": "01", "CLASE_TIPO": 1, "FECHA": "2025-03-31T00:00:00", "OPreescola": 0, "OPrimaria": 701, "OSecundari": 0, "OMedia": 0, "OTotal": 753, "Aceleracio": 52, "DANE12_EST": "111001086681", "Educacion_": 0 }, "geometry": { "type": "Point", "coordinates": [ -74.02438000010973, 4.766950000378957 ] } },
{ "type": "Feature", "properties": { "NOMBRE_EST": "COLEGIO NUEVO HORIZONTE (IED)", "GENERO": 5, "COD_LOCA": "01", "CLASE_TIPO": 1, "FECHA": "2025-03-31T00:00:00", "OPreescola": 312, "OPrimaria": 361, "OSecundari": 0, "OMedia": 0, "OTotal": 673, "Aceleracio": 0, "DANE12_EST": "111001086681", "Educacion_": 0 }, "geometry": { "type": "Point", "coordinates": [ -74.023099999644543, 4.7629699998238 ] } },
{ "type": "Feature", "properties": { "NOMBRE_EST": "COLEGIO NUEVO HORIZONTE (IED)", "GENERO": 5, "COD_LOCA": "01", "CLASE_TIPO": 1, "FECHA": "2025-03-31T00:00:00", "OPreescola": 0, "OPrimaria": 0, "OSecundari": 273, "OMedia": 114, "OTotal": 387, "Aceleracio": 0, "DANE12_EST": "111001086681", "Educacion_": 0 }, "geometry": { "type": "Point", "coordinates": [ -74.029039999866313, 4.800080000114702 ] } },
{ "type": "Feature", "properties": { "NOMBRE_EST": "COLEGIO LA ESTRELLITA (IED)", "GENERO": 5, "COD_LOCA": "01", "CLASE_TIPO": 2, "FECHA": "2025-03-31T00:00:00", "OPreescola": 69, "OPrimaria": 438, "OSecundari": 494, "OMedia": 224, "OTotal": 1225, "Aceleracio": 0, "DANE12_EST": "111001098612", "Educacion_": 0 }, "geometry": { "type": "Point", "coordinates": [ -74.024050000396855, 4.764369999879814 ] } },
{ "type": "Feature", "properties": { "NOMBRE_EST": "COLEGIO SALUDCOOP NORTE (IED)", "GENERO": 5, "COD_LOCA": "01", "CLASE_TIPO": 1, "FECHA": "2025-03-31T00:00:00", "OPreescola": 150, "OPrimaria": 913, "OSecundari": 800, "OMedia": 400, "OTotal": 2263, "Aceleracio": 0, "DANE12_EST": "111001107743", "Educacion_": 0 }, "geometry": { "type": "Point", "coordinates": [ -74.040419999819349, 4.758049999915162 ] } },
{ "type": "Feature", "properties": { "NOMBRE_EST": "COLEGIO USAQUEN (IED)", "GENERO": 5, "COD_LOCA": "01", "CLASE_TIPO": 1, "FECHA": "2025-03-31T00:00:00", "OPreescola": 120, "OPrimaria": 698, "OSecundari": 559, "OMedia": 284, "OTotal": 1661, "Aceleracio": 0, "DANE12_EST": "111848002662", "Educacion_": 0 }, "geometry": { "type": "Point", "coordinates": [ -74.034630000283713, 4.707209999683973 ] } },
{ "type": "Feature", "properties": { "NOMBRE_EST": "COLEGIO USAQUEN (IED)", "GENERO": 5, "COD_LOCA": "01", "CLASE_TIPO": 1, "FECHA": "2025-03-31T00:00:00", "OPreescola": 45, "OPrimaria": 145, "OSecundari": 0, "OMedia": 0, "OTotal": 190, "Aceleracio": 0, "DANE12_EST": "111848002662", "Educacion_": 0 }, "geometry": { "type": "Point", "coordinates": [ -74.032129999627813, 4.724380000230325 ] } },
{ "type": "Feature", "properties": { "NOMBRE_EST": "COLEGIO UNION COLOMBIA (IED)", "GENERO": 5, "COD_LOCA": "01", "CLASE_TIPO": 1, "FECHA": "2025-03-31T00:00:00", "OPreescola": 112, "OPrimaria": 406, "OSecundari": 320, "OMedia": 144, "OTotal": 982, "Aceleracio": 0, "DANE12_EST": "111848002671", "Educacion_": 0 }, "geometry": { "type": "Point", "coordinates": [ -74.027469999871229, 4.759349999831811 ] } },
{ "type": "Feature", "properties": { "NOMBRE_EST": "COLEGIO UNION COLOMBIA (IED)", "GENERO": 5, "COD_LOCA": "01", "CLASE_TIPO": 1, "FECHA": "2025-03-31T00:00:00", "OPreescola": 159, "OPrimaria": 111, "OSecundari": 0, "OMedia": 0, "OTotal": 270, "Aceleracio": 0, "DANE12_EST": "111848002671", "Educacion_": 0 }, "geometry": { "type": "Point", "coordinates": [ -74.027989999554904, 4.765570000088452 ] } },
{ "type": "Feature", "properties": { "NOMBRE_EST": "COLEGIO DIVINO MAESTRO (IED)", "GENERO": 5, "COD_LOCA": "01", "CLASE_TIPO": 1, "FECHA": "2025-03-31T00:00:00", "OPreescola": 119, "OPrimaria": 105, "OSecundari": 521, "OMedia": 321, "OTotal": 1066, "Aceleracio": 0, "DANE12_EST": "111848002689", "Educacion_": 0 }, "geometry": { "type": "Point", "coordinates": [ -74.027740000207956, 4.739959999949438 ] } },
{ "type": "Feature", "properties": { "NOMBRE_EST": "COLEGIO DIVINO MAESTRO (IED)", "GENERO": 5, "COD_LOCA": "01", "CLASE_TIPO": 1, "FECHA": "2025-03-31T00:00:00", "OPreescola": 0, "OPrimaria": 595, "OSecundari": 440, "OMedia": 0, "OTotal": 1035, "Aceleracio": 0, "DANE12_EST": "111848002689", "Educacion_": 0 }, "geometry": { "type": "Point", "coordinates": [ -74.025069999672738, 4.739779999673869 ] } },
{ "type": "Feature", "properties": { "NOMBRE_EST": "COLEGIO DIVINO MAESTRO (IED)", "GENERO": 5, "COD_LOCA": "01", "CLASE_TIPO": 1, "FECHA": "2025-03-31T00:00:00", "OPreescola": 275, "OPrimaria": 456, "OSecundari": 0, "OMedia": 0, "OTotal": 731, "Aceleracio": 0, "DANE12_EST": "111848002689", "Educacion_": 0 }, "geometry": { "type": "Point", "coordinates": [ -74.0245399999433, 4.739320000248681 ] } },
{ "type": "Feature", "properties": { "NOMBRE_EST": "COLEGIO CRISTOBAL COLON (IED)", "GENERO": 5, "COD_LOCA": "01", "CLASE_TIPO": 1, "FECHA": "2025-03-31T00:00:00", "OPreescola": 15, "OPrimaria": 0, "OSecundari": 490, "OMedia": 195, "OTotal": 1673, "Aceleracio": 618, "DANE12_EST": "111848003031", "Educacion_": 355 }, "geometry": { "type": "Point", "coordinates": [ -74.02582999955591, 4.74164000026008 ] } },
{ "type": "Feature", "properties": { "NOMBRE_EST": "COLEGIO CRISTOBAL COLON (IED)", "GENERO": 5, "COD_LOCA": "01", "CLASE_TIPO": 1, "FECHA": "2025-03-31T00:00:00", "OPreescola": 25, "OPrimaria": 175, "OSecundari": 0, "OMedia": 0, "OTotal": 200, "Aceleracio": 0, "DANE12_EST": "111848003031", "Educacion_": 0 }, "geometry": { "type": "Point", "coordinates": [ -74.021480000319045, 4.738699999721637 ] } },
{ "type": "Feature", "properties": { "NOMBRE_EST": "COLEGIO CRISTOBAL COLON (IED)", "GENERO": 5, "COD_LOCA": "01", "CLASE_TIPO": 1, "FECHA": "2025-03-31T00:00:00", "OPreescola": 68, "OPrimaria": 171, "OSecundari": 0, "OMedia": 0, "OTotal": 239, "Aceleracio": 0, "DANE12_EST": "111848003031", "Educacion_": 0 }, "geometry": { "type": "Point", "coordinates": [ -74.019290000182835, 4.743450000349271 ] } },
{ "type": "Feature", "properties": { "NOMBRE_EST": "COLEGIO GENERAL SANTANDER (IED)", "GENERO": 5, "COD_LOCA": "01", "CLASE_TIPO": 1, "FECHA": "2025-03-31T00:00:00", "OPreescola": 196, "OPrimaria": 460, "OSecundari": 355, "OMedia": 160, "OTotal": 1171, "Aceleracio": 0, "DANE12_EST": "111848003910", "Educacion_": 0 }, "geometry": { "type": "Point", "coordinates": [ -74.02793000017877, 4.734650000317266 ] } },
{ "type": "Feature", "properties": { "NOMBRE_EST": "COLEGIO SIMON RODRIGUEZ (IED)", "GENERO": 5, "COD_LOCA": "02", "CLASE_TIPO": 1, "FECHA": "2025-03-31T00:00:00", "OPreescola": 57, "OPrimaria": 70, "OSecundari": 320, "OMedia": 142, "OTotal": 589, "Aceleracio": 0, "DANE12_EST": "111001016314", "Educacion_": 0 }, "geometry": { "type": "Point", "coordinates": [ -74.061249999880232, 4.654350000095333 ] } },
{ "type": "Feature", "properties": { "NOMBRE_EST": "COLEGIO SIMON RODRIGUEZ (IED)", "GENERO": 5, "COD_LOCA": "02", "CLASE_TIPO": 1, "FECHA": "2025-03-31T00:00:00", "OPreescola": 52, "OPrimaria": 215, "OSecundari": 0, "OMedia": 0, "OTotal": 267, "Aceleracio": 0, "DANE12_EST": "111001016314", "Educacion_": 0 }, "geometry": { "type": "Point", "coordinates": [ -74.056660000443841, 4.648380000315615 ] } },
{ "type": "Feature", "properties": { "NOMBRE_EST": "COLEGIO SIMON RODRIGUEZ (IED)", "GENERO": 5, "COD_LOCA": "02", "CLASE_TIPO": 1, "FECHA": "2025-03-31T00:00:00", "OPreescola": 25, "OPrimaria": 184, "OSecundari": 0, "OMedia": 0, "OTotal": 209, "Aceleracio": 0, "DANE12_EST": "111001016314", "Educacion_": 0 }, "geometry": { "type": "Point", "coordinates": [ -74.053999999954357, 4.640999999820177 ] } },
{ "type": "Feature", "properties": { "NOMBRE_EST": "COLEGIO CAMPESTRE MONTE VERDE (IED)", "GENERO": 5, "COD_LOCA": "02", "CLASE_TIPO": 1, "FECHA": "2025-03-31T00:00:00", "OPreescola": 64, "OPrimaria": 637, "OSecundari": 592, "OMedia": 264, "OTotal": 1953, "Aceleracio": 100, "DANE12_EST": "111001033901", "Educacion_": 296 }, "geometry": { "type": "Point", "coordinates": [ -74.021440000136067, 4.670909999968031 ] } },
{ "type": "Feature", "properties": { "NOMBRE_EST": "COLEGIO CAMPESTRE MONTE VERDE (IED)", "GENERO": 5, "COD_LOCA": "02", "CLASE_TIPO": 1, "FECHA": "2025-03-31T00:00:00", "OPreescola": 165, "OPrimaria": 0, "OSecundari": 0, "OMedia": 0, "OTotal": 165, "Aceleracio": 0, "DANE12_EST": "111001033901", "Educacion_": 0 }, "geometry": { "type": "Point", "coordinates": [ -74.030149999553885, 4.675189999957318 ] } },
{ "type": "Feature", "properties": { "NOMBRE_EST": "COLEGIO SAN MARTIN DE PORRES (IED)", "GENERO": 5, "COD_LOCA": "02", "CLASE_TIPO": 1, "FECHA": "2025-03-31T00:00:00", "OPreescola": 38, "OPrimaria": 224, "OSecundari": 171, "OMedia": 56, "OTotal": 489, "Aceleracio": 0, "DANE12_EST": "111001034665", "Educacion_": 0 }, "geometry": { "type": "Point", "coordinates": [ -74.059109999972733, 4.630089999646318 ] } },
{ "type": "Feature", "properties": { "NOMBRE_EST": "COLEGIO SAN MARTIN DE PORRES (IED)", "GENERO": 5, "COD_LOCA": "02", "CLASE_TIPO": 1, "FECHA": "2025-03-31T00:00:00", "OPreescola": 84, "OPrimaria": 52, "OSecundari": 0, "OMedia": 0, "OTotal": 136, "Aceleracio": 0, "DANE12_EST": "111001034665", "Educacion_": 0 }, "geometry": { "type": "Point", "coordinates": [ -74.06125999992598, 4.63065000017422 ] } },
{ "type": "Feature", "properties": { "NOMBRE_EST": "COLEGIO POLICARPA SALAVARRIETA (IED)", "GENERO": 5, "COD_LOCA": "03", "CLASE_TIPO": 1, "FECHA": "2025-03-31T00:00:00", "OPreescola": 32, "OPrimaria": 90, "OSecundari": 379, "OMedia": 180, "OTotal": 681, "Aceleracio": 0, "DANE12_EST": "111001009831", "Educacion_": 0 }, "geometry": { "type": "Point", "coordinates": [ -74.067840000380343, 4.614639999876944 ] } },
{ "type": "Feature", "properties": { "NOMBRE_EST": "COLEGIO POLICARPA SALAVARRIETA (IED)", "GENERO": 5, "COD_LOCA": "03", "CLASE_TIPO": 1, "FECHA": "2025-03-31T00:00:00", "OPreescola": 97, "OPrimaria": 422, "OSecundari": 0, "OMedia": 0, "OTotal": 519, "Aceleracio": 0, "DANE12_EST": "111001009831", "Educacion_": 0 }, "geometry": { "type": "Point", "coordinates": [ -74.06920000031316, 4.604919999648475 ] } },
{ "type": "Feature", "properties": { "NOMBRE_EST": "COLEGIO EXTERNADO NACIONAL CAMILO TORRES (IED)", "GENERO": 5, "COD_LOCA": "03", "CLASE_TIPO": 1, "FECHA": "2025-03-31T00:00:00", "OPreescola": 102, "OPrimaria": 422, "OSecundari": 360, "OMedia": 125, "OTotal": 1179, "Aceleracio": 25, "DANE12_EST": "111001010839", "Educacion_": 145 }, "geometry": { "type": "Point", "coordinates": [ -74.067370000027054, 4.620400000036025 ] } },
{ "type": "Feature", "properties": { "NOMBRE_EST": "COLEGIO AULAS COLOMBIANAS SAN LUIS (IED)", "GENERO": 5, "COD_LOCA": "03", "CLASE_TIPO": 1, "FECHA": "2025-03-31T00:00:00", "OPreescola": 81, "OPrimaria": 536, "OSecundari": 445, "OMedia": 168, "OTotal": 1800, "Aceleracio": 360, "DANE12_EST": "111001013242", "Educacion_": 210 }, "geometry": { "type": "Point", "coordinates": [ -74.07114000020411, 4.580829999727338 ] } },
{ "type": "Feature", "properties": { "NOMBRE_EST": "COLEGIO AULAS COLOMBIANAS SAN LUIS (IED)", "GENERO": 5, "COD_LOCA": "03", "CLASE_TIPO": 1, "FECHA": "2025-03-31T00:00:00", "OPreescola": 100, "OPrimaria": 0, "OSecundari": 0, "OMedia": 0, "OTotal": 100, "Aceleracio": 0, "DANE12_EST": "111001013242", "Educacion_": 0 }, "geometry": { "type": "Point", "coordinates": [ -74.07299999972912, 4.580240000125419 ] } },
{ "type": "Feature", "properties": { "NOMBRE_EST": "COLEGIO JORGE SOTO DEL CORRAL (IED)", "GENERO": 5, "COD_LOCA": "03", "CLASE_TIPO": 1, "FECHA": "2025-03-31T00:00:00", "OPreescola": 304, "OPrimaria": 133, "OSecundari": 339, "OMedia": 127, "OTotal": 903, "Aceleracio": 0, "DANE12_EST": "111001032409", "Educacion_": 0 }, "geometry": { "type": "Point", "coordinates": [ -74.073389999716468, 4.587740000336983 ] } },
{ "type": "Feature", "properties": { "NOMBRE_EST": "COLEGIO JORGE SOTO DEL CORRAL (IED)", "GENERO": 5, "COD_LOCA": "03", "CLASE_TIPO": 1, "FECHA": "2025-03-31T00:00:00", "OPreescola": 87, "OPrimaria": 238, "OSecundari": 0, "OMedia": 0, "OTotal": 325, "Aceleracio": 0, "DANE12_EST": "111001032409", "Educacion_": 0 }, "geometry": { "type": "Point", "coordinates": [ -74.073369999624987, 4.584719999818608 ] } },
{ "type": "Feature", "properties": { "NOMBRE_EST": "COLEGIO JORGE SOTO DEL CORRAL (IED)", "GENERO": 5, "COD_LOCA": "03", "CLASE_TIPO": 1, "FECHA": "2025-03-31T00:00:00", "OPreescola": 17, "OPrimaria": 132, "OSecundari": 0, "OMedia": 0, "OTotal": 149, "Aceleracio": 0, "DANE12_EST": "111001032409", "Educacion_": 0 }, "geometry": { "type": "Point", "coordinates": [ -74.070350000183694, 4.588580000428878 ] } },
{ "type": "Feature", "properties": { "NOMBRE_EST": "COLEGIO ANTONIO JOSE URIBE (IED)", "GENERO": 5, "COD_LOCA": "03", "CLASE_TIPO": 1, "FECHA": "2025-03-31T00:00:00", "OPreescola": 43, "OPrimaria": 442, "OSecundari": 285, "OMedia": 122, "OTotal": 1237, "Aceleracio": 175, "DANE12_EST": "111001036544", "Educacion_": 170 }, "geometry": { "type": "Point", "coordinates": [ -74.082310000094878, 4.592200000089495 ] } },
{ "type": "Feature", "properties": { "NOMBRE_EST": "COLEGIO ANTONIO JOSE URIBE (IED)", "GENERO": 5, "COD_LOCA": "03", "CLASE_TIPO": 1, "FECHA": "2025-03-31T00:00:00", "OPreescola": 127, "OPrimaria": 0, "OSecundari": 0, "OMedia": 0, "OTotal": 127, "Aceleracio": 0, "DANE12_EST": "111001036544", "Educacion_": 0 }, "geometry": { "type": "Point", "coordinates": [ -74.084629999927415, 4.593470000201693 ] } },
{ "type": "Feature", "properties": { "NOMBRE_EST": "COLEGIO MANUEL ELKIN PATARROYO (IED)", "GENERO": 5, "COD_LOCA": "03", "CLASE_TIPO": 1, "FECHA": "2025-03-31T00:00:00", "OPreescola": 80, "OPrimaria": 190, "OSecundari": 154, "OMedia": 70, "OTotal": 494, "Aceleracio": 0, "DANE12_EST": "111001094901", "Educacion_": 0 }, "geometry": { "type": "Point", "coordinates": [ -74.064569999795481, 4.617680000267332 ] } },
{ "type": "Feature", "properties": { "NOMBRE_EST": "COLEGIO LA GIRALDA (IED)", "GENERO": 5, "COD_LOCA": "03", "CLASE_TIPO": 2, "FECHA": "2025-03-31T00:00:00", "OPreescola": 107, "OPrimaria": 619, "OSecundari": 485, "OMedia": 195, "OTotal": 1406, "Aceleracio": 0, "DANE12_EST": "111001100030", "Educacion_": 0 }, "geometry": { "type": "Point", "coordinates": [ -74.079190000196164, 4.58307000033957 ] } },
{ "type": "Feature", "properties": { "NOMBRE_EST": "COLEGIO EL VERJON (IED)", "GENERO": 5, "COD_LOCA": "03", "CLASE_TIPO": 1, "FECHA": "2025-03-31T00:00:00", "OPreescola": 16, "OPrimaria": 96, "OSecundari": 109, "OMedia": 29, "OTotal": 250, "Aceleracio": 0, "DANE12_EST": "211001027485", "Educacion_": 0 }, "geometry": { "type": "Point", "coordinates": [ -74.024000000168144, 4.582999999978981 ] } },
{ "type": "Feature", "properties": { "NOMBRE_EST": "COLEGIO LOS PINOS (IED)", "GENERO": 5, "COD_LOCA": "03", "CLASE_TIPO": 1, "FECHA": "2025-03-31T00:00:00", "OPreescola": 33, "OPrimaria": 0, "OSecundari": 315, "OMedia": 128, "OTotal": 476, "Aceleracio": 0, "DANE12_EST": "311001026441", "Educacion_": 0 }, "geometry": { "type": "Point", "coordinates": [ -74.06809999977304, 4.587700000265334 ] } },
{ "type": "Feature", "properties": { "NOMBRE_EST": "COLEGIO LOS PINOS (IED)", "GENERO": 5, "COD_LOCA": "03", "CLASE_TIPO": 1, "FECHA": "2025-03-31T00:00:00", "OPreescola": 50, "OPrimaria": 315, "OSecundari": 0, "OMedia": 0, "OTotal": 365, "Aceleracio": 0, "DANE12_EST": "311001026441", "Educacion_": 0 }, "geometry": { "type": "Point", "coordinates": [ -74.066709999702979, 4.587539999956262 ] } },
{ "type": "Feature", "properties": { "NOMBRE_EST": "COLEGIO LOS PINOS (IED)", "GENERO": 5, "COD_LOCA": "03", "CLASE_TIPO": 1, "FECHA": "2025-03-31T00:00:00", "OPreescola": 33, "OPrimaria": 100, "OSecundari": 0, "OMedia": 0, "OTotal": 133, "Aceleracio": 0, "DANE12_EST": "311001026441", "Educacion_": 0 }, "geometry": { "type": "Point", "coordinates": [ -74.066580000006638, 4.591380000162427 ] } },
{ "type": "Feature", "properties": { "NOMBRE_EST": "COLEGIO GRAN COLOMBIA (CED)", "GENERO": 5, "COD_LOCA": "04", "CLASE_TIPO": 1, "FECHA": "2025-03-31T00:00:00", "OPreescola": 55, "OPrimaria": 129, "OSecundari": 0, "OMedia": 0, "OTotal": 184, "Aceleracio": 0, "DANE12_EST": "111001011975", "Educacion_": 0 }, "geometry": { "type": "Point", "coordinates": [ -74.070130000075665, 4.568080000293423 ] } },
{ "type": "Feature", "properties": { "NOMBRE_EST": "COLEGIO VEINTE DE JULIO (IED)", "GENERO": 5, "COD_LOCA": "04", "CLASE_TIPO": 1, "FECHA": "2025-03-31T00:00:00", "OPreescola": 163, "OPrimaria": 351, "OSecundari": 314, "OMedia": 131, "OTotal": 959, "Aceleracio": 0, "DANE12_EST": "111001012033", "Educacion_": 0 }, "geometry": { "type": "Point", "coordinates": [ -74.093940000293173, 4.57115999955928 ] } },
{ "type": "Feature", "properties": { "NOMBRE_EST": "COLEGIO PANTALEON GAITAN PEREZ (CED)", "GENERO": 5, "COD_LOCA": "04", "CLASE_TIPO": 1, "FECHA": "2025-03-31T00:00:00", "OPreescola": 71, "OPrimaria": 160, "OSecundari": 0, "OMedia": 0, "OTotal": 231, "Aceleracio": 0, "DANE12_EST": "111001012246", "Educacion_": 0 }, "geometry": { "type": "Point", "coordinates": [ -74.074779999786514, 4.569150000110891 ] } },
{ "type": "Feature", "properties": { "NOMBRE_EST": "COLEGIO SAN JOSE SUR ORIENTAL (IED)", "GENERO": 5, "COD_LOCA": "04", "CLASE_TIPO": 1, "FECHA": "2025-03-31T00:00:00", "OPreescola": 152, "OPrimaria": 416, "OSecundari": 440, "OMedia": 144, "OTotal": 1152, "Aceleracio": 0, "DANE12_EST": "111001012301", "Educacion_": 0 }, "geometry": { "type": "Point", "coordinates": [ -74.084229999894347, 4.546309999834716 ] } },
{ "type": "Feature", "properties": { "NOMBRE_EST": "COLEGIO JUANA ESCOBAR (IED)", "GENERO": 5, "COD_LOCA": "04", "CLASE_TIPO": 1, "FECHA": "2025-03-31T00:00:00", "OPreescola": 80, "OPrimaria": 224, "OSecundari": 702, "OMedia": 330, "OTotal": 1336, "Aceleracio": 0, "DANE12_EST": "111001012335", "Educacion_": 0 }, "geometry": { "type": "Point", "coordinates": [ -74.085609999918645, 4.530919999763983 ] } },
{ "type": "Feature", "properties": { "NOMBRE_EST": "COLEGIO JUANA ESCOBAR (IED)", "GENERO": 5, "COD_LOCA": "04", "CLASE_TIPO": 1, "FECHA": "2025-03-31T00:00:00", "OPreescola": 0, "OPrimaria": 792, "OSecundari": 0, "OMedia": 0, "OTotal": 792, "Aceleracio": 0, "DANE12_EST": "111001012335", "Educacion_": 0 }, "geometry": { "type": "Point", "coordinates": [ -74.089069999575997, 4.532039999895886 ] } },
{ "type": "Feature", "properties": { "NOMBRE_EST": "COLEGIO JUANA ESCOBAR (IED)", "GENERO": 5, "COD_LOCA": "04", "CLASE_TIPO": 1, "FECHA": "2025-03-31T00:00:00", "OPreescola": 300, "OPrimaria": 150, "OSecundari": 0, "OMedia": 0, "OTotal": 450, "Aceleracio": 0, "DANE12_EST": "111001012335", "Educacion_": 0 }, "geometry": { "type": "Point", "coordinates": [ -74.088899999696679, 4.532169999670867 ] } },
{ "type": "Feature", "properties": { "NOMBRE_EST": "COLEGIO AGUAS CLARAS (CED)", "GENERO": 5, "COD_LOCA": "04", "CLASE_TIPO": 1, "FECHA": "2025-03-31T00:00:00", "OPreescola": 74, "OPrimaria": 170, "OSecundari": 0, "OMedia": 0, "OTotal": 244, "Aceleracio": 0, "DANE12_EST": "111001012475", "Educacion_": 0 }, "geometry": { "type": "Point", "coordinates": [ -74.067440000347261, 4.561900000281019 ] } },
{ "type": "Feature", "properties": { "NOMBRE_EST": "COLEGIO ALTAMIRA SUR ORIENTAL (IED)", "GENERO": 5, "COD_LOCA": "04", "CLASE_TIPO": 1, "FECHA": "2025-03-31T00:00:00", "OPreescola": 32, "OPrimaria": 0, "OSecundari": 485, "OMedia": 206, "OTotal": 723, "Aceleracio": 0, "DANE12_EST": "111001014168", "Educacion_": 0 }, "geometry": { "type": "Point", "coordinates": [ -74.08498999977752, 4.54549000025728 ] } },
{ "type": "Feature", "properties": { "NOMBRE_EST": "COLEGIO ALTAMIRA SUR ORIENTAL (IED)", "GENERO": 5, "COD_LOCA": "04", "CLASE_TIPO": 1, "FECHA": "2025-03-31T00:00:00", "OPreescola": 115, "OPrimaria": 490, "OSecundari": 0, "OMedia": 0, "OTotal": 605, "Aceleracio": 0, "DANE12_EST": "111001014168", "Educacion_": 0 }, "geometry": { "type": "Point", "coordinates": [ -74.086260000196987, 4.539540000046596 ] } },
{ "type": "Feature", "properties": { "NOMBRE_EST": "COLEGIO ALTAMIRA SUR ORIENTAL (IED)", "GENERO": 5, "COD_LOCA": "04", "CLASE_TIPO": 1, "FECHA": "2025-03-31T00:00:00", "OPreescola": 50, "OPrimaria": 350, "OSecundari": 0, "OMedia": 0, "OTotal": 400, "Aceleracio": 0, "DANE12_EST": "111001014168", "Educacion_": 0 }, "geometry": { "type": "Point", "coordinates": [ -74.089570000066487, 4.543990000385207 ] } },
{ "type": "Feature", "properties": { "NOMBRE_EST": "COLEGIO TECNICO SAN CRISTOBAL SUR (IED)", "GENERO": 5, "COD_LOCA": "04", "CLASE_TIPO": 1, "FECHA": "2025-03-31T00:00:00", "OPreescola": 0, "OPrimaria": 0, "OSecundari": 813, "OMedia": 334, "OTotal": 1387, "Aceleracio": 0, "DANE12_EST": "111001014176", "Educacion_": 240 }, "geometry": { "type": "Point", "coordinates": [ -74.079449999588846, 4.569690000115458 ] } },
{ "type": "Feature", "properties": { "NOMBRE_EST": "COLEGIO TECNICO SAN CRISTOBAL SUR (IED)", "GENERO": 5, "COD_LOCA": "04", "CLASE_TIPO": 1, "FECHA": "2025-03-31T00:00:00", "OPreescola": 0, "OPrimaria": 641, "OSecundari": 0, "OMedia": 0, "OTotal": 641, "Aceleracio": 0, "DANE12_EST": "111001014176", "Educacion_": 0 }, "geometry": { "type": "Point", "coordinates": [ -74.080869999796121, 4.569249999744429 ] } },
{ "type": "Feature", "properties": { "NOMBRE_EST": "COLEGIO TECNICO SAN CRISTOBAL SUR (IED)", "GENERO": 5, "COD_LOCA": "04", "CLASE_TIPO": 1, "FECHA": "2025-03-31T00:00:00", "OPreescola": 120, "OPrimaria": 168, "OSecundari": 0, "OMedia": 0, "OTotal": 288, "Aceleracio": 0, "DANE12_EST": "111001014176", "Educacion_": 0 }, "geometry": { "type": "Point", "coordinates": [ -74.08243999979122, 4.571800000013654 ] } },
{ "type": "Feature", "properties": { "NOMBRE_EST": "COLEGIO JOSE ACEVEDO Y GOMEZ (IED)", "GENERO": 5, "COD_LOCA": "04", "CLASE_TIPO": 1, "FECHA": "2025-03-31T00:00:00", "OPreescola": 32, "OPrimaria": 0, "OSecundari": 224, "OMedia": 88, "OTotal": 344, "Aceleracio": 0, "DANE12_EST": "111001014451", "Educacion_": 0 }, "geometry": { "type": "Point", "coordinates": [ -74.083680000073443, 4.56238000037964 ] } },
{ "type": "Feature", "properties": { "NOMBRE_EST": "COLEGIO JOSE ACEVEDO Y GOMEZ (IED)", "GENERO": 5, "COD_LOCA": "04", "CLASE_TIPO": 1, "FECHA": "2025-03-31T00:00:00", "OPreescola": 90, "OPrimaria": 273, "OSecundari": 0, "OMedia": 0, "OTotal": 363, "Aceleracio": 0, "DANE12_EST": "111001014451", "Educacion_": 0 }, "geometry": { "type": "Point", "coordinates": [ -74.082859999915783, 4.559529999568984 ] } },
{ "type": "Feature", "properties": { "NOMBRE_EST": "COLEGIO MONTEBELLO (IED)", "GENERO": 5, "COD_LOCA": "04", "CLASE_TIPO": 1, "FECHA": "2025-03-31T00:00:00", "OPreescola": 0, "OPrimaria": 498, "OSecundari": 558, "OMedia": 236, "OTotal": 1406, "Aceleracio": 114, "DANE12_EST": "111001015903", "Educacion_": 0 }, "geometry": { "type": "Point", "coordinates": [ -74.088020000162871, 4.566780000057569 ] } },
{ "type": "Feature", "properties": { "NOMBRE_EST": "COLEGIO MONTEBELLO (IED)", "GENERO": 5, "COD_LOCA": "04", "CLASE_TIPO": 1, "FECHA": "2025-03-31T00:00:00", "OPreescola": 202, "OPrimaria": 90, "OSecundari": 0, "OMedia": 0, "OTotal": 292, "Aceleracio": 0, "DANE12_EST": "111001015903", "Educacion_": 0 }, "geometry": { "type": "Point", "coordinates": [ -74.089620000295213, 4.563770000347517 ] } },
{ "type": "Feature", "properties": { "NOMBRE_EST": "COLEGIO LOS ALPES (IED)", "GENERO": 5, "COD_LOCA": "04", "CLASE_TIPO": 1, "FECHA": "2025-03-31T00:00:00", "OPreescola": 125, "OPrimaria": 801, "OSecundari": 886, "OMedia": 600, "OTotal": 3980, "Aceleracio": 172, "DANE12_EST": "111001015911", "Educacion_": 1396 }, "geometry": { "type": "Point", "coordinates": [ -74.0847400004306, 4.552699999701793 ] } },
{ "type": "Feature", "properties": { "NOMBRE_EST": "COLEGIO LOS ALPES (IED)", "GENERO": 5, "COD_LOCA": "04", "CLASE_TIPO": 1, "FECHA": "2025-03-31T00:00:00", "OPreescola": 173, "OPrimaria": 166, "OSecundari": 0, "OMedia": 0, "OTotal": 424, "Aceleracio": 85, "DANE12_EST": "111001015911", "Educacion_": 0 }, "geometry": { "type": "Point", "coordinates": [ -74.087749999826144, 4.550330000006329 ] } },
{ "type": "Feature", "properties": { "NOMBRE_EST": "COLEGIO LA BELLEZA LOS LIBERTADORES (IED)", "GENERO": 5, "COD_LOCA": "04", "CLASE_TIPO": 1, "FECHA": "2025-03-31T00:00:00", "OPreescola": 50, "OPrimaria": 162, "OSecundari": 297, "OMedia": 114, "OTotal": 726, "Aceleracio": 103, "DANE12_EST": "111001016004", "Educacion_": 0 }, "geometry": { "type": "Point", "coordinates": [ -74.092190000373023, 4.530440000199756 ] } },
{ "type": "Feature", "properties": { "NOMBRE_EST": "COLEGIO LA BELLEZA LOS LIBERTADORES (IED)", "GENERO": 5, "COD_LOCA": "04", "CLASE_TIPO": 1, "FECHA": "2025-03-31T00:00:00", "OPreescola": 100, "OPrimaria": 402, "OSecundari": 0, "OMedia": 0, "OTotal": 502, "Aceleracio": 0, "DANE12_EST": "111001016004", "Educacion_": 0 }, "geometry": { "type": "Point", "coordinates": [ -74.089770000083035, 4.532889999861194 ] } },
{ "type": "Feature", "properties": { "NOMBRE_EST": "COLEGIO JOSE MARIA CARBONELL (IED)", "GENERO": 5, "COD_LOCA": "04", "CLASE_TIPO": 1, "FECHA": "2025-03-31T00:00:00", "OPreescola": 117, "OPrimaria": 339, "OSecundari": 272, "OMedia": 112, "OTotal": 840, "Aceleracio": 0, "DANE12_EST": "111001018252", "Educacion_": 0 }, "geometry": { "type": "Point", "coordinates": [ -74.100939999973789, 4.559330000265753 ] } },
{ "type": "Feature", "properties": { "NOMBRE_EST": "COLEGIO ATENAS (IED)", "GENERO": 5, "COD_LOCA": "04", "CLASE_TIPO": 1, "FECHA": "2025-03-31T00:00:00", "OPreescola": 159, "OPrimaria": 482, "OSecundari": 361, "OMedia": 100, "OTotal": 1102, "Aceleracio": 0, "DANE12_EST": "111001018309", "Educacion_": 0 }, "geometry": { "type": "Point", "coordinates": [ -74.09374000027664, 4.556849999803886 ] } },
{ "type": "Feature", "properties": { "NOMBRE_EST": "COLEGIO JOSE JOAQUIN CASTRO MARTINEZ (IED)", "GENERO": 5, "COD_LOCA": "04", "CLASE_TIPO": 1, "FECHA": "2025-03-31T00:00:00", "OPreescola": 131, "OPrimaria": 254, "OSecundari": 316, "OMedia": 107, "OTotal": 808, "Aceleracio": 0, "DANE12_EST": "111001018325", "Educacion_": 0 }, "geometry": { "type": "Point", "coordinates": [ -74.092900000027484, 4.559769999554849 ] } },
{ "type": "Feature", "properties": { "NOMBRE_EST": "COLEGIO JOSE JOAQUIN CASTRO MARTINEZ (IED)", "GENERO": 5, "COD_LOCA": "04", "CLASE_TIPO": 1, "FECHA": "2025-03-31T00:00:00", "OPreescola": 140, "OPrimaria": 297, "OSecundari": 0, "OMedia": 0, "OTotal": 437, "Aceleracio": 0, "DANE12_EST": "111001018325", "Educacion_": 0 }, "geometry": { "type": "Point", "coordinates": [ -74.088440000287449, 4.555610000394045 ] } },
{ "type": "Feature", "properties": { "NOMBRE_EST": "COLEGIO EL RODEO (IED)", "GENERO": 5, "COD_LOCA": "04", "CLASE_TIPO": 1, "FECHA": "2025-03-31T00:00:00", "OPreescola": 78, "OPrimaria": 417, "OSecundari": 574, "OMedia": 155, "OTotal": 1224, "Aceleracio": 0, "DANE12_EST": "111001018333", "Educacion_": 0 }, "geometry": { "type": "Point", "coordinates": [ -74.095239999951531, 4.551309999817892 ] } },
{ "type": "Feature", "properties": { "NOMBRE_EST": "COLEGIO EL RODEO (IED)", "GENERO": 5, "COD_LOCA": "04", "CLASE_TIPO": 1, "FECHA": "2025-03-31T00:00:00", "OPreescola": 75, "OPrimaria": 376, "OSecundari": 0, "OMedia": 0, "OTotal": 451, "Aceleracio": 0, "DANE12_EST": "111001018333", "Educacion_": 0 }, "geometry": { "type": "Point", "coordinates": [ -74.092609999599262, 4.545969999664495 ] } },
{ "type": "Feature", "properties": { "NOMBRE_EST": "COLEGIO FRANCISCO JAVIER MATIZ (IED)", "GENERO": 5, "COD_LOCA": "04", "CLASE_TIPO": 1, "FECHA": "2025-03-31T00:00:00", "OPreescola": 15, "OPrimaria": 0, "OSecundari": 420, "OMedia": 151, "OTotal": 667, "Aceleracio": 81, "DANE12_EST": "111001018341", "Educacion_": 0 }, "geometry": { "type": "Point", "coordinates": [ -74.093399999619692, 4.565210000406704 ] } },
{ "type": "Feature", "properties": { "NOMBRE_EST": "COLEGIO FRANCISCO JAVIER MATIZ (IED)", "GENERO": 5, "COD_LOCA": "04", "CLASE_TIPO": 1, "FECHA": "2025-03-31T00:00:00", "OPreescola": 179, "OPrimaria": 471, "OSecundari": 0, "OMedia": 0, "OTotal": 650, "Aceleracio": 0, "DANE12_EST": "111001018341", "Educacion_": 0 }, "geometry": { "type": "Point", "coordinates": [ -74.09489000014716, 4.566040000427735 ] } },
{ "type": "Feature", "properties": { "NOMBRE_EST": "COLEGIO LA VICTORIA (IED)", "GENERO": 5, "COD_LOCA": "04", "CLASE_TIPO": 1, "FECHA": "2025-03-31T00:00:00", "OPreescola": 39, "OPrimaria": 35, "OSecundari": 721, "OMedia": 275, "OTotal": 1070, "Aceleracio": 0, "DANE12_EST": "111001018368", "Educacion_": 0 }, "geometry": { "type": "Point", "coordinates": [ -74.093429999756921, 4.552259999668183 ] } },
{ "type": "Feature", "properties": { "NOMBRE_EST": "COLEGIO LA VICTORIA (IED)", "GENERO": 5, "COD_LOCA": "04", "CLASE_TIPO": 1, "FECHA": "2025-03-31T00:00:00", "OPreescola": 150, "OPrimaria": 690, "OSecundari": 0, "OMedia": 0, "OTotal": 840, "Aceleracio": 0, "DANE12_EST": "111001018368", "Educacion_": 0 }, "geometry": { "type": "Point", "coordinates": [ -74.093750000322373, 4.554250000200277 ] } },
{ "type": "Feature", "properties": { "NOMBRE_EST": "COLEGIO SAN ISIDRO SUR ORIENTAL (IED)", "GENERO": 5, "COD_LOCA": "04", "CLASE_TIPO": 1, "FECHA": "2025-03-31T00:00:00", "OPreescola": 0, "OPrimaria": 213, "OSecundari": 480, "OMedia": 200, "OTotal": 893, "Aceleracio": 0, "DANE12_EST": "111001018384", "Educacion_": 0 }, "geometry": { "type": "Point", "coordinates": [ -74.10109999980736, 4.565599999608349 ] } },
{ "type": "Feature", "properties": { "NOMBRE_EST": "COLEGIO SAN ISIDRO SUR ORIENTAL (IED)", "GENERO": 5, "COD_LOCA": "04", "CLASE_TIPO": 1, "FECHA": "2025-03-31T00:00:00", "OPreescola": 122, "OPrimaria": 316, "OSecundari": 0, "OMedia": 0, "OTotal": 438, "Aceleracio": 0, "DANE12_EST": "111001018384", "Educacion_": 0 }, "geometry": { "type": "Point", "coordinates": [ -74.101980000239465, 4.564039999739189 ] } },
{ "type": "Feature", "properties": { "NOMBRE_EST": "COLEGIO ENTRE NUBES SUR ORIENTAL (IED)", "GENERO": 5, "COD_LOCA": "04", "CLASE_TIPO": 1, "FECHA": "2025-03-31T00:00:00", "OPreescola": 97, "OPrimaria": 0, "OSecundari": 373, "OMedia": 113, "OTotal": 583, "Aceleracio": 0, "DANE12_EST": "111001020443", "Educacion_": 0 }, "geometry": { "type": "Point", "coordinates": [ -74.097509999555371, 4.548029999869888 ] } },
{ "type": "Feature", "properties": { "NOMBRE_EST": "COLEGIO ENTRE NUBES SUR ORIENTAL (IED)", "GENERO": 5, "COD_LOCA": "04", "CLASE_TIPO": 1, "FECHA": "2025-03-31T00:00:00", "OPreescola": 167, "OPrimaria": 175, "OSecundari": 0, "OMedia": 0, "OTotal": 342, "Aceleracio": 0, "DANE12_EST": "111001020443", "Educacion_": 0 }, "geometry": { "type": "Point", "coordinates": [ -74.100909999836546, 4.546270000139066 ] } },
{ "type": "Feature", "properties": { "NOMBRE_EST": "COLEGIO ENTRE NUBES SUR ORIENTAL (IED)", "GENERO": 5, "COD_LOCA": "04", "CLASE_TIPO": 1, "FECHA": "2025-03-31T00:00:00", "OPreescola": 0, "OPrimaria": 371, "OSecundari": 0, "OMedia": 0, "OTotal": 371, "Aceleracio": 0, "DANE12_EST": "111001020443", "Educacion_": 0 }, "geometry": { "type": "Point", "coordinates": [ -74.098709999654616, 4.544319999747292 ] } },
{ "type": "Feature", "properties": { "NOMBRE_EST": "COLEGIO ENTRE NUBES SUR ORIENTAL (IED)", "GENERO": 5, "COD_LOCA": "04", "CLASE_TIPO": 1, "FECHA": "2025-03-31T00:00:00", "OPreescola": 0, "OPrimaria": 351, "OSecundari": 0, "OMedia": 0, "OTotal": 351, "Aceleracio": 0, "DANE12_EST": "111001020443", "Educacion_": 0 }, "geometry": { "type": "Point", "coordinates": [ -74.093730000230877, 4.541200000149428 ] } },
{ "type": "Feature", "properties": { "NOMBRE_EST": "COLEGIO MORALBA SURORIENTAL (IED)", "GENERO": 5, "COD_LOCA": "04", "CLASE_TIPO": 1, "FECHA": "2025-03-31T00:00:00", "OPreescola": 82, "OPrimaria": 281, "OSecundari": 398, "OMedia": 139, "OTotal": 900, "Aceleracio": 0, "DANE12_EST": "111001024686", "Educacion_": 0 }, "geometry": { "type": "Point", "coordinates": [ -74.08055000012898, 4.541509999912615 ] } },
{ "type": "Feature", "properties": { "NOMBRE_EST": "COLEGIO MORALBA SURORIENTAL (IED)", "GENERO": 5, "COD_LOCA": "04", "CLASE_TIPO": 1, "FECHA": "2025-03-31T00:00:00", "OPreescola": 0, "OPrimaria": 379, "OSecundari": 0, "OMedia": 0, "OTotal": 379, "Aceleracio": 0, "DANE12_EST": "111001024686", "Educacion_": 0 }, "geometry": { "type": "Point", "coordinates": [ -74.082799999641324, 4.537600000309499 ] } },
{ "type": "Feature", "properties": { "NOMBRE_EST": "COLEGIO MORALBA SURORIENTAL (IED)", "GENERO": 5, "COD_LOCA": "04", "CLASE_TIPO": 1, "FECHA": "2025-03-31T00:00:00", "OPreescola": 140, "OPrimaria": 0, "OSecundari": 0, "OMedia": 0, "OTotal": 140, "Aceleracio": 0, "DANE12_EST": "111001024686", "Educacion_": 0 }, "geometry": { "type": "Point", "coordinates": [ -74.082629999762005, 4.540570000220232 ] } },
{ "type": "Feature", "properties": { "NOMBRE_EST": "COLEGIO FLORENTINO GONZALEZ (IED)", "GENERO": 5, "COD_LOCA": "04", "CLASE_TIPO": 1, "FECHA": "2025-03-31T00:00:00", "OPreescola": 75, "OPrimaria": 545, "OSecundari": 599, "OMedia": 280, "OTotal": 1499, "Aceleracio": 0, "DANE12_EST": "111001027324", "Educacion_": 0 }, "geometry": { "type": "Point", "coordinates": [ -74.096349999639088, 4.567170000196659 ] } },
{ "type": "Feature", "properties": { "NOMBRE_EST": "COLEGIO MANUELITA SAENZ (IED)", "GENERO": 5, "COD_LOCA": "04", "CLASE_TIPO": 1, "FECHA": "2025-03-31T00:00:00", "OPreescola": 361, "OPrimaria": 1155, "OSecundari": 1184, "OMedia": 436, "OTotal": 3136, "Aceleracio": 0, "DANE12_EST": "111001030066", "Educacion_": 0 }, "geometry": { "type": "Point", "coordinates": [ -74.085379999764868, 4.571299999903401 ] } },
{ "type": "Feature", "properties": { "NOMBRE_EST": "COLEGIO ALEMANIA UNIFICADA (IED)", "GENERO": 5, "COD_LOCA": "04", "CLASE_TIPO": 1, "FECHA": "2025-03-31T00:00:00", "OPreescola": 30, "OPrimaria": 0, "OSecundari": 226, "OMedia": 157, "OTotal": 623, "Aceleracio": 210, "DANE12_EST": "111001030864", "Educacion_": 0 }, "geometry": { "type": "Point", "coordinates": [ -74.095070000072212, 4.555880000166011 ] } },
{ "type": "Feature", "properties": { "NOMBRE_EST": "COLEGIO ALEMANIA UNIFICADA (IED)", "GENERO": 5, "COD_LOCA": "04", "CLASE_TIPO": 1, "FECHA": "2025-03-31T00:00:00", "OPreescola": 85, "OPrimaria": 304, "OSecundari": 0, "OMedia": 0, "OTotal": 389, "Aceleracio": 0, "DANE12_EST": "111001030864", "Educacion_": 0 }, "geometry": { "type": "Point", "coordinates": [ -74.100210000227818, 4.558260000137579 ] } },
{ "type": "Feature", "properties": { "NOMBRE_EST": "COLEGIO TECNICO TOMAS RUEDA VARGAS (IED)", "GENERO": 5, "COD_LOCA": "04", "CLASE_TIPO": 1, "FECHA": "2025-03-31T00:00:00", "OPreescola": 31, "OPrimaria": 0, "OSecundari": 640, "OMedia": 400, "OTotal": 1071, "Aceleracio": 0, "DANE12_EST": "111001032280", "Educacion_": 0 }, "geometry": { "type": "Point", "coordinates": [ -74.087070000308884, 4.565169999971467 ] } },
{ "type": "Feature", "properties": { "NOMBRE_EST": "COLEGIO TECNICO TOMAS RUEDA VARGAS (IED)", "GENERO": 5, "COD_LOCA": "04", "CLASE_TIPO": 1, "FECHA": "2025-03-31T00:00:00", "OPreescola": 125, "OPrimaria": 175, "OSecundari": 0, "OMedia": 0, "OTotal": 300, "Aceleracio": 0, "DANE12_EST": "111001032280", "Educacion_": 0 }, "geometry": { "type": "Point", "coordinates": [ -74.088309999692797, 4.561560000315535 ] } },
{ "type": "Feature", "properties": { "NOMBRE_EST": "COLEGIO TECNICO TOMAS RUEDA VARGAS (IED)", "GENERO": 5, "COD_LOCA": "04", "CLASE_TIPO": 1, "FECHA": "2025-03-31T00:00:00", "OPreescola": 0, "OPrimaria": 385, "OSecundari": 0, "OMedia": 0, "OTotal": 385, "Aceleracio": 0, "DANE12_EST": "111001032280", "Educacion_": 0 }, "geometry": { "type": "Point", "coordinates": [ -74.086500000396498, 4.561519999676913 ] } },
{ "type": "Feature", "properties": { "NOMBRE_EST": "COLEGIO REPUBLICA DEL ECUADOR (IED)", "GENERO": 5, "COD_LOCA": "04", "CLASE_TIPO": 1, "FECHA": "2025-03-31T00:00:00", "OPreescola": 195, "OPrimaria": 358, "OSecundari": 320, "OMedia": 160, "OTotal": 1033, "Aceleracio": 0, "DANE12_EST": "111001032433", "Educacion_": 0 }, "geometry": { "type": "Point", "coordinates": [ -74.080279999792225, 4.576920000076302 ] } },
{ "type": "Feature", "properties": { "NOMBRE_EST": "COLEGIO JUAN REY (IED)", "GENERO": 5, "COD_LOCA": "04", "CLASE_TIPO": 1, "FECHA": "2025-03-31T00:00:00", "OPreescola": 150, "OPrimaria": 169, "OSecundari": 312, "OMedia": 150, "OTotal": 781, "Aceleracio": 0, "DANE12_EST": "111001034011", "Educacion_": 0 }, "geometry": { "type": "Point", "coordinates": [ -74.089889999733629, 4.522560000035483 ] } },
{ "type": "Feature", "properties": { "NOMBRE_EST": "COLEGIO JUAN REY (IED)", "GENERO": 5, "COD_LOCA": "04", "CLASE_TIPO": 1, "FECHA": "2025-03-31T00:00:00", "OPreescola": 0, "OPrimaria": 324, "OSecundari": 0, "OMedia": 0, "OTotal": 324, "Aceleracio": 0, "DANE12_EST": "111001034011", "Educacion_": 0 }, "geometry": { "type": "Point", "coordinates": [ -74.087820000146351, 4.519820000031866 ] } },
{ "type": "Feature", "properties": { "NOMBRE_EST": "COLEGIO TECNICO JOSE FELIX RESTREPO (IED)", "GENERO": 5, "COD_LOCA": "04", "CLASE_TIPO": 1, "FECHA": "2025-03-31T00:00:00", "OPreescola": 0, "OPrimaria": 0, "OSecundari": 1120, "OMedia": 380, "OTotal": 3765, "Aceleracio": 0, "DANE12_EST": "111001035530", "Educacion_": 2265 }, "geometry": { "type": "Point", "coordinates": [ -74.089950000008088, 4.574600000092226 ] } },
{ "type": "Feature", "properties": { "NOMBRE_EST": "COLEGIO TECNICO JOSE FELIX RESTREPO (IED)", "GENERO": 5, "COD_LOCA": "04", "CLASE_TIPO": 1, "FECHA": "2025-03-31T00:00:00", "OPreescola": 308, "OPrimaria": 429, "OSecundari": 0, "OMedia": 0, "OTotal": 737, "Aceleracio": 0, "DANE12_EST": "111001035530", "Educacion_": 0 }, "geometry": { "type": "Point", "coordinates": [ -74.084060000015029, 4.577110000351738 ] } },
{ "type": "Feature", "properties": { "NOMBRE_EST": "COLEGIO TECNICO JOSE FELIX RESTREPO (IED)", "GENERO": 5, "COD_LOCA": "04", "CLASE_TIPO": 1, "FECHA": "2025-03-31T00:00:00", "OPreescola": 0, "OPrimaria": 292, "OSecundari": 0, "OMedia": 0, "OTotal": 393, "Aceleracio": 101, "DANE12_EST": "111001035530", "Educacion_": 0 }, "geometry": { "type": "Point", "coordinates": [ -74.079449999588846, 4.572789999632392 ] } },
{ "type": "Feature", "properties": { "NOMBRE_EST": "COLEGIO TECNICO JOSE FELIX RESTREPO (IED)", "GENERO": 5, "COD_LOCA": "04", "CLASE_TIPO": 1, "FECHA": "2025-03-31T00:00:00", "OPreescola": 0, "OPrimaria": 373, "OSecundari": 0, "OMedia": 0, "OTotal": 398, "Aceleracio": 25, "DANE12_EST": "111001035530", "Educacion_": 0 }, "geometry": { "type": "Point", "coordinates": [ -74.087610000084055, 4.574940000143181 ] } },
{ "type": "Feature", "properties": { "NOMBRE_EST": "COLEGIO JUAN EVANGELISTA GOMEZ (IED)", "GENERO": 5, "COD_LOCA": "04", "CLASE_TIPO": 1, "FECHA": "2025-03-31T00:00:00", "OPreescola": 246, "OPrimaria": 949, "OSecundari": 760, "OMedia": 273, "OTotal": 2698, "Aceleracio": 0, "DANE12_EST": "111001035602", "Educacion_": 470 }, "geometry": { "type": "Point", "coordinates": [ -74.095629999938865, 4.552060000133822 ] } },
{ "type": "Feature", "properties": { "NOMBRE_EST": "COLEGIO NUEVA DELHI (IED)", "GENERO": 5, "COD_LOCA": "04", "CLASE_TIPO": 1, "FECHA": "2025-03-31T00:00:00", "OPreescola": 163, "OPrimaria": 445, "OSecundari": 462, "OMedia": 145, "OTotal": 1265, "Aceleracio": 50, "DANE12_EST": "111001046621", "Educacion_": 0 }, "geometry": { "type": "Point", "coordinates": [ -74.086070000226186, 4.528329999978762 ] } },
{ "type": "Feature", "properties": { "NOMBRE_EST": "COLEGIO RAFAEL NUÑEZ (IED)", "GENERO": 5, "COD_LOCA": "04", "CLASE_TIPO": 1, "FECHA": "2025-03-31T00:00:00", "OPreescola": 21, "OPrimaria": 0, "OSecundari": 386, "OMedia": 119, "OTotal": 526, "Aceleracio": 0, "DANE12_EST": "111001086789", "Educacion_": 0 }, "geometry": { "type": "Point", "coordinates": [ -74.093209999648892, 4.576259999811657 ] } },
{ "type": "Feature", "properties": { "NOMBRE_EST": "COLEGIO RAFAEL NUÑEZ (IED)", "GENERO": 5, "COD_LOCA": "04", "CLASE_TIPO": 1, "FECHA": "2025-03-31T00:00:00", "OPreescola": 90, "OPrimaria": 299, "OSecundari": 0, "OMedia": 0, "OTotal": 389, "Aceleracio": 0, "DANE12_EST": "111001086789", "Educacion_": 0 }, "geometry": { "type": "Point", "coordinates": [ -74.095399999785101, 4.574000000293285 ] } },
{ "type": "Feature", "properties": { "NOMBRE_EST": "COLEGIO NUEVA ROMA (IED)", "GENERO": 5, "COD_LOCA": "04", "CLASE_TIPO": 2, "FECHA": "2025-03-31T00:00:00", "OPreescola": 75, "OPrimaria": 509, "OSecundari": 367, "OMedia": 203, "OTotal": 1154, "Aceleracio": 0, "DANE12_EST": "111001098817", "Educacion_": 0 }, "geometry": { "type": "Point", "coordinates": [ -74.09576999968094, 4.54145999995984 ] } },
{ "type": "Feature", "properties": { "NOMBRE_EST": "COLEGIO SAN VICENTE (IED)", "GENERO": 5, "COD_LOCA": "04", "CLASE_TIPO": 2, "FECHA": "2025-03-31T00:00:00", "OPreescola": 97, "OPrimaria": 538, "OSecundari": 417, "OMedia": 198, "OTotal": 1250, "Aceleracio": 0, "DANE12_EST": "111001098825", "Educacion_": 0 }, "geometry": { "type": "Point", "coordinates": [ -74.088309999692797, 4.555239999845355 ] } },
{ "type": "Feature", "properties": { "NOMBRE_EST": "COLEGIO TECNICO ALDEMAR ROJAS PLAZAS (IED)", "GENERO": 5, "COD_LOCA": "04", "CLASE_TIPO": 1, "FECHA": "2025-03-31T00:00:00", "OPreescola": 0, "OPrimaria": 0, "OSecundari": 0, "OMedia": 621, "OTotal": 621, "Aceleracio": 0, "DANE12_EST": "111001102016", "Educacion_": 0 }, "geometry": { "type": "Point", "coordinates": [ -74.090879999770593, 4.58048000034092 ] } },
{ "type": "Feature", "properties": { "NOMBRE_EST": "COLEGIO GLORIA VALENCIA DE CASTAÑO (IED)", "GENERO": 5, "COD_LOCA": "04", "CLASE_TIPO": 1, "FECHA": "2025-03-31T00:00:00", "OPreescola": 160, "OPrimaria": 350, "OSecundari": 328, "OMedia": 135, "OTotal": 973, "Aceleracio": 0, "DANE12_EST": "111001801047", "Educacion_": 0 }, "geometry": { "type": "Point", "coordinates": [ -74.087040000171655, 4.531830000003338 ] } },
{ "type": "Feature", "properties": { "NOMBRE_EST": "COLEGIO SANTA LIBRADA (IED)", "GENERO": 5, "COD_LOCA": "05", "CLASE_TIPO": 1, "FECHA": "2025-03-31T00:00:00", "OPreescola": 263, "OPrimaria": 702, "OSecundari": 506, "OMedia": 154, "OTotal": 1625, "Aceleracio": 0, "DANE12_EST": "111001013820", "Educacion_": 0 }, "geometry": { "type": "Point", "coordinates": [ -74.113509999980337, 4.51429999973136 ] } },
{ "type": "Feature", "properties": { "NOMBRE_EST": "COLEGIO SANTA MARTHA (IED)", "GENERO": 5, "COD_LOCA": "05", "CLASE_TIPO": 1, "FECHA": "2025-03-31T00:00:00", "OPreescola": 168, "OPrimaria": 546, "OSecundari": 354, "OMedia": 80, "OTotal": 1148, "Aceleracio": 0, "DANE12_EST": "111001013935", "Educacion_": 0 }, "geometry": { "type": "Point", "coordinates": [ -74.115629999796354, 4.525309999739927 ] } },
{ "type": "Feature", "properties": { "NOMBRE_EST": "COLEGIO ORLANDO FALS BORDA (IED)", "GENERO": 5, "COD_LOCA": "05", "CLASE_TIPO": 1, "FECHA": "2025-03-31T00:00:00", "OPreescola": 221, "OPrimaria": 800, "OSecundari": 640, "OMedia": 280, "OTotal": 1941, "Aceleracio": 0, "DANE12_EST": "111001016039", "Educacion_": 0 }, "geometry": { "type": "Point", "coordinates": [ -74.121129999802065, 4.518860000194592 ] } },
{ "type": "Feature", "properties": { "NOMBRE_EST": "COLEGIO NUEVA ESPERANZA (IED)", "GENERO": 5, "COD_LOCA": "05", "CLASE_TIPO": 1, "FECHA": "2025-03-31T00:00:00", "OPreescola": 257, "OPrimaria": 634, "OSecundari": 0, "OMedia": 0, "OTotal": 891, "Aceleracio": 0, "DANE12_EST": "111001024643", "Educacion_": 0 }, "geometry": { "type": "Point", "coordinates": [ -74.091029999558415, 4.513439999958692 ] } },
{ "type": "Feature", "properties": { "NOMBRE_EST": "COLEGIO NUEVA ESPERANZA (IED)", "GENERO": 5, "COD_LOCA": "05", "CLASE_TIPO": 1, "FECHA": "2025-03-31T00:00:00", "OPreescola": 0, "OPrimaria": 0, "OSecundari": 475, "OMedia": 140, "OTotal": 665, "Aceleracio": 50, "DANE12_EST": "111001024643", "Educacion_": 0 }, "geometry": { "type": "Point", "coordinates": [ -74.090230000390576, 4.513629999954506 ] } },
{ "type": "Feature", "properties": { "NOMBRE_EST": "COLEGIO ESTANISLAO ZULETA (IED)", "GENERO": 5, "COD_LOCA": "05", "CLASE_TIPO": 1, "FECHA": "2025-03-31T00:00:00", "OPreescola": 0, "OPrimaria": 37, "OSecundari": 805, "OMedia": 250, "OTotal": 1092, "Aceleracio": 0, "DANE12_EST": "111001030872", "Educacion_": 0 }, "geometry": { "type": "Point", "coordinates": [ -74.100509999803478, 4.498499999626318 ] } },
{ "type": "Feature", "properties": { "NOMBRE_EST": "COLEGIO ESTANISLAO ZULETA (IED)", "GENERO": 5, "COD_LOCA": "05", "CLASE_TIPO": 1, "FECHA": "2025-03-31T00:00:00", "OPreescola": 270, "OPrimaria": 807, "OSecundari": 0, "OMedia": 0, "OTotal": 1077, "Aceleracio": 0, "DANE12_EST": "111001030872", "Educacion_": 0 }, "geometry": { "type": "Point", "coordinates": [ -74.104360000346475, 4.497249999927423 ] } },
{ "type": "Feature", "properties": { "NOMBRE_EST": "COLEGIO PROVINCIA DE QUEBEC (IED)", "GENERO": 5, "COD_LOCA": "05", "CLASE_TIPO": 1, "FECHA": "2025-03-31T00:00:00", "OPreescola": 178, "OPrimaria": 486, "OSecundari": 391, "OMedia": 132, "OTotal": 1187, "Aceleracio": 0, "DANE12_EST": "111001041556", "Educacion_": 0 }, "geometry": { "type": "Point", "coordinates": [ -74.091029999558415, 4.515950000086166 ] } },
{ "type": "Feature", "properties": { "NOMBRE_EST": "COLEGIO LOS COMUNEROS - OSWALDO GUAYASAMIN (IED)", "GENERO": 5, "COD_LOCA": "05", "CLASE_TIPO": 1, "FECHA": "2025-03-31T00:00:00", "OPreescola": 270, "OPrimaria": 871, "OSecundari": 0, "OMedia": 0, "OTotal": 1216, "Aceleracio": 75, "DANE12_EST": "111001044270", "Educacion_": 0 }, "geometry": { "type": "Point", "coordinates": [ -74.108719999629088, 4.498519999897806 ] } },
{ "type": "Feature", "properties": { "NOMBRE_EST": "COLEGIO LOS COMUNEROS - OSWALDO GUAYASAMIN (IED)", "GENERO": 5, "COD_LOCA": "05", "CLASE_TIPO": 1, "FECHA": "2025-03-31T00:00:00", "OPreescola": 0, "OPrimaria": 0, "OSecundari": 666, "OMedia": 296, "OTotal": 1121, "Aceleracio": 159, "DANE12_EST": "111001044270", "Educacion_": 0 }, "geometry": { "type": "Point", "coordinates": [ -74.110800000160438, 4.498529999585562 ] } },
{ "type": "Feature", "properties": { "NOMBRE_EST": "COLEGIO LA AURORA (IED)", "GENERO": 5, "COD_LOCA": "05", "CLASE_TIPO": 1, "FECHA": "2025-03-31T00:00:00", "OPreescola": 144, "OPrimaria": 700, "OSecundari": 645, "OMedia": 304, "OTotal": 1793, "Aceleracio": 0, "DANE12_EST": "111001045705", "Educacion_": 0 }, "geometry": { "type": "Point", "coordinates": [ -74.122309999809829, 4.523320000011323 ] } },
{ "type": "Feature", "properties": { "NOMBRE_EST": "COLEGIO NUEVO SAN ANDRES DE LOS ALTOS (IED)", "GENERO": 5, "COD_LOCA": "05", "CLASE_TIPO": 1, "FECHA": "2025-03-31T00:00:00", "OPreescola": 142, "OPrimaria": 609, "OSecundari": 577, "OMedia": 215, "OTotal": 1543, "Aceleracio": 0, "DANE12_EST": "111001046485", "Educacion_": 0 }, "geometry": { "type": "Point", "coordinates": [ -74.120040000206004, 4.525330000168431 ] } },
{ "type": "Feature", "properties": { "NOMBRE_EST": "COLEGIO ATABANZHA (IED)", "GENERO": 5, "COD_LOCA": "05", "CLASE_TIPO": 1, "FECHA": "2025-03-31T00:00:00", "OPreescola": 161, "OPrimaria": 476, "OSecundari": 502, "OMedia": 204, "OTotal": 1343, "Aceleracio": 0, "DANE12_EST": "111001046931", "Educacion_": 0 }, "geometry": { "type": "Point", "coordinates": [ -74.116769999621127, 4.506830000216689 ] } },
{ "type": "Feature", "properties": { "NOMBRE_EST": "COLEGIO USMINIA (IED)", "GENERO": 5, "COD_LOCA": "05", "CLASE_TIPO": 1, "FECHA": "2025-03-31T00:00:00", "OPreescola": 80, "OPrimaria": 0, "OSecundari": 242, "OMedia": 103, "OTotal": 425, "Aceleracio": 0, "DANE12_EST": "111001065234", "Educacion_": 0 }, "geometry": { "type": "Point", "coordinates": [ -74.117229999928682, 4.495039999918684 ] } },
{ "type": "Feature", "properties": { "NOMBRE_EST": "COLEGIO USMINIA (IED)", "GENERO": 5, "COD_LOCA": "05", "CLASE_TIPO": 1, "FECHA": "2025-03-31T00:00:00", "OPreescola": 0, "OPrimaria": 633, "OSecundari": 0, "OMedia": 0, "OTotal": 633, "Aceleracio": 0, "DANE12_EST": "111001065234", "Educacion_": 0 }, "geometry": { "type": "Point", "coordinates": [ -74.114619999667894, 4.495309999894204 ] } },
{ "type": "Feature", "properties": { "NOMBRE_EST": "COLEGIO USMINIA (IED)", "GENERO": 5, "COD_LOCA": "05", "CLASE_TIPO": 1, "FECHA": "2025-03-31T00:00:00", "OPreescola": 199, "OPrimaria": 0, "OSecundari": 0, "OMedia": 0, "OTotal": 199, "Aceleracio": 0, "DANE12_EST": "111001065234", "Educacion_": 0 }, "geometry": { "type": "Point", "coordinates": [ -74.114160000258664, 4.493430000409671 ] } },
{ "type": "Feature", "properties": { "NOMBRE_EST": "COLEGIO OFELIA URIBE DE ACOSTA (IED)", "GENERO": 5, "COD_LOCA": "05", "CLASE_TIPO": 1, "FECHA": "2025-03-31T00:00:00", "OPreescola": 111, "OPrimaria": 700, "OSecundari": 963, "OMedia": 465, "OTotal": 2239, "Aceleracio": 0, "DANE12_EST": "111001077895", "Educacion_": 0 }, "geometry": { "type": "Point", "coordinates": [ -74.1037000000224, 4.507009999683896 ] } },
{ "type": "Feature", "properties": { "NOMBRE_EST": "COLEGIO OFELIA URIBE DE ACOSTA (IED)", "GENERO": 5, "COD_LOCA": "05", "CLASE_TIPO": 1, "FECHA": "2025-03-31T00:00:00", "OPreescola": 270, "OPrimaria": 350, "OSecundari": 0, "OMedia": 0, "OTotal": 620, "Aceleracio": 0, "DANE12_EST": "111001077895", "Educacion_": 0 }, "geometry": { "type": "Point", "coordinates": [ -74.102499999923154, 4.504599999638856 ] } },
{ "type": "Feature", "properties": { "NOMBRE_EST": "COLEGIO BRASILIA - USME (IED)", "GENERO": 5, "COD_LOCA": "05", "CLASE_TIPO": 1, "FECHA": "2025-03-31T00:00:00", "OPreescola": 125, "OPrimaria": 525, "OSecundari": 520, "OMedia": 280, "OTotal": 1450, "Aceleracio": 0, "DANE12_EST": "111001077917", "Educacion_": 0 }, "geometry": { "type": "Point", "coordinates": [ -74.11478000039979, 4.517930000035508 ] } },
{ "type": "Feature", "properties": { "NOMBRE_EST": "COLEGIO EL VIRREY JOSE SOLIS (IED)", "GENERO": 5, "COD_LOCA": "05", "CLASE_TIPO": 1, "FECHA": "2025-03-31T00:00:00", "OPreescola": 128, "OPrimaria": 545, "OSecundari": 638, "OMedia": 183, "OTotal": 1494, "Aceleracio": 0, "DANE12_EST": "111001078638", "Educacion_": 0 }, "geometry": { "type": "Point", "coordinates": [ -74.111649999557002, 4.50279000005373 ] } },
{ "type": "Feature", "properties": { "NOMBRE_EST": "COLEGIO MIGUEL DE CERVANTES SAAVEDRA (IED)", "GENERO": 5, "COD_LOCA": "05", "CLASE_TIPO": 1, "FECHA": "2025-03-31T00:00:00", "OPreescola": 240, "OPrimaria": 770, "OSecundari": 1040, "OMedia": 450, "OTotal": 3060, "Aceleracio": 0, "DANE12_EST": "111001083011", "Educacion_": 560 }, "geometry": { "type": "Point", "coordinates": [ -74.105809999792655, 4.512319999726826 ] } },
{ "type": "Feature", "properties": { "NOMBRE_EST": "COLEGIO MIGUEL DE CERVANTES SAAVEDRA (IED)", "GENERO": 5, "COD_LOCA": "05", "CLASE_TIPO": 1, "FECHA": "2025-03-31T00:00:00", "OPreescola": 50, "OPrimaria": 490, "OSecundari": 0, "OMedia": 0, "OTotal": 540, "Aceleracio": 0, "DANE12_EST": "111001083011", "Educacion_": 0 }, "geometry": { "type": "Point", "coordinates": [ -74.11418000035016, 4.511880000186477 ] } },
{ "type": "Feature", "properties": { "NOMBRE_EST": "COLEGIO CHUNIZA (IED)", "GENERO": 5, "COD_LOCA": "05", "CLASE_TIPO": 1, "FECHA": "2025-03-31T00:00:00", "OPreescola": 200, "OPrimaria": 742, "OSecundari": 880, "OMedia": 400, "OTotal": 2222, "Aceleracio": 0, "DANE12_EST": "111001086614", "Educacion_": 0 }, "geometry": { "type": "Point", "coordinates": [ -74.11089999971955, 4.506360000402745 ] } },
{ "type": "Feature", "properties": { "NOMBRE_EST": "COLEGIO FERNANDO GONZALEZ OCHOA (IED)", "GENERO": 5, "COD_LOCA": "05", "CLASE_TIPO": 1, "FECHA": "2025-03-31T00:00:00", "OPreescola": 367, "OPrimaria": 903, "OSecundari": 678, "OMedia": 300, "OTotal": 2248, "Aceleracio": 0, "DANE12_EST": "111001094439", "Educacion_": 0 }, "geometry": { "type": "Point", "coordinates": [ -74.107009999891901, 4.502810000207345 ] } },
{ "type": "Feature", "properties": { "NOMBRE_EST": "COLEGIO SAN CAYETANO (IED)", "GENERO": 5, "COD_LOCA": "05", "CLASE_TIPO": 1, "FECHA": "2025-03-31T00:00:00", "OPreescola": 208, "OPrimaria": 875, "OSecundari": 771, "OMedia": 320, "OTotal": 2174, "Aceleracio": 0, "DANE12_EST": "111001098833", "Educacion_": 0 }, "geometry": { "type": "Point", "coordinates": [ -74.087509999626619, 4.517100000176551 ] } },
{ "type": "Feature", "properties": { "NOMBRE_EST": "COLEGIO SAN JOSE DE USME (IED)", "GENERO": 5, "COD_LOCA": "05", "CLASE_TIPO": 2, "FECHA": "2025-03-31T00:00:00", "OPreescola": 75, "OPrimaria": 429, "OSecundari": 453, "OMedia": 152, "OTotal": 1109, "Aceleracio": 0, "DANE12_EST": "111001098841", "Educacion_": 0 }, "geometry": { "type": "Point", "coordinates": [ -74.118329999570491, 4.501750000263854 ] } },
{ "type": "Feature", "properties": { "NOMBRE_EST": "COLEGIO CHUNIZA FAMACO (IED)", "GENERO": 5, "COD_LOCA": "05", "CLASE_TIPO": 2, "FECHA": "2025-03-31T00:00:00", "OPreescola": 72, "OPrimaria": 458, "OSecundari": 409, "OMedia": 174, "OTotal": 1113, "Aceleracio": 0, "DANE12_EST": "111001098850", "Educacion_": 0 }, "geometry": { "type": "Point", "coordinates": [ -74.104249999843304, 4.497020000401115 ] } },
{ "type": "Feature", "properties": { "NOMBRE_EST": "COLEGIO LUIS EDUARDO MORA OSEJO (IED)", "GENERO": 5, "COD_LOCA": "05", "CLASE_TIPO": 1, "FECHA": "2025-03-31T00:00:00", "OPreescola": 129, "OPrimaria": 350, "OSecundari": 280, "OMedia": 175, "OTotal": 934, "Aceleracio": 0, "DANE12_EST": "111001098868", "Educacion_": 0 }, "geometry": { "type": "Point", "coordinates": [ -74.11225999965238, 4.500469999997698 ] } },
{ "type": "Feature", "properties": { "NOMBRE_EST": "COLEGIO MIRAVALLE (IED)", "GENERO": 5, "COD_LOCA": "05", "CLASE_TIPO": 2, "FECHA": "2025-03-31T00:00:00", "OPreescola": 99, "OPrimaria": 507, "OSecundari": 411, "OMedia": 213, "OTotal": 1230, "Aceleracio": 0, "DANE12_EST": "111001100081", "Educacion_": 0 }, "geometry": { "type": "Point", "coordinates": [ -74.119640000172907, 4.512810000040903 ] } },
{ "type": "Feature", "properties": { "NOMBRE_EST": "COLEGIO JUAN LUIS LONDOÑO (IED)", "GENERO": 5, "COD_LOCA": "05", "CLASE_TIPO": 2, "FECHA": "2025-03-31T00:00:00", "OPreescola": 147, "OPrimaria": 616, "OSecundari": 488, "OMedia": 226, "OTotal": 1477, "Aceleracio": 0, "DANE12_EST": "111001102008", "Educacion_": 0 }, "geometry": { "type": "Point", "coordinates": [ -74.115069999929688, 4.53217999979037 ] } },
{ "type": "Feature", "properties": { "NOMBRE_EST": "COLEGIO EDUARDO UMAÑA MENDOZA (IED)", "GENERO": 5, "COD_LOCA": "05", "CLASE_TIPO": 1, "FECHA": "2025-03-31T00:00:00", "OPreescola": 280, "OPrimaria": 665, "OSecundari": 600, "OMedia": 280, "OTotal": 1825, "Aceleracio": 0, "DANE12_EST": "111001104337", "Educacion_": 0 }, "geometry": { "type": "Point", "coordinates": [ -74.11343999966013, 4.490119999669435 ] } },
{ "type": "Feature", "properties": { "NOMBRE_EST": "COLEGIO DIEGO MONTAÑA CUELLAR (IED)", "GENERO": 5, "COD_LOCA": "05", "CLASE_TIPO": 1, "FECHA": "2025-03-31T00:00:00", "OPreescola": 100, "OPrimaria": 720, "OSecundari": 720, "OMedia": 320, "OTotal": 1860, "Aceleracio": 0, "DANE12_EST": "111001104345", "Educacion_": 0 }, "geometry": { "type": "Point", "coordinates": [ -74.115100000066917, 4.496750000163694 ] } },
{ "type": "Feature", "properties": { "NOMBRE_EST": "COLEGIO DIEGO MONTAÑA CUELLAR (IED)", "GENERO": 5, "COD_LOCA": "05", "CLASE_TIPO": 1, "FECHA": "2025-03-31T00:00:00", "OPreescola": 62, "OPrimaria": 360, "OSecundari": 560, "OMedia": 245, "OTotal": 1352, "Aceleracio": 125, "DANE12_EST": "111001104345", "Educacion_": 0 }, "geometry": { "type": "Point", "coordinates": [ -74.116779999666861, 4.50153000001449 ] } },
{ "type": "Feature", "properties": { "NOMBRE_EST": "COLEGIO DIEGO MONTAÑA CUELLAR (IED)", "GENERO": 5, "COD_LOCA": "05", "CLASE_TIPO": 1, "FECHA": "2025-03-31T00:00:00", "OPreescola": 200, "OPrimaria": 300, "OSecundari": 0, "OMedia": 0, "OTotal": 500, "Aceleracio": 0, "DANE12_EST": "111001104345", "Educacion_": 0 }, "geometry": { "type": "Point", "coordinates": [ -74.115629999796354, 4.50017000025339 ] } },
{ "type": "Feature", "properties": { "NOMBRE_EST": "COLEGIO CIUDAD DE VILLAVICENCIO (IED)", "GENERO": 5, "COD_LOCA": "05", "CLASE_TIPO": 1, "FECHA": "2025-03-31T00:00:00", "OPreescola": 133, "OPrimaria": 175, "OSecundari": 800, "OMedia": 320, "OTotal": 1428, "Aceleracio": 0, "DANE12_EST": "111001104353", "Educacion_": 0 }, "geometry": { "type": "Point", "coordinates": [ -74.104449999859838, 4.485460000442631 ] } },
{ "type": "Feature", "properties": { "NOMBRE_EST": "COLEGIO CIUDAD DE VILLAVICENCIO (IED)", "GENERO": 5, "COD_LOCA": "05", "CLASE_TIPO": 1, "FECHA": "2025-03-31T00:00:00", "OPreescola": 190, "OPrimaria": 840, "OSecundari": 0, "OMedia": 0, "OTotal": 1030, "Aceleracio": 0, "DANE12_EST": "111001104353", "Educacion_": 0 }, "geometry": { "type": "Point", "coordinates": [ -74.100820000323196, 4.487229999814578 ] } },
{ "type": "Feature", "properties": { "NOMBRE_EST": "COLEGIO CIUDAD DE VILLAVICENCIO (IED)", "GENERO": 5, "COD_LOCA": "05", "CLASE_TIPO": 1, "FECHA": "2025-03-31T00:00:00", "OPreescola": 50, "OPrimaria": 340, "OSecundari": 0, "OMedia": 0, "OTotal": 390, "Aceleracio": 0, "DANE12_EST": "111001104353", "Educacion_": 0 }, "geometry": { "type": "Point", "coordinates": [ -74.102319999998087, 4.493969999662323 ] } },
{ "type": "Feature", "properties": { "NOMBRE_EST": "COLEGIO PAULO FREIRE (IED)", "GENERO": 5, "COD_LOCA": "05", "CLASE_TIPO": 1, "FECHA": "2025-03-31T00:00:00", "OPreescola": 503, "OPrimaria": 1050, "OSecundari": 1120, "OMedia": 588, "OTotal": 3261, "Aceleracio": 0, "DANE12_EST": "111001107760", "Educacion_": 0 }, "geometry": { "type": "Point", "coordinates": [ -74.116130000286844, 4.532590000092949 ] } },
{ "type": "Feature", "properties": { "NOMBRE_EST": "COLEGIO JOSE EUSTASIO RIVERA (IED)", "GENERO": 5, "COD_LOCA": "05", "CLASE_TIPO": 2, "FECHA": "2025-03-31T00:00:00", "OPreescola": 77, "OPrimaria": 212, "OSecundari": 293, "OMedia": 92, "OTotal": 674, "Aceleracio": 0, "DANE12_EST": "111001800562", "Educacion_": 0 }, "geometry": { "type": "Point", "coordinates": [ -74.123099999830245, 4.474960000303128 ] } },
{ "type": "Feature", "properties": { "NOMBRE_EST": "COLEGIO CIUDAD CHENGDU (IED)", "GENERO": 5, "COD_LOCA": "05", "CLASE_TIPO": 2, "FECHA": "2025-03-31T00:00:00", "OPreescola": 116, "OPrimaria": 215, "OSecundari": 164, "OMedia": 62, "OTotal": 557, "Aceleracio": 0, "DANE12_EST": "111001800660", "Educacion_": 0 }, "geometry": { "type": "Point", "coordinates": [ -74.099400000115921, 4.511199999558231 ] } },
{ "type": "Feature", "properties": { "NOMBRE_EST": "COLEGIO FRANCISCO ANTONIO ZEA DE USME (IED)", "GENERO": 5, "COD_LOCA": "05", "CLASE_TIPO": 1, "FECHA": "2025-03-31T00:00:00", "OPreescola": 37, "OPrimaria": 183, "OSecundari": 621, "OMedia": 98, "OTotal": 939, "Aceleracio": 0, "DANE12_EST": "111850000740", "Educacion_": 0 }, "geometry": { "type": "Point", "coordinates": [ -74.121149999893547, 4.474350000304733 ] } },
{ "type": "Feature", "properties": { "NOMBRE_EST": "COLEGIO FRANCISCO ANTONIO ZEA DE USME (IED)", "GENERO": 5, "COD_LOCA": "05", "CLASE_TIPO": 1, "FECHA": "2025-03-31T00:00:00", "OPreescola": 0, "OPrimaria": 774, "OSecundari": 0, "OMedia": 0, "OTotal": 774, "Aceleracio": 0, "DANE12_EST": "111850000740", "Educacion_": 0 }, "geometry": { "type": "Point", "coordinates": [ -74.125190000407343, 4.469579999975757 ] } },
{ "type": "Feature", "properties": { "NOMBRE_EST": "COLEGIO FRANCISCO ANTONIO ZEA DE USME (IED)", "GENERO": 5, "COD_LOCA": "05", "CLASE_TIPO": 1, "FECHA": "2025-03-31T00:00:00", "OPreescola": 0, "OPrimaria": 0, "OSecundari": 0, "OMedia": 146, "OTotal": 146, "Aceleracio": 0, "DANE12_EST": "111850000740", "Educacion_": 0 }, "geometry": { "type": "Point", "coordinates": [ -74.125879999970337, 4.470969999577349 ] } },
{ "type": "Feature", "properties": { "NOMBRE_EST": "COLEGIO FRANCISCO ANTONIO ZEA DE USME (IED)", "GENERO": 5, "COD_LOCA": "05", "CLASE_TIPO": 1, "FECHA": "2025-03-31T00:00:00", "OPreescola": 395, "OPrimaria": 0, "OSecundari": 0, "OMedia": 0, "OTotal": 395, "Aceleracio": 0, "DANE12_EST": "111850000740", "Educacion_": 0 }, "geometry": { "type": "Point", "coordinates": [ -74.123099999830245, 4.474960000303128 ] } },
{ "type": "Feature", "properties": { "NOMBRE_EST": "COLEGIO EL CORTIJO - VIANEY (IED)", "GENERO": 5, "COD_LOCA": "05", "CLASE_TIPO": 1, "FECHA": "2025-03-31T00:00:00", "OPreescola": 31, "OPrimaria": 80, "OSecundari": 300, "OMedia": 140, "OTotal": 628, "Aceleracio": 77, "DANE12_EST": "111850001380", "Educacion_": 0 }, "geometry": { "type": "Point", "coordinates": [ -74.106700000270507, 4.517439999597091 ] } },
{ "type": "Feature", "properties": { "NOMBRE_EST": "COLEGIO EL CORTIJO - VIANEY (IED)", "GENERO": 5, "COD_LOCA": "05", "CLASE_TIPO": 1, "FECHA": "2025-03-31T00:00:00", "OPreescola": 80, "OPrimaria": 280, "OSecundari": 0, "OMedia": 0, "OTotal": 360, "Aceleracio": 0, "DANE12_EST": "111850001380", "Educacion_": 0 }, "geometry": { "type": "Point", "coordinates": [ -74.118919999574359, 4.517779999753696 ] } },
{ "type": "Feature", "properties": { "NOMBRE_EST": "COLEGIO ALMIRANTE PADILLA (IED)", "GENERO": 5, "COD_LOCA": "05", "CLASE_TIPO": 1, "FECHA": "2025-03-31T00:00:00", "OPreescola": 52, "OPrimaria": 330, "OSecundari": 840, "OMedia": 350, "OTotal": 3258, "Aceleracio": 75, "DANE12_EST": "111850001428", "Educacion_": 1611 }, "geometry": { "type": "Point", "coordinates": [ -74.111919999893743, 4.512290000336519 ] } },
{ "type": "Feature", "properties": { "NOMBRE_EST": "COLEGIO ALMIRANTE PADILLA (IED)", "GENERO": 5, "COD_LOCA": "05", "CLASE_TIPO": 1, "FECHA": "2025-03-31T00:00:00", "OPreescola": 128, "OPrimaria": 60, "OSecundari": 0, "OMedia": 0, "OTotal": 188, "Aceleracio": 0, "DANE12_EST": "111850001428", "Educacion_": 0 }, "geometry": { "type": "Point", "coordinates": [ -74.113180000267448, 4.512560000177851 ] } },
{ "type": "Feature", "properties": { "NOMBRE_EST": "COLEGIO ALMIRANTE PADILLA (IED)", "GENERO": 5, "COD_LOCA": "05", "CLASE_TIPO": 1, "FECHA": "2025-03-31T00:00:00", "OPreescola": 0, "OPrimaria": 300, "OSecundari": 0, "OMedia": 0, "OTotal": 300, "Aceleracio": 0, "DANE12_EST": "111850001428", "Educacion_": 0 }, "geometry": { "type": "Point", "coordinates": [ -74.113509999980337, 4.511680000225825 ] } },
{ "type": "Feature", "properties": { "NOMBRE_EST": "COLEGIO LOS TEJARES (IED)", "GENERO": 5, "COD_LOCA": "05", "CLASE_TIPO": 1, "FECHA": "2025-03-31T00:00:00", "OPreescola": 208, "OPrimaria": 386, "OSecundari": 405, "OMedia": 160, "OTotal": 1159, "Aceleracio": 0, "DANE12_EST": "111850001461", "Educacion_": 0 }, "geometry": { "type": "Point", "coordinates": [ -74.103249999760592, 4.510820000036082 ] } },
{ "type": "Feature", "properties": { "NOMBRE_EST": "COLEGIO LOS TEJARES (IED)", "GENERO": 5, "COD_LOCA": "05", "CLASE_TIPO": 1, "FECHA": "2025-03-31T00:00:00", "OPreescola": 70, "OPrimaria": 128, "OSecundari": 0, "OMedia": 0, "OTotal": 198, "Aceleracio": 0, "DANE12_EST": "111850001461", "Educacion_": 0 }, "geometry": { "type": "Point", "coordinates": [ -74.103269999852088, 4.510890000245785 ] } },
{ "type": "Feature", "properties": { "NOMBRE_EST": "COLEGIO FEDERICO GARCIA LORCA (IED)", "GENERO": 5, "COD_LOCA": "05", "CLASE_TIPO": 1, "FECHA": "2025-03-31T00:00:00", "OPreescola": 57, "OPrimaria": 188, "OSecundari": 733, "OMedia": 268, "OTotal": 1246, "Aceleracio": 0, "DANE12_EST": "111850001576", "Educacion_": 0 }, "geometry": { "type": "Point", "coordinates": [ -74.107110000349337, 4.507169999968895 ] } },
{ "type": "Feature", "properties": { "NOMBRE_EST": "COLEGIO FEDERICO GARCIA LORCA (IED)", "GENERO": 5, "COD_LOCA": "05", "CLASE_TIPO": 1, "FECHA": "2025-03-31T00:00:00", "OPreescola": 234, "OPrimaria": 903, "OSecundari": 0, "OMedia": 0, "OTotal": 1137, "Aceleracio": 0, "DANE12_EST": "111850001576", "Educacion_": 0 }, "geometry": { "type": "Point", "coordinates": [ -74.107959999745901, 4.509310000394423 ] } },
{ "type": "Feature", "properties": { "NOMBRE_EST": "COLEGIO GABRIEL GARCIA MARQUEZ (IED)", "GENERO": 5, "COD_LOCA": "05", "CLASE_TIPO": 1, "FECHA": "2025-03-31T00:00:00", "OPreescola": 238, "OPrimaria": 574, "OSecundari": 483, "OMedia": 140, "OTotal": 1510, "Aceleracio": 75, "DANE12_EST": "211001032501", "Educacion_": 0 }, "geometry": { "type": "Point", "coordinates": [ -74.091000000319511, 4.504999999820188 ] } },
{ "type": "Feature", "properties": { "NOMBRE_EST": "COLEGIO RURAL LA UNION USME (CED)", "GENERO": 5, "COD_LOCA": "05", "CLASE_TIPO": 1, "FECHA": "2025-03-31T00:00:00", "OPreescola": 6, "OPrimaria": 16, "OSecundari": 0, "OMedia": 0, "OTotal": 22, "Aceleracio": 0, "DANE12_EST": "211850000043", "Educacion_": 0 }, "geometry": { "type": "Point", "coordinates": [ -74.183559999710212, 4.343359999875286 ] } },
{ "type": "Feature", "properties": { "NOMBRE_EST": "COLEGIO GRAN YOMASA (IED)", "GENERO": 5, "COD_LOCA": "05", "CLASE_TIPO": 1, "FECHA": "2025-03-31T00:00:00", "OPreescola": 168, "OPrimaria": 700, "OSecundari": 640, "OMedia": 300, "OTotal": 1808, "Aceleracio": 0, "DANE12_EST": "211850000051", "Educacion_": 0 }, "geometry": { "type": "Point", "coordinates": [ -74.109579999969711, 4.508159999605816 ] } },
{ "type": "Feature", "properties": { "NOMBRE_EST": "COLEGIO RURAL OLARTE (CED)", "GENERO": 5, "COD_LOCA": "05", "CLASE_TIPO": 1, "FECHA": "2025-03-31T00:00:00", "OPreescola": 21, "OPrimaria": 91, "OSecundari": 81, "OMedia": 0, "OTotal": 193, "Aceleracio": 0, "DANE12_EST": "211850000108", "Educacion_": 0 }, "geometry": { "type": "Point", "coordinates": [ -74.134719999982806, 4.441219999902803 ] } },
{ "type": "Feature", "properties": { "NOMBRE_EST": "COLEGIO RURAL LOS ANDES (CED)", "GENERO": 5, "COD_LOCA": "05", "CLASE_TIPO": 1, "FECHA": "2025-03-31T00:00:00", "OPreescola": 7, "OPrimaria": 16, "OSecundari": 0, "OMedia": 0, "OTotal": 23, "Aceleracio": 0, "DANE12_EST": "211850000698", "Educacion_": 0 }, "geometry": { "type": "Point", "coordinates": [ -74.165630000338354, 4.353700000338122 ] } },
{ "type": "Feature", "properties": { "NOMBRE_EST": "COLEGIO RURAL LOS ARRAYANES (CED)", "GENERO": 5, "COD_LOCA": "05", "CLASE_TIPO": 1, "FECHA": "2025-03-31T00:00:00", "OPreescola": 15, "OPrimaria": 50, "OSecundari": 0, "OMedia": 0, "OTotal": 65, "Aceleracio": 0, "DANE12_EST": "211850000710", "Educacion_": 0 }, "geometry": { "type": "Point", "coordinates": [ -74.140420000005065, 4.363110000173283 ] } },
{ "type": "Feature", "properties": { "NOMBRE_EST": "COLEGIO RURAL LA ARGENTINA (CED)", "GENERO": 5, "COD_LOCA": "05", "CLASE_TIPO": 1, "FECHA": "2025-03-31T00:00:00", "OPreescola": 19, "OPrimaria": 55, "OSecundari": 0, "OMedia": 0, "OTotal": 74, "Aceleracio": 0, "DANE12_EST": "211850000736", "Educacion_": 0 }, "geometry": { "type": "Point", "coordinates": [ -74.148399999676911, 4.385960000005461 ] } },
{ "type": "Feature", "properties": { "NOMBRE_EST": "COLEGIO TENERIFE - GRANADA SUR (IED)", "GENERO": 5, "COD_LOCA": "05", "CLASE_TIPO": 1, "FECHA": "2025-03-31T00:00:00", "OPreescola": 279, "OPrimaria": 506, "OSecundari": 585, "OMedia": 160, "OTotal": 1530, "Aceleracio": 0, "DANE12_EST": "211850000787", "Educacion_": 0 }, "geometry": { "type": "Point", "coordinates": [ -74.107809999958079, 4.498639999724077 ] } },
{ "type": "Feature", "properties": { "NOMBRE_EST": "COLEGIO TENERIFE - GRANADA SUR (IED)", "GENERO": 5, "COD_LOCA": "05", "CLASE_TIPO": 1, "FECHA": "2025-03-31T00:00:00", "OPreescola": 80, "OPrimaria": 80, "OSecundari": 0, "OMedia": 0, "OTotal": 210, "Aceleracio": 50, "DANE12_EST": "211850000787", "Educacion_": 0 }, "geometry": { "type": "Point", "coordinates": [ -74.122739999980141, 4.516729999598851 ] } },
{ "type": "Feature", "properties": { "NOMBRE_EST": "COLEGIO RURAL CHIZACA (CED)", "GENERO": 5, "COD_LOCA": "05", "CLASE_TIPO": 1, "FECHA": "2025-03-31T00:00:00", "OPreescola": 8, "OPrimaria": 14, "OSecundari": 0, "OMedia": 0, "OTotal": 22, "Aceleracio": 0, "DANE12_EST": "211850000841", "Educacion_": 0 }, "geometry": { "type": "Point", "coordinates": [ -74.203249999946308, 4.339459999887479 ] } },
{ "type": "Feature", "properties": { "NOMBRE_EST": "COLEGIO RURAL EL CURUBITAL (CED)", "GENERO": 5, "COD_LOCA": "05", "CLASE_TIPO": 1, "FECHA": "2025-03-31T00:00:00", "OPreescola": 20, "OPrimaria": 38, "OSecundari": 0, "OMedia": 0, "OTotal": 58, "Aceleracio": 0, "DANE12_EST": "211850000868", "Educacion_": 0 }, "geometry": { "type": "Point", "coordinates": [ -74.136639999782275, 4.349439999861725 ] } },
{ "type": "Feature", "properties": { "NOMBRE_EST": "COLEGIO EL DESTINO (IED)", "GENERO": 5, "COD_LOCA": "05", "CLASE_TIPO": 1, "FECHA": "2025-03-31T00:00:00", "OPreescola": 40, "OPrimaria": 152, "OSecundari": 296, "OMedia": 82, "OTotal": 570, "Aceleracio": 0, "DANE12_EST": "211850000876", "Educacion_": 0 }, "geometry": { "type": "Point", "coordinates": [ -74.138409999793907, 4.408110000169866 ] } },
{ "type": "Feature", "properties": { "NOMBRE_EST": "COLEGIO RURAL EL HATO (CED)", "GENERO": 5, "COD_LOCA": "05", "CLASE_TIPO": 1, "FECHA": "2025-03-31T00:00:00", "OPreescola": 15, "OPrimaria": 36, "OSecundari": 0, "OMedia": 0, "OTotal": 51, "Aceleracio": 0, "DANE12_EST": "211850000884", "Educacion_": 0 }, "geometry": { "type": "Point", "coordinates": [ -74.163979999977315, 4.386439999908713 ] } },
{ "type": "Feature", "properties": { "NOMBRE_EST": "COLEGIO BRAZUELOS (IED)", "GENERO": 5, "COD_LOCA": "05", "CLASE_TIPO": 1, "FECHA": "2025-03-31T00:00:00", "OPreescola": 110, "OPrimaria": 421, "OSecundari": 367, "OMedia": 0, "OTotal": 898, "Aceleracio": 0, "DANE12_EST": "211850000931", "Educacion_": 0 }, "geometry": { "type": "Point", "coordinates": [ -74.119880000372419, 4.49493999986921 ] } },
{ "type": "Feature", "properties": { "NOMBRE_EST": "COLEGIO EL UVAL (IED)", "GENERO": 5, "COD_LOCA": "05", "CLASE_TIPO": 1, "FECHA": "2025-03-31T00:00:00", "OPreescola": 40, "OPrimaria": 325, "OSecundari": 305, "OMedia": 140, "OTotal": 810, "Aceleracio": 0, "DANE12_EST": "211850000981", "Educacion_": 0 }, "geometry": { "type": "Point", "coordinates": [ -74.105249999926016, 4.477590000128179 ] } },
{ "type": "Feature", "properties": { "NOMBRE_EST": "COLEGIO RURAL LA MAYORIA (CED)", "GENERO": 5, "COD_LOCA": "05", "CLASE_TIPO": 1, "FECHA": "2025-03-31T00:00:00", "OPreescola": 13, "OPrimaria": 40, "OSecundari": 0, "OMedia": 0, "OTotal": 53, "Aceleracio": 0, "DANE12_EST": "211850001007", "Educacion_": 0 }, "geometry": { "type": "Point", "coordinates": [ -74.187830000377787, 4.370579999718564 ] } },
{ "type": "Feature", "properties": { "NOMBRE_EST": "COLEGIO RURAL LAS MERCEDES (CED)", "GENERO": 5, "COD_LOCA": "05", "CLASE_TIPO": 1, "FECHA": "2025-03-31T00:00:00", "OPreescola": 15, "OPrimaria": 29, "OSecundari": 0, "OMedia": 0, "OTotal": 44, "Aceleracio": 0, "DANE12_EST": "211850001074", "Educacion_": 0 }, "geometry": { "type": "Point", "coordinates": [ -74.176220000270973, 4.392250000033899 ] } },
{ "type": "Feature", "properties": { "NOMBRE_EST": "COLEGIO FABIO LOZANO SIMONELLI (IED)", "GENERO": 5, "COD_LOCA": "05", "CLASE_TIPO": 1, "FECHA": "2025-03-31T00:00:00", "OPreescola": 164, "OPrimaria": 560, "OSecundari": 1080, "OMedia": 360, "OTotal": 2240, "Aceleracio": 76, "DANE12_EST": "211850001481", "Educacion_": 0 }, "geometry": { "type": "Point", "coordinates": [ -74.109299999587236, 4.533149999977521 ] } },
{ "type": "Feature", "properties": { "NOMBRE_EST": "COLEGIO FABIO LOZANO SIMONELLI (IED)", "GENERO": 5, "COD_LOCA": "05", "CLASE_TIPO": 1, "FECHA": "2025-03-31T00:00:00", "OPreescola": 100, "OPrimaria": 490, "OSecundari": 0, "OMedia": 0, "OTotal": 590, "Aceleracio": 0, "DANE12_EST": "211850001481", "Educacion_": 0 }, "geometry": { "type": "Point", "coordinates": [ -74.115130000204161, 4.537909999828164 ] } },
{ "type": "Feature", "properties": { "NOMBRE_EST": "COLEGIO FABIO LOZANO SIMONELLI (IED)", "GENERO": 5, "COD_LOCA": "05", "CLASE_TIPO": 1, "FECHA": "2025-03-31T00:00:00", "OPreescola": 75, "OPrimaria": 420, "OSecundari": 0, "OMedia": 0, "OTotal": 495, "Aceleracio": 0, "DANE12_EST": "211850001481", "Educacion_": 0 }, "geometry": { "type": "Point", "coordinates": [ -74.104029999735261, 4.533190000400429 ] } },
{ "type": "Feature", "properties": { "NOMBRE_EST": "COLEGIO CENTRO INTEGRAL JOSE MARIA CORDOBA (IED)", "GENERO": 5, "COD_LOCA": "06", "CLASE_TIPO": 1, "FECHA": "2025-03-31T00:00:00", "OPreescola": 164, "OPrimaria": 918, "OSecundari": 1161, "OMedia": 640, "OTotal": 3237, "Aceleracio": 0, "DANE12_EST": "111001009652", "Educacion_": 354 }, "geometry": { "type": "Point", "coordinates": [ -74.131319999701603, 4.578610000000876 ] } },
{ "type": "Feature", "properties": { "NOMBRE_EST": "COLEGIO VENECIA (IED)", "GENERO": 5, "COD_LOCA": "06", "CLASE_TIPO": 1, "FECHA": "2025-03-31T00:00:00", "OPreescola": 386, "OPrimaria": 1366, "OSecundari": 1400, "OMedia": 600, "OTotal": 3967, "Aceleracio": 0, "DANE12_EST": "111001010251", "Educacion_": 215 }, "geometry": { "type": "Point", "coordinates": [ -74.143580000086757, 4.592029999712499 ] } },
{ "type": "Feature", "properties": { "NOMBRE_EST": "COLEGIO VENECIA (IED)", "GENERO": 5, "COD_LOCA": "06", "CLASE_TIPO": 1, "FECHA": "2025-03-31T00:00:00", "OPreescola": 135, "OPrimaria": 509, "OSecundari": 0, "OMedia": 0, "OTotal": 644, "Aceleracio": 0, "DANE12_EST": "111001010251", "Educacion_": 0 }, "geometry": { "type": "Point", "coordinates": [ -74.14785999990174, 4.586510000018584 ] } },
{ "type": "Feature", "properties": { "NOMBRE_EST": "COLEGIO INSTITUTO TECNICO INDUSTRIAL PILOTO (IED)", "GENERO": 5, "COD_LOCA": "06", "CLASE_TIPO": 1, "FECHA": "2025-03-31T00:00:00", "OPreescola": 56, "OPrimaria": 0, "OSecundari": 1724, "OMedia": 510, "OTotal": 2596, "Aceleracio": 0, "DANE12_EST": "111001011011", "Educacion_": 306 }, "geometry": { "type": "Point", "coordinates": [ -74.137969999577862, 4.585470000113191 ] } },
{ "type": "Feature", "properties": { "NOMBRE_EST": "COLEGIO INSTITUTO TECNICO INDUSTRIAL PILOTO (IED)", "GENERO": 5, "COD_LOCA": "06", "CLASE_TIPO": 1, "FECHA": "2025-03-31T00:00:00", "OPreescola": 0, "OPrimaria": 1051, "OSecundari": 0, "OMedia": 0, "OTotal": 1051, "Aceleracio": 0, "DANE12_EST": "111001011011", "Educacion_": 0 }, "geometry": { "type": "Point", "coordinates": [ -74.138500000205596, 4.584770000340315 ] } },
{ "type": "Feature", "properties": { "NOMBRE_EST": "COLEGIO INSTITUTO TECNICO INDUSTRIAL PILOTO (IED)", "GENERO": 5, "COD_LOCA": "06", "CLASE_TIPO": 1, "FECHA": "2025-03-31T00:00:00", "OPreescola": 0, "OPrimaria": 576, "OSecundari": 0, "OMedia": 0, "OTotal": 576, "Aceleracio": 0, "DANE12_EST": "111001011011", "Educacion_": 0 }, "geometry": { "type": "Point", "coordinates": [ -74.142210000108193, 4.586840000421133 ] } },
{ "type": "Feature", "properties": { "NOMBRE_EST": "COLEGIO INSTITUTO TECNICO INDUSTRIAL PILOTO (IED)", "GENERO": 5, "COD_LOCA": "06", "CLASE_TIPO": 1, "FECHA": "2025-03-31T00:00:00", "OPreescola": 281, "OPrimaria": 0, "OSecundari": 0, "OMedia": 0, "OTotal": 281, "Aceleracio": 0, "DANE12_EST": "111001011011", "Educacion_": 0 }, "geometry": { "type": "Point", "coordinates": [ -74.13771000018518, 4.587649999948733 ] } },
{ "type": "Feature", "properties": { "NOMBRE_EST": "COLEGIO RAFAEL URIBE URIBE (IED)", "GENERO": 5, "COD_LOCA": "06", "CLASE_TIPO": 1, "FECHA": "2025-03-31T00:00:00", "OPreescola": 0, "OPrimaria": 732, "OSecundari": 523, "OMedia": 222, "OTotal": 1527, "Aceleracio": 50, "DANE12_EST": "111001012271", "Educacion_": 0 }, "geometry": { "type": "Point", "coordinates": [ -74.128920000401422, 4.580019999633234 ] } },
{ "type": "Feature", "properties": { "NOMBRE_EST": "COLEGIO RAFAEL URIBE URIBE (IED)", "GENERO": 5, "COD_LOCA": "06", "CLASE_TIPO": 1, "FECHA": "2025-03-31T00:00:00", "OPreescola": 352, "OPrimaria": 0, "OSecundari": 0, "OMedia": 0, "OTotal": 352, "Aceleracio": 0, "DANE12_EST": "111001012271", "Educacion_": 0 }, "geometry": { "type": "Point", "coordinates": [ -74.132089999630537, 4.58328999989327 ] } },
{ "type": "Feature", "properties": { "NOMBRE_EST": "COLEGIO MARCO FIDEL SUAREZ (IED)", "GENERO": 5, "COD_LOCA": "06", "CLASE_TIPO": 1, "FECHA": "2025-03-31T00:00:00", "OPreescola": 150, "OPrimaria": 665, "OSecundari": 800, "OMedia": 421, "OTotal": 2036, "Aceleracio": 0, "DANE12_EST": "111001014206", "Educacion_": 0 }, "geometry": { "type": "Point", "coordinates": [ -74.13317000007919, 4.579410000438212 ] } },
{ "type": "Feature", "properties": { "NOMBRE_EST": "COLEGIO CIUDAD DE BOGOTA (IED)", "GENERO": 5, "COD_LOCA": "06", "CLASE_TIPO": 1, "FECHA": "2025-03-31T00:00:00", "OPreescola": 82, "OPrimaria": 524, "OSecundari": 962, "OMedia": 520, "OTotal": 2088, "Aceleracio": 0, "DANE12_EST": "111001014214", "Educacion_": 0 }, "geometry": { "type": "Point", "coordinates": [ -74.138409999793907, 4.577489999855786 ] } },
{ "type": "Feature", "properties": { "NOMBRE_EST": "COLEGIO CIUDAD DE BOGOTA (IED)", "GENERO": 5, "COD_LOCA": "06", "CLASE_TIPO": 1, "FECHA": "2025-03-31T00:00:00", "OPreescola": 181, "OPrimaria": 541, "OSecundari": 0, "OMedia": 0, "OTotal": 722, "Aceleracio": 0, "DANE12_EST": "111001014214", "Educacion_": 0 }, "geometry": { "type": "Point", "coordinates": [ -74.140250000125747, 4.577459999595944 ] } },
{ "type": "Feature", "properties": { "NOMBRE_EST": "COLEGIO RUFINO JOSE CUERVO (IED)", "GENERO": 5, "COD_LOCA": "06", "CLASE_TIPO": 1, "FECHA": "2025-03-31T00:00:00", "OPreescola": 194, "OPrimaria": 196, "OSecundari": 812, "OMedia": 336, "OTotal": 1538, "Aceleracio": 0, "DANE12_EST": "111001018201", "Educacion_": 0 }, "geometry": { "type": "Point", "coordinates": [ -74.124839999704662, 4.560069999648285 ] } },
{ "type": "Feature", "properties": { "NOMBRE_EST": "COLEGIO RUFINO JOSE CUERVO (IED)", "GENERO": 5, "COD_LOCA": "06", "CLASE_TIPO": 1, "FECHA": "2025-03-31T00:00:00", "OPreescola": 55, "OPrimaria": 456, "OSecundari": 0, "OMedia": 0, "OTotal": 511, "Aceleracio": 0, "DANE12_EST": "111001018201", "Educacion_": 0 }, "geometry": { "type": "Point", "coordinates": [ -74.123919999987891, 4.555509999756278 ] } },
{ "type": "Feature", "properties": { "NOMBRE_EST": "COLEGIO RUFINO JOSE CUERVO (IED)", "GENERO": 5, "COD_LOCA": "06", "CLASE_TIPO": 1, "FECHA": "2025-03-31T00:00:00", "OPreescola": 36, "OPrimaria": 240, "OSecundari": 0, "OMedia": 0, "OTotal": 276, "Aceleracio": 0, "DANE12_EST": "111001018201", "Educacion_": 0 }, "geometry": { "type": "Point", "coordinates": [ -74.129300000343022, 4.559050000252241 ] } },
{ "type": "Feature", "properties": { "NOMBRE_EST": "COLEGIO RUFINO JOSE CUERVO (IED)", "GENERO": 5, "COD_LOCA": "06", "CLASE_TIPO": 1, "FECHA": "2025-03-31T00:00:00", "OPreescola": 0, "OPrimaria": 280, "OSecundari": 0, "OMedia": 0, "OTotal": 280, "Aceleracio": 0, "DANE12_EST": "111001018201", "Educacion_": 0 }, "geometry": { "type": "Point", "coordinates": [ -74.129300000343022, 4.559050000252241 ] } },
{ "type": "Feature", "properties": { "NOMBRE_EST": "COLEGIO INEM SANTIAGO PEREZ (IED)", "GENERO": 5, "COD_LOCA": "06", "CLASE_TIPO": 1, "FECHA": "2025-03-31T00:00:00", "OPreescola": 237, "OPrimaria": 1234, "OSecundari": 1125, "OMedia": 643, "OTotal": 3239, "Aceleracio": 0, "DANE12_EST": "111001019411", "Educacion_": 0 }, "geometry": { "type": "Point", "coordinates": [ -74.132000000117159, 4.576110000032962 ] } },
{ "type": "Feature", "properties": { "NOMBRE_EST": "COLEGIO BERNARDO JARAMILLO (IED)", "GENERO": 5, "COD_LOCA": "06", "CLASE_TIPO": 1, "FECHA": "2025-03-31T00:00:00", "OPreescola": 220, "OPrimaria": 805, "OSecundari": 698, "OMedia": 361, "OTotal": 2084, "Aceleracio": 0, "DANE12_EST": "111001032450", "Educacion_": 0 }, "geometry": { "type": "Point", "coordinates": [ -74.12652000020293, 4.571299999903401 ] } },
{ "type": "Feature", "properties": { "NOMBRE_EST": "COLEGIO ISLA DEL SOL (IED)", "GENERO": 5, "COD_LOCA": "06", "CLASE_TIPO": 1, "FECHA": "2025-03-31T00:00:00", "OPreescola": 163, "OPrimaria": 394, "OSecundari": 401, "OMedia": 156, "OTotal": 1114, "Aceleracio": 0, "DANE12_EST": "111001075736", "Educacion_": 0 }, "geometry": { "type": "Point", "coordinates": [ -74.152470000327924, 4.589429999750283 ] } },
{ "type": "Feature", "properties": { "NOMBRE_EST": "COLEGIO SAN CARLOS (IED)", "GENERO": 5, "COD_LOCA": "06", "CLASE_TIPO": 1, "FECHA": "2025-03-31T00:00:00", "OPreescola": 25, "OPrimaria": 256, "OSecundari": 440, "OMedia": 0, "OTotal": 1019, "Aceleracio": 53, "DANE12_EST": "111001075957", "Educacion_": 245 }, "geometry": { "type": "Point", "coordinates": [ -74.13234999992153, 4.564419999904929 ] } },
{ "type": "Feature", "properties": { "NOMBRE_EST": "COLEGIO SAN CARLOS (IED)", "GENERO": 5, "COD_LOCA": "06", "CLASE_TIPO": 1, "FECHA": "2025-03-31T00:00:00", "OPreescola": 154, "OPrimaria": 349, "OSecundari": 272, "OMedia": 316, "OTotal": 1091, "Aceleracio": 0, "DANE12_EST": "111001075957", "Educacion_": 0 }, "geometry": { "type": "Point", "coordinates": [ -74.128120000335272, 4.569510000159142 ] } },
{ "type": "Feature", "properties": { "NOMBRE_EST": "COLEGIO SAN BENITO ABAD (IED)", "GENERO": 5, "COD_LOCA": "06", "CLASE_TIPO": 1, "FECHA": "2025-03-31T00:00:00", "OPreescola": 40, "OPrimaria": 317, "OSecundari": 302, "OMedia": 95, "OTotal": 754, "Aceleracio": 0, "DANE12_EST": "111001086631", "Educacion_": 0 }, "geometry": { "type": "Point", "coordinates": [ -74.137090000044054, 4.566639999726325 ] } },
{ "type": "Feature", "properties": { "NOMBRE_EST": "COLEGIO SAN BENITO ABAD (IED)", "GENERO": 5, "COD_LOCA": "06", "CLASE_TIPO": 1, "FECHA": "2025-03-31T00:00:00", "OPreescola": 203, "OPrimaria": 247, "OSecundari": 0, "OMedia": 0, "OTotal": 450, "Aceleracio": 0, "DANE12_EST": "111001086631", "Educacion_": 0 }, "geometry": { "type": "Point", "coordinates": [ -74.134400000315651, 4.566239999652703 ] } },
{ "type": "Feature", "properties": { "NOMBRE_EST": "COLEGIO CARLOS ALBAN HOLGUIN (IED)", "GENERO": 5, "COD_LOCA": "07", "CLASE_TIPO": 1, "FECHA": "2025-03-31T00:00:00", "OPreescola": 515, "OPrimaria": 1226, "OSecundari": 1712, "OMedia": 656, "OTotal": 4109, "Aceleracio": 0, "DANE12_EST": "111001002909", "Educacion_": 0 }, "geometry": { "type": "Point", "coordinates": [ -74.196949999874406, 4.605169999615419 ] } },
{ "type": "Feature", "properties": { "NOMBRE_EST": "COLEGIO CARLOS ALBAN HOLGUIN (IED)", "GENERO": 5, "COD_LOCA": "07", "CLASE_TIPO": 1, "FECHA": "2025-03-31T00:00:00", "OPreescola": 75, "OPrimaria": 350, "OSecundari": 0, "OMedia": 0, "OTotal": 425, "Aceleracio": 0, "DANE12_EST": "111001002909", "Educacion_": 0 }, "geometry": { "type": "Point", "coordinates": [ -74.197499999695324, 4.599559999824547 ] } },
{ "type": "Feature", "properties": { "NOMBRE_EST": "COLEGIO CARLOS ALBAN HOLGUIN (IED)", "GENERO": 5, "COD_LOCA": "07", "CLASE_TIPO": 1, "FECHA": "2025-03-31T00:00:00", "OPreescola": 136, "OPrimaria": 700, "OSecundari": 0, "OMedia": 0, "OTotal": 836, "Aceleracio": 0, "DANE12_EST": "111001002909", "Educacion_": 0 }, "geometry": { "type": "Point", "coordinates": [ -74.20985999963959, 4.613609999742736 ] } },
{ "type": "Feature", "properties": { "NOMBRE_EST": "COLEGIO CEDID SAN PABLO (IED)", "GENERO": 5, "COD_LOCA": "07", "CLASE_TIPO": 1, "FECHA": "2025-03-31T00:00:00", "OPreescola": 78, "OPrimaria": 0, "OSecundari": 1452, "OMedia": 584, "OTotal": 2469, "Aceleracio": 0, "DANE12_EST": "111001010031", "Educacion_": 355 }, "geometry": { "type": "Point", "coordinates": [ -74.187430000344705, 4.599630000351292 ] } },
{ "type": "Feature", "properties": { "NOMBRE_EST": "COLEGIO CEDID SAN PABLO (IED)", "GENERO": 5, "COD_LOCA": "07", "CLASE_TIPO": 1, "FECHA": "2025-03-31T00:00:00", "OPreescola": 0, "OPrimaria": 1600, "OSecundari": 0, "OMedia": 0, "OTotal": 1600, "Aceleracio": 0, "DANE12_EST": "111001010031", "Educacion_": 0 }, "geometry": { "type": "Point", "coordinates": [ -74.185000000008969, 4.60617000039526 ] } },
{ "type": "Feature", "properties": { "NOMBRE_EST": "COLEGIO CEDID SAN PABLO (IED)", "GENERO": 5, "COD_LOCA": "07", "CLASE_TIPO": 1, "FECHA": "2025-03-31T00:00:00", "OPreescola": 280, "OPrimaria": 0, "OSecundari": 0, "OMedia": 0, "OTotal": 280, "Aceleracio": 0, "DANE12_EST": "111001010031", "Educacion_": 0 }, "geometry": { "type": "Point", "coordinates": [ -74.192019999781095, 4.600970000153708 ] } },
{ "type": "Feature", "properties": { "NOMBRE_EST": "COLEGIO NUEVO CHILE (IED)", "GENERO": 5, "COD_LOCA": "07", "CLASE_TIPO": 1, "FECHA": "2025-03-31T00:00:00", "OPreescola": 81, "OPrimaria": 794, "OSecundari": 1162, "OMedia": 440, "OTotal": 3866, "Aceleracio": 0, "DANE12_EST": "111001013676", "Educacion_": 1389 }, "geometry": { "type": "Point", "coordinates": [ -74.166210000296502, 4.603339999616194 ] } },
{ "type": "Feature", "properties": { "NOMBRE_EST": "COLEGIO NUEVO CHILE (IED)", "GENERO": 5, "COD_LOCA": "07", "CLASE_TIPO": 1, "FECHA": "2025-03-31T00:00:00", "OPreescola": 374, "OPrimaria": 560, "OSecundari": 0, "OMedia": 0, "OTotal": 934, "Aceleracio": 0, "DANE12_EST": "111001013676", "Educacion_": 0 }, "geometry": { "type": "Point", "coordinates": [ -74.164820000226442, 4.601650000051107 ] } },
{ "type": "Feature", "properties": { "NOMBRE_EST": "COLEGIO BRASILIA - BOSA (IED)", "GENERO": 5, "COD_LOCA": "07", "CLASE_TIPO": 1, "FECHA": "2025-03-31T00:00:00", "OPreescola": 0, "OPrimaria": 280, "OSecundari": 1283, "OMedia": 580, "OTotal": 2143, "Aceleracio": 0, "DANE12_EST": "111001014109", "Educacion_": 0 }, "geometry": { "type": "Point", "coordinates": [ -74.181310000197868, 4.62807000029493 ] } },
{ "type": "Feature", "properties": { "NOMBRE_EST": "COLEGIO BRASILIA - BOSA (IED)", "GENERO": 5, "COD_LOCA": "07", "CLASE_TIPO": 1, "FECHA": "2025-03-31T00:00:00", "OPreescola": 551, "OPrimaria": 560, "OSecundari": 0, "OMedia": 0, "OTotal": 1111, "Aceleracio": 0, "DANE12_EST": "111001014109", "Educacion_": 0 }, "geometry": { "type": "Point", "coordinates": [ -74.186000000091695, 4.626899999842311 ] } },
{ "type": "Feature", "properties": { "NOMBRE_EST": "COLEGIO BRASILIA - BOSA (IED)", "GENERO": 5, "COD_LOCA": "07", "CLASE_TIPO": 1, "FECHA": "2025-03-31T00:00:00", "OPreescola": 0, "OPrimaria": 560, "OSecundari": 0, "OMedia": 0, "OTotal": 560, "Aceleracio": 0, "DANE12_EST": "111001014109", "Educacion_": 0 }, "geometry": { "type": "Point", "coordinates": [ -74.181229999831928, 4.628059999725282 ] } },
{ "type": "Feature", "properties": { "NOMBRE_EST": "COLEGIO MOTORISTA (CED)", "GENERO": 5, "COD_LOCA": "07", "CLASE_TIPO": 1, "FECHA": "2025-03-31T00:00:00", "OPreescola": 162, "OPrimaria": 350, "OSecundari": 0, "OMedia": 0, "OTotal": 512, "Aceleracio": 0, "DANE12_EST": "111001041599", "Educacion_": 0 }, "geometry": { "type": "Point", "coordinates": [ -74.17561000017561, 4.597890000440453 ] } },
{ "type": "Feature", "properties": { "NOMBRE_EST": "COLEGIO GRANCOLOMBIANO (IED)", "GENERO": 5, "COD_LOCA": "07", "CLASE_TIPO": 1, "FECHA": "2025-03-31T00:00:00", "OPreescola": 257, "OPrimaria": 0, "OSecundari": 1265, "OMedia": 504, "OTotal": 2026, "Aceleracio": 0, "DANE12_EST": "111001046477", "Educacion_": 0 }, "geometry": { "type": "Point", "coordinates": [ -74.199669999740038, 4.610229999752036 ] } },
{ "type": "Feature", "properties": { "NOMBRE_EST": "COLEGIO GRANCOLOMBIANO (IED)", "GENERO": 5, "COD_LOCA": "07", "CLASE_TIPO": 1, "FECHA": "2025-03-31T00:00:00", "OPreescola": 0, "OPrimaria": 1094, "OSecundari": 0, "OMedia": 0, "OTotal": 1094, "Aceleracio": 0, "DANE12_EST": "111001046477", "Educacion_": 0 }, "geometry": { "type": "Point", "coordinates": [ -74.200160000184823, 4.609040000428643 ] } },
{ "type": "Feature", "properties": { "NOMBRE_EST": "COLEGIO GRANCOLOMBIANO (IED)", "GENERO": 5, "COD_LOCA": "07", "CLASE_TIPO": 1, "FECHA": "2025-03-31T00:00:00", "OPreescola": 250, "OPrimaria": 0, "OSecundari": 0, "OMedia": 0, "OTotal": 250, "Aceleracio": 0, "DANE12_EST": "111001046477", "Educacion_": 0 }, "geometry": { "type": "Point", "coordinates": [ -74.199669999740038, 4.610229999752036 ] } },
{ "type": "Feature", "properties": { "NOMBRE_EST": "COLEGIO GRANCOLOMBIANO (IED)", "GENERO": 5, "COD_LOCA": "07", "CLASE_TIPO": 1, "FECHA": "2025-03-31T00:00:00", "OPreescola": 275, "OPrimaria": 455, "OSecundari": 0, "OMedia": 0, "OTotal": 730, "Aceleracio": 0, "DANE12_EST": "111001046477", "Educacion_": 0 }, "geometry": { "type": "Point", "coordinates": [ -74.196870000406804, 4.607109999953623 ] } },
{ "type": "Feature", "properties": { "NOMBRE_EST": "COLEGIO JOSE ANTONIO GALAN (IED)", "GENERO": 5, "COD_LOCA": "07", "CLASE_TIPO": 1, "FECHA": "2025-03-31T00:00:00", "OPreescola": 208, "OPrimaria": 761, "OSecundari": 645, "OMedia": 237, "OTotal": 1851, "Aceleracio": 0, "DANE12_EST": "111001046591", "Educacion_": 0 }, "geometry": { "type": "Point", "coordinates": [ -74.179069999832961, 4.606119999583785 ] } },
{ "type": "Feature", "properties": { "NOMBRE_EST": "COLEGIO LLANO ORIENTAL (IED)", "GENERO": 5, "COD_LOCA": "07", "CLASE_TIPO": 1, "FECHA": "2025-03-31T00:00:00", "OPreescola": 218, "OPrimaria": 424, "OSecundari": 318, "OMedia": 161, "OTotal": 1121, "Aceleracio": 0, "DANE12_EST": "111001086606", "Educacion_": 0 }, "geometry": { "type": "Point", "coordinates": [ -74.199780000243223, 4.60339999974953 ] } },
{ "type": "Feature", "properties": { "NOMBRE_EST": "COLEGIO LA CONCEPCION (IED)", "GENERO": 5, "COD_LOCA": "07", "CLASE_TIPO": 1, "FECHA": "2025-03-31T00:00:00", "OPreescola": 253, "OPrimaria": 280, "OSecundari": 0, "OMedia": 0, "OTotal": 533, "Aceleracio": 0, "DANE12_EST": "111001086754", "Educacion_": 0 }, "geometry": { "type": "Point", "coordinates": [ -74.194919999571781, 4.622360000353035 ] } },
{ "type": "Feature", "properties": { "NOMBRE_EST": "COLEGIO LA CONCEPCION (IED)", "GENERO": 5, "COD_LOCA": "07", "CLASE_TIPO": 1, "FECHA": "2025-03-31T00:00:00", "OPreescola": 0, "OPrimaria": 455, "OSecundari": 570, "OMedia": 240, "OTotal": 1265, "Aceleracio": 0, "DANE12_EST": "111001086754", "Educacion_": 0 }, "geometry": { "type": "Point", "coordinates": [ -74.18234000041781, 4.605159999618405 ] } },
{ "type": "Feature", "properties": { "NOMBRE_EST": "COLEGIO LA ESPERANZA (IED)", "GENERO": 5, "COD_LOCA": "07", "CLASE_TIPO": 2, "FECHA": "2025-03-31T00:00:00", "OPreescola": 66, "OPrimaria": 422, "OSecundari": 414, "OMedia": 146, "OTotal": 1048, "Aceleracio": 0, "DANE12_EST": "111001098876", "Educacion_": 0 }, "geometry": { "type": "Point", "coordinates": [ -74.204865999972171, 4.609829999923415 ] } },
{ "type": "Feature", "properties": { "NOMBRE_EST": "COLEGIO LOS NARANJOS (IED)", "GENERO": 5, "COD_LOCA": "07", "CLASE_TIPO": 2, "FECHA": "2025-03-31T00:00:00", "OPreescola": 103, "OPrimaria": 350, "OSecundari": 409, "OMedia": 187, "OTotal": 1049, "Aceleracio": 0, "DANE12_EST": "111001098884", "Educacion_": 0 }, "geometry": { "type": "Point", "coordinates": [ -74.202130000213018, 4.609949999985163 ] } },
{ "type": "Feature", "properties": { "NOMBRE_EST": "COLEGIO ARGELIA (IED)", "GENERO": 5, "COD_LOCA": "07", "CLASE_TIPO": 2, "FECHA": "2025-03-31T00:00:00", "OPreescola": 90, "OPrimaria": 498, "OSecundari": 436, "OMedia": 209, "OTotal": 1233, "Aceleracio": 0, "DANE12_EST": "111001100064", "Educacion_": 0 }, "geometry": { "type": "Point", "coordinates": [ -74.186410000170511, 4.61192000041484 ] } },
{ "type": "Feature", "properties": { "NOMBRE_EST": "COLEGIO SANTIAGO DE LAS ATALAYAS (IED)", "GENERO": 5, "COD_LOCA": "07", "CLASE_TIPO": 2, "FECHA": "2025-03-31T00:00:00", "OPreescola": 174, "OPrimaria": 565, "OSecundari": 482, "OMedia": 222, "OTotal": 1443, "Aceleracio": 0, "DANE12_EST": "111001100072", "Educacion_": 0 }, "geometry": { "type": "Point", "coordinates": [ -74.192769999618534, 4.629430000341774 ] } },
{ "type": "Feature", "properties": { "NOMBRE_EST": "COLEGIO SAN IGNACIO (IED)", "GENERO": 5, "COD_LOCA": "07", "CLASE_TIPO": 2, "FECHA": "2025-03-31T00:00:00", "OPreescola": 137, "OPrimaria": 597, "OSecundari": 449, "OMedia": 229, "OTotal": 1412, "Aceleracio": 0, "DANE12_EST": "111001104051", "Educacion_": 0 }, "geometry": { "type": "Point", "coordinates": [ -74.189910000010812, 4.633019999881813 ] } },
{ "type": "Feature", "properties": { "NOMBRE_EST": "COLEGIO LEONARDO POSADA PEDRAZA (IED)", "GENERO": 5, "COD_LOCA": "07", "CLASE_TIPO": 1, "FECHA": "2025-03-31T00:00:00", "OPreescola": 465, "OPrimaria": 1312, "OSecundari": 1253, "OMedia": 554, "OTotal": 3584, "Aceleracio": 0, "DANE12_EST": "111001104183", "Educacion_": 0 }, "geometry": { "type": "Point", "coordinates": [ -74.20148999998041, 4.627759999582719 ] } },
{ "type": "Feature", "properties": { "NOMBRE_EST": "COLEGIO ALFONSO REYES ECHANDIA (IED)", "GENERO": 5, "COD_LOCA": "07", "CLASE_TIPO": 1, "FECHA": "2025-03-31T00:00:00", "OPreescola": 250, "OPrimaria": 1520, "OSecundari": 1286, "OMedia": 471, "OTotal": 3527, "Aceleracio": 0, "DANE12_EST": "111001104299", "Educacion_": 0 }, "geometry": { "type": "Point", "coordinates": [ -74.199919999985312, 4.616430000075204 ] } },
{ "type": "Feature", "properties": { "NOMBRE_EST": "COLEGIO ORLANDO HIGUITA ROJAS (IED)", "GENERO": 5, "COD_LOCA": "07", "CLASE_TIPO": 1, "FECHA": "2025-03-31T00:00:00", "OPreescola": 382, "OPrimaria": 600, "OSecundari": 1250, "OMedia": 531, "OTotal": 2763, "Aceleracio": 0, "DANE12_EST": "111001104302", "Educacion_": 0 }, "geometry": { "type": "Point", "coordinates": [ -74.189269999778233, 4.628659999628897 ] } },
{ "type": "Feature", "properties": { "NOMBRE_EST": "COLEGIO ORLANDO HIGUITA ROJAS (IED)", "GENERO": 5, "COD_LOCA": "07", "CLASE_TIPO": 1, "FECHA": "2025-03-31T00:00:00", "OPreescola": 108, "OPrimaria": 884, "OSecundari": 0, "OMedia": 0, "OTotal": 992, "Aceleracio": 0, "DANE12_EST": "111001104302", "Educacion_": 0 }, "geometry": { "type": "Point", "coordinates": [ -74.184759999809486, 4.622800000172593 ] } },
{ "type": "Feature", "properties": { "NOMBRE_EST": "COLEGIO CARLOS PIZARRO LEON GOMEZ (IED)", "GENERO": 5, "COD_LOCA": "07", "CLASE_TIPO": 1, "FECHA": "2025-03-31T00:00:00", "OPreescola": 398, "OPrimaria": 1476, "OSecundari": 1415, "OMedia": 690, "OTotal": 4219, "Aceleracio": 240, "DANE12_EST": "111001104329", "Educacion_": 0 }, "geometry": { "type": "Point", "coordinates": [ -74.204799999849911, 4.635560000442966 ] } },
{ "type": "Feature", "properties": { "NOMBRE_EST": "COLEGIO ALFONSO LOPEZ MICHELSEN (IED)", "GENERO": 5, "COD_LOCA": "07", "CLASE_TIPO": 1, "FECHA": "2025-03-31T00:00:00", "OPreescola": 176, "OPrimaria": 1252, "OSecundari": 1362, "OMedia": 628, "OTotal": 3418, "Aceleracio": 0, "DANE12_EST": "111001106950", "Educacion_": 0 }, "geometry": { "type": "Point", "coordinates": [ -74.206549999770075, 4.631679999715774 ] } },
{ "type": "Feature", "properties": { "NOMBRE_EST": "COLEGIO JOSE FRANCISCO SOCARRAS (IED)", "GENERO": 5, "COD_LOCA": "07", "CLASE_TIPO": 1, "FECHA": "2025-03-31T00:00:00", "OPreescola": 308, "OPrimaria": 1400, "OSecundari": 1280, "OMedia": 640, "OTotal": 3628, "Aceleracio": 0, "DANE12_EST": "111001106968", "Educacion_": 0 }, "geometry": { "type": "Point", "coordinates": [ -74.194419999979587, 4.624860000007573 ] } },
{ "type": "Feature", "properties": { "NOMBRE_EST": "COLEGIO GERMAN ARCINIEGAS (IED)", "GENERO": 5, "COD_LOCA": "07", "CLASE_TIPO": 1, "FECHA": "2025-03-31T00:00:00", "OPreescola": 187, "OPrimaria": 860, "OSecundari": 786, "OMedia": 321, "OTotal": 2154, "Aceleracio": 0, "DANE12_EST": "111001107832", "Educacion_": 0 }, "geometry": { "type": "Point", "coordinates": [ -74.185319999676125, 4.63055000020839 ] } },
{ "type": "Feature", "properties": { "NOMBRE_EST": "COLEGIO KIMI PERNIA DOMICO (IED)", "GENERO": 5, "COD_LOCA": "07", "CLASE_TIPO": 1, "FECHA": "2025-03-31T00:00:00", "OPreescola": 321, "OPrimaria": 1334, "OSecundari": 1160, "OMedia": 406, "OTotal": 3355, "Aceleracio": 134, "DANE12_EST": "111001107867", "Educacion_": 0 }, "geometry": { "type": "Point", "coordinates": [ -74.20731999969901, 4.62219000002399 ] } },
{ "type": "Feature", "properties": { "NOMBRE_EST": "COLEGIO CIUDADELA EDUCATIVA DE BOSA (IED)", "GENERO": 5, "COD_LOCA": "07", "CLASE_TIPO": 1, "FECHA": "2025-03-31T00:00:00", "OPreescola": 920, "OPrimaria": 2520, "OSecundari": 2359, "OMedia": 882, "OTotal": 6681, "Aceleracio": 0, "DANE12_EST": "111001107875", "Educacion_": 0 }, "geometry": { "type": "Point", "coordinates": [ -74.187170000053712, 4.640850000272523 ] } },
{ "type": "Feature", "properties": { "NOMBRE_EST": "COLEGIO DEBORA ARANGO PEREZ (IED)", "GENERO": 5, "COD_LOCA": "07", "CLASE_TIPO": 1, "FECHA": "2025-03-31T00:00:00", "OPreescola": 487, "OPrimaria": 1050, "OSecundari": 1039, "OMedia": 381, "OTotal": 3009, "Aceleracio": 52, "DANE12_EST": "111001107883", "Educacion_": 0 }, "geometry": { "type": "Point", "coordinates": [ -74.183480000242596, 4.6188300002179 ] } },
{ "type": "Feature", "properties": { "NOMBRE_EST": "COLEGIO JORGE ISAACS (IED)", "GENERO": 5, "COD_LOCA": "07", "CLASE_TIPO": 2, "FECHA": "2025-03-31T00:00:00", "OPreescola": 170, "OPrimaria": 436, "OSecundari": 400, "OMedia": 171, "OTotal": 1177, "Aceleracio": 0, "DANE12_EST": "111001800384", "Educacion_": 0 }, "geometry": { "type": "Point", "coordinates": [ -74.202540000291819, 4.627039999975382 ] } },
{ "type": "Feature", "properties": { "NOMBRE_EST": "COLEGIO SOLEDAD ACOSTA DE SAMPER (IED)", "GENERO": 5, "COD_LOCA": "07", "CLASE_TIPO": 2, "FECHA": "2025-03-31T00:00:00", "OPreescola": 66, "OPrimaria": 188, "OSecundari": 216, "OMedia": 61, "OTotal": 531, "Aceleracio": 0, "DANE12_EST": "111001800392", "Educacion_": 0 }, "geometry": { "type": "Point", "coordinates": [ -74.185880000441088, 4.642789999602469 ] } },
{ "type": "Feature", "properties": { "NOMBRE_EST": "COLEGIO BICENTENARIO DE LA INDEPENDENCIA (IED)", "GENERO": 5, "COD_LOCA": "07", "CLASE_TIPO": 2, "FECHA": "2025-03-31T00:00:00", "OPreescola": 399, "OPrimaria": 623, "OSecundari": 474, "OMedia": 212, "OTotal": 1708, "Aceleracio": 0, "DANE12_EST": "111001800457", "Educacion_": 0 }, "geometry": { "type": "Point", "coordinates": [ -74.203809999812961, 4.614979999636646 ] } },
{ "type": "Feature", "properties": { "NOMBRE_EST": "COLEGIO DE LA BICI (IED)", "GENERO": 5, "COD_LOCA": "07", "CLASE_TIPO": 1, "FECHA": "2025-03-31T00:00:00", "OPreescola": 200, "OPrimaria": 401, "OSecundari": 320, "OMedia": 148, "OTotal": 1069, "Aceleracio": 0, "DANE12_EST": "111001800643", "Educacion_": 0 }, "geometry": { "type": "Point", "coordinates": [ -74.182349999565233, 4.613730000061297 ] } },
{ "type": "Feature", "properties": { "NOMBRE_EST": "COLEGIO PARQUES DE BOGOTA (IED)", "GENERO": 5, "COD_LOCA": "07", "CLASE_TIPO": 2, "FECHA": "2025-03-31T00:00:00", "OPreescola": 210, "OPrimaria": 417, "OSecundari": 315, "OMedia": 140, "OTotal": 1082, "Aceleracio": 0, "DANE12_EST": "111001800678", "Educacion_": 0 }, "geometry": { "type": "Point", "coordinates": [ -74.192280000072088, 4.625189999628719 ] } },
{ "type": "Feature", "properties": { "NOMBRE_EST": "COLEGIO LAUREL DE CERA (IED)", "GENERO": 5, "COD_LOCA": "07", "CLASE_TIPO": 2, "FECHA": "2025-03-31T00:00:00", "OPreescola": 239, "OPrimaria": 423, "OSecundari": 316, "OMedia": 130, "OTotal": 1108, "Aceleracio": 0, "DANE12_EST": "111001800694", "Educacion_": 0 }, "geometry": { "type": "Point", "coordinates": [ -74.21197000030817, 4.626630000083138 ] } },
{ "type": "Feature", "properties": { "NOMBRE_EST": "COLEGIO ESMERALDA ARBOLEDA CADAVID (IED)", "GENERO": 5, "COD_LOCA": "07", "CLASE_TIPO": 1, "FECHA": "2025-03-31T00:00:00", "OPreescola": 480, "OPrimaria": 1650, "OSecundari": 960, "OMedia": 323, "OTotal": 3513, "Aceleracio": 100, "DANE12_EST": "111001801080", "Educacion_": 0 }, "geometry": { "type": "Point", "coordinates": [ -74.194470000208312, 4.615599999569186 ] } },
{ "type": "Feature", "properties": { "NOMBRE_EST": "COLEGIO CIUDADELA EL RECREO SONIA OSORIO DE SAINT-MALO (IED)", "GENERO": 5, "COD_LOCA": "07", "CLASE_TIPO": 1, "FECHA": "2025-03-31T00:00:00", "OPreescola": 398, "OPrimaria": 800, "OSecundari": 640, "OMedia": 276, "OTotal": 2198, "Aceleracio": 84, "DANE12_EST": "111001801098", "Educacion_": 0 }, "geometry": { "type": "Point", "coordinates": [ -74.199160000102111, 4.633950000067723 ] } },
{ "type": "Feature", "properties": { "NOMBRE_EST": "COLEGIO LAURA HERRERA DE VARELA (IED)", "GENERO": 5, "COD_LOCA": "07", "CLASE_TIPO": 1, "FECHA": "2025-03-31T00:00:00", "OPreescola": 395, "OPrimaria": 780, "OSecundari": 649, "OMedia": 320, "OTotal": 2194, "Aceleracio": 50, "DANE12_EST": "111001801101", "Educacion_": 0 }, "geometry": { "type": "Point", "coordinates": [ -74.186529999821104, 4.630059999813362 ] } },
{ "type": "Feature", "properties": { "NOMBRE_EST": "COLEGIO LUIS LOPEZ DE MESA (IED)", "GENERO": 5, "COD_LOCA": "07", "CLASE_TIPO": 1, "FECHA": "2025-03-31T00:00:00", "OPreescola": 282, "OPrimaria": 1150, "OSecundari": 1064, "OMedia": 409, "OTotal": 2905, "Aceleracio": 0, "DANE12_EST": "111102000265", "Educacion_": 0 }, "geometry": { "type": "Point", "coordinates": [ -74.185840000258125, 4.600609999839762 ] } },
{ "type": "Feature", "properties": { "NOMBRE_EST": "COLEGIO PABLO DE TARSO (IED)", "GENERO": 5, "COD_LOCA": "07", "CLASE_TIPO": 1, "FECHA": "2025-03-31T00:00:00", "OPreescola": 263, "OPrimaria": 1089, "OSecundari": 961, "OMedia": 360, "OTotal": 3075, "Aceleracio": 0, "DANE12_EST": "111102000281", "Educacion_": 402 }, "geometry": { "type": "Point", "coordinates": [ -74.187430000344705, 4.603769999564459 ] } },
{ "type": "Feature", "properties": { "NOMBRE_EST": "COLEGIO PABLO DE TARSO (IED)", "GENERO": 5, "COD_LOCA": "07", "CLASE_TIPO": 1, "FECHA": "2025-03-31T00:00:00", "OPreescola": 50, "OPrimaria": 350, "OSecundari": 0, "OMedia": 0, "OTotal": 400, "Aceleracio": 0, "DANE12_EST": "111102000281", "Educacion_": 0 }, "geometry": { "type": "Point", "coordinates": [ -74.19437999979661, 4.599529999596689 ] } },
{ "type": "Feature", "properties": { "NOMBRE_EST": "COLEGIO FRANCISCO DE PAULA SANTANDER (IED)", "GENERO": 5, "COD_LOCA": "07", "CLASE_TIPO": 1, "FECHA": "2025-03-31T00:00:00", "OPreescola": 126, "OPrimaria": 542, "OSecundari": 543, "OMedia": 220, "OTotal": 1431, "Aceleracio": 0, "DANE12_EST": "111102000621", "Educacion_": 0 }, "geometry": { "type": "Point", "coordinates": [ -74.184810000038183, 4.610850000250166 ] } },
{ "type": "Feature", "properties": { "NOMBRE_EST": "COLEGIO FERNANDO MAZUERA VILLEGAS (IED)", "GENERO": 5, "COD_LOCA": "07", "CLASE_TIPO": 1, "FECHA": "2025-03-31T00:00:00", "OPreescola": 177, "OPrimaria": 665, "OSecundari": 1755, "OMedia": 928, "OTotal": 4490, "Aceleracio": 375, "DANE12_EST": "111102000753", "Educacion_": 590 }, "geometry": { "type": "Point", "coordinates": [ -74.190669999894013, 4.606899999664742 ] } },
{ "type": "Feature", "properties": { "NOMBRE_EST": "COLEGIO FERNANDO MAZUERA VILLEGAS (IED)", "GENERO": 5, "COD_LOCA": "07", "CLASE_TIPO": 1, "FECHA": "2025-03-31T00:00:00", "OPreescola": 150, "OPrimaria": 420, "OSecundari": 0, "OMedia": 0, "OTotal": 570, "Aceleracio": 0, "DANE12_EST": "111102000753", "Educacion_": 0 }, "geometry": { "type": "Point", "coordinates": [ -74.188529999986528, 4.606240000271841 ] } },
{ "type": "Feature", "properties": { "NOMBRE_EST": "COLEGIO FERNANDO MAZUERA VILLEGAS (IED)", "GENERO": 5, "COD_LOCA": "07", "CLASE_TIPO": 1, "FECHA": "2025-03-31T00:00:00", "OPreescola": 75, "OPrimaria": 400, "OSecundari": 0, "OMedia": 0, "OTotal": 475, "Aceleracio": 0, "DANE12_EST": "111102000753", "Educacion_": 0 }, "geometry": { "type": "Point", "coordinates": [ -74.195899999563011, 4.610740000259048 ] } },
{ "type": "Feature", "properties": { "NOMBRE_EST": "COLEGIO FERNANDO MAZUERA VILLEGAS (IED)", "GENERO": 5, "COD_LOCA": "07", "CLASE_TIPO": 1, "FECHA": "2025-03-31T00:00:00", "OPreescola": 75, "OPrimaria": 315, "OSecundari": 0, "OMedia": 0, "OTotal": 390, "Aceleracio": 0, "DANE12_EST": "111102000753", "Educacion_": 0 }, "geometry": { "type": "Point", "coordinates": [ -74.196440000236493, 4.615050000436022 ] } },
{ "type": "Feature", "properties": { "NOMBRE_EST": "COLEGIO FERNANDO MAZUERA VILLEGAS (IED)", "GENERO": 5, "COD_LOCA": "07", "CLASE_TIPO": 1, "FECHA": "2025-03-31T00:00:00", "OPreescola": 209, "OPrimaria": 0, "OSecundari": 0, "OMedia": 0, "OTotal": 209, "Aceleracio": 0, "DANE12_EST": "111102000753", "Educacion_": 0 }, "geometry": { "type": "Point", "coordinates": [ -74.187269999612809, 4.606459999839051 ] } },
{ "type": "Feature", "properties": { "NOMBRE_EST": "COLEGIO PORFIRIO BARBA JACOB (IED)", "GENERO": 5, "COD_LOCA": "07", "CLASE_TIPO": 1, "FECHA": "2025-03-31T00:00:00", "OPreescola": 240, "OPrimaria": 840, "OSecundari": 680, "OMedia": 283, "OTotal": 2043, "Aceleracio": 0, "DANE12_EST": "111102000958", "Educacion_": 0 }, "geometry": { "type": "Point", "coordinates": [ -74.193409999851141, 4.611789999886718 ] } },
{ "type": "Feature", "properties": { "NOMBRE_EST": "COLEGIO VILLAS DEL PROGRESO (IED)", "GENERO": 5, "COD_LOCA": "07", "CLASE_TIPO": 1, "FECHA": "2025-03-31T00:00:00", "OPreescola": 293, "OPrimaria": 519, "OSecundari": 0, "OMedia": 0, "OTotal": 812, "Aceleracio": 0, "DANE12_EST": "211001076958", "Educacion_": 0 }, "geometry": { "type": "Point", "coordinates": [ -74.200730000097209, 4.62554000030701 ] } },
{ "type": "Feature", "properties": { "NOMBRE_EST": "COLEGIO VILLAS DEL PROGRESO (IED)", "GENERO": 5, "COD_LOCA": "07", "CLASE_TIPO": 1, "FECHA": "2025-03-31T00:00:00", "OPreescola": 0, "OPrimaria": 1505, "OSecundari": 979, "OMedia": 320, "OTotal": 2918, "Aceleracio": 114, "DANE12_EST": "211001076958", "Educacion_": 0 }, "geometry": { "type": "Point", "coordinates": [ -74.195060000212166, 4.640969999555042 ] } },
{ "type": "Feature", "properties": { "NOMBRE_EST": "COLEGIO VILLAS DEL PROGRESO (IED)", "GENERO": 5, "COD_LOCA": "07", "CLASE_TIPO": 1, "FECHA": "2025-03-31T00:00:00", "OPreescola": 490, "OPrimaria": 0, "OSecundari": 0, "OMedia": 0, "OTotal": 490, "Aceleracio": 0, "DANE12_EST": "211001076958", "Educacion_": 0 }, "geometry": { "type": "Point", "coordinates": [ -74.194009999900757, 4.643660000052588 ] } },
{ "type": "Feature", "properties": { "NOMBRE_EST": "COLEGIO SAN BERNARDINO (IED)", "GENERO": 5, "COD_LOCA": "07", "CLASE_TIPO": 1, "FECHA": "2025-03-31T00:00:00", "OPreescola": 120, "OPrimaria": 802, "OSecundari": 720, "OMedia": 360, "OTotal": 2227, "Aceleracio": 225, "DANE12_EST": "211102000201", "Educacion_": 0 }, "geometry": { "type": "Point", "coordinates": [ -74.203999999783747, 4.617999999833468 ] } },
{ "type": "Feature", "properties": { "NOMBRE_EST": "COLEGIO EL PORVENIR (IED)", "GENERO": 5, "COD_LOCA": "07", "CLASE_TIPO": 1, "FECHA": "2025-03-31T00:00:00", "OPreescola": 326, "OPrimaria": 1122, "OSecundari": 961, "OMedia": 426, "OTotal": 2835, "Aceleracio": 0, "DANE12_EST": "211102000243", "Educacion_": 0 }, "geometry": { "type": "Point", "coordinates": [ -74.183650000121915, 4.635850000398773 ] } },
{ "type": "Feature", "properties": { "NOMBRE_EST": "COLEGIO EL PORVENIR (IED)", "GENERO": 5, "COD_LOCA": "07", "CLASE_TIPO": 1, "FECHA": "2025-03-31T00:00:00", "OPreescola": 150, "OPrimaria": 748, "OSecundari": 640, "OMedia": 259, "OTotal": 1797, "Aceleracio": 0, "DANE12_EST": "211102000243", "Educacion_": 0 }, "geometry": { "type": "Point", "coordinates": [ -74.197770000032079, 4.641690000194005 ] } },
{ "type": "Feature", "properties": { "NOMBRE_EST": "COLEGIO BOSANOVA (IED)", "GENERO": 5, "COD_LOCA": "07", "CLASE_TIPO": 1, "FECHA": "2025-03-31T00:00:00", "OPreescola": 92, "OPrimaria": 556, "OSecundari": 480, "OMedia": 240, "OTotal": 1368, "Aceleracio": 0, "DANE12_EST": "211102000995", "Educacion_": 0 }, "geometry": { "type": "Point", "coordinates": [ -74.188489999803551, 4.622550000145845 ] } },
{ "type": "Feature", "properties": { "NOMBRE_EST": "COLEGIO CARLOS ARANGO VELEZ (IED)", "GENERO": 5, "COD_LOCA": "08", "CLASE_TIPO": 1, "FECHA": "2025-03-31T00:00:00", "OPreescola": 234, "OPrimaria": 792, "OSecundari": 760, "OMedia": 342, "OTotal": 2234, "Aceleracio": 106, "DANE12_EST": "111001000124", "Educacion_": 0 }, "geometry": { "type": "Point", "coordinates": [ -74.13596000026503, 4.616210000014059 ] } },
{ "type": "Feature", "properties": { "NOMBRE_EST": "COLEGIO DARIO ECHANDIA (IED)", "GENERO": 5, "COD_LOCA": "08", "CLASE_TIPO": 1, "FECHA": "2025-03-31T00:00:00", "OPreescola": 0, "OPrimaria": 70, "OSecundari": 801, "OMedia": 328, "OTotal": 1199, "Aceleracio": 0, "DANE12_EST": "111001001279", "Educacion_": 0 }, "geometry": { "type": "Point", "coordinates": [ -74.162070000223579, 4.641830000083714 ] } },
{ "type": "Feature", "properties": { "NOMBRE_EST": "COLEGIO DARIO ECHANDIA (IED)", "GENERO": 5, "COD_LOCA": "08", "CLASE_TIPO": 1, "FECHA": "2025-03-31T00:00:00", "OPreescola": 0, "OPrimaria": 561, "OSecundari": 0, "OMedia": 0, "OTotal": 561, "Aceleracio": 0, "DANE12_EST": "111001001279", "Educacion_": 0 }, "geometry": { "type": "Point", "coordinates": [ -74.161579999778837, 4.643299999934715 ] } },
{ "type": "Feature", "properties": { "NOMBRE_EST": "COLEGIO DARIO ECHANDIA (IED)", "GENERO": 5, "COD_LOCA": "08", "CLASE_TIPO": 1, "FECHA": "2025-03-31T00:00:00", "OPreescola": 135, "OPrimaria": 70, "OSecundari": 0, "OMedia": 0, "OTotal": 205, "Aceleracio": 0, "DANE12_EST": "111001001279", "Educacion_": 0 }, "geometry": { "type": "Point", "coordinates": [ -74.161149999608512, 4.644009999642873 ] } },
{ "type": "Feature", "properties": { "NOMBRE_EST": "COLEGIO NACIONAL NICOLAS ESGUERRA (IED)", "GENERO": 5, "COD_LOCA": "08", "CLASE_TIPO": 1, "FECHA": "2025-03-31T00:00:00", "OPreescola": 0, "OPrimaria": 0, "OSecundari": 608, "OMedia": 448, "OTotal": 2071, "Aceleracio": 0, "DANE12_EST": "111001010910", "Educacion_": 1015 }, "geometry": { "type": "Point", "coordinates": [ -74.124419999580098, 4.633799999918331 ] } },
{ "type": "Feature", "properties": { "NOMBRE_EST": "COLEGIO CARLOS ARTURO TORRES (IED)", "GENERO": 5, "COD_LOCA": "08", "CLASE_TIPO": 1, "FECHA": "2025-03-31T00:00:00", "OPreescola": 303, "OPrimaria": 635, "OSecundari": 528, "OMedia": 271, "OTotal": 2540, "Aceleracio": 182, "DANE12_EST": "111001011321", "Educacion_": 621 }, "geometry": { "type": "Point", "coordinates": [ -74.146400000409812, 4.599559999824547 ] } },
{ "type": "Feature", "properties": { "NOMBRE_EST": "COLEGIO CARLOS ARTURO TORRES (IED)", "GENERO": 5, "COD_LOCA": "08", "CLASE_TIPO": 1, "FECHA": "2025-03-31T00:00:00", "OPreescola": 0, "OPrimaria": 150, "OSecundari": 0, "OMedia": 0, "OTotal": 150, "Aceleracio": 0, "DANE12_EST": "111001011321", "Educacion_": 0 }, "geometry": { "type": "Point", "coordinates": [ -74.146340000135353, 4.599480000109542 ] } },
{ "type": "Feature", "properties": { "NOMBRE_EST": "COLEGIO LA AMISTAD (IED)", "GENERO": 5, "COD_LOCA": "08", "CLASE_TIPO": 1, "FECHA": "2025-03-31T00:00:00", "OPreescola": 94, "OPrimaria": 530, "OSecundari": 714, "OMedia": 320, "OTotal": 2082, "Aceleracio": 151, "DANE12_EST": "111001011690", "Educacion_": 273 }, "geometry": { "type": "Point", "coordinates": [ -74.148229999797607, 4.623369999939619 ] } },
{ "type": "Feature", "properties": { "NOMBRE_EST": "COLEGIO LA AMISTAD (IED)", "GENERO": 5, "COD_LOCA": "08", "CLASE_TIPO": 1, "FECHA": "2025-03-31T00:00:00", "OPreescola": 50, "OPrimaria": 343, "OSecundari": 0, "OMedia": 0, "OTotal": 393, "Aceleracio": 0, "DANE12_EST": "111001011690", "Educacion_": 0 }, "geometry": { "type": "Point", "coordinates": [ -74.162860000244009, 4.633100000292522 ] } },
{ "type": "Feature", "properties": { "NOMBRE_EST": "COLEGIO LA AMISTAD (IED)", "GENERO": 5, "COD_LOCA": "08", "CLASE_TIPO": 1, "FECHA": "2025-03-31T00:00:00", "OPreescola": 38, "OPrimaria": 220, "OSecundari": 0, "OMedia": 0, "OTotal": 258, "Aceleracio": 0, "DANE12_EST": "111001011690", "Educacion_": 0 }, "geometry": { "type": "Point", "coordinates": [ -74.166620000375332, 4.629870000245011 ] } },
{ "type": "Feature", "properties": { "NOMBRE_EST": "COLEGIO TOM ADAMS (IED)", "GENERO": 5, "COD_LOCA": "08", "CLASE_TIPO": 1, "FECHA": "2025-03-31T00:00:00", "OPreescola": 120, "OPrimaria": 459, "OSecundari": 647, "OMedia": 242, "OTotal": 1521, "Aceleracio": 53, "DANE12_EST": "111001012343", "Educacion_": 0 }, "geometry": { "type": "Point", "coordinates": [ -74.155709999877232, 4.618080000150178 ] } },
{ "type": "Feature", "properties": { "NOMBRE_EST": "COLEGIO TOM ADAMS (IED)", "GENERO": 5, "COD_LOCA": "08", "CLASE_TIPO": 1, "FECHA": "2025-03-31T00:00:00", "OPreescola": 135, "OPrimaria": 909, "OSecundari": 0, "OMedia": 0, "OTotal": 1097, "Aceleracio": 53, "DANE12_EST": "111001012343", "Educacion_": 0 }, "geometry": { "type": "Point", "coordinates": [ -74.158950000324865, 4.624259999569897 ] } },
{ "type": "Feature", "properties": { "NOMBRE_EST": "COLEGIO EL JAPON (IED)", "GENERO": 5, "COD_LOCA": "08", "CLASE_TIPO": 1, "FECHA": "2025-03-31T00:00:00", "OPreescola": 77, "OPrimaria": 630, "OSecundari": 860, "OMedia": 480, "OTotal": 3176, "Aceleracio": 0, "DANE12_EST": "111001012360", "Educacion_": 1129 }, "geometry": { "type": "Point", "coordinates": [ -74.153509999695288, 4.621519999857535 ] } },
{ "type": "Feature", "properties": { "NOMBRE_EST": "COLEGIO SAN PEDRO CLAVER (IED)", "GENERO": 5, "COD_LOCA": "08", "CLASE_TIPO": 1, "FECHA": "2025-03-31T00:00:00", "OPreescola": 214, "OPrimaria": 700, "OSecundari": 880, "OMedia": 270, "OTotal": 2064, "Aceleracio": 0, "DANE12_EST": "111001013102", "Educacion_": 0 }, "geometry": { "type": "Point", "coordinates": [ -74.160900000261577, 4.62181000019443 ] } },
{ "type": "Feature", "properties": { "NOMBRE_EST": "COLEGIO SAN PEDRO CLAVER (IED)", "GENERO": 5, "COD_LOCA": "08", "CLASE_TIPO": 1, "FECHA": "2025-03-31T00:00:00", "OPreescola": 90, "OPrimaria": 490, "OSecundari": 0, "OMedia": 0, "OTotal": 580, "Aceleracio": 0, "DANE12_EST": "111001013102", "Educacion_": 0 }, "geometry": { "type": "Point", "coordinates": [ -74.171399999782494, 4.631480000061218 ] } },
{ "type": "Feature", "properties": { "NOMBRE_EST": "COLEGIO CLASS (IED)", "GENERO": 5, "COD_LOCA": "08", "CLASE_TIPO": 1, "FECHA": "2025-03-31T00:00:00", "OPreescola": 124, "OPrimaria": 0, "OSecundari": 1000, "OMedia": 381, "OTotal": 1505, "Aceleracio": 0, "DANE12_EST": "111001013129", "Educacion_": 0 }, "geometry": { "type": "Point", "coordinates": [ -74.179049999741466, 4.614109999742425 ] } },
{ "type": "Feature", "properties": { "NOMBRE_EST": "COLEGIO CLASS (IED)", "GENERO": 5, "COD_LOCA": "08", "CLASE_TIPO": 1, "FECHA": "2025-03-31T00:00:00", "OPreescola": 210, "OPrimaria": 560, "OSecundari": 0, "OMedia": 0, "OTotal": 770, "Aceleracio": 0, "DANE12_EST": "111001013129", "Educacion_": 0 }, "geometry": { "type": "Point", "coordinates": [ -74.171239999948924, 4.608859999650185 ] } },
{ "type": "Feature", "properties": { "NOMBRE_EST": "COLEGIO CLASS (IED)", "GENERO": 5, "COD_LOCA": "08", "CLASE_TIPO": 1, "FECHA": "2025-03-31T00:00:00", "OPreescola": 0, "OPrimaria": 878, "OSecundari": 0, "OMedia": 0, "OTotal": 932, "Aceleracio": 54, "DANE12_EST": "111001013129", "Educacion_": 0 }, "geometry": { "type": "Point", "coordinates": [ -74.174010000043282, 4.610439999952452 ] } },
{ "type": "Feature", "properties": { "NOMBRE_EST": "COLEGIO PAULO VI (IED)", "GENERO": 5, "COD_LOCA": "08", "CLASE_TIPO": 1, "FECHA": "2025-03-31T00:00:00", "OPreescola": 150, "OPrimaria": 1066, "OSecundari": 966, "OMedia": 354, "OTotal": 2945, "Aceleracio": 409, "DANE12_EST": "111001013153", "Educacion_": 0 }, "geometry": { "type": "Point", "coordinates": [ -74.158399999605635, 4.621639999733458 ] } },
{ "type": "Feature", "properties": { "NOMBRE_EST": "COLEGIO SAN JOSE (IED)", "GENERO": 5, "COD_LOCA": "08", "CLASE_TIPO": 1, "FECHA": "2025-03-31T00:00:00", "OPreescola": 436, "OPrimaria": 945, "OSecundari": 880, "OMedia": 240, "OTotal": 2501, "Aceleracio": 0, "DANE12_EST": "111001013161", "Educacion_": 0 }, "geometry": { "type": "Point", "coordinates": [ -74.16290999957441, 4.621449999696685 ] } },
{ "type": "Feature", "properties": { "NOMBRE_EST": "COLEGIO SAN JOSE (IED)", "GENERO": 5, "COD_LOCA": "08", "CLASE_TIPO": 1, "FECHA": "2025-03-31T00:00:00", "OPreescola": 140, "OPrimaria": 400, "OSecundari": 0, "OMedia": 0, "OTotal": 540, "Aceleracio": 0, "DANE12_EST": "111001013161", "Educacion_": 0 }, "geometry": { "type": "Point", "coordinates": [ -74.165739999943213, 4.616520000406177 ] } },
{ "type": "Feature", "properties": { "NOMBRE_EST": "COLEGIO SAN RAFAEL (IED)", "GENERO": 5, "COD_LOCA": "08", "CLASE_TIPO": 1, "FECHA": "2025-03-31T00:00:00", "OPreescola": 200, "OPrimaria": 700, "OSecundari": 760, "OMedia": 280, "OTotal": 1940, "Aceleracio": 0, "DANE12_EST": "111001013170", "Educacion_": 0 }, "geometry": { "type": "Point", "coordinates": [ -74.161369999716541, 4.617099999678417 ] } },
{ "type": "Feature", "properties": { "NOMBRE_EST": "COLEGIO SAN RAFAEL (IED)", "GENERO": 5, "COD_LOCA": "08", "CLASE_TIPO": 1, "FECHA": "2025-03-31T00:00:00", "OPreescola": 50, "OPrimaria": 288, "OSecundari": 0, "OMedia": 0, "OTotal": 338, "Aceleracio": 0, "DANE12_EST": "111001013170", "Educacion_": 0 }, "geometry": { "type": "Point", "coordinates": [ -74.169439999800062, 4.61118000012136 ] } },
{ "type": "Feature", "properties": { "NOMBRE_EST": "COLEGIO MARSELLA (IED)", "GENERO": 5, "COD_LOCA": "08", "CLASE_TIPO": 1, "FECHA": "2025-03-31T00:00:00", "OPreescola": 235, "OPrimaria": 700, "OSecundari": 762, "OMedia": 321, "OTotal": 2018, "Aceleracio": 0, "DANE12_EST": "111001014290", "Educacion_": 0 }, "geometry": { "type": "Point", "coordinates": [ -74.127389999690976, 4.632070000132973 ] } },
{ "type": "Feature", "properties": { "NOMBRE_EST": "COLEGIO FRANCISCO DE MIRANDA (IED)", "GENERO": 5, "COD_LOCA": "08", "CLASE_TIPO": 1, "FECHA": "2025-03-31T00:00:00", "OPreescola": 75, "OPrimaria": 525, "OSecundari": 480, "OMedia": 262, "OTotal": 1342, "Aceleracio": 0, "DANE12_EST": "111001014974", "Educacion_": 0 }, "geometry": { "type": "Point", "coordinates": [ -74.154460000447585, 4.6125500002265 ] } },
{ "type": "Feature", "properties": { "NOMBRE_EST": "COLEGIO LAS AMERICAS (IED)", "GENERO": 5, "COD_LOCA": "08", "CLASE_TIPO": 1, "FECHA": "2025-03-31T00:00:00", "OPreescola": 180, "OPrimaria": 929, "OSecundari": 1090, "OMedia": 480, "OTotal": 2729, "Aceleracio": 50, "DANE12_EST": "111001015598", "Educacion_": 0 }, "geometry": { "type": "Point", "coordinates": [ -74.150510000345477, 4.616839999600155 ] } },
{ "type": "Feature", "properties": { "NOMBRE_EST": "COLEGIO O.E.A. (IED)", "GENERO": 5, "COD_LOCA": "08", "CLASE_TIPO": 1, "FECHA": "2025-03-31T00:00:00", "OPreescola": 148, "OPrimaria": 600, "OSecundari": 750, "OMedia": 342, "OTotal": 1840, "Aceleracio": 0, "DANE12_EST": "111001015601", "Educacion_": 0 }, "geometry": { "type": "Point", "coordinates": [ -74.141610000058577, 4.617890000054846 ] } },
{ "type": "Feature", "properties": { "NOMBRE_EST": "COLEGIO O.E.A. (IED)", "GENERO": 5, "COD_LOCA": "08", "CLASE_TIPO": 1, "FECHA": "2025-03-31T00:00:00", "OPreescola": 69, "OPrimaria": 525, "OSecundari": 0, "OMedia": 0, "OTotal": 594, "Aceleracio": 0, "DANE12_EST": "111001015601", "Educacion_": 0 }, "geometry": { "type": "Point", "coordinates": [ -74.140909999551511, 4.609630000372362 ] } },
{ "type": "Feature", "properties": { "NOMBRE_EST": "COLEGIO ISABEL II (IED)", "GENERO": 5, "COD_LOCA": "08", "CLASE_TIPO": 1, "FECHA": "2025-03-31T00:00:00", "OPreescola": 189, "OPrimaria": 178, "OSecundari": 920, "OMedia": 380, "OTotal": 1667, "Aceleracio": 0, "DANE12_EST": "111001016071", "Educacion_": 0 }, "geometry": { "type": "Point", "coordinates": [ -74.152949999828635, 4.633570000283998 ] } },
{ "type": "Feature", "properties": { "NOMBRE_EST": "COLEGIO ISABEL II (IED)", "GENERO": 5, "COD_LOCA": "08", "CLASE_TIPO": 1, "FECHA": "2025-03-31T00:00:00", "OPreescola": 76, "OPrimaria": 770, "OSecundari": 0, "OMedia": 0, "OTotal": 846, "Aceleracio": 0, "DANE12_EST": "111001016071", "Educacion_": 0 }, "geometry": { "type": "Point", "coordinates": [ -74.151490000336707, 4.634940000076457 ] } },
{ "type": "Feature", "properties": { "NOMBRE_EST": "COLEGIO ALQUERIA DE LA FRAGUA (IED)", "GENERO": 5, "COD_LOCA": "08", "CLASE_TIPO": 1, "FECHA": "2025-03-31T00:00:00", "OPreescola": 106, "OPrimaria": 420, "OSecundari": 315, "OMedia": 108, "OTotal": 949, "Aceleracio": 0, "DANE12_EST": "111001016098", "Educacion_": 0 }, "geometry": { "type": "Point", "coordinates": [ -74.136130000144334, 4.604959999649086 ] } },
{ "type": "Feature", "properties": { "NOMBRE_EST": "COLEGIO LOS PERIODISTAS (IED)", "GENERO": 5, "COD_LOCA": "08", "CLASE_TIPO": 1, "FECHA": "2025-03-31T00:00:00", "OPreescola": 160, "OPrimaria": 641, "OSecundari": 523, "OMedia": 222, "OTotal": 1546, "Aceleracio": 0, "DANE12_EST": "111001016101", "Educacion_": 0 }, "geometry": { "type": "Point", "coordinates": [ -74.158209999634849, 4.617470000417618 ] } },
{ "type": "Feature", "properties": { "NOMBRE_EST": "COLEGIO LA CHUCUA (IED)", "GENERO": 5, "COD_LOCA": "08", "CLASE_TIPO": 1, "FECHA": "2025-03-31T00:00:00", "OPreescola": 171, "OPrimaria": 770, "OSecundari": 611, "OMedia": 315, "OTotal": 1867, "Aceleracio": 0, "DANE12_EST": "111001016136", "Educacion_": 0 }, "geometry": { "type": "Point", "coordinates": [ -74.148550000363045, 4.603769999564459 ] } },
{ "type": "Feature", "properties": { "NOMBRE_EST": "COLEGIO KENNEDY (IED)", "GENERO": 5, "COD_LOCA": "08", "CLASE_TIPO": 1, "FECHA": "2025-03-31T00:00:00", "OPreescola": 0, "OPrimaria": 0, "OSecundari": 720, "OMedia": 420, "OTotal": 1140, "Aceleracio": 0, "DANE12_EST": "111001016292", "Educacion_": 0 }, "geometry": { "type": "Point", "coordinates": [ -74.14077999985517, 4.620249999701726 ] } },
{ "type": "Feature", "properties": { "NOMBRE_EST": "COLEGIO KENNEDY (IED)", "GENERO": 5, "COD_LOCA": "08", "CLASE_TIPO": 1, "FECHA": "2025-03-31T00:00:00", "OPreescola": 45, "OPrimaria": 175, "OSecundari": 0, "OMedia": 0, "OTotal": 220, "Aceleracio": 0, "DANE12_EST": "111001016292", "Educacion_": 0 }, "geometry": { "type": "Point", "coordinates": [ -74.135400000398363, 4.615349999690451 ] } },
{ "type": "Feature", "properties": { "NOMBRE_EST": "COLEGIO KENNEDY (IED)", "GENERO": 5, "COD_LOCA": "08", "CLASE_TIPO": 1, "FECHA": "2025-03-31T00:00:00", "OPreescola": 0, "OPrimaria": 282, "OSecundari": 0, "OMedia": 0, "OTotal": 282, "Aceleracio": 0, "DANE12_EST": "111001016292", "Educacion_": 0 }, "geometry": { "type": "Point", "coordinates": [ -74.145410000372848, 4.619819999880781 ] } },
{ "type": "Feature", "properties": { "NOMBRE_EST": "COLEGIO KENNEDY (IED)", "GENERO": 5, "COD_LOCA": "08", "CLASE_TIPO": 1, "FECHA": "2025-03-31T00:00:00", "OPreescola": 69, "OPrimaria": 140, "OSecundari": 0, "OMedia": 0, "OTotal": 209, "Aceleracio": 0, "DANE12_EST": "111001016292", "Educacion_": 0 }, "geometry": { "type": "Point", "coordinates": [ -74.146550000197635, 4.621909999603833 ] } },
{ "type": "Feature", "properties": { "NOMBRE_EST": "COLEGIO FERNANDO SOTO APARICIO (IED)", "GENERO": 5, "COD_LOCA": "08", "CLASE_TIPO": 1, "FECHA": "2025-03-31T00:00:00", "OPreescola": 0, "OPrimaria": 175, "OSecundari": 680, "OMedia": 303, "OTotal": 1158, "Aceleracio": 0, "DANE12_EST": "111001024660", "Educacion_": 0 }, "geometry": { "type": "Point", "coordinates": [ -74.147520000143118, 4.618849999826796 ] } },
{ "type": "Feature", "properties": { "NOMBRE_EST": "COLEGIO FERNANDO SOTO APARICIO (IED)", "GENERO": 5, "COD_LOCA": "08", "CLASE_TIPO": 1, "FECHA": "2025-03-31T00:00:00", "OPreescola": 325, "OPrimaria": 1050, "OSecundari": 0, "OMedia": 0, "OTotal": 1375, "Aceleracio": 0, "DANE12_EST": "111001024660", "Educacion_": 0 }, "geometry": { "type": "Point", "coordinates": [ -74.172609999927502, 4.617189999924403 ] } },
{ "type": "Feature", "properties": { "NOMBRE_EST": "COLEGIO INEM FRANCISCO DE PAULA SANTANDER (IED)", "GENERO": 5, "COD_LOCA": "08", "CLASE_TIPO": 1, "FECHA": "2025-03-31T00:00:00", "OPreescola": 300, "OPrimaria": 1524, "OSecundari": 2314, "OMedia": 1206, "OTotal": 5344, "Aceleracio": 0, "DANE12_EST": "111001024732", "Educacion_": 0 }, "geometry": { "type": "Point", "coordinates": [ -74.156449999668951, 4.624700000000278 ] } },
{ "type": "Feature", "properties": { "NOMBRE_EST": "COLEGIO INEM FRANCISCO DE PAULA SANTANDER (IED)", "GENERO": 5, "COD_LOCA": "08", "CLASE_TIPO": 1, "FECHA": "2025-03-31T00:00:00", "OPreescola": 350, "OPrimaria": 980, "OSecundari": 0, "OMedia": 0, "OTotal": 1330, "Aceleracio": 0, "DANE12_EST": "111001024732", "Educacion_": 0 }, "geometry": { "type": "Point", "coordinates": [ -74.152709999629124, 4.626510000157132 ] } },
{ "type": "Feature", "properties": { "NOMBRE_EST": "COLEGIO JOHN F. KENNEDY (IED)", "GENERO": 5, "COD_LOCA": "08", "CLASE_TIPO": 1, "FECHA": "2025-03-31T00:00:00", "OPreescola": 270, "OPrimaria": 1033, "OSecundari": 960, "OMedia": 400, "OTotal": 2797, "Aceleracio": 134, "DANE12_EST": "111001026964", "Educacion_": 0 }, "geometry": { "type": "Point", "coordinates": [ -74.151690000353256, 4.621880000319726 ] } },
{ "type": "Feature", "properties": { "NOMBRE_EST": "COLEGIO PROSPERO PINZON (IED)", "GENERO": 5, "COD_LOCA": "08", "CLASE_TIPO": 1, "FECHA": "2025-03-31T00:00:00", "OPreescola": 110, "OPrimaria": 483, "OSecundari": 404, "OMedia": 192, "OTotal": 1312, "Aceleracio": 123, "DANE12_EST": "111001027308", "Educacion_": 0 }, "geometry": { "type": "Point", "coordinates": [ -74.151070000212144, 4.624340000075477 ] } },
{ "type": "Feature", "properties": { "NOMBRE_EST": "COLEGIO MANUEL CEPEDA VARGAS (IED)", "GENERO": 5, "COD_LOCA": "08", "CLASE_TIPO": 1, "FECHA": "2025-03-31T00:00:00", "OPreescola": 419, "OPrimaria": 1279, "OSecundari": 1727, "OMedia": 684, "OTotal": 4553, "Aceleracio": 127, "DANE12_EST": "111001027391", "Educacion_": 317 }, "geometry": { "type": "Point", "coordinates": [ -74.177940000053908, 4.616540000080199 ] } },
{ "type": "Feature", "properties": { "NOMBRE_EST": "COLEGIO MANUEL CEPEDA VARGAS (IED)", "GENERO": 5, "COD_LOCA": "08", "CLASE_TIPO": 1, "FECHA": "2025-03-31T00:00:00", "OPreescola": 0, "OPrimaria": 987, "OSecundari": 0, "OMedia": 0, "OTotal": 987, "Aceleracio": 0, "DANE12_EST": "111001027391", "Educacion_": 0 }, "geometry": { "type": "Point", "coordinates": [ -74.172959999731873, 4.625309999778452 ] } },
{ "type": "Feature", "properties": { "NOMBRE_EST": "COLEGIO MANUEL CEPEDA VARGAS (IED)", "GENERO": 5, "COD_LOCA": "08", "CLASE_TIPO": 1, "FECHA": "2025-03-31T00:00:00", "OPreescola": 190, "OPrimaria": 210, "OSecundari": 0, "OMedia": 0, "OTotal": 400, "Aceleracio": 0, "DANE12_EST": "111001027391", "Educacion_": 0 }, "geometry": { "type": "Point", "coordinates": [ -74.172969999777607, 4.62563000037672 ] } },
{ "type": "Feature", "properties": { "NOMBRE_EST": "COLEGIO JAIRO ANIBAL NIÑO (CED)", "GENERO": 5, "COD_LOCA": "08", "CLASE_TIPO": 1, "FECHA": "2025-03-31T00:00:00", "OPreescola": 213, "OPrimaria": 696, "OSecundari": 633, "OMedia": 0, "OTotal": 1542, "Aceleracio": 0, "DANE12_EST": "111001027405", "Educacion_": 0 }, "geometry": { "type": "Point", "coordinates": [ -74.167059999693052, 4.636690000000451 ] } },
{ "type": "Feature", "properties": { "NOMBRE_EST": "COLEGIO JACKELINE (IED)", "GENERO": 5, "COD_LOCA": "08", "CLASE_TIPO": 1, "FECHA": "2025-03-31T00:00:00", "OPreescola": 263, "OPrimaria": 706, "OSecundari": 0, "OMedia": 0, "OTotal": 969, "Aceleracio": 0, "DANE12_EST": "111001029114", "Educacion_": 0 }, "geometry": { "type": "Point", "coordinates": [ -74.162840000152514, 4.608979999875758 ] } },
{ "type": "Feature", "properties": { "NOMBRE_EST": "COLEGIO JACKELINE (IED)", "GENERO": 5, "COD_LOCA": "08", "CLASE_TIPO": 1, "FECHA": "2025-03-31T00:00:00", "OPreescola": 0, "OPrimaria": 0, "OSecundari": 671, "OMedia": 152, "OTotal": 823, "Aceleracio": 0, "DANE12_EST": "111001029114", "Educacion_": 0 }, "geometry": { "type": "Point", "coordinates": [ -74.16442000019336, 4.60830999977486 ] } },
{ "type": "Feature", "properties": { "NOMBRE_EST": "COLEGIO MANUEL ZAPATA OLIVELLA (IED)", "GENERO": 5, "COD_LOCA": "08", "CLASE_TIPO": 1, "FECHA": "2025-03-31T00:00:00", "OPreescola": 150, "OPrimaria": 845, "OSecundari": 724, "OMedia": 320, "OTotal": 2039, "Aceleracio": 0, "DANE12_EST": "111001033898", "Educacion_": 0 }, "geometry": { "type": "Point", "coordinates": [ -74.160310000257681, 4.640530000295293 ] } },
{ "type": "Feature", "properties": { "NOMBRE_EST": "COLEGIO LA FLORESTA SUR (IED)", "GENERO": 5, "COD_LOCA": "08", "CLASE_TIPO": 1, "FECHA": "2025-03-31T00:00:00", "OPreescola": 89, "OPrimaria": 0, "OSecundari": 560, "OMedia": 203, "OTotal": 852, "Aceleracio": 0, "DANE12_EST": "111001034045", "Educacion_": 0 }, "geometry": { "type": "Point", "coordinates": [ -74.127300000177613, 4.620699999714037 ] } },
{ "type": "Feature", "properties": { "NOMBRE_EST": "COLEGIO LA FLORESTA SUR (IED)", "GENERO": 5, "COD_LOCA": "08", "CLASE_TIPO": 1, "FECHA": "2025-03-31T00:00:00", "OPreescola": 100, "OPrimaria": 671, "OSecundari": 0, "OMedia": 0, "OTotal": 771, "Aceleracio": 0, "DANE12_EST": "111001034045", "Educacion_": 0 }, "geometry": { "type": "Point", "coordinates": [ -74.127700000210709, 4.620440000060134 ] } },
{ "type": "Feature", "properties": { "NOMBRE_EST": "COLEGIO SAN JOSE DE CASTILLA (IED)", "GENERO": 5, "COD_LOCA": "08", "CLASE_TIPO": 1, "FECHA": "2025-03-31T00:00:00", "OPreescola": 0, "OPrimaria": 0, "OSecundari": 831, "OMedia": 425, "OTotal": 1256, "Aceleracio": 0, "DANE12_EST": "111001041475", "Educacion_": 0 }, "geometry": { "type": "Point", "coordinates": [ -74.144040000394298, 4.637940000234142 ] } },
{ "type": "Feature", "properties": { "NOMBRE_EST": "COLEGIO SAN JOSE DE CASTILLA (IED)", "GENERO": 5, "COD_LOCA": "08", "CLASE_TIPO": 1, "FECHA": "2025-03-31T00:00:00", "OPreescola": 100, "OPrimaria": 811, "OSecundari": 0, "OMedia": 0, "OTotal": 911, "Aceleracio": 0, "DANE12_EST": "111001041475", "Educacion_": 0 }, "geometry": { "type": "Point", "coordinates": [ -74.135299999940926, 4.650710000382507 ] } },
{ "type": "Feature", "properties": { "NOMBRE_EST": "COLEGIO CASTILLA (IED)", "GENERO": 5, "COD_LOCA": "08", "CLASE_TIPO": 1, "FECHA": "2025-03-31T00:00:00", "OPreescola": 190, "OPrimaria": 1393, "OSecundari": 1280, "OMedia": 621, "OTotal": 3484, "Aceleracio": 0, "DANE12_EST": "111001076767", "Educacion_": 0 }, "geometry": { "type": "Point", "coordinates": [ -74.141890000441038, 4.640449999830627 ] } },
{ "type": "Feature", "properties": { "NOMBRE_EST": "COLEGIO VILLA RICA (IED)", "GENERO": 5, "COD_LOCA": "08", "CLASE_TIPO": 1, "FECHA": "2025-03-31T00:00:00", "OPreescola": 75, "OPrimaria": 0, "OSecundari": 731, "OMedia": 326, "OTotal": 1132, "Aceleracio": 0, "DANE12_EST": "111001079154", "Educacion_": 0 }, "geometry": { "type": "Point", "coordinates": [ -74.167119999967511, 4.605790000049629 ] } },
{ "type": "Feature", "properties": { "NOMBRE_EST": "COLEGIO VILLA RICA (IED)", "GENERO": 5, "COD_LOCA": "08", "CLASE_TIPO": 1, "FECHA": "2025-03-31T00:00:00", "OPreescola": 190, "OPrimaria": 856, "OSecundari": 0, "OMedia": 0, "OTotal": 1046, "Aceleracio": 0, "DANE12_EST": "111001079154", "Educacion_": 0 }, "geometry": { "type": "Point", "coordinates": [ -74.166200000250754, 4.61111999974918 ] } },
{ "type": "Feature", "properties": { "NOMBRE_EST": "COLEGIO ALFONSO LOPEZ PUMAREJO (IED)", "GENERO": 5, "COD_LOCA": "08", "CLASE_TIPO": 1, "FECHA": "2025-03-31T00:00:00", "OPreescola": 54, "OPrimaria": 490, "OSecundari": 800, "OMedia": 272, "OTotal": 1616, "Aceleracio": 0, "DANE12_EST": "111001086649", "Educacion_": 0 }, "geometry": { "type": "Point", "coordinates": [ -74.143640000361202, 4.607760000369404 ] } },
{ "type": "Feature", "properties": { "NOMBRE_EST": "COLEGIO ALFONSO LOPEZ PUMAREJO (IED)", "GENERO": 5, "COD_LOCA": "08", "CLASE_TIPO": 1, "FECHA": "2025-03-31T00:00:00", "OPreescola": 200, "OPrimaria": 280, "OSecundari": 0, "OMedia": 0, "OTotal": 480, "Aceleracio": 0, "DANE12_EST": "111001086649", "Educacion_": 0 }, "geometry": { "type": "Point", "coordinates": [ -74.14096999982597, 4.603530000021023 ] } },
{ "type": "Feature", "properties": { "NOMBRE_EST": "COLEGIO INSTITUTO TECNICO RODRIGO DE TRIANA (IED)", "GENERO": 5, "COD_LOCA": "08", "CLASE_TIPO": 1, "FECHA": "2025-03-31T00:00:00", "OPreescola": 94, "OPrimaria": 0, "OSecundari": 971, "OMedia": 441, "OTotal": 1506, "Aceleracio": 0, "DANE12_EST": "111001086771", "Educacion_": 0 }, "geometry": { "type": "Point", "coordinates": [ -74.167469999771882, 4.640280000268106 ] } },
{ "type": "Feature", "properties": { "NOMBRE_EST": "COLEGIO INSTITUTO TECNICO RODRIGO DE TRIANA (IED)", "GENERO": 5, "COD_LOCA": "08", "CLASE_TIPO": 1, "FECHA": "2025-03-31T00:00:00", "OPreescola": 208, "OPrimaria": 658, "OSecundari": 0, "OMedia": 0, "OTotal": 866, "Aceleracio": 0, "DANE12_EST": "111001086771", "Educacion_": 0 }, "geometry": { "type": "Point", "coordinates": [ -74.169580000440462, 4.640719999683693 ] } },
{ "type": "Feature", "properties": { "NOMBRE_EST": "COLEGIO INSTITUTO TECNICO RODRIGO DE TRIANA (IED)", "GENERO": 5, "COD_LOCA": "08", "CLASE_TIPO": 1, "FECHA": "2025-03-31T00:00:00", "OPreescola": 0, "OPrimaria": 443, "OSecundari": 0, "OMedia": 0, "OTotal": 443, "Aceleracio": 0, "DANE12_EST": "111001086771", "Educacion_": 0 }, "geometry": { "type": "Point", "coordinates": [ -74.165370000047361, 4.639970000433737 ] } },
{ "type": "Feature", "properties": { "NOMBRE_EST": "COLEGIO BELLAVISTA (IED)", "GENERO": 5, "COD_LOCA": "08", "CLASE_TIPO": 2, "FECHA": "2025-03-31T00:00:00", "OPreescola": 137, "OPrimaria": 446, "OSecundari": 447, "OMedia": 242, "OTotal": 1272, "Aceleracio": 0, "DANE12_EST": "111001098892", "Educacion_": 0 }, "geometry": { "type": "Point", "coordinates": [ -74.173199999931356, 4.645360000016946 ] } },
{ "type": "Feature", "properties": { "NOMBRE_EST": "COLEGIO EDUARDO UMAÑA LUNA (IED)", "GENERO": 5, "COD_LOCA": "08", "CLASE_TIPO": 1, "FECHA": "2025-03-31T00:00:00", "OPreescola": 356, "OPrimaria": 700, "OSecundari": 566, "OMedia": 293, "OTotal": 1915, "Aceleracio": 0, "DANE12_EST": "111001098906", "Educacion_": 0 }, "geometry": { "type": "Point", "coordinates": [ -74.174860000338157, 4.641659999958201 ] } },
{ "type": "Feature", "properties": { "NOMBRE_EST": "COLEGIO HERNANDO DURAN DUSSAN (IED)", "GENERO": 5, "COD_LOCA": "08", "CLASE_TIPO": 1, "FECHA": "2025-03-31T00:00:00", "OPreescola": 397, "OPrimaria": 877, "OSecundari": 801, "OMedia": 400, "OTotal": 2475, "Aceleracio": 0, "DANE12_EST": "111001100048", "Educacion_": 0 }, "geometry": { "type": "Point", "coordinates": [ -74.172280000214613, 4.63485000029578 ] } },
{ "type": "Feature", "properties": { "NOMBRE_EST": "COLEGIO JAIME HERNANDO GARZON FORERO (IED)", "GENERO": 5, "COD_LOCA": "07", "CLASE_TIPO": 2, "FECHA": "2025-03-31T00:00:00", "OPreescola": 91, "OPrimaria": 569, "OSecundari": 483, "OMedia": 212, "OTotal": 1355, "Aceleracio": 0, "DANE12_EST": "111001100056", "Educacion_": 0 }, "geometry": { "type": "Point", "coordinates": [ -74.18234000041781, 4.638029999621191 ] } },
{ "type": "Feature", "properties": { "NOMBRE_EST": "COLEGIO GABRIEL BETANCOURT MEJIA (IED)", "GENERO": 5, "COD_LOCA": "08", "CLASE_TIPO": 1, "FECHA": "2025-03-31T00:00:00", "OPreescola": 378, "OPrimaria": 908, "OSecundari": 959, "OMedia": 479, "OTotal": 2724, "Aceleracio": 0, "DANE12_EST": "111001104281", "Educacion_": 0 }, "geometry": { "type": "Point", "coordinates": [ -74.155780000197439, 4.644850000278863 ] } },
{ "type": "Feature", "properties": { "NOMBRE_EST": "COLEGIO CODEMA (IED)", "GENERO": 5, "COD_LOCA": "08", "CLASE_TIPO": 1, "FECHA": "2025-03-31T00:00:00", "OPreescola": 221, "OPrimaria": 1020, "OSecundari": 1120, "OMedia": 400, "OTotal": 2761, "Aceleracio": 0, "DANE12_EST": "111001104558", "Educacion_": 0 }, "geometry": { "type": "Point", "coordinates": [ -74.165719999851717, 4.648190000304699 ] } },
{ "type": "Feature", "properties": { "NOMBRE_EST": "COLEGIO GENERAL GUSTAVO ROJAS PINILLA (IED)", "GENERO": 5, "COD_LOCA": "08", "CLASE_TIPO": 1, "FECHA": "2025-03-31T00:00:00", "OPreescola": 399, "OPrimaria": 1110, "OSecundari": 1178, "OMedia": 428, "OTotal": 3115, "Aceleracio": 0, "DANE12_EST": "111001106984", "Educacion_": 0 }, "geometry": { "type": "Point", "coordinates": [ -74.139660000121864, 4.648600000217133 ] } },
{ "type": "Feature", "properties": { "NOMBRE_EST": "COLEGIO GENERAL GUSTAVO ROJAS PINILLA (IED)", "GENERO": 5, "COD_LOCA": "08", "CLASE_TIPO": 1, "FECHA": "2025-03-31T00:00:00", "OPreescola": 25, "OPrimaria": 349, "OSecundari": 0, "OMedia": 0, "OTotal": 374, "Aceleracio": 0, "DANE12_EST": "111001106984", "Educacion_": 0 }, "geometry": { "type": "Point", "coordinates": [ -74.139480000196812, 4.652600000120121 ] } },
{ "type": "Feature", "properties": { "NOMBRE_EST": "COLEGIO SALUDCOOP SUR (IED)", "GENERO": 5, "COD_LOCA": "08", "CLASE_TIPO": 1, "FECHA": "2025-03-31T00:00:00", "OPreescola": 307, "OPrimaria": 913, "OSecundari": 803, "OMedia": 391, "OTotal": 2414, "Aceleracio": 0, "DANE12_EST": "111001107778", "Educacion_": 0 }, "geometry": { "type": "Point", "coordinates": [ -74.163759999869285, 4.642329999846816 ] } },
{ "type": "Feature", "properties": { "NOMBRE_EST": "COLEGIO NELSON MANDELA (IED)", "GENERO": 5, "COD_LOCA": "08", "CLASE_TIPO": 1, "FECHA": "2025-03-31T00:00:00", "OPreescola": 314, "OPrimaria": 716, "OSecundari": 592, "OMedia": 296, "OTotal": 1918, "Aceleracio": 0, "DANE12_EST": "111001110477", "Educacion_": 0 }, "geometry": { "type": "Point", "coordinates": [ -74.177919999962413, 4.636100000203402 ] } },
{ "type": "Feature", "properties": { "NOMBRE_EST": "COLEGIO LAS MARGARITAS (IED)", "GENERO": 5, "COD_LOCA": "08", "CLASE_TIPO": 2, "FECHA": "2025-03-31T00:00:00", "OPreescola": 87, "OPrimaria": 208, "OSecundari": 161, "OMedia": 73, "OTotal": 529, "Aceleracio": 0, "DANE12_EST": "111001800431", "Educacion_": 0 }, "geometry": { "type": "Point", "coordinates": [ -74.17456999990992, 4.63366999982277 ] } },
{ "type": "Feature", "properties": { "NOMBRE_EST": "COLEGIO EMMA REYES (IED)", "GENERO": 5, "COD_LOCA": "08", "CLASE_TIPO": 2, "FECHA": "2025-03-31T00:00:00", "OPreescola": 80, "OPrimaria": 199, "OSecundari": 155, "OMedia": 66, "OTotal": 500, "Aceleracio": 0, "DANE12_EST": "111001800554", "Educacion_": 0 }, "geometry": { "type": "Point", "coordinates": [ -74.14550999993196, 4.634299999994123 ] } },
{ "type": "Feature", "properties": { "NOMBRE_EST": "COLEGIO FELIZA BURSZTYN (IED)", "GENERO": 5, "COD_LOCA": "08", "CLASE_TIPO": 1, "FECHA": "2025-03-31T00:00:00", "OPreescola": 160, "OPrimaria": 396, "OSecundari": 320, "OMedia": 160, "OTotal": 1036, "Aceleracio": 0, "DANE12_EST": "111001801241", "Educacion_": 0 }, "geometry": { "type": "Point", "coordinates": [ -74.129480000268074, 4.621850000138941 ] } },
{ "type": "Feature", "properties": { "NOMBRE_EST": "COLEGIO TERESA MARTINEZ DE VARELA (IED)", "GENERO": 5, "COD_LOCA": "08", "CLASE_TIPO": 1, "FECHA": "2025-03-31T00:00:00", "OPreescola": 351, "OPrimaria": 619, "OSecundari": 501, "OMedia": 234, "OTotal": 1705, "Aceleracio": 0, "DANE12_EST": "111001801268", "Educacion_": 0 }, "geometry": { "type": "Point", "coordinates": [ -74.156059999681617, 4.65702000022703 ] } },
{ "type": "Feature", "properties": { "NOMBRE_EST": "COLEGIO RODRIGO ARENAS BETANCOURT (IED)", "GENERO": 5, "COD_LOCA": "09", "CLASE_TIPO": 1, "FECHA": "2025-03-31T00:00:00", "OPreescola": 478, "OPrimaria": 841, "OSecundari": 700, "OMedia": 284, "OTotal": 2303, "Aceleracio": 0, "DANE12_EST": "111001014346", "Educacion_": 0 }, "geometry": { "type": "Point", "coordinates": [ -74.144489999757766, 4.670280000321888 ] } },
{ "type": "Feature", "properties": { "NOMBRE_EST": "COLEGIO PABLO NERUDA (IED)", "GENERO": 5, "COD_LOCA": "09", "CLASE_TIPO": 1, "FECHA": "2025-03-31T00:00:00", "OPreescola": 87, "OPrimaria": 360, "OSecundari": 882, "OMedia": 360, "OTotal": 1689, "Aceleracio": 0, "DANE12_EST": "111001102199", "Educacion_": 0 }, "geometry": { "type": "Point", "coordinates": [ -74.14936999962238, 4.672150000361013 ] } },
{ "type": "Feature", "properties": { "NOMBRE_EST": "COLEGIO PABLO NERUDA (IED)", "GENERO": 5, "COD_LOCA": "09", "CLASE_TIPO": 1, "FECHA": "2025-03-31T00:00:00", "OPreescola": 175, "OPrimaria": 380, "OSecundari": 0, "OMedia": 0, "OTotal": 555, "Aceleracio": 0, "DANE12_EST": "111001102199", "Educacion_": 0 }, "geometry": { "type": "Point", "coordinates": [ -74.146429999648745, 4.672450000400982 ] } },
{ "type": "Feature", "properties": { "NOMBRE_EST": "COLEGIO CARLO FEDERICI (IED)", "GENERO": 5, "COD_LOCA": "09", "CLASE_TIPO": 1, "FECHA": "2025-03-31T00:00:00", "OPreescola": 173, "OPrimaria": 789, "OSecundari": 880, "OMedia": 480, "OTotal": 2322, "Aceleracio": 0, "DANE12_EST": "111001104272", "Educacion_": 0 }, "geometry": { "type": "Point", "coordinates": [ -74.159730000299533, 4.671729999910293 ] } },
{ "type": "Feature", "properties": { "NOMBRE_EST": "COLEGIO LA FELICIDAD (IED)", "GENERO": 5, "COD_LOCA": "09", "CLASE_TIPO": 1, "FECHA": "2025-03-31T00:00:00", "OPreescola": 150, "OPrimaria": 388, "OSecundari": 323, "OMedia": 168, "OTotal": 1029, "Aceleracio": 0, "DANE12_EST": "111001800091", "Educacion_": 0 }, "geometry": { "type": "Point", "coordinates": [ -74.130480000350786, 4.656470000207009 ] } },
{ "type": "Feature", "properties": { "NOMBRE_EST": "COLEGIO MARIA JOSEFA CANELONES (IED)", "GENERO": 5, "COD_LOCA": "09", "CLASE_TIPO": 1, "FECHA": "2025-03-31T00:00:00", "OPreescola": 240, "OPrimaria": 601, "OSecundari": 480, "OMedia": 120, "OTotal": 1441, "Aceleracio": 0, "DANE12_EST": "111001801322", "Educacion_": 0 }, "geometry": { "type": "Point", "coordinates": [ -74.131759999917662, 4.651850000078108 ] } },
{ "type": "Feature", "properties": { "NOMBRE_EST": "COLEGIO ANTONIO VAN UDEN (IED)", "GENERO": 5, "COD_LOCA": "09", "CLASE_TIPO": 1, "FECHA": "2025-03-31T00:00:00", "OPreescola": 70, "OPrimaria": 231, "OSecundari": 869, "OMedia": 330, "OTotal": 1500, "Aceleracio": 0, "DANE12_EST": "111279000061", "Educacion_": 0 }, "geometry": { "type": "Point", "coordinates": [ -74.158649999850894, 4.688940000137661 ] } },
{ "type": "Feature", "properties": { "NOMBRE_EST": "COLEGIO ANTONIO VAN UDEN (IED)", "GENERO": 5, "COD_LOCA": "09", "CLASE_TIPO": 1, "FECHA": "2025-03-31T00:00:00", "OPreescola": 200, "OPrimaria": 351, "OSecundari": 0, "OMedia": 0, "OTotal": 551, "Aceleracio": 0, "DANE12_EST": "111279000061", "Educacion_": 0 }, "geometry": { "type": "Point", "coordinates": [ -74.161429999990986, 4.692489999691636 ] } },
{ "type": "Feature", "properties": { "NOMBRE_EST": "COLEGIO ANTONIO VAN UDEN (IED)", "GENERO": 5, "COD_LOCA": "09", "CLASE_TIPO": 1, "FECHA": "2025-03-31T00:00:00", "OPreescola": 0, "OPrimaria": 494, "OSecundari": 0, "OMedia": 0, "OTotal": 494, "Aceleracio": 0, "DANE12_EST": "111279000061", "Educacion_": 0 }, "geometry": { "type": "Point", "coordinates": [ -74.160799999804127, 4.688239999924223 ] } },
{ "type": "Feature", "properties": { "NOMBRE_EST": "COLEGIO VILLEMAR EL CARMEN (IED)", "GENERO": 5, "COD_LOCA": "09", "CLASE_TIPO": 1, "FECHA": "2025-03-31T00:00:00", "OPreescola": 0, "OPrimaria": 0, "OSecundari": 1160, "OMedia": 469, "OTotal": 1629, "Aceleracio": 0, "DANE12_EST": "111279000125", "Educacion_": 0 }, "geometry": { "type": "Point", "coordinates": [ -74.139209999860086, 4.672839999723804 ] } },
{ "type": "Feature", "properties": { "NOMBRE_EST": "COLEGIO VILLEMAR EL CARMEN (IED)", "GENERO": 5, "COD_LOCA": "09", "CLASE_TIPO": 1, "FECHA": "2025-03-31T00:00:00", "OPreescola": 91, "OPrimaria": 522, "OSecundari": 0, "OMedia": 0, "OTotal": 613, "Aceleracio": 0, "DANE12_EST": "111279000125", "Educacion_": 0 }, "geometry": { "type": "Point", "coordinates": [ -74.120749999860465, 4.671980000400726 ] } },
{ "type": "Feature", "properties": { "NOMBRE_EST": "COLEGIO VILLEMAR EL CARMEN (IED)", "GENERO": 5, "COD_LOCA": "09", "CLASE_TIPO": 1, "FECHA": "2025-03-31T00:00:00", "OPreescola": 136, "OPrimaria": 945, "OSecundari": 0, "OMedia": 0, "OTotal": 1081, "Aceleracio": 0, "DANE12_EST": "111279000125", "Educacion_": 0 }, "geometry": { "type": "Point", "coordinates": [ -74.138320000280544, 4.675959999923501 ] } },
{ "type": "Feature", "properties": { "NOMBRE_EST": "COLEGIO INSTITUTO TECNICO INTERNACIONAL (IED)", "GENERO": 5, "COD_LOCA": "09", "CLASE_TIPO": 1, "FECHA": "2025-03-31T00:00:00", "OPreescola": 300, "OPrimaria": 1322, "OSecundari": 1160, "OMedia": 448, "OTotal": 3230, "Aceleracio": 0, "DANE12_EST": "111279000168", "Educacion_": 0 }, "geometry": { "type": "Point", "coordinates": [ -74.145220000402048, 4.686740000047055 ] } },
{ "type": "Feature", "properties": { "NOMBRE_EST": "COLEGIO LUIS ANGEL ARANGO (IED)", "GENERO": 5, "COD_LOCA": "09", "CLASE_TIPO": 1, "FECHA": "2025-03-31T00:00:00", "OPreescola": 16, "OPrimaria": 30, "OSecundari": 458, "OMedia": 181, "OTotal": 685, "Aceleracio": 0, "DANE12_EST": "111279000184", "Educacion_": 0 }, "geometry": { "type": "Point", "coordinates": [ -74.138039999898055, 4.682130000308666 ] } },
{ "type": "Feature", "properties": { "NOMBRE_EST": "COLEGIO LUIS ANGEL ARANGO (IED)", "GENERO": 5, "COD_LOCA": "09", "CLASE_TIPO": 1, "FECHA": "2025-03-31T00:00:00", "OPreescola": 60, "OPrimaria": 290, "OSecundari": 0, "OMedia": 0, "OTotal": 350, "Aceleracio": 0, "DANE12_EST": "111279000184", "Educacion_": 0 }, "geometry": { "type": "Point", "coordinates": [ -74.13911000030096, 4.683819999600754 ] } },
{ "type": "Feature", "properties": { "NOMBRE_EST": "COLEGIO COSTA RICA (IED)", "GENERO": 5, "COD_LOCA": "09", "CLASE_TIPO": 1, "FECHA": "2025-03-31T00:00:00", "OPreescola": 389, "OPrimaria": 700, "OSecundari": 760, "OMedia": 320, "OTotal": 2649, "Aceleracio": 125, "DANE12_EST": "111279000362", "Educacion_": 355 }, "geometry": { "type": "Point", "coordinates": [ -74.137999999715092, 4.679359999733488 ] } },
{ "type": "Feature", "properties": { "NOMBRE_EST": "COLEGIO COSTA RICA (IED)", "GENERO": 5, "COD_LOCA": "09", "CLASE_TIPO": 1, "FECHA": "2025-03-31T00:00:00", "OPreescola": 90, "OPrimaria": 90, "OSecundari": 0, "OMedia": 0, "OTotal": 180, "Aceleracio": 0, "DANE12_EST": "111279000362", "Educacion_": 0 }, "geometry": { "type": "Point", "coordinates": [ -74.12652000020293, 4.683699999579103 ] } },
{ "type": "Feature", "properties": { "NOMBRE_EST": "COLEGIO INTEGRADO DE FONTIBON IBEP (IED)", "GENERO": 5, "COD_LOCA": "09", "CLASE_TIPO": 1, "FECHA": "2025-03-31T00:00:00", "OPreescola": 156, "OPrimaria": 0, "OSecundari": 883, "OMedia": 294, "OTotal": 3821, "Aceleracio": 100, "DANE12_EST": "111279000966", "Educacion_": 2388 }, "geometry": { "type": "Point", "coordinates": [ -74.147419999685695, 4.67825000040193 ] } },
{ "type": "Feature", "properties": { "NOMBRE_EST": "COLEGIO INTEGRADO DE FONTIBON IBEP (IED)", "GENERO": 5, "COD_LOCA": "09", "CLASE_TIPO": 1, "FECHA": "2025-03-31T00:00:00", "OPreescola": 277, "OPrimaria": 1030, "OSecundari": 0, "OMedia": 0, "OTotal": 1307, "Aceleracio": 0, "DANE12_EST": "111279000966", "Educacion_": 0 }, "geometry": { "type": "Point", "coordinates": [ -74.146160000210301, 4.683199999714866 ] } },
{ "type": "Feature", "properties": { "NOMBRE_EST": "COLEGIO INTEGRADO DE FONTIBON IBEP (IED)", "GENERO": 5, "COD_LOCA": "09", "CLASE_TIPO": 1, "FECHA": "2025-03-31T00:00:00", "OPreescola": 75, "OPrimaria": 210, "OSecundari": 0, "OMedia": 0, "OTotal": 285, "Aceleracio": 0, "DANE12_EST": "111279000966", "Educacion_": 0 }, "geometry": { "type": "Point", "coordinates": [ -74.150039999992217, 4.683859999603407 ] } },
{ "type": "Feature", "properties": { "NOMBRE_EST": "COLEGIO ATAHUALPA (IED)", "GENERO": 5, "COD_LOCA": "09", "CLASE_TIPO": 1, "FECHA": "2025-03-31T00:00:00", "OPreescola": 156, "OPrimaria": 525, "OSecundari": 420, "OMedia": 175, "OTotal": 1276, "Aceleracio": 0, "DANE12_EST": "111279001296", "Educacion_": 0 }, "geometry": { "type": "Point", "coordinates": [ -74.148389999631164, 4.688269999960547 ] } },
{ "type": "Feature", "properties": { "NOMBRE_EST": "COLEGIO INSTITUTO TECNICO LAUREANO GOMEZ (IED)", "GENERO": 5, "COD_LOCA": "10", "CLASE_TIPO": 1, "FECHA": "2025-03-31T00:00:00", "OPreescola": 40, "OPrimaria": 0, "OSecundari": 1184, "OMedia": 780, "OTotal": 2004, "Aceleracio": 0, "DANE12_EST": "111001000272", "Educacion_": 0 }, "geometry": { "type": "Point", "coordinates": [ -74.10140000028133, 4.718000000373847 ] } },
{ "type": "Feature", "properties": { "NOMBRE_EST": "COLEGIO INSTITUTO TECNICO LAUREANO GOMEZ (IED)", "GENERO": 5, "COD_LOCA": "10", "CLASE_TIPO": 1, "FECHA": "2025-03-31T00:00:00", "OPreescola": 230, "OPrimaria": 1189, "OSecundari": 0, "OMedia": 0, "OTotal": 1419, "Aceleracio": 0, "DANE12_EST": "111001000272", "Educacion_": 0 }, "geometry": { "type": "Point", "coordinates": [ -74.101970000193717, 4.718600000282944 ] } },
{ "type": "Feature", "properties": { "NOMBRE_EST": "COLEGIO MARCO TULIO FERNANDEZ (IED)", "GENERO": 5, "COD_LOCA": "10", "CLASE_TIPO": 1, "FECHA": "2025-03-31T00:00:00", "OPreescola": 0, "OPrimaria": 0, "OSecundari": 324, "OMedia": 144, "OTotal": 468, "Aceleracio": 0, "DANE12_EST": "111001001121", "Educacion_": 0 }, "geometry": { "type": "Point", "coordinates": [ -74.102259999723643, 4.674280000371349 ] } },
{ "type": "Feature", "properties": { "NOMBRE_EST": "COLEGIO MARCO TULIO FERNANDEZ (IED)", "GENERO": 5, "COD_LOCA": "10", "CLASE_TIPO": 1, "FECHA": "2025-03-31T00:00:00", "OPreescola": 88, "OPrimaria": 156, "OSecundari": 0, "OMedia": 0, "OTotal": 244, "Aceleracio": 0, "DANE12_EST": "111001001121", "Educacion_": 0 }, "geometry": { "type": "Point", "coordinates": [ -74.101639999582545, 4.673699999782431 ] } },
{ "type": "Feature", "properties": { "NOMBRE_EST": "COLEGIO MARCO TULIO FERNANDEZ (IED)", "GENERO": 5, "COD_LOCA": "10", "CLASE_TIPO": 1, "FECHA": "2025-03-31T00:00:00", "OPreescola": 0, "OPrimaria": 106, "OSecundari": 0, "OMedia": 0, "OTotal": 106, "Aceleracio": 0, "DANE12_EST": "111001001121", "Educacion_": 0 }, "geometry": { "type": "Point", "coordinates": [ -74.100000000165537, 4.675819999667007 ] } },
{ "type": "Feature", "properties": { "NOMBRE_EST": "COLEGIO MARCO TULIO FERNANDEZ (IED)", "GENERO": 5, "COD_LOCA": "10", "CLASE_TIPO": 1, "FECHA": "2025-03-31T00:00:00", "OPreescola": 45, "OPrimaria": 140, "OSecundari": 0, "OMedia": 0, "OTotal": 185, "Aceleracio": 0, "DANE12_EST": "111001001121", "Educacion_": 0 }, "geometry": { "type": "Point", "coordinates": [ -74.111729999922943, 4.674090000200414 ] } },
{ "type": "Feature", "properties": { "NOMBRE_EST": "COLEGIO NUEVA CONSTITUCION (IED)", "GENERO": 5, "COD_LOCA": "10", "CLASE_TIPO": 1, "FECHA": "2025-03-31T00:00:00", "OPreescola": 238, "OPrimaria": 700, "OSecundari": 640, "OMedia": 440, "OTotal": 2508, "Aceleracio": 0, "DANE12_EST": "111001001538", "Educacion_": 490 }, "geometry": { "type": "Point", "coordinates": [ -74.121830000309131, 4.710890000305629 ] } },
{ "type": "Feature", "properties": { "NOMBRE_EST": "COLEGIO ANTONIO NARIÑO (IED)", "GENERO": 5, "COD_LOCA": "10", "CLASE_TIPO": 1, "FECHA": "2025-03-31T00:00:00", "OPreescola": 221, "OPrimaria": 899, "OSecundari": 813, "OMedia": 534, "OTotal": 2691, "Aceleracio": 0, "DANE12_EST": "111001006483", "Educacion_": 224 }, "geometry": { "type": "Point", "coordinates": [ -74.104019999689527, 4.685769999976153 ] } },
{ "type": "Feature", "properties": { "NOMBRE_EST": "COLEGIO ANTONIO NARIÑO (IED)", "GENERO": 5, "COD_LOCA": "10", "CLASE_TIPO": 1, "FECHA": "2025-03-31T00:00:00", "OPreescola": 80, "OPrimaria": 0, "OSecundari": 0, "OMedia": 0, "OTotal": 80, "Aceleracio": 0, "DANE12_EST": "111001006483", "Educacion_": 0 }, "geometry": { "type": "Point", "coordinates": [ -74.100699999774292, 4.683000000385349 ] } },
{ "type": "Feature", "properties": { "NOMBRE_EST": "COLEGIO ROBERT F. KENNEDY (IED)", "GENERO": 5, "COD_LOCA": "10", "CLASE_TIPO": 1, "FECHA": "2025-03-31T00:00:00", "OPreescola": 0, "OPrimaria": 385, "OSecundari": 760, "OMedia": 540, "OTotal": 1760, "Aceleracio": 75, "DANE12_EST": "111001009521", "Educacion_": 0 }, "geometry": { "type": "Point", "coordinates": [ -74.101309999869642, 4.679009999843847 ] } },
{ "type": "Feature", "properties": { "NOMBRE_EST": "COLEGIO ROBERT F. KENNEDY (IED)", "GENERO": 5, "COD_LOCA": "10", "CLASE_TIPO": 1, "FECHA": "2025-03-31T00:00:00", "OPreescola": 129, "OPrimaria": 223, "OSecundari": 0, "OMedia": 0, "OTotal": 352, "Aceleracio": 0, "DANE12_EST": "111001009521", "Educacion_": 0 }, "geometry": { "type": "Point", "coordinates": [ -74.104290000026282, 4.683109999844604 ] } },
{ "type": "Feature", "properties": { "NOMBRE_EST": "COLEGIO INSTITUTO TECNICO JUAN DEL CORRAL (IED)", "GENERO": 5, "COD_LOCA": "10", "CLASE_TIPO": 1, "FECHA": "2025-03-31T00:00:00", "OPreescola": 0, "OPrimaria": 0, "OSecundari": 456, "OMedia": 480, "OTotal": 936, "Aceleracio": 0, "DANE12_EST": "111001009580", "Educacion_": 0 }, "geometry": { "type": "Point", "coordinates": [ -74.082510000111412, 4.687230000337181 ] } },
{ "type": "Feature", "properties": { "NOMBRE_EST": "COLEGIO INSTITUTO TECNICO JUAN DEL CORRAL (IED)", "GENERO": 5, "COD_LOCA": "10", "CLASE_TIPO": 1, "FECHA": "2025-03-31T00:00:00", "OPreescola": 75, "OPrimaria": 445, "OSecundari": 0, "OMedia": 0, "OTotal": 520, "Aceleracio": 0, "DANE12_EST": "111001009580", "Educacion_": 0 }, "geometry": { "type": "Point", "coordinates": [ -74.082069999895367, 4.684380000324907 ] } },
{ "type": "Feature", "properties": { "NOMBRE_EST": "COLEGIO REPUBLICA DE COLOMBIA (IED)", "GENERO": 5, "COD_LOCA": "10", "CLASE_TIPO": 1, "FECHA": "2025-03-31T00:00:00", "OPreescola": 110, "OPrimaria": 280, "OSecundari": 685, "OMedia": 380, "OTotal": 1637, "Aceleracio": 0, "DANE12_EST": "111001009971", "Educacion_": 182 }, "geometry": { "type": "Point", "coordinates": [ -74.091590000323393, 4.677369999923225 ] } },
{ "type": "Feature", "properties": { "NOMBRE_EST": "COLEGIO REPUBLICA DE COLOMBIA (IED)", "GENERO": 5, "COD_LOCA": "10", "CLASE_TIPO": 1, "FECHA": "2025-03-31T00:00:00", "OPreescola": 199, "OPrimaria": 128, "OSecundari": 0, "OMedia": 0, "OTotal": 327, "Aceleracio": 0, "DANE12_EST": "111001009971", "Educacion_": 0 }, "geometry": { "type": "Point", "coordinates": [ -74.091479999820223, 4.678889999892592 ] } },
{ "type": "Feature", "properties": { "NOMBRE_EST": "COLEGIO REPUBLICA DE COLOMBIA (IED)", "GENERO": 5, "COD_LOCA": "10", "CLASE_TIPO": 1, "FECHA": "2025-03-31T00:00:00", "OPreescola": 0, "OPrimaria": 420, "OSecundari": 0, "OMedia": 0, "OTotal": 420, "Aceleracio": 0, "DANE12_EST": "111001009971", "Educacion_": 0 }, "geometry": { "type": "Point", "coordinates": [ -74.08906000042856, 4.68043999961988 ] } },
{ "type": "Feature", "properties": { "NOMBRE_EST": "COLEGIO INSTITUTO TECNICO INDUSTRIAL FRANCISCO JOSE DE CALDAS (IED)", "GENERO": 5, "COD_LOCA": "10", "CLASE_TIPO": 1, "FECHA": "2025-03-31T00:00:00", "OPreescola": 0, "OPrimaria": 0, "OSecundari": 2280, "OMedia": 960, "OTotal": 3240, "Aceleracio": 0, "DANE12_EST": "111001010740", "Educacion_": 0 }, "geometry": { "type": "Point", "coordinates": [ -74.095399999785101, 4.668900000356077 ] } },
{ "type": "Feature", "properties": { "NOMBRE_EST": "COLEGIO INSTITUTO TECNICO INDUSTRIAL FRANCISCO JOSE DE CALDAS (IED)", "GENERO": 5, "COD_LOCA": "10", "CLASE_TIPO": 1, "FECHA": "2025-03-31T00:00:00", "OPreescola": 0, "OPrimaria": 916, "OSecundari": 0, "OMedia": 0, "OTotal": 916, "Aceleracio": 0, "DANE12_EST": "111001010740", "Educacion_": 0 }, "geometry": { "type": "Point", "coordinates": [ -74.093599999636226, 4.672930000018829 ] } },
{ "type": "Feature", "properties": { "NOMBRE_EST": "COLEGIO INSTITUTO TECNICO INDUSTRIAL FRANCISCO JOSE DE CALDAS (IED)", "GENERO": 5, "COD_LOCA": "10", "CLASE_TIPO": 1, "FECHA": "2025-03-31T00:00:00", "OPreescola": 0, "OPrimaria": 560, "OSecundari": 0, "OMedia": 0, "OTotal": 560, "Aceleracio": 0, "DANE12_EST": "111001010740", "Educacion_": 0 }, "geometry": { "type": "Point", "coordinates": [ -74.089950000008088, 4.676630000251916 ] } },
{ "type": "Feature", "properties": { "NOMBRE_EST": "COLEGIO INSTITUTO TECNICO INDUSTRIAL FRANCISCO JOSE DE CALDAS (IED)", "GENERO": 5, "COD_LOCA": "10", "CLASE_TIPO": 1, "FECHA": "2025-03-31T00:00:00", "OPreescola": 301, "OPrimaria": 140, "OSecundari": 0, "OMedia": 0, "OTotal": 441, "Aceleracio": 0, "DANE12_EST": "111001010740", "Educacion_": 0 }, "geometry": { "type": "Point", "coordinates": [ -74.089950000008088, 4.676630000251916 ] } },
{ "type": "Feature", "properties": { "NOMBRE_EST": "COLEGIO MIGUEL ANTONIO CARO (IED)", "GENERO": 5, "COD_LOCA": "10", "CLASE_TIPO": 1, "FECHA": "2025-03-31T00:00:00", "OPreescola": 95, "OPrimaria": 576, "OSecundari": 448, "OMedia": 224, "OTotal": 1535, "Aceleracio": 0, "DANE12_EST": "111001011070", "Educacion_": 192 }, "geometry": { "type": "Point", "coordinates": [ -74.104930000258861, 4.7082999997638 ] } },
{ "type": "Feature", "properties": { "NOMBRE_EST": "COLEGIO JOSE ASUNCION SILVA (IED)", "GENERO": 5, "COD_LOCA": "10", "CLASE_TIPO": 1, "FECHA": "2025-03-31T00:00:00", "OPreescola": 30, "OPrimaria": 180, "OSecundari": 280, "OMedia": 140, "OTotal": 630, "Aceleracio": 0, "DANE12_EST": "111001011771", "Educacion_": 0 }, "geometry": { "type": "Point", "coordinates": [ -74.098549999821032, 4.712740000285633 ] } },
{ "type": "Feature", "properties": { "NOMBRE_EST": "COLEGIO JOSE ASUNCION SILVA (IED)", "GENERO": 5, "COD_LOCA": "10", "CLASE_TIPO": 1, "FECHA": "2025-03-31T00:00:00", "OPreescola": 100, "OPrimaria": 120, "OSecundari": 0, "OMedia": 0, "OTotal": 220, "Aceleracio": 0, "DANE12_EST": "111001011771", "Educacion_": 0 }, "geometry": { "type": "Point", "coordinates": [ -74.095959999651754, 4.713419999563349 ] } },
{ "type": "Feature", "properties": { "NOMBRE_EST": "COLEGIO MORISCO (IED)", "GENERO": 5, "COD_LOCA": "10", "CLASE_TIPO": 1, "FECHA": "2025-03-31T00:00:00", "OPreescola": 75, "OPrimaria": 385, "OSecundari": 480, "OMedia": 235, "OTotal": 1175, "Aceleracio": 0, "DANE12_EST": "111001012441", "Educacion_": 0 }, "geometry": { "type": "Point", "coordinates": [ -74.09054000001197, 4.705649999958655 ] } },
{ "type": "Feature", "properties": { "NOMBRE_EST": "COLEGIO SAN JOSE NORTE (IED)", "GENERO": 5, "COD_LOCA": "10", "CLASE_TIPO": 1, "FECHA": "2025-03-31T00:00:00", "OPreescola": 0, "OPrimaria": 109, "OSecundari": 470, "OMedia": 300, "OTotal": 879, "Aceleracio": 0, "DANE12_EST": "111001012459", "Educacion_": 0 }, "geometry": { "type": "Point", "coordinates": [ -74.102000000330946, 4.699279999648767 ] } },
{ "type": "Feature", "properties": { "NOMBRE_EST": "COLEGIO SAN JOSE NORTE (IED)", "GENERO": 5, "COD_LOCA": "10", "CLASE_TIPO": 1, "FECHA": "2025-03-31T00:00:00", "OPreescola": 75, "OPrimaria": 315, "OSecundari": 0, "OMedia": 0, "OTotal": 415, "Aceleracio": 25, "DANE12_EST": "111001012459", "Educacion_": 0 }, "geometry": { "type": "Point", "coordinates": [ -74.102770000259881, 4.695940000382513 ] } },
{ "type": "Feature", "properties": { "NOMBRE_EST": "COLEGIO TABORA (IED)", "GENERO": 5, "COD_LOCA": "10", "CLASE_TIPO": 1, "FECHA": "2025-03-31T00:00:00", "OPreescola": 100, "OPrimaria": 569, "OSecundari": 517, "OMedia": 229, "OTotal": 1415, "Aceleracio": 0, "DANE12_EST": "111001012483", "Educacion_": 0 }, "geometry": { "type": "Point", "coordinates": [ -74.097989999954379, 4.694050000224934 ] } },
{ "type": "Feature", "properties": { "NOMBRE_EST": "COLEGIO TABORA (IED)", "GENERO": 5, "COD_LOCA": "10", "CLASE_TIPO": 1, "FECHA": "2025-03-31T00:00:00", "OPreescola": 100, "OPrimaria": 280, "OSecundari": 0, "OMedia": 0, "OTotal": 430, "Aceleracio": 50, "DANE12_EST": "111001012483", "Educacion_": 0 }, "geometry": { "type": "Point", "coordinates": [ -74.094769999598242, 4.691669999907201 ] } },
{ "type": "Feature", "properties": { "NOMBRE_EST": "COLEGIO NACIONES UNIDAS (IED)", "GENERO": 5, "COD_LOCA": "10", "CLASE_TIPO": 1, "FECHA": "2025-03-31T00:00:00", "OPreescola": 276, "OPrimaria": 210, "OSecundari": 0, "OMedia": 0, "OTotal": 486, "Aceleracio": 0, "DANE12_EST": "111001013293", "Educacion_": 0 }, "geometry": { "type": "Point", "coordinates": [ -74.087139999730766, 4.680779999869221 ] } },
{ "type": "Feature", "properties": { "NOMBRE_EST": "COLEGIO NACIONES UNIDAS (IED)", "GENERO": 5, "COD_LOCA": "10", "CLASE_TIPO": 1, "FECHA": "2025-03-31T00:00:00", "OPreescola": 0, "OPrimaria": 215, "OSecundari": 320, "OMedia": 120, "OTotal": 655, "Aceleracio": 0, "DANE12_EST": "111001013293", "Educacion_": 0 }, "geometry": { "type": "Point", "coordinates": [ -74.088580000029523, 4.684369999660389 ] } },
{ "type": "Feature", "properties": { "NOMBRE_EST": "COLEGIO FLORIDABLANCA (IED)", "GENERO": 5, "COD_LOCA": "10", "CLASE_TIPO": 1, "FECHA": "2025-03-31T00:00:00", "OPreescola": 0, "OPrimaria": 0, "OSecundari": 839, "OMedia": 377, "OTotal": 1216, "Aceleracio": 0, "DANE12_EST": "111001015458", "Educacion_": 0 }, "geometry": { "type": "Point", "coordinates": [ -74.11425999981779, 4.698010000306547 ] } },
{ "type": "Feature", "properties": { "NOMBRE_EST": "COLEGIO FLORIDABLANCA (IED)", "GENERO": 5, "COD_LOCA": "10", "CLASE_TIPO": 1, "FECHA": "2025-03-31T00:00:00", "OPreescola": 0, "OPrimaria": 630, "OSecundari": 0, "OMedia": 0, "OTotal": 630, "Aceleracio": 0, "DANE12_EST": "111001015458", "Educacion_": 0 }, "geometry": { "type": "Point", "coordinates": [ -74.111519999860661, 4.691479999983486 ] } },
{ "type": "Feature", "properties": { "NOMBRE_EST": "COLEGIO FLORIDABLANCA (IED)", "GENERO": 5, "COD_LOCA": "10", "CLASE_TIPO": 1, "FECHA": "2025-03-31T00:00:00", "OPreescola": 150, "OPrimaria": 210, "OSecundari": 0, "OMedia": 0, "OTotal": 360, "Aceleracio": 0, "DANE12_EST": "111001015458", "Educacion_": 0 }, "geometry": { "type": "Point", "coordinates": [ -74.110359999944379, 4.696830000345916 ] } },
{ "type": "Feature", "properties": { "NOMBRE_EST": "COLEGIO JORGE GAITAN CORTES (IED)", "GENERO": 5, "COD_LOCA": "10", "CLASE_TIPO": 1, "FECHA": "2025-03-31T00:00:00", "OPreescola": 0, "OPrimaria": 512, "OSecundari": 0, "OMedia": 0, "OTotal": 512, "Aceleracio": 0, "DANE12_EST": "111001015806", "Educacion_": 0 }, "geometry": { "type": "Point", "coordinates": [ -74.099119999733446, 4.708839999901727 ] } },
{ "type": "Feature", "properties": { "NOMBRE_EST": "COLEGIO JORGE GAITAN CORTES (IED)", "GENERO": 5, "COD_LOCA": "10", "CLASE_TIPO": 1, "FECHA": "2025-03-31T00:00:00", "OPreescola": 105, "OPrimaria": 0, "OSecundari": 0, "OMedia": 0, "OTotal": 105, "Aceleracio": 0, "DANE12_EST": "111001015806", "Educacion_": 0 }, "geometry": { "type": "Point", "coordinates": [ -74.097870000303772, 4.704809999691368 ] } },
{ "type": "Feature", "properties": { "NOMBRE_EST": "COLEGIO JORGE GAITAN CORTES (IED)", "GENERO": 5, "COD_LOCA": "10", "CLASE_TIPO": 1, "FECHA": "2025-03-31T00:00:00", "OPreescola": 0, "OPrimaria": 0, "OSecundari": 432, "OMedia": 198, "OTotal": 630, "Aceleracio": 0, "DANE12_EST": "111001015806", "Educacion_": 0 }, "geometry": { "type": "Point", "coordinates": [ -74.096460000142258, 4.703089999904116 ] } },
{ "type": "Feature", "properties": { "NOMBRE_EST": "COLEGIO REPUBLICA DE CHINA (IED)", "GENERO": 5, "COD_LOCA": "10", "CLASE_TIPO": 1, "FECHA": "2025-03-31T00:00:00", "OPreescola": 22, "OPrimaria": 490, "OSecundari": 815, "OMedia": 400, "OTotal": 1727, "Aceleracio": 0, "DANE12_EST": "111001015814", "Educacion_": 0 }, "geometry": { "type": "Point", "coordinates": [ -74.103819999672993, 4.707699999914693 ] } },
{ "type": "Feature", "properties": { "NOMBRE_EST": "COLEGIO REPUBLICA DE CHINA (IED)", "GENERO": 5, "COD_LOCA": "10", "CLASE_TIPO": 1, "FECHA": "2025-03-31T00:00:00", "OPreescola": 140, "OPrimaria": 216, "OSecundari": 0, "OMedia": 0, "OTotal": 356, "Aceleracio": 0, "DANE12_EST": "111001015814", "Educacion_": 0 }, "geometry": { "type": "Point", "coordinates": [ -74.105999999763455, 4.706030000087653 ] } },
{ "type": "Feature", "properties": { "NOMBRE_EST": "COLEGIO MAGDALENA ORTEGA DE NARIÑO (IED)", "GENERO": 5, "COD_LOCA": "10", "CLASE_TIPO": 1, "FECHA": "2025-03-31T00:00:00", "OPreescola": 70, "OPrimaria": 620, "OSecundari": 600, "OMedia": 480, "OTotal": 2260, "Aceleracio": 0, "DANE12_EST": "111001017795", "Educacion_": 490 }, "geometry": { "type": "Point", "coordinates": [ -74.083219999765888, 4.686640000000474 ] } },
{ "type": "Feature", "properties": { "NOMBRE_EST": "COLEGIO VILLA AMALIA (IED)", "GENERO": 5, "COD_LOCA": "10", "CLASE_TIPO": 1, "FECHA": "2025-03-31T00:00:00", "OPreescola": 75, "OPrimaria": 653, "OSecundari": 482, "OMedia": 231, "OTotal": 1441, "Aceleracio": 0, "DANE12_EST": "111001025216", "Educacion_": 0 }, "geometry": { "type": "Point", "coordinates": [ -74.125869999924589, 4.710950000217688 ] } },
{ "type": "Feature", "properties": { "NOMBRE_EST": "COLEGIO GARCES NAVAS (IED)", "GENERO": 5, "COD_LOCA": "10", "CLASE_TIPO": 1, "FECHA": "2025-03-31T00:00:00", "OPreescola": 32, "OPrimaria": 562, "OSecundari": 720, "OMedia": 420, "OTotal": 1734, "Aceleracio": 0, "DANE12_EST": "111001033979", "Educacion_": 0 }, "geometry": { "type": "Point", "coordinates": [ -74.117199999791438, 4.710420000218535 ] } },
{ "type": "Feature", "properties": { "NOMBRE_EST": "COLEGIO GARCES NAVAS (IED)", "GENERO": 5, "COD_LOCA": "10", "CLASE_TIPO": 1, "FECHA": "2025-03-31T00:00:00", "OPreescola": 225, "OPrimaria": 196, "OSecundari": 0, "OMedia": 0, "OTotal": 421, "Aceleracio": 0, "DANE12_EST": "111001033979", "Educacion_": 0 }, "geometry": { "type": "Point", "coordinates": [ -74.116449999954, 4.711569999602609 ] } },
{ "type": "Feature", "properties": { "NOMBRE_EST": "COLEGIO GUILLERMO LEON VALENCIA (IED)", "GENERO": 5, "COD_LOCA": "10", "CLASE_TIPO": 1, "FECHA": "2025-03-31T00:00:00", "OPreescola": 52, "OPrimaria": 187, "OSecundari": 232, "OMedia": 75, "OTotal": 546, "Aceleracio": 0, "DANE12_EST": "111001034002", "Educacion_": 0 }, "geometry": { "type": "Point", "coordinates": [ -74.108500000419383, 4.704440000168701 ] } },
{ "type": "Feature", "properties": { "NOMBRE_EST": "COLEGIO NESTOR FORERO ALCALA (IED)", "GENERO": 5, "COD_LOCA": "10", "CLASE_TIPO": 1, "FECHA": "2025-03-31T00:00:00", "OPreescola": 0, "OPrimaria": 0, "OSecundari": 293, "OMedia": 113, "OTotal": 406, "Aceleracio": 0, "DANE12_EST": "111001035521", "Educacion_": 0 }, "geometry": { "type": "Point", "coordinates": [ -74.09352000016861, 4.683779999595847 ] } },
{ "type": "Feature", "properties": { "NOMBRE_EST": "COLEGIO NESTOR FORERO ALCALA (IED)", "GENERO": 5, "COD_LOCA": "10", "CLASE_TIPO": 1, "FECHA": "2025-03-31T00:00:00", "OPreescola": 49, "OPrimaria": 161, "OSecundari": 0, "OMedia": 0, "OTotal": 210, "Aceleracio": 0, "DANE12_EST": "111001035521", "Educacion_": 0 }, "geometry": { "type": "Point", "coordinates": [ -74.093249999831855, 4.681990000390786 ] } },
{ "type": "Feature", "properties": { "NOMBRE_EST": "COLEGIO NESTOR FORERO ALCALA (IED)", "GENERO": 5, "COD_LOCA": "10", "CLASE_TIPO": 1, "FECHA": "2025-03-31T00:00:00", "OPreescola": 0, "OPrimaria": 174, "OSecundari": 0, "OMedia": 0, "OTotal": 174, "Aceleracio": 0, "DANE12_EST": "111001035521", "Educacion_": 0 }, "geometry": { "type": "Point", "coordinates": [ -74.094090000080982, 4.681419999732447 ] } },
{ "type": "Feature", "properties": { "NOMBRE_EST": "COLEGIO INSTITUTO TECNICO DISTRITAL REPUBLICA DE GUATEMALA (IED)", "GENERO": 5, "COD_LOCA": "10", "CLASE_TIPO": 1, "FECHA": "2025-03-31T00:00:00", "OPreescola": 125, "OPrimaria": 525, "OSecundari": 444, "OMedia": 300, "OTotal": 1394, "Aceleracio": 0, "DANE12_EST": "111001036625", "Educacion_": 0 }, "geometry": { "type": "Point", "coordinates": [ -74.086799999972158, 4.690159999651559 ] } },
{ "type": "Feature", "properties": { "NOMBRE_EST": "COLEGIO MANUELA AYALA DE GAITAN (IED)", "GENERO": 5, "COD_LOCA": "10", "CLASE_TIPO": 1, "FECHA": "2025-03-31T00:00:00", "OPreescola": 0, "OPrimaria": 132, "OSecundari": 508, "OMedia": 297, "OTotal": 937, "Aceleracio": 0, "DANE12_EST": "111001046299", "Educacion_": 0 }, "geometry": { "type": "Point", "coordinates": [ -74.099539999857996, 4.68818999956239 ] } },
{ "type": "Feature", "properties": { "NOMBRE_EST": "COLEGIO MANUELA AYALA DE GAITAN (IED)", "GENERO": 5, "COD_LOCA": "10", "CLASE_TIPO": 1, "FECHA": "2025-03-31T00:00:00", "OPreescola": 75, "OPrimaria": 525, "OSecundari": 0, "OMedia": 0, "OTotal": 600, "Aceleracio": 0, "DANE12_EST": "111001046299", "Educacion_": 0 }, "geometry": { "type": "Point", "coordinates": [ -74.103279999897836, 4.688870000416498 ] } },
{ "type": "Feature", "properties": { "NOMBRE_EST": "COLEGIO LAS MERCEDES (IED)", "GENERO": 5, "COD_LOCA": "10", "CLASE_TIPO": 2, "FECHA": "2025-03-31T00:00:00", "OPreescola": 75, "OPrimaria": 535, "OSecundari": 391, "OMedia": 199, "OTotal": 1200, "Aceleracio": 0, "DANE12_EST": "111001098922", "Educacion_": 0 }, "geometry": { "type": "Point", "coordinates": [ -74.125190000407343, 4.700249999744931 ] } },
{ "type": "Feature", "properties": { "NOMBRE_EST": "COLEGIO TORQUIGUA (IED)", "GENERO": 5, "COD_LOCA": "10", "CLASE_TIPO": 2, "FECHA": "2025-03-31T00:00:00", "OPreescola": 73, "OPrimaria": 461, "OSecundari": 375, "OMedia": 201, "OTotal": 1110, "Aceleracio": 0, "DANE12_EST": "111001098931", "Educacion_": 0 }, "geometry": { "type": "Point", "coordinates": [ -74.143909999799632, 4.721610000235153 ] } },
{ "type": "Feature", "properties": { "NOMBRE_EST": "COLEGIO BOLIVIA (IED)", "GENERO": 5, "COD_LOCA": "10", "CLASE_TIPO": 1, "FECHA": "2025-03-31T00:00:00", "OPreescola": 0, "OPrimaria": 137, "OSecundari": 210, "OMedia": 105, "OTotal": 452, "Aceleracio": 0, "DANE12_EST": "111001104035", "Educacion_": 0 }, "geometry": { "type": "Point", "coordinates": [ -74.082069999895367, 4.684380000324907 ] } },
{ "type": "Feature", "properties": { "NOMBRE_EST": "COLEGIO TOMAS CIPRIANO DE MOSQUERA (IED)", "GENERO": 5, "COD_LOCA": "10", "CLASE_TIPO": 1, "FECHA": "2025-03-31T00:00:00", "OPreescola": 407, "OPrimaria": 762, "OSecundari": 655, "OMedia": 312, "OTotal": 2136, "Aceleracio": 0, "DANE12_EST": "111001108456", "Educacion_": 0 }, "geometry": { "type": "Point", "coordinates": [ -74.134580000240732, 4.708129999650189 ] } },
{ "type": "Feature", "properties": { "NOMBRE_EST": "COLEGIO CHARRY (IED)", "GENERO": 5, "COD_LOCA": "10", "CLASE_TIPO": 1, "FECHA": "2025-03-31T00:00:00", "OPreescola": 150, "OPrimaria": 702, "OSecundari": 640, "OMedia": 400, "OTotal": 2741, "Aceleracio": 0, "DANE12_EST": "111001108901", "Educacion_": 849 }, "geometry": { "type": "Point", "coordinates": [ -74.120309999644419, 4.714019999848015 ] } },
{ "type": "Feature", "properties": { "NOMBRE_EST": "COLEGIO RODOLFO LLINAS (IED)", "GENERO": 5, "COD_LOCA": "10", "CLASE_TIPO": 1, "FECHA": "2025-03-31T00:00:00", "OPreescola": 150, "OPrimaria": 877, "OSecundari": 0, "OMedia": 0, "OTotal": 1027, "Aceleracio": 0, "DANE12_EST": "111001109550", "Educacion_": 0 }, "geometry": { "type": "Point", "coordinates": [ -74.109070000331769, 4.719730000136008 ] } },
{ "type": "Feature", "properties": { "NOMBRE_EST": "COLEGIO RODOLFO LLINAS (IED)", "GENERO": 5, "COD_LOCA": "10", "CLASE_TIPO": 1, "FECHA": "2025-03-31T00:00:00", "OPreescola": 0, "OPrimaria": 0, "OSecundari": 879, "OMedia": 455, "OTotal": 1334, "Aceleracio": 0, "DANE12_EST": "111001109550", "Educacion_": 0 }, "geometry": { "type": "Point", "coordinates": [ -74.107019999937648, 4.719080000373991 ] } },
{ "type": "Feature", "properties": { "NOMBRE_EST": "COLEGIO ABEL RODRIGUEZ CESPEDES (IED)", "GENERO": 5, "COD_LOCA": "10", "CLASE_TIPO": 1, "FECHA": "2025-03-31T00:00:00", "OPreescola": 208, "OPrimaria": 400, "OSecundari": 322, "OMedia": 160, "OTotal": 1090, "Aceleracio": 0, "DANE12_EST": "111001801055", "Educacion_": 0 }, "geometry": { "type": "Point", "coordinates": [ -74.129670000238889, 4.716110000135851 ] } },
{ "type": "Feature", "properties": { "NOMBRE_EST": "COLEGIO LUCILA RUBIO DE LAVERDE (IED)", "GENERO": 5, "COD_LOCA": "10", "CLASE_TIPO": 1, "FECHA": "2025-03-31T00:00:00", "OPreescola": 160, "OPrimaria": 390, "OSecundari": 314, "OMedia": 200, "OTotal": 1114, "Aceleracio": 50, "DANE12_EST": "111001801071", "Educacion_": 0 }, "geometry": { "type": "Point", "coordinates": [ -74.136429999719994, 4.725149999562689 ] } },
{ "type": "Feature", "properties": { "NOMBRE_EST": "COLEGIO LA PALESTINA (IED)", "GENERO": 5, "COD_LOCA": "10", "CLASE_TIPO": 1, "FECHA": "2025-03-31T00:00:00", "OPreescola": 0, "OPrimaria": 0, "OSecundari": 140, "OMedia": 360, "OTotal": 500, "Aceleracio": 0, "DANE12_EST": "111265000017", "Educacion_": 0 }, "geometry": { "type": "Point", "coordinates": [ -74.093570000397321, 4.697180000261807 ] } },
{ "type": "Feature", "properties": { "NOMBRE_EST": "COLEGIO LA PALESTINA (IED)", "GENERO": 5, "COD_LOCA": "10", "CLASE_TIPO": 1, "FECHA": "2025-03-31T00:00:00", "OPreescola": 136, "OPrimaria": 585, "OSecundari": 336, "OMedia": 0, "OTotal": 1057, "Aceleracio": 0, "DANE12_EST": "111265000017", "Educacion_": 0 }, "geometry": { "type": "Point", "coordinates": [ -74.094029999806551, 4.699739999650403 ] } },
{ "type": "Feature", "properties": { "NOMBRE_EST": "COLEGIO GENERAL SANTANDER (IED)", "GENERO": 5, "COD_LOCA": "10", "CLASE_TIPO": 1, "FECHA": "2025-03-31T00:00:00", "OPreescola": 101, "OPrimaria": 0, "OSecundari": 1443, "OMedia": 518, "OTotal": 2062, "Aceleracio": 0, "DANE12_EST": "111265000025", "Educacion_": 0 }, "geometry": { "type": "Point", "coordinates": [ -74.140440000096547, 4.716510000326441 ] } },
{ "type": "Feature", "properties": { "NOMBRE_EST": "COLEGIO GENERAL SANTANDER (IED)", "GENERO": 5, "COD_LOCA": "10", "CLASE_TIPO": 1, "FECHA": "2025-03-31T00:00:00", "OPreescola": 275, "OPrimaria": 1489, "OSecundari": 0, "OMedia": 0, "OTotal": 1815, "Aceleracio": 51, "DANE12_EST": "111265000025", "Educacion_": 0 }, "geometry": { "type": "Point", "coordinates": [ -74.141509999601126, 4.71501999976792 ] } },
{ "type": "Feature", "properties": { "NOMBRE_EST": "COLEGIO GENERAL SANTANDER (IED)", "GENERO": 5, "COD_LOCA": "10", "CLASE_TIPO": 1, "FECHA": "2025-03-31T00:00:00", "OPreescola": 180, "OPrimaria": 0, "OSecundari": 0, "OMedia": 0, "OTotal": 1100, "Aceleracio": 0, "DANE12_EST": "111265000025", "Educacion_": 920 }, "geometry": { "type": "Point", "coordinates": [ -74.137920000247462, 4.71757999977079 ] } },
{ "type": "Feature", "properties": { "NOMBRE_EST": "COLEGIO ANTONIO VILLAVICENCIO (IED)", "GENERO": 5, "COD_LOCA": "10", "CLASE_TIPO": 1, "FECHA": "2025-03-31T00:00:00", "OPreescola": 64, "OPrimaria": 600, "OSecundari": 0, "OMedia": 0, "OTotal": 840, "Aceleracio": 0, "DANE12_EST": "111265000343", "Educacion_": 176 }, "geometry": { "type": "Point", "coordinates": [ -74.134239999583784, 4.705099999663738 ] } },
{ "type": "Feature", "properties": { "NOMBRE_EST": "COLEGIO ANTONIO VILLAVICENCIO (IED)", "GENERO": 5, "COD_LOCA": "10", "CLASE_TIPO": 1, "FECHA": "2025-03-31T00:00:00", "OPreescola": 200, "OPrimaria": 0, "OSecundari": 0, "OMedia": 0, "OTotal": 200, "Aceleracio": 0, "DANE12_EST": "111265000343", "Educacion_": 0 }, "geometry": { "type": "Point", "coordinates": [ -74.140339999639124, 4.709220000079081 ] } },
{ "type": "Feature", "properties": { "NOMBRE_EST": "COLEGIO ANTONIO VILLAVICENCIO (IED)", "GENERO": 5, "COD_LOCA": "10", "CLASE_TIPO": 1, "FECHA": "2025-03-31T00:00:00", "OPreescola": 0, "OPrimaria": 0, "OSecundari": 540, "OMedia": 191, "OTotal": 731, "Aceleracio": 0, "DANE12_EST": "111265000343", "Educacion_": 0 }, "geometry": { "type": "Point", "coordinates": [ -74.126389999608278, 4.708249999945345 ] } },
{ "type": "Feature", "properties": { "NOMBRE_EST": "COLEGIO SIMON BOLIVAR (IED)", "GENERO": 5, "COD_LOCA": "10", "CLASE_TIPO": 1, "FECHA": "2025-03-31T00:00:00", "OPreescola": 20, "OPrimaria": 0, "OSecundari": 520, "OMedia": 200, "OTotal": 890, "Aceleracio": 150, "DANE12_EST": "111265000394", "Educacion_": 0 }, "geometry": { "type": "Point", "coordinates": [ -74.099830000286218, 4.71147999981286 ] } },
{ "type": "Feature", "properties": { "NOMBRE_EST": "COLEGIO SIMON BOLIVAR (IED)", "GENERO": 5, "COD_LOCA": "10", "CLASE_TIPO": 1, "FECHA": "2025-03-31T00:00:00", "OPreescola": 75, "OPrimaria": 560, "OSecundari": 0, "OMedia": 0, "OTotal": 685, "Aceleracio": 50, "DANE12_EST": "111265000394", "Educacion_": 0 }, "geometry": { "type": "Point", "coordinates": [ -74.09489000014716, 4.70863000044501 ] } },
{ "type": "Feature", "properties": { "NOMBRE_EST": "COLEGIO NIDIA QUINTERO DE TURBAY (IED)", "GENERO": 5, "COD_LOCA": "10", "CLASE_TIPO": 1, "FECHA": "2025-03-31T00:00:00", "OPreescola": 176, "OPrimaria": 525, "OSecundari": 480, "OMedia": 360, "OTotal": 1541, "Aceleracio": 0, "DANE12_EST": "111265000408", "Educacion_": 0 }, "geometry": { "type": "Point", "coordinates": [ -74.108159999762435, 4.701990000207437 ] } },
{ "type": "Feature", "properties": { "NOMBRE_EST": "COLEGIO LA GAITANA (IED)", "GENERO": 5, "COD_LOCA": "11", "CLASE_TIPO": 1, "FECHA": "2025-03-31T00:00:00", "OPreescola": 32, "OPrimaria": 0, "OSecundari": 880, "OMedia": 400, "OTotal": 1312, "Aceleracio": 0, "DANE12_EST": "111001002330", "Educacion_": 0 }, "geometry": { "type": "Point", "coordinates": [ -74.108610000024228, 4.742219999717005 ] } },
{ "type": "Feature", "properties": { "NOMBRE_EST": "COLEGIO LA GAITANA (IED)", "GENERO": 5, "COD_LOCA": "11", "CLASE_TIPO": 1, "FECHA": "2025-03-31T00:00:00", "OPreescola": 158, "OPrimaria": 784, "OSecundari": 0, "OMedia": 0, "OTotal": 942, "Aceleracio": 0, "DANE12_EST": "111001002330", "Educacion_": 0 }, "geometry": { "type": "Point", "coordinates": [ -74.106599999813071, 4.73989999986278 ] } },
{ "type": "Feature", "properties": { "NOMBRE_EST": "COLEGIO INSTITUTO TECNICO DISTRITAL JULIO FLOREZ (IED)", "GENERO": 5, "COD_LOCA": "11", "CLASE_TIPO": 1, "FECHA": "2025-03-31T00:00:00", "OPreescola": 134, "OPrimaria": 534, "OSecundari": 0, "OMedia": 0, "OTotal": 668, "Aceleracio": 0, "DANE12_EST": "111001015776", "Educacion_": 0 }, "geometry": { "type": "Point", "coordinates": [ -74.074110000315002, 4.695959999589379 ] } },
{ "type": "Feature", "properties": { "NOMBRE_EST": "COLEGIO INSTITUTO TECNICO DISTRITAL JULIO FLOREZ (IED)", "GENERO": 5, "COD_LOCA": "11", "CLASE_TIPO": 1, "FECHA": "2025-03-31T00:00:00", "OPreescola": 0, "OPrimaria": 0, "OSecundari": 480, "OMedia": 250, "OTotal": 730, "Aceleracio": 0, "DANE12_EST": "111001015776", "Educacion_": 0 }, "geometry": { "type": "Point", "coordinates": [ -74.077559999926592, 4.687189999632064 ] } },
{ "type": "Feature", "properties": { "NOMBRE_EST": "COLEGIO ALBERTO LLERAS CAMARGO (IED)", "GENERO": 5, "COD_LOCA": "11", "CLASE_TIPO": 1, "FECHA": "2025-03-31T00:00:00", "OPreescola": 374, "OPrimaria": 1246, "OSecundari": 1160, "OMedia": 600, "OTotal": 3380, "Aceleracio": 0, "DANE12_EST": "111001025020", "Educacion_": 0 }, "geometry": { "type": "Point", "coordinates": [ -74.102479999831658, 4.743489999605234 ] } },
{ "type": "Feature", "properties": { "NOMBRE_EST": "COLEGIO TIBABUYES UNIVERSAL (IED)", "GENERO": 5, "COD_LOCA": "11", "CLASE_TIPO": 1, "FECHA": "2025-03-31T00:00:00", "OPreescola": 206, "OPrimaria": 598, "OSecundari": 552, "OMedia": 341, "OTotal": 1697, "Aceleracio": 0, "DANE12_EST": "111001045225", "Educacion_": 0 }, "geometry": { "type": "Point", "coordinates": [ -74.110470000447563, 4.746209999972145 ] } },
{ "type": "Feature", "properties": { "NOMBRE_EST": "COLEGIO TIBABUYES UNIVERSAL (IED)", "GENERO": 5, "COD_LOCA": "11", "CLASE_TIPO": 1, "FECHA": "2025-03-31T00:00:00", "OPreescola": 140, "OPrimaria": 410, "OSecundari": 371, "OMedia": 56, "OTotal": 977, "Aceleracio": 0, "DANE12_EST": "111001045225", "Educacion_": 0 }, "geometry": { "type": "Point", "coordinates": [ -74.104839999847187, 4.74224000027612 ] } },
{ "type": "Feature", "properties": { "NOMBRE_EST": "COLEGIO TIBABUYES UNIVERSAL (IED)", "GENERO": 5, "COD_LOCA": "11", "CLASE_TIPO": 1, "FECHA": "2025-03-31T00:00:00", "OPreescola": 216, "OPrimaria": 496, "OSecundari": 423, "OMedia": 144, "OTotal": 1279, "Aceleracio": 0, "DANE12_EST": "111001045225", "Educacion_": 0 }, "geometry": { "type": "Point", "coordinates": [ -74.099220000190869, 4.743129999951644 ] } },
{ "type": "Feature", "properties": { "NOMBRE_EST": "COLEGIO NUEVA COLOMBIA (IED)", "GENERO": 5, "COD_LOCA": "11", "CLASE_TIPO": 1, "FECHA": "2025-03-31T00:00:00", "OPreescola": 0, "OPrimaria": 618, "OSecundari": 1118, "OMedia": 390, "OTotal": 2151, "Aceleracio": 25, "DANE12_EST": "111001075272", "Educacion_": 0 }, "geometry": { "type": "Point", "coordinates": [ -74.099359999932943, 4.728520000015689 ] } },
{ "type": "Feature", "properties": { "NOMBRE_EST": "COLEGIO NUEVA COLOMBIA (IED)", "GENERO": 5, "COD_LOCA": "11", "CLASE_TIPO": 1, "FECHA": "2025-03-31T00:00:00", "OPreescola": 320, "OPrimaria": 473, "OSecundari": 0, "OMedia": 0, "OTotal": 793, "Aceleracio": 0, "DANE12_EST": "111001075272", "Educacion_": 0 }, "geometry": { "type": "Point", "coordinates": [ -74.101190000219049, 4.734680000141416 ] } },
{ "type": "Feature", "properties": { "NOMBRE_EST": "COLEGIO GUSTAVO MORALES MORALES (IED)", "GENERO": 5, "COD_LOCA": "11", "CLASE_TIPO": 1, "FECHA": "2025-03-31T00:00:00", "OPreescola": 0, "OPrimaria": 770, "OSecundari": 920, "OMedia": 321, "OTotal": 2011, "Aceleracio": 0, "DANE12_EST": "111001075515", "Educacion_": 0 }, "geometry": { "type": "Point", "coordinates": [ -74.064389999870443, 4.716690000381785 ] } },
{ "type": "Feature", "properties": { "NOMBRE_EST": "COLEGIO GUSTAVO MORALES MORALES (IED)", "GENERO": 5, "COD_LOCA": "11", "CLASE_TIPO": 1, "FECHA": "2025-03-31T00:00:00", "OPreescola": 295, "OPrimaria": 112, "OSecundari": 0, "OMedia": 0, "OTotal": 407, "Aceleracio": 0, "DANE12_EST": "111001075515", "Educacion_": 0 }, "geometry": { "type": "Point", "coordinates": [ -74.069780000271294, 4.719330000010171 ] } },
{ "type": "Feature", "properties": { "NOMBRE_EST": "COLEGIO RAMON DE ZUBIRIA (IED)", "GENERO": 5, "COD_LOCA": "11", "CLASE_TIPO": 1, "FECHA": "2025-03-31T00:00:00", "OPreescola": 0, "OPrimaria": 324, "OSecundari": 396, "OMedia": 219, "OTotal": 939, "Aceleracio": 0, "DANE12_EST": "111001086665", "Educacion_": 0 }, "geometry": { "type": "Point", "coordinates": [ -74.092299999977854, 4.725740000379147 ] } },
{ "type": "Feature", "properties": { "NOMBRE_EST": "COLEGIO RAMON DE ZUBIRIA (IED)", "GENERO": 5, "COD_LOCA": "11", "CLASE_TIPO": 1, "FECHA": "2025-03-31T00:00:00", "OPreescola": 400, "OPrimaria": 1161, "OSecundari": 0, "OMedia": 0, "OTotal": 1561, "Aceleracio": 0, "DANE12_EST": "111001086665", "Educacion_": 0 }, "geometry": { "type": "Point", "coordinates": [ -74.086729999651951, 4.727570000080537 ] } },
{ "type": "Feature", "properties": { "NOMBRE_EST": "COLEGIO RAMON DE ZUBIRIA (IED)", "GENERO": 5, "COD_LOCA": "11", "CLASE_TIPO": 1, "FECHA": "2025-03-31T00:00:00", "OPreescola": 0, "OPrimaria": 0, "OSecundari": 803, "OMedia": 146, "OTotal": 949, "Aceleracio": 0, "DANE12_EST": "111001086665", "Educacion_": 0 }, "geometry": { "type": "Point", "coordinates": [ -74.086830000109373, 4.727030000186978 ] } },
{ "type": "Feature", "properties": { "NOMBRE_EST": "COLEGIO VISTA BELLA (IED)", "GENERO": 5, "COD_LOCA": "11", "CLASE_TIPO": 1, "FECHA": "2025-03-31T00:00:00", "OPreescola": 0, "OPrimaria": 280, "OSecundari": 183, "OMedia": 9, "OTotal": 472, "Aceleracio": 0, "DANE12_EST": "111001092983", "Educacion_": 0 }, "geometry": { "type": "Point", "coordinates": [ -74.054440000170402, 4.749830000082923 ] } },
{ "type": "Feature", "properties": { "NOMBRE_EST": "COLEGIO VISTA BELLA (IED)", "GENERO": 5, "COD_LOCA": "11", "CLASE_TIPO": 1, "FECHA": "2025-03-31T00:00:00", "OPreescola": 0, "OPrimaria": 0, "OSecundari": 480, "OMedia": 320, "OTotal": 800, "Aceleracio": 0, "DANE12_EST": "111001092983", "Educacion_": 0 }, "geometry": { "type": "Point", "coordinates": [ -74.055010000082802, 4.748760000371049 ] } },
{ "type": "Feature", "properties": { "NOMBRE_EST": "COLEGIO VISTA BELLA (IED)", "GENERO": 5, "COD_LOCA": "11", "CLASE_TIPO": 1, "FECHA": "2025-03-31T00:00:00", "OPreescola": 100, "OPrimaria": 390, "OSecundari": 0, "OMedia": 0, "OTotal": 490, "Aceleracio": 0, "DANE12_EST": "111001092983", "Educacion_": 0 }, "geometry": { "type": "Point", "coordinates": [ -74.048249999703373, 4.750029999861628 ] } },
{ "type": "Feature", "properties": { "NOMBRE_EST": "COLEGIO ALVARO GOMEZ HURTADO (IED)", "GENERO": 5, "COD_LOCA": "11", "CLASE_TIPO": 1, "FECHA": "2025-03-31T00:00:00", "OPreescola": 0, "OPrimaria": 320, "OSecundari": 1000, "OMedia": 440, "OTotal": 1760, "Aceleracio": 0, "DANE12_EST": "111001093084", "Educacion_": 0 }, "geometry": { "type": "Point", "coordinates": [ -74.096989999871681, 4.730330000422902 ] } },
{ "type": "Feature", "properties": { "NOMBRE_EST": "COLEGIO ALVARO GOMEZ HURTADO (IED)", "GENERO": 5, "COD_LOCA": "11", "CLASE_TIPO": 1, "FECHA": "2025-03-31T00:00:00", "OPreescola": 180, "OPrimaria": 931, "OSecundari": 0, "OMedia": 0, "OTotal": 1111, "Aceleracio": 0, "DANE12_EST": "111001093084", "Educacion_": 0 }, "geometry": { "type": "Point", "coordinates": [ -74.093399999619692, 4.73514999990235 ] } },
{ "type": "Feature", "properties": { "NOMBRE_EST": "COLEGIO ALVARO GOMEZ HURTADO (IED)", "GENERO": 5, "COD_LOCA": "11", "CLASE_TIPO": 1, "FECHA": "2025-03-31T00:00:00", "OPreescola": 0, "OPrimaria": 420, "OSecundari": 0, "OMedia": 0, "OTotal": 420, "Aceleracio": 0, "DANE12_EST": "111001093084", "Educacion_": 0 }, "geometry": { "type": "Point", "coordinates": [ -74.097630000104289, 4.733879999909235 ] } },
{ "type": "Feature", "properties": { "NOMBRE_EST": "COLEGIO ALVARO GOMEZ HURTADO (IED)", "GENERO": 5, "COD_LOCA": "11", "CLASE_TIPO": 1, "FECHA": "2025-03-31T00:00:00", "OPreescola": 241, "OPrimaria": 0, "OSecundari": 0, "OMedia": 0, "OTotal": 241, "Aceleracio": 0, "DANE12_EST": "111001093084", "Educacion_": 0 }, "geometry": { "type": "Point", "coordinates": [ -74.096500000325221, 4.732670000094639 ] } },
{ "type": "Feature", "properties": { "NOMBRE_EST": "COLEGIO LA TOSCANA - LISBOA (IED)", "GENERO": 5, "COD_LOCA": "11", "CLASE_TIPO": 1, "FECHA": "2025-03-31T00:00:00", "OPreescola": 124, "OPrimaria": 0, "OSecundari": 491, "OMedia": 280, "OTotal": 895, "Aceleracio": 0, "DANE12_EST": "111001094889", "Educacion_": 0 }, "geometry": { "type": "Point", "coordinates": [ -74.113429999614382, 4.743560000088016 ] } },
{ "type": "Feature", "properties": { "NOMBRE_EST": "COLEGIO LA TOSCANA - LISBOA (IED)", "GENERO": 5, "COD_LOCA": "11", "CLASE_TIPO": 1, "FECHA": "2025-03-31T00:00:00", "OPreescola": 50, "OPrimaria": 631, "OSecundari": 0, "OMedia": 0, "OTotal": 681, "Aceleracio": 0, "DANE12_EST": "111001094889", "Educacion_": 0 }, "geometry": { "type": "Point", "coordinates": [ -74.121780000080406, 4.740400000127226 ] } },
{ "type": "Feature", "properties": { "NOMBRE_EST": "COLEGIO LA TOSCANA - LISBOA (IED)", "GENERO": 5, "COD_LOCA": "11", "CLASE_TIPO": 1, "FECHA": "2025-03-31T00:00:00", "OPreescola": 25, "OPrimaria": 420, "OSecundari": 105, "OMedia": 0, "OTotal": 550, "Aceleracio": 0, "DANE12_EST": "111001094889", "Educacion_": 0 }, "geometry": { "type": "Point", "coordinates": [ -74.115629999796354, 4.741739999552912 ] } },
{ "type": "Feature", "properties": { "NOMBRE_EST": "COLEGIO LA TOSCANA - LISBOA (IED)", "GENERO": 5, "COD_LOCA": "11", "CLASE_TIPO": 1, "FECHA": "2025-03-31T00:00:00", "OPreescola": 360, "OPrimaria": 0, "OSecundari": 0, "OMedia": 0, "OTotal": 360, "Aceleracio": 0, "DANE12_EST": "111001094889", "Educacion_": 0 }, "geometry": { "type": "Point", "coordinates": [ -74.11021000015657, 4.747219999712644 ] } },
{ "type": "Feature", "properties": { "NOMBRE_EST": "COLEGIO BILBAO (IED)", "GENERO": 5, "COD_LOCA": "11", "CLASE_TIPO": 2, "FECHA": "2025-03-31T00:00:00", "OPreescola": 68, "OPrimaria": 443, "OSecundari": 518, "OMedia": 161, "OTotal": 1190, "Aceleracio": 0, "DANE12_EST": "111001098949", "Educacion_": 0 }, "geometry": { "type": "Point", "coordinates": [ -74.107369999742005, 4.749809999743778 ] } },
{ "type": "Feature", "properties": { "NOMBRE_EST": "COLEGIO JOSE MARIA VELAZ (IED)", "GENERO": 5, "COD_LOCA": "11", "CLASE_TIPO": 2, "FECHA": "2025-03-31T00:00:00", "OPreescola": 138, "OPrimaria": 526, "OSecundari": 468, "OMedia": 204, "OTotal": 1336, "Aceleracio": 0, "DANE12_EST": "111001104043", "Educacion_": 0 }, "geometry": { "type": "Point", "coordinates": [ -74.112580000217818, 4.744629999806366 ] } },
{ "type": "Feature", "properties": { "NOMBRE_EST": "COLEGIO DELIA ZAPATA OLIVELLA (IED)", "GENERO": 5, "COD_LOCA": "11", "CLASE_TIPO": 1, "FECHA": "2025-03-31T00:00:00", "OPreescola": 246, "OPrimaria": 840, "OSecundari": 801, "OMedia": 439, "OTotal": 2326, "Aceleracio": 0, "DANE12_EST": "111001104256", "Educacion_": 0 }, "geometry": { "type": "Point", "coordinates": [ -74.113330000055285, 4.753209999827422 ] } },
{ "type": "Feature", "properties": { "NOMBRE_EST": "COLEGIO GERARDO MOLINA RAMIREZ (IED)", "GENERO": 5, "COD_LOCA": "11", "CLASE_TIPO": 1, "FECHA": "2025-03-31T00:00:00", "OPreescola": 414, "OPrimaria": 1192, "OSecundari": 1160, "OMedia": 600, "OTotal": 3366, "Aceleracio": 0, "DANE12_EST": "111001104264", "Educacion_": 0 }, "geometry": { "type": "Point", "coordinates": [ -74.11581999976714, 4.749059999587615 ] } },
{ "type": "Feature", "properties": { "NOMBRE_EST": "COLEGIO GONZALO ARANGO (IED)", "GENERO": 5, "COD_LOCA": "11", "CLASE_TIPO": 1, "FECHA": "2025-03-31T00:00:00", "OPreescola": 655, "OPrimaria": 1015, "OSecundari": 640, "OMedia": 360, "OTotal": 2670, "Aceleracio": 0, "DANE12_EST": "111001104388", "Educacion_": 0 }, "geometry": { "type": "Point", "coordinates": [ -74.09467000003913, 4.730180000346334 ] } },
{ "type": "Feature", "properties": { "NOMBRE_EST": "COLEGIO VIRGINIA GUTIERREZ DE PINEDA (IED)", "GENERO": 5, "COD_LOCA": "11", "CLASE_TIPO": 1, "FECHA": "2025-03-31T00:00:00", "OPreescola": 128, "OPrimaria": 740, "OSecundari": 840, "OMedia": 440, "OTotal": 2148, "Aceleracio": 0, "DANE12_EST": "111001107069", "Educacion_": 0 }, "geometry": { "type": "Point", "coordinates": [ -74.09127999980366, 4.731300000133333 ] } },
{ "type": "Feature", "properties": { "NOMBRE_EST": "COLEGIO VEINTIUN ANGELES (IED)", "GENERO": 5, "COD_LOCA": "11", "CLASE_TIPO": 1, "FECHA": "2025-03-31T00:00:00", "OPreescola": 139, "OPrimaria": 700, "OSecundari": 960, "OMedia": 449, "OTotal": 2248, "Aceleracio": 0, "DANE12_EST": "111001107077", "Educacion_": 0 }, "geometry": { "type": "Point", "coordinates": [ -74.080350000112432, 4.749449999806414 ] } },
{ "type": "Feature", "properties": { "NOMBRE_EST": "COLEGIO VEINTIUN ANGELES (IED)", "GENERO": 5, "COD_LOCA": "11", "CLASE_TIPO": 1, "FECHA": "2025-03-31T00:00:00", "OPreescola": 56, "OPrimaria": 300, "OSecundari": 0, "OMedia": 0, "OTotal": 356, "Aceleracio": 0, "DANE12_EST": "111001107077", "Educacion_": 0 }, "geometry": { "type": "Point", "coordinates": [ -74.078650000420978, 4.749909999643282 ] } },
{ "type": "Feature", "properties": { "NOMBRE_EST": "COLEGIO VEINTIUN ANGELES (IED)", "GENERO": 5, "COD_LOCA": "11", "CLASE_TIPO": 1, "FECHA": "2025-03-31T00:00:00", "OPreescola": 56, "OPrimaria": 300, "OSecundari": 0, "OMedia": 0, "OTotal": 356, "Aceleracio": 0, "DANE12_EST": "111001107077", "Educacion_": 0 }, "geometry": { "type": "Point", "coordinates": [ -74.075830000097923, 4.738069999641579 ] } },
{ "type": "Feature", "properties": { "NOMBRE_EST": "COLEGIO VEINTIUN ANGELES (IED)", "GENERO": 5, "COD_LOCA": "11", "CLASE_TIPO": 1, "FECHA": "2025-03-31T00:00:00", "OPreescola": 209, "OPrimaria": 0, "OSecundari": 0, "OMedia": 0, "OTotal": 209, "Aceleracio": 0, "DANE12_EST": "111001107077", "Educacion_": 0 }, "geometry": { "type": "Point", "coordinates": [ -74.076109999582101, 4.754680000291138 ] } },
{ "type": "Feature", "properties": { "NOMBRE_EST": "COLEGIO NICOLAS BUENAVENTURA (IED)", "GENERO": 5, "COD_LOCA": "11", "CLASE_TIPO": 1, "FECHA": "2025-03-31T00:00:00", "OPreescola": 236, "OPrimaria": 740, "OSecundari": 667, "OMedia": 296, "OTotal": 1939, "Aceleracio": 0, "DANE12_EST": "111001107786", "Educacion_": 0 }, "geometry": { "type": "Point", "coordinates": [ -74.091029999558415, 4.754039999920575 ] } },
{ "type": "Feature", "properties": { "NOMBRE_EST": "COLEGIO NICOLAS BUENAVENTURA (IED)", "GENERO": 5, "COD_LOCA": "11", "CLASE_TIPO": 1, "FECHA": "2025-03-31T00:00:00", "OPreescola": 40, "OPrimaria": 321, "OSecundari": 0, "OMedia": 0, "OTotal": 361, "Aceleracio": 0, "DANE12_EST": "111001107786", "Educacion_": 0 }, "geometry": { "type": "Point", "coordinates": [ -74.091220000427526, 4.784919999921159 ] } },
{ "type": "Feature", "properties": { "NOMBRE_EST": "COLEGIO FILARMONICO JORGE MARIO BERGOGLIO (IED)", "GENERO": 5, "COD_LOCA": "11", "CLASE_TIPO": 1, "FECHA": "2025-03-31T00:00:00", "OPreescola": 112, "OPrimaria": 200, "OSecundari": 160, "OMedia": 81, "OTotal": 553, "Aceleracio": 0, "DANE12_EST": "111001800163", "Educacion_": 0 }, "geometry": { "type": "Point", "coordinates": [ -74.10309999997277, 4.748630000192549 ] } },
{ "type": "Feature", "properties": { "NOMBRE_EST": "COLEGIO COMPARTIR SUBA (IED)", "GENERO": 5, "COD_LOCA": "11", "CLASE_TIPO": 1, "FECHA": "2025-03-31T00:00:00", "OPreescola": 119, "OPrimaria": 0, "OSecundari": 386, "OMedia": 192, "OTotal": 697, "Aceleracio": 0, "DANE12_EST": "111001800813", "Educacion_": 0 }, "geometry": { "type": "Point", "coordinates": [ -74.106409999842285, 4.754960000322246 ] } },
{ "type": "Feature", "properties": { "NOMBRE_EST": "COLEGIO COMPARTIR SUBA (IED)", "GENERO": 5, "COD_LOCA": "11", "CLASE_TIPO": 1, "FECHA": "2025-03-31T00:00:00", "OPreescola": 0, "OPrimaria": 405, "OSecundari": 0, "OMedia": 0, "OTotal": 476, "Aceleracio": 71, "DANE12_EST": "111001800813", "Educacion_": 0 }, "geometry": { "type": "Point", "coordinates": [ -74.104290000026282, 4.753360000274191 ] } },
{ "type": "Feature", "properties": { "NOMBRE_EST": "COLEGIO JAIME NIÑO DIEZ (IED)", "GENERO": 5, "COD_LOCA": "11", "CLASE_TIPO": 1, "FECHA": "2025-03-31T00:00:00", "OPreescola": 120, "OPrimaria": 200, "OSecundari": 160, "OMedia": 80, "OTotal": 585, "Aceleracio": 25, "DANE12_EST": "111001801250", "Educacion_": 0 }, "geometry": { "type": "Point", "coordinates": [ -74.09905000031155, 4.748860000422807 ] } },
{ "type": "Feature", "properties": { "NOMBRE_EST": "COLEGIO ELISA MUJICA VELASQUEZ (IED)", "GENERO": 5, "COD_LOCA": "11", "CLASE_TIPO": 1, "FECHA": "2025-03-31T00:00:00", "OPreescola": 0, "OPrimaria": 364, "OSecundari": 360, "OMedia": 120, "OTotal": 869, "Aceleracio": 25, "DANE12_EST": "111001801349", "Educacion_": 0 }, "geometry": { "type": "Point", "coordinates": [ -74.112930000022189, 4.744589999721232 ] } },
{ "type": "Feature", "properties": { "NOMBRE_EST": "COLEGIO ELISA MUJICA VELASQUEZ (IED)", "GENERO": 5, "COD_LOCA": "11", "CLASE_TIPO": 1, "FECHA": "2025-03-31T00:00:00", "OPreescola": 195, "OPrimaria": 90, "OSecundari": 0, "OMedia": 0, "OTotal": 285, "Aceleracio": 0, "DANE12_EST": "111001801349", "Educacion_": 0 }, "geometry": { "type": "Point", "coordinates": [ -74.112010000305446, 4.739279999856069 ] } },
{ "type": "Feature", "properties": { "NOMBRE_EST": "COLEGIO FILARMONICO SIMON BOLIVAR (IED)", "GENERO": 5, "COD_LOCA": "11", "CLASE_TIPO": 1, "FECHA": "2025-03-31T00:00:00", "OPreescola": 100, "OPrimaria": 540, "OSecundari": 480, "OMedia": 192, "OTotal": 1937, "Aceleracio": 0, "DANE12_EST": "111769000174", "Educacion_": 625 }, "geometry": { "type": "Point", "coordinates": [ -74.084169999619888, 4.741370000038071 ] } },
{ "type": "Feature", "properties": { "NOMBRE_EST": "COLEGIO FILARMONICO SIMON BOLIVAR (IED)", "GENERO": 5, "COD_LOCA": "11", "CLASE_TIPO": 1, "FECHA": "2025-03-31T00:00:00", "OPreescola": 0, "OPrimaria": 0, "OSecundari": 0, "OMedia": 0, "OTotal": 250, "Aceleracio": 250, "DANE12_EST": "111769000174", "Educacion_": 0 }, "geometry": { "type": "Point", "coordinates": [ -74.084029999877799, 4.738410000367149 ] } },
{ "type": "Feature", "properties": { "NOMBRE_EST": "COLEGIO EL SALITRE - SUBA (IED)", "GENERO": 5, "COD_LOCA": "11", "CLASE_TIPO": 1, "FECHA": "2025-03-31T00:00:00", "OPreescola": 63, "OPrimaria": 0, "OSecundari": 648, "OMedia": 468, "OTotal": 1179, "Aceleracio": 0, "DANE12_EST": "111769000247", "Educacion_": 0 }, "geometry": { "type": "Point", "coordinates": [ -74.077119999710547, 4.759629999754131 ] } },
{ "type": "Feature", "properties": { "NOMBRE_EST": "COLEGIO EL SALITRE - SUBA (IED)", "GENERO": 5, "COD_LOCA": "11", "CLASE_TIPO": 1, "FECHA": "2025-03-31T00:00:00", "OPreescola": 364, "OPrimaria": 864, "OSecundari": 0, "OMedia": 0, "OTotal": 1228, "Aceleracio": 0, "DANE12_EST": "111769000247", "Educacion_": 0 }, "geometry": { "type": "Point", "coordinates": [ -74.088179999996456, 4.752730000147785 ] } },
{ "type": "Feature", "properties": { "NOMBRE_EST": "COLEGIO EL SALITRE - SUBA (IED)", "GENERO": 5, "COD_LOCA": "11", "CLASE_TIPO": 1, "FECHA": "2025-03-31T00:00:00", "OPreescola": 0, "OPrimaria": 612, "OSecundari": 684, "OMedia": 0, "OTotal": 1296, "Aceleracio": 0, "DANE12_EST": "111769000247", "Educacion_": 0 }, "geometry": { "type": "Point", "coordinates": [ -74.083170000435501, 4.749030000388018 ] } },
{ "type": "Feature", "properties": { "NOMBRE_EST": "COLEGIO PRADO VERANIEGO (IED)", "GENERO": 5, "COD_LOCA": "11", "CLASE_TIPO": 1, "FECHA": "2025-03-31T00:00:00", "OPreescola": 0, "OPrimaria": 152, "OSecundari": 640, "OMedia": 320, "OTotal": 1112, "Aceleracio": 0, "DANE12_EST": "111769000956", "Educacion_": 0 }, "geometry": { "type": "Point", "coordinates": [ -74.05452999968378, 4.716939999983343 ] } },
{ "type": "Feature", "properties": { "NOMBRE_EST": "COLEGIO PRADO VERANIEGO (IED)", "GENERO": 5, "COD_LOCA": "11", "CLASE_TIPO": 1, "FECHA": "2025-03-31T00:00:00", "OPreescola": 158, "OPrimaria": 493, "OSecundari": 0, "OMedia": 0, "OTotal": 651, "Aceleracio": 0, "DANE12_EST": "111769000956", "Educacion_": 0 }, "geometry": { "type": "Point", "coordinates": [ -74.060639999784868, 4.713419999563349 ] } },
{ "type": "Feature", "properties": { "NOMBRE_EST": "COLEGIO ANIBAL FERNANDEZ DE SOTO (IED)", "GENERO": 5, "COD_LOCA": "11", "CLASE_TIPO": 1, "FECHA": "2025-03-31T00:00:00", "OPreescola": 0, "OPrimaria": 0, "OSecundari": 608, "OMedia": 304, "OTotal": 912, "Aceleracio": 0, "DANE12_EST": "111769001502", "Educacion_": 0 }, "geometry": { "type": "Point", "coordinates": [ -74.057339999961101, 4.723069999749958 ] } },
{ "type": "Feature", "properties": { "NOMBRE_EST": "COLEGIO ANIBAL FERNANDEZ DE SOTO (IED)", "GENERO": 5, "COD_LOCA": "11", "CLASE_TIPO": 1, "FECHA": "2025-03-31T00:00:00", "OPreescola": 51, "OPrimaria": 560, "OSecundari": 0, "OMedia": 0, "OTotal": 611, "Aceleracio": 0, "DANE12_EST": "111769001502", "Educacion_": 0 }, "geometry": { "type": "Point", "coordinates": [ -74.054290000382579, 4.726700000194069 ] } },
{ "type": "Feature", "properties": { "NOMBRE_EST": "COLEGIO NUEVA ZELANDIA (IED)", "GENERO": 5, "COD_LOCA": "11", "CLASE_TIPO": 1, "FECHA": "2025-03-31T00:00:00", "OPreescola": 0, "OPrimaria": 296, "OSecundari": 555, "OMedia": 185, "OTotal": 1061, "Aceleracio": 25, "DANE12_EST": "111769001871", "Educacion_": 0 }, "geometry": { "type": "Point", "coordinates": [ -74.049649999819152, 4.759179999727488 ] } },
{ "type": "Feature", "properties": { "NOMBRE_EST": "COLEGIO NUEVA ZELANDIA (IED)", "GENERO": 5, "COD_LOCA": "11", "CLASE_TIPO": 1, "FECHA": "2025-03-31T00:00:00", "OPreescola": 225, "OPrimaria": 444, "OSecundari": 0, "OMedia": 0, "OTotal": 669, "Aceleracio": 0, "DANE12_EST": "111769001871", "Educacion_": 0 }, "geometry": { "type": "Point", "coordinates": [ -74.046929999953534, 4.765519999935099 ] } },
{ "type": "Feature", "properties": { "NOMBRE_EST": "COLEGIO VILLA ELISA (IED)", "GENERO": 5, "COD_LOCA": "11", "CLASE_TIPO": 1, "FECHA": "2025-03-31T00:00:00", "OPreescola": 0, "OPrimaria": 0, "OSecundari": 472, "OMedia": 307, "OTotal": 779, "Aceleracio": 0, "DANE12_EST": "111769003122", "Educacion_": 0 }, "geometry": { "type": "Point", "coordinates": [ -74.087889999568219, 4.732399999950873 ] } },
{ "type": "Feature", "properties": { "NOMBRE_EST": "COLEGIO VILLA ELISA (IED)", "GENERO": 5, "COD_LOCA": "11", "CLASE_TIPO": 1, "FECHA": "2025-03-31T00:00:00", "OPreescola": 75, "OPrimaria": 483, "OSecundari": 320, "OMedia": 0, "OTotal": 878, "Aceleracio": 0, "DANE12_EST": "111769003122", "Educacion_": 0 }, "geometry": { "type": "Point", "coordinates": [ -74.093360000335025, 4.722739999662408 ] } },
{ "type": "Feature", "properties": { "NOMBRE_EST": "COLEGIO VILLA ELISA (IED)", "GENERO": 5, "COD_LOCA": "11", "CLASE_TIPO": 1, "FECHA": "2025-03-31T00:00:00", "OPreescola": 50, "OPrimaria": 333, "OSecundari": 0, "OMedia": 0, "OTotal": 383, "Aceleracio": 0, "DANE12_EST": "111769003122", "Educacion_": 0 }, "geometry": { "type": "Point", "coordinates": [ -74.08872999981736, 4.727840000317124 ] } },
{ "type": "Feature", "properties": { "NOMBRE_EST": "COLEGIO REPUBLICA DOMINICANA (IED)", "GENERO": 5, "COD_LOCA": "11", "CLASE_TIPO": 1, "FECHA": "2025-03-31T00:00:00", "OPreescola": 407, "OPrimaria": 1260, "OSecundari": 1280, "OMedia": 480, "OTotal": 3427, "Aceleracio": 0, "DANE12_EST": "111769003360", "Educacion_": 0 }, "geometry": { "type": "Point", "coordinates": [ -74.108969999874347, 4.73926000010649 ] } },
{ "type": "Feature", "properties": { "NOMBRE_EST": "COLEGIO REPUBLICA DOMINICANA (IED)", "GENERO": 5, "COD_LOCA": "11", "CLASE_TIPO": 1, "FECHA": "2025-03-31T00:00:00", "OPreescola": 220, "OPrimaria": 596, "OSecundari": 532, "OMedia": 296, "OTotal": 1719, "Aceleracio": 75, "DANE12_EST": "111769003360", "Educacion_": 0 }, "geometry": { "type": "Point", "coordinates": [ -74.107720000444701, 4.734759999666133 ] } },
{ "type": "Feature", "properties": { "NOMBRE_EST": "COLEGIO JUAN LOZANO Y LOZANO (IED)", "GENERO": 5, "COD_LOCA": "11", "CLASE_TIPO": 1, "FECHA": "2025-03-31T00:00:00", "OPreescola": 0, "OPrimaria": 0, "OSecundari": 600, "OMedia": 520, "OTotal": 1640, "Aceleracio": 0, "DANE12_EST": "111769003416", "Educacion_": 520 }, "geometry": { "type": "Point", "coordinates": [ -74.093039999769573, 4.740900000029842 ] } },
{ "type": "Feature", "properties": { "NOMBRE_EST": "COLEGIO JUAN LOZANO Y LOZANO (IED)", "GENERO": 5, "COD_LOCA": "11", "CLASE_TIPO": 1, "FECHA": "2025-03-31T00:00:00", "OPreescola": 94, "OPrimaria": 1190, "OSecundari": 715, "OMedia": 0, "OTotal": 1999, "Aceleracio": 0, "DANE12_EST": "111769003416", "Educacion_": 0 }, "geometry": { "type": "Point", "coordinates": [ -74.086319999573121, 4.754730000337018 ] } },
{ "type": "Feature", "properties": { "NOMBRE_EST": "COLEGIO JUAN LOZANO Y LOZANO (IED)", "GENERO": 5, "COD_LOCA": "11", "CLASE_TIPO": 1, "FECHA": "2025-03-31T00:00:00", "OPreescola": 449, "OPrimaria": 0, "OSecundari": 0, "OMedia": 0, "OTotal": 449, "Aceleracio": 0, "DANE12_EST": "111769003416", "Educacion_": 0 }, "geometry": { "type": "Point", "coordinates": [ -74.094470000022596, 4.752719999572731 ] } },
{ "type": "Feature", "properties": { "NOMBRE_EST": "COLEGIO GERARDO PAREDES (IED)", "GENERO": 5, "COD_LOCA": "11", "CLASE_TIPO": 1, "FECHA": "2025-03-31T00:00:00", "OPreescola": 569, "OPrimaria": 1446, "OSecundari": 997, "OMedia": 435, "OTotal": 5167, "Aceleracio": 479, "DANE12_EST": "111769003424", "Educacion_": 1241 }, "geometry": { "type": "Point", "coordinates": [ -74.093649999864937, 4.725879999558342 ] } },
{ "type": "Feature", "properties": { "NOMBRE_EST": "COLEGIO GERARDO PAREDES (IED)", "GENERO": 5, "COD_LOCA": "11", "CLASE_TIPO": 1, "FECHA": "2025-03-31T00:00:00", "OPreescola": 104, "OPrimaria": 336, "OSecundari": 0, "OMedia": 0, "OTotal": 440, "Aceleracio": 0, "DANE12_EST": "111769003424", "Educacion_": 0 }, "geometry": { "type": "Point", "coordinates": [ -74.092869999890269, 4.718679999873543 ] } },
{ "type": "Feature", "properties": { "NOMBRE_EST": "COLEGIO HUNZA (IED)", "GENERO": 5, "COD_LOCA": "11", "CLASE_TIPO": 1, "FECHA": "2025-03-31T00:00:00", "OPreescola": 0, "OPrimaria": 102, "OSecundari": 510, "OMedia": 0, "OTotal": 612, "Aceleracio": 0, "DANE12_EST": "111769004188", "Educacion_": 0 }, "geometry": { "type": "Point", "coordinates": [ -74.083150000344006, 4.72332999984395 ] } },
{ "type": "Feature", "properties": { "NOMBRE_EST": "COLEGIO HUNZA (IED)", "GENERO": 5, "COD_LOCA": "11", "CLASE_TIPO": 1, "FECHA": "2025-03-31T00:00:00", "OPreescola": 136, "OPrimaria": 30, "OSecundari": 76, "OMedia": 228, "OTotal": 470, "Aceleracio": 0, "DANE12_EST": "111769004188", "Educacion_": 0 }, "geometry": { "type": "Point", "coordinates": [ -74.087270000325432, 4.720719999746952 ] } },
{ "type": "Feature", "properties": { "NOMBRE_EST": "COLEGIO HUNZA (IED)", "GENERO": 5, "COD_LOCA": "11", "CLASE_TIPO": 1, "FECHA": "2025-03-31T00:00:00", "OPreescola": 0, "OPrimaria": 612, "OSecundari": 0, "OMedia": 0, "OTotal": 612, "Aceleracio": 0, "DANE12_EST": "111769004188", "Educacion_": 0 }, "geometry": { "type": "Point", "coordinates": [ -74.085630000010127, 4.72049000000851 ] } },
{ "type": "Feature", "properties": { "NOMBRE_EST": "COLEGIO HUNZA (IED)", "GENERO": 5, "COD_LOCA": "11", "CLASE_TIPO": 1, "FECHA": "2025-03-31T00:00:00", "OPreescola": 243, "OPrimaria": 0, "OSecundari": 0, "OMedia": 0, "OTotal": 243, "Aceleracio": 0, "DANE12_EST": "111769004188", "Educacion_": 0 }, "geometry": { "type": "Point", "coordinates": [ -74.088279999555553, 4.721569999714653 ] } },
{ "type": "Feature", "properties": { "NOMBRE_EST": "COLEGIO FEMENINO LORENCITA VILLEGAS DE SANTOS (IED)", "GENERO": 1, "COD_LOCA": "12", "CLASE_TIPO": 1, "FECHA": "2025-03-31T00:00:00", "OPreescola": 0, "OPrimaria": 180, "OSecundari": 240, "OMedia": 110, "OTotal": 530, "Aceleracio": 0, "DANE12_EST": "111001000612", "Educacion_": 0 }, "geometry": { "type": "Point", "coordinates": [ -74.071940000270274, 4.672620000247264 ] } },
{ "type": "Feature", "properties": { "NOMBRE_EST": "COLEGIO FEMENINO LORENCITA VILLEGAS DE SANTOS (IED)", "GENERO": 1, "COD_LOCA": "12", "CLASE_TIPO": 1, "FECHA": "2025-03-31T00:00:00", "OPreescola": 66, "OPrimaria": 120, "OSecundari": 0, "OMedia": 0, "OTotal": 186, "Aceleracio": 0, "DANE12_EST": "111001000612", "Educacion_": 0 }, "geometry": { "type": "Point", "coordinates": [ -74.070419999605576, 4.673160000222874 ] } },
{ "type": "Feature", "properties": { "NOMBRE_EST": "COLEGIO TECNICO DOMINGO FAUSTINO SARMIENTO (IED)", "GENERO": 5, "COD_LOCA": "12", "CLASE_TIPO": 1, "FECHA": "2025-03-31T00:00:00", "OPreescola": 42, "OPrimaria": 0, "OSecundari": 480, "OMedia": 210, "OTotal": 732, "Aceleracio": 0, "DANE12_EST": "111001008389", "Educacion_": 0 }, "geometry": { "type": "Point", "coordinates": [ -74.066549999869395, 4.684800000349864 ] } },
{ "type": "Feature", "properties": { "NOMBRE_EST": "COLEGIO TECNICO DOMINGO FAUSTINO SARMIENTO (IED)", "GENERO": 5, "COD_LOCA": "12", "CLASE_TIPO": 1, "FECHA": "2025-03-31T00:00:00", "OPreescola": 0, "OPrimaria": 198, "OSecundari": 0, "OMedia": 0, "OTotal": 198, "Aceleracio": 0, "DANE12_EST": "111001008389", "Educacion_": 0 }, "geometry": { "type": "Point", "coordinates": [ -74.06667999956575, 4.680550000376934 ] } },
{ "type": "Feature", "properties": { "NOMBRE_EST": "COLEGIO TECNICO DOMINGO FAUSTINO SARMIENTO (IED)", "GENERO": 5, "COD_LOCA": "12", "CLASE_TIPO": 1, "FECHA": "2025-03-31T00:00:00", "OPreescola": 107, "OPrimaria": 54, "OSecundari": 0, "OMedia": 0, "OTotal": 161, "Aceleracio": 0, "DANE12_EST": "111001008389", "Educacion_": 0 }, "geometry": { "type": "Point", "coordinates": [ -74.063379999741983, 4.684220000419582 ] } },
{ "type": "Feature", "properties": { "NOMBRE_EST": "COLEGIO TECNICO DOMINGO FAUSTINO SARMIENTO (IED)", "GENERO": 5, "COD_LOCA": "12", "CLASE_TIPO": 1, "FECHA": "2025-03-31T00:00:00", "OPreescola": 0, "OPrimaria": 233, "OSecundari": 0, "OMedia": 0, "OTotal": 233, "Aceleracio": 0, "DANE12_EST": "111001008389", "Educacion_": 0 }, "geometry": { "type": "Point", "coordinates": [ -74.063419999924946, 4.683060000011136 ] } },
{ "type": "Feature", "properties": { "NOMBRE_EST": "COLEGIO HELADIA MEJIA (IED)", "GENERO": 5, "COD_LOCA": "12", "CLASE_TIPO": 1, "FECHA": "2025-03-31T00:00:00", "OPreescola": 0, "OPrimaria": 0, "OSecundari": 480, "OMedia": 202, "OTotal": 682, "Aceleracio": 0, "DANE12_EST": "111001009148", "Educacion_": 0 }, "geometry": { "type": "Point", "coordinates": [ -74.065739999757497, 4.653119999835449 ] } },
{ "type": "Feature", "properties": { "NOMBRE_EST": "COLEGIO HELADIA MEJIA (IED)", "GENERO": 5, "COD_LOCA": "12", "CLASE_TIPO": 1, "FECHA": "2025-03-31T00:00:00", "OPreescola": 80, "OPrimaria": 551, "OSecundari": 0, "OMedia": 0, "OTotal": 631, "Aceleracio": 0, "DANE12_EST": "111001009148", "Educacion_": 0 }, "geometry": { "type": "Point", "coordinates": [ -74.069370000192464, 4.654540000235014 ] } },
{ "type": "Feature", "properties": { "NOMBRE_EST": "COLEGIO JORGE ELIECER GAITAN (IED)", "GENERO": 5, "COD_LOCA": "12", "CLASE_TIPO": 1, "FECHA": "2025-03-31T00:00:00", "OPreescola": 0, "OPrimaria": 0, "OSecundari": 665, "OMedia": 350, "OTotal": 1015, "Aceleracio": 0, "DANE12_EST": "111001010421", "Educacion_": 0 }, "geometry": { "type": "Point", "coordinates": [ -74.081079999858389, 4.665069999954179 ] } },
{ "type": "Feature", "properties": { "NOMBRE_EST": "COLEGIO JORGE ELIECER GAITAN (IED)", "GENERO": 5, "COD_LOCA": "12", "CLASE_TIPO": 1, "FECHA": "2025-03-31T00:00:00", "OPreescola": 0, "OPrimaria": 528, "OSecundari": 0, "OMedia": 0, "OTotal": 528, "Aceleracio": 0, "DANE12_EST": "111001010421", "Educacion_": 0 }, "geometry": { "type": "Point", "coordinates": [ -74.079390000212697, 4.671919999825591 ] } },
{ "type": "Feature", "properties": { "NOMBRE_EST": "COLEGIO JORGE ELIECER GAITAN (IED)", "GENERO": 5, "COD_LOCA": "12", "CLASE_TIPO": 1, "FECHA": "2025-03-31T00:00:00", "OPreescola": 174, "OPrimaria": 0, "OSecundari": 0, "OMedia": 0, "OTotal": 174, "Aceleracio": 0, "DANE12_EST": "111001010421", "Educacion_": 0 }, "geometry": { "type": "Point", "coordinates": [ -74.080459999717277, 4.664760000290894 ] } },
{ "type": "Feature", "properties": { "NOMBRE_EST": "COLEGIO REPUBLICA DE PANAMA (IED)", "GENERO": 5, "COD_LOCA": "12", "CLASE_TIPO": 1, "FECHA": "2025-03-31T00:00:00", "OPreescola": 5, "OPrimaria": 155, "OSecundari": 320, "OMedia": 66, "OTotal": 546, "Aceleracio": 0, "DANE12_EST": "111001011088", "Educacion_": 0 }, "geometry": { "type": "Point", "coordinates": [ -74.076909999648251, 4.673380000425277 ] } },
{ "type": "Feature", "properties": { "NOMBRE_EST": "COLEGIO REPUBLICA DE PANAMA (IED)", "GENERO": 5, "COD_LOCA": "12", "CLASE_TIPO": 1, "FECHA": "2025-03-31T00:00:00", "OPreescola": 80, "OPrimaria": 0, "OSecundari": 0, "OMedia": 0, "OTotal": 80, "Aceleracio": 0, "DANE12_EST": "111001011088", "Educacion_": 0 }, "geometry": { "type": "Point", "coordinates": [ -74.081679999908019, 4.673329999896965 ] } },
{ "type": "Feature", "properties": { "NOMBRE_EST": "COLEGIO REPUBLICA DE PANAMA (IED)", "GENERO": 5, "COD_LOCA": "12", "CLASE_TIPO": 1, "FECHA": "2025-03-31T00:00:00", "OPreescola": 0, "OPrimaria": 225, "OSecundari": 0, "OMedia": 0, "OTotal": 225, "Aceleracio": 0, "DANE12_EST": "111001011088", "Educacion_": 0 }, "geometry": { "type": "Point", "coordinates": [ -74.076600000026858, 4.676390000408388 ] } },
{ "type": "Feature", "properties": { "NOMBRE_EST": "COLEGIO FRANCISCO PRIMERO S.S. (IED)", "GENERO": 5, "COD_LOCA": "12", "CLASE_TIPO": 1, "FECHA": "2025-03-31T00:00:00", "OPreescola": 104, "OPrimaria": 210, "OSecundari": 140, "OMedia": 0, "OTotal": 529, "Aceleracio": 75, "DANE12_EST": "111001024830", "Educacion_": 0 }, "geometry": { "type": "Point", "coordinates": [ -74.075719999594767, 4.65213999960412 ] } },
{ "type": "Feature", "properties": { "NOMBRE_EST": "COLEGIO FRANCISCO PRIMERO S.S. (IED)", "GENERO": 5, "COD_LOCA": "12", "CLASE_TIPO": 1, "FECHA": "2025-03-31T00:00:00", "OPreescola": 0, "OPrimaria": 0, "OSecundari": 140, "OMedia": 175, "OTotal": 417, "Aceleracio": 102, "DANE12_EST": "111001024830", "Educacion_": 0 }, "geometry": { "type": "Point", "coordinates": [ -74.07522000000256, 4.660259999590798 ] } },
{ "type": "Feature", "properties": { "NOMBRE_EST": "COLEGIO FRANCISCO PRIMERO S.S. (IED)", "GENERO": 5, "COD_LOCA": "12", "CLASE_TIPO": 1, "FECHA": "2025-03-31T00:00:00", "OPreescola": 178, "OPrimaria": 231, "OSecundari": 0, "OMedia": 0, "OTotal": 409, "Aceleracio": 0, "DANE12_EST": "111001024830", "Educacion_": 0 }, "geometry": { "type": "Point", "coordinates": [ -74.073330000340334, 4.666890000357423 ] } },
{ "type": "Feature", "properties": { "NOMBRE_EST": "COLEGIO RAFAEL BERNAL JIMENEZ (IED)", "GENERO": 5, "COD_LOCA": "12", "CLASE_TIPO": 1, "FECHA": "2025-03-31T00:00:00", "OPreescola": 40, "OPrimaria": 105, "OSecundari": 440, "OMedia": 210, "OTotal": 820, "Aceleracio": 25, "DANE12_EST": "111001028258", "Educacion_": 0 }, "geometry": { "type": "Point", "coordinates": [ -74.073500000219639, 4.671850000192637 ] } },
{ "type": "Feature", "properties": { "NOMBRE_EST": "COLEGIO RAFAEL BERNAL JIMENEZ (IED)", "GENERO": 5, "COD_LOCA": "12", "CLASE_TIPO": 1, "FECHA": "2025-03-31T00:00:00", "OPreescola": 135, "OPrimaria": 420, "OSecundari": 0, "OMedia": 0, "OTotal": 555, "Aceleracio": 0, "DANE12_EST": "111001028258", "Educacion_": 0 }, "geometry": { "type": "Point", "coordinates": [ -74.072360000394838, 4.674229999907249 ] } },
{ "type": "Feature", "properties": { "NOMBRE_EST": "COLEGIO JUAN FRANCISCO BERBEO (IED)", "GENERO": 5, "COD_LOCA": "12", "CLASE_TIPO": 1, "FECHA": "2025-03-31T00:00:00", "OPreescola": 0, "OPrimaria": 247, "OSecundari": 364, "OMedia": 357, "OTotal": 968, "Aceleracio": 0, "DANE12_EST": "111001029912", "Educacion_": 0 }, "geometry": { "type": "Point", "coordinates": [ -74.066870000434875, 4.671040000350399 ] } },
{ "type": "Feature", "properties": { "NOMBRE_EST": "COLEGIO JUAN FRANCISCO BERBEO (IED)", "GENERO": 5, "COD_LOCA": "12", "CLASE_TIPO": 1, "FECHA": "2025-03-31T00:00:00", "OPreescola": 75, "OPrimaria": 155, "OSecundari": 0, "OMedia": 0, "OTotal": 255, "Aceleracio": 25, "DANE12_EST": "111001029912", "Educacion_": 0 }, "geometry": { "type": "Point", "coordinates": [ -74.063490000245153, 4.66686000030049 ] } },
{ "type": "Feature", "properties": { "NOMBRE_EST": "COLEGIO TOMAS CARRASQUILLA (IED)", "GENERO": 5, "COD_LOCA": "12", "CLASE_TIPO": 1, "FECHA": "2025-03-31T00:00:00", "OPreescola": 0, "OPrimaria": 105, "OSecundari": 595, "OMedia": 299, "OTotal": 999, "Aceleracio": 0, "DANE12_EST": "111001032255", "Educacion_": 0 }, "geometry": { "type": "Point", "coordinates": [ -74.08055000012898, 4.675959999923501 ] } },
{ "type": "Feature", "properties": { "NOMBRE_EST": "COLEGIO TOMAS CARRASQUILLA (IED)", "GENERO": 5, "COD_LOCA": "12", "CLASE_TIPO": 1, "FECHA": "2025-03-31T00:00:00", "OPreescola": 144, "OPrimaria": 482, "OSecundari": 0, "OMedia": 0, "OTotal": 626, "Aceleracio": 0, "DANE12_EST": "111001032255", "Educacion_": 0 }, "geometry": { "type": "Point", "coordinates": [ -74.080360000158166, 4.676889999765748 ] } },
{ "type": "Feature", "properties": { "NOMBRE_EST": "COLEGIO MANUELA BELTRAN (IED)", "GENERO": 5, "COD_LOCA": "13", "CLASE_TIPO": 1, "FECHA": "2025-03-31T00:00:00", "OPreescola": 3, "OPrimaria": 118, "OSecundari": 571, "OMedia": 246, "OTotal": 1157, "Aceleracio": 0, "DANE12_EST": "111001010731", "Educacion_": 219 }, "geometry": { "type": "Point", "coordinates": [ -74.066420000173068, 4.644450000313972 ] } },
{ "type": "Feature", "properties": { "NOMBRE_EST": "COLEGIO MANUELA BELTRAN (IED)", "GENERO": 5, "COD_LOCA": "13", "CLASE_TIPO": 1, "FECHA": "2025-03-31T00:00:00", "OPreescola": 120, "OPrimaria": 419, "OSecundari": 0, "OMedia": 0, "OTotal": 539, "Aceleracio": 0, "DANE12_EST": "111001010731", "Educacion_": 0 }, "geometry": { "type": "Point", "coordinates": [ -74.081689999953753, 4.629720000125569 ] } },
{ "type": "Feature", "properties": { "NOMBRE_EST": "COLEGIO TECNICO PALERMO (IED)", "GENERO": 5, "COD_LOCA": "13", "CLASE_TIPO": 1, "FECHA": "2025-03-31T00:00:00", "OPreescola": 95, "OPrimaria": 555, "OSecundari": 407, "OMedia": 224, "OTotal": 1281, "Aceleracio": 0, "DANE12_EST": "111001094897", "Educacion_": 0 }, "geometry": { "type": "Point", "coordinates": [ -74.07422999996561, 4.638110000360057 ] } },
{ "type": "Feature", "properties": { "NOMBRE_EST": "COLEGIO EDUARDO SANTOS (IED)", "GENERO": 5, "COD_LOCA": "14", "CLASE_TIPO": 1, "FECHA": "2025-03-31T00:00:00", "OPreescola": 30, "OPrimaria": 465, "OSecundari": 358, "OMedia": 141, "OTotal": 1167, "Aceleracio": 173, "DANE12_EST": "111001014001", "Educacion_": 0 }, "geometry": { "type": "Point", "coordinates": [ -74.092200000418757, 4.594400000259523 ] } },
{ "type": "Feature", "properties": { "NOMBRE_EST": "COLEGIO EDUARDO SANTOS (IED)", "GENERO": 5, "COD_LOCA": "14", "CLASE_TIPO": 1, "FECHA": "2025-03-31T00:00:00", "OPreescola": 137, "OPrimaria": 0, "OSecundari": 0, "OMedia": 0, "OTotal": 137, "Aceleracio": 0, "DANE12_EST": "111001014001", "Educacion_": 0 }, "geometry": { "type": "Point", "coordinates": [ -74.095799999818183, 4.596819999769339 ] } },
{ "type": "Feature", "properties": { "NOMBRE_EST": "COLEGIO REPUBLICA BOLIVARIANA DE VENEZUELA (IED)", "GENERO": 5, "COD_LOCA": "14", "CLASE_TIPO": 1, "FECHA": "2025-03-31T00:00:00", "OPreescola": 12, "OPrimaria": 60, "OSecundari": 236, "OMedia": 105, "OTotal": 413, "Aceleracio": 0, "DANE12_EST": "111001016250", "Educacion_": 0 }, "geometry": { "type": "Point", "coordinates": [ -74.079469999680313, 4.615149999903115 ] } },
{ "type": "Feature", "properties": { "NOMBRE_EST": "COLEGIO REPUBLICA BOLIVARIANA DE VENEZUELA (IED)", "GENERO": 5, "COD_LOCA": "14", "CLASE_TIPO": 1, "FECHA": "2025-03-31T00:00:00", "OPreescola": 120, "OPrimaria": 252, "OSecundari": 0, "OMedia": 0, "OTotal": 372, "Aceleracio": 0, "DANE12_EST": "111001016250", "Educacion_": 0 }, "geometry": { "type": "Point", "coordinates": [ -74.083199999674392, 4.618420000052297 ] } },
{ "type": "Feature", "properties": { "NOMBRE_EST": "COLEGIO SAN FRANCISCO DE ASIS (IED)", "GENERO": 5, "COD_LOCA": "14", "CLASE_TIPO": 1, "FECHA": "2025-03-31T00:00:00", "OPreescola": 1, "OPrimaria": 0, "OSecundari": 494, "OMedia": 159, "OTotal": 654, "Aceleracio": 0, "DANE12_EST": "111001016772", "Educacion_": 0 }, "geometry": { "type": "Point", "coordinates": [ -74.092239999703423, 4.594189999803675 ] } },
{ "type": "Feature", "properties": { "NOMBRE_EST": "COLEGIO SAN FRANCISCO DE ASIS (IED)", "GENERO": 5, "COD_LOCA": "14", "CLASE_TIPO": 1, "FECHA": "2025-03-31T00:00:00", "OPreescola": 210, "OPrimaria": 444, "OSecundari": 0, "OMedia": 0, "OTotal": 654, "Aceleracio": 0, "DANE12_EST": "111001016772", "Educacion_": 0 }, "geometry": { "type": "Point", "coordinates": [ -74.09428000005181, 4.59634999961943 ] } },
{ "type": "Feature", "properties": { "NOMBRE_EST": "COLEGIO LICEO NACIONAL ANTONIA SANTOS (IED)", "GENERO": 5, "COD_LOCA": "14", "CLASE_TIPO": 1, "FECHA": "2025-03-31T00:00:00", "OPreescola": 35, "OPrimaria": 0, "OSecundari": 528, "OMedia": 221, "OTotal": 784, "Aceleracio": 0, "DANE12_EST": "111001019526", "Educacion_": 0 }, "geometry": { "type": "Point", "coordinates": [ -74.087990000025641, 4.608299999822037 ] } },
{ "type": "Feature", "properties": { "NOMBRE_EST": "COLEGIO LICEO NACIONAL ANTONIA SANTOS (IED)", "GENERO": 5, "COD_LOCA": "14", "CLASE_TIPO": 1, "FECHA": "2025-03-31T00:00:00", "OPreescola": 123, "OPrimaria": 700, "OSecundari": 0, "OMedia": 0, "OTotal": 823, "Aceleracio": 0, "DANE12_EST": "111001019526", "Educacion_": 0 }, "geometry": { "type": "Point", "coordinates": [ -74.088010000117137, 4.607840000048886 ] } },
{ "type": "Feature", "properties": { "NOMBRE_EST": "COLEGIO LICEO NACIONAL AGUSTIN NIETO CABALLERO (IED)", "GENERO": 5, "COD_LOCA": "14", "CLASE_TIPO": 1, "FECHA": "2025-03-31T00:00:00", "OPreescola": 102, "OPrimaria": 355, "OSecundari": 220, "OMedia": 66, "OTotal": 923, "Aceleracio": 180, "DANE12_EST": "111001025313", "Educacion_": 0 }, "geometry": { "type": "Point", "coordinates": [ -74.085910000392616, 4.605500000332637 ] } },
{ "type": "Feature", "properties": { "NOMBRE_EST": "COLEGIO TECNICO MENORAH (IED)", "GENERO": 1, "COD_LOCA": "14", "CLASE_TIPO": 1, "FECHA": "2025-03-31T00:00:00", "OPreescola": 74, "OPrimaria": 509, "OSecundari": 467, "OMedia": 183, "OTotal": 1233, "Aceleracio": 0, "DANE12_EST": "111001026069", "Educacion_": 0 }, "geometry": { "type": "Point", "coordinates": [ -74.092679999919469, 4.594119999637993 ] } },
{ "type": "Feature", "properties": { "NOMBRE_EST": "COLEGIO TECNICO MENORAH (IED)", "GENERO": 1, "COD_LOCA": "14", "CLASE_TIPO": 1, "FECHA": "2025-03-31T00:00:00", "OPreescola": 63, "OPrimaria": 0, "OSecundari": 0, "OMedia": 0, "OTotal": 63, "Aceleracio": 0, "DANE12_EST": "111001026069", "Educacion_": 0 }, "geometry": { "type": "Point", "coordinates": [ -74.103419999639911, 4.596190000355018 ] } },
{ "type": "Feature", "properties": { "NOMBRE_EST": "COLEGIO PANAMERICANO (IED)", "GENERO": 5, "COD_LOCA": "14", "CLASE_TIPO": 1, "FECHA": "2025-03-31T00:00:00", "OPreescola": 141, "OPrimaria": 313, "OSecundari": 190, "OMedia": 80, "OTotal": 2779, "Aceleracio": 500, "DANE12_EST": "111001030856", "Educacion_": 1555 }, "geometry": { "type": "Point", "coordinates": [ -74.078810000254563, 4.623040000366042 ] } },
{ "type": "Feature", "properties": { "NOMBRE_EST": "COLEGIO RICAURTE (IED)", "GENERO": 5, "COD_LOCA": "14", "CLASE_TIPO": 1, "FECHA": "2025-03-31T00:00:00", "OPreescola": 90, "OPrimaria": 70, "OSecundari": 315, "OMedia": 125, "OTotal": 600, "Aceleracio": 0, "DANE12_EST": "111001041459", "Educacion_": 0 }, "geometry": { "type": "Point", "coordinates": [ -74.093989999623574, 4.60616000041234 ] } },
{ "type": "Feature", "properties": { "NOMBRE_EST": "COLEGIO RICAURTE (IED)", "GENERO": 5, "COD_LOCA": "14", "CLASE_TIPO": 1, "FECHA": "2025-03-31T00:00:00", "OPreescola": 100, "OPrimaria": 350, "OSecundari": 0, "OMedia": 0, "OTotal": 450, "Aceleracio": 0, "DANE12_EST": "111001041459", "Educacion_": 0 }, "geometry": { "type": "Point", "coordinates": [ -74.094720000267856, 4.61019999997416 ] } },
{ "type": "Feature", "properties": { "NOMBRE_EST": "COLEGIO GUILLERMO LEON VALENCIA (IED)", "GENERO": 5, "COD_LOCA": "15", "CLASE_TIPO": 1, "FECHA": "2025-03-31T00:00:00", "OPreescola": 0, "OPrimaria": 385, "OSecundari": 480, "OMedia": 280, "OTotal": 1594, "Aceleracio": 205, "DANE12_EST": "111001011053", "Educacion_": 244 }, "geometry": { "type": "Point", "coordinates": [ -74.101089999761612, 4.587139999922156 ] } },
{ "type": "Feature", "properties": { "NOMBRE_EST": "COLEGIO GUILLERMO LEON VALENCIA (IED)", "GENERO": 5, "COD_LOCA": "15", "CLASE_TIPO": 1, "FECHA": "2025-03-31T00:00:00", "OPreescola": 0, "OPrimaria": 118, "OSecundari": 0, "OMedia": 0, "OTotal": 118, "Aceleracio": 0, "DANE12_EST": "111001011053", "Educacion_": 0 }, "geometry": { "type": "Point", "coordinates": [ -74.102970000276443, 4.588869999868653 ] } },
{ "type": "Feature", "properties": { "NOMBRE_EST": "COLEGIO GUILLERMO LEON VALENCIA (IED)", "GENERO": 5, "COD_LOCA": "15", "CLASE_TIPO": 1, "FECHA": "2025-03-31T00:00:00", "OPreescola": 90, "OPrimaria": 70, "OSecundari": 0, "OMedia": 0, "OTotal": 160, "Aceleracio": 0, "DANE12_EST": "111001011053", "Educacion_": 0 }, "geometry": { "type": "Point", "coordinates": [ -74.093609999681973, 4.591309999720962 ] } },
{ "type": "Feature", "properties": { "NOMBRE_EST": "COLEGIO ESCUELA NORMAL SUPERIOR DISTRITAL MARIA MONTESSORI (IED)", "GENERO": 5, "COD_LOCA": "15", "CLASE_TIPO": 1, "FECHA": "2025-03-31T00:00:00", "OPreescola": 0, "OPrimaria": 813, "OSecundari": 0, "OMedia": 0, "OTotal": 813, "Aceleracio": 0, "DANE12_EST": "111001011908", "Educacion_": 0 }, "geometry": { "type": "Point", "coordinates": [ -74.096979999825948, 4.585199999847118 ] } },
{ "type": "Feature", "properties": { "NOMBRE_EST": "COLEGIO ESCUELA NORMAL SUPERIOR DISTRITAL MARIA MONTESSORI (IED)", "GENERO": 5, "COD_LOCA": "15", "CLASE_TIPO": 1, "FECHA": "2025-03-31T00:00:00", "OPreescola": 425, "OPrimaria": 0, "OSecundari": 799, "OMedia": 641, "OTotal": 1865, "Aceleracio": 0, "DANE12_EST": "111001011908", "Educacion_": 0 }, "geometry": { "type": "Point", "coordinates": [ -74.093469999939884, 4.586180000358984 ] } },
{ "type": "Feature", "properties": { "NOMBRE_EST": "COLEGIO ATANASIO GIRARDOT (IED)", "GENERO": 5, "COD_LOCA": "15", "CLASE_TIPO": 1, "FECHA": "2025-03-31T00:00:00", "OPreescola": 0, "OPrimaria": 931, "OSecundari": 934, "OMedia": 389, "OTotal": 2254, "Aceleracio": 0, "DANE12_EST": "111001012602", "Educacion_": 0 }, "geometry": { "type": "Point", "coordinates": [ -74.104589999601927, 4.594350000412429 ] } },
{ "type": "Feature", "properties": { "NOMBRE_EST": "COLEGIO ATANASIO GIRARDOT (IED)", "GENERO": 5, "COD_LOCA": "15", "CLASE_TIPO": 1, "FECHA": "2025-03-31T00:00:00", "OPreescola": 237, "OPrimaria": 0, "OSecundari": 0, "OMedia": 0, "OTotal": 237, "Aceleracio": 0, "DANE12_EST": "111001012602", "Educacion_": 0 }, "geometry": { "type": "Point", "coordinates": [ -74.097450000179236, 4.593019999969393 ] } },
{ "type": "Feature", "properties": { "NOMBRE_EST": "COLEGIO ATANASIO GIRARDOT (IED)", "GENERO": 5, "COD_LOCA": "15", "CLASE_TIPO": 1, "FECHA": "2025-03-31T00:00:00", "OPreescola": 120, "OPrimaria": 0, "OSecundari": 0, "OMedia": 0, "OTotal": 120, "Aceleracio": 0, "DANE12_EST": "111001012602", "Educacion_": 0 }, "geometry": { "type": "Point", "coordinates": [ -74.109939999819829, 4.593999999593799 ] } },
{ "type": "Feature", "properties": { "NOMBRE_EST": "COLEGIO FRANCISCO DE PAULA SANTANDER (IED)", "GENERO": 5, "COD_LOCA": "15", "CLASE_TIPO": 1, "FECHA": "2025-03-31T00:00:00", "OPreescola": 0, "OPrimaria": 0, "OSecundari": 400, "OMedia": 190, "OTotal": 590, "Aceleracio": 0, "DANE12_EST": "111001014630", "Educacion_": 0 }, "geometry": { "type": "Point", "coordinates": [ -74.097569999829801, 4.590510000072092 ] } },
{ "type": "Feature", "properties": { "NOMBRE_EST": "COLEGIO FRANCISCO DE PAULA SANTANDER (IED)", "GENERO": 5, "COD_LOCA": "15", "CLASE_TIPO": 1, "FECHA": "2025-03-31T00:00:00", "OPreescola": 75, "OPrimaria": 325, "OSecundari": 0, "OMedia": 0, "OTotal": 400, "Aceleracio": 0, "DANE12_EST": "111001014630", "Educacion_": 0 }, "geometry": { "type": "Point", "coordinates": [ -74.11387999987619, 4.591039999872579 ] } },
{ "type": "Feature", "properties": { "NOMBRE_EST": "COLEGIO TECNICO JAIME PARDO LEAL (IED)", "GENERO": 5, "COD_LOCA": "15", "CLASE_TIPO": 1, "FECHA": "2025-03-31T00:00:00", "OPreescola": 188, "OPrimaria": 544, "OSecundari": 436, "OMedia": 196, "OTotal": 1364, "Aceleracio": 0, "DANE12_EST": "111001086720", "Educacion_": 0 }, "geometry": { "type": "Point", "coordinates": [ -74.088400000104471, 4.586089999774106 ] } },
{ "type": "Feature", "properties": { "NOMBRE_EST": "COLEGIO DE CULTURA POPULAR (IED)", "GENERO": 5, "COD_LOCA": "16", "CLASE_TIPO": 1, "FECHA": "2025-03-31T00:00:00", "OPreescola": 0, "OPrimaria": 0, "OSecundari": 322, "OMedia": 202, "OTotal": 524, "Aceleracio": 0, "DANE12_EST": "111001000078", "Educacion_": 0 }, "geometry": { "type": "Point", "coordinates": [ -74.120450000284805, 4.60627000021681 ] } },
{ "type": "Feature", "properties": { "NOMBRE_EST": "COLEGIO DE CULTURA POPULAR (IED)", "GENERO": 5, "COD_LOCA": "16", "CLASE_TIPO": 1, "FECHA": "2025-03-31T00:00:00", "OPreescola": 135, "OPrimaria": 159, "OSecundari": 0, "OMedia": 0, "OTotal": 294, "Aceleracio": 0, "DANE12_EST": "111001000078", "Educacion_": 0 }, "geometry": { "type": "Point", "coordinates": [ -74.123699999879875, 4.597929999940628 ] } },
{ "type": "Feature", "properties": { "NOMBRE_EST": "COLEGIO DE CULTURA POPULAR (IED)", "GENERO": 5, "COD_LOCA": "16", "CLASE_TIPO": 1, "FECHA": "2025-03-31T00:00:00", "OPreescola": 0, "OPrimaria": 240, "OSecundari": 34, "OMedia": 0, "OTotal": 274, "Aceleracio": 0, "DANE12_EST": "111001000078", "Educacion_": 0 }, "geometry": { "type": "Point", "coordinates": [ -74.122830000391815, 4.598950000315717 ] } },
{ "type": "Feature", "properties": { "NOMBRE_EST": "COLEGIO LA MERCED (IED)", "GENERO": 5, "COD_LOCA": "16", "CLASE_TIPO": 1, "FECHA": "2025-03-31T00:00:00", "OPreescola": 120, "OPrimaria": 538, "OSecundari": 486, "OMedia": 249, "OTotal": 1393, "Aceleracio": 0, "DANE12_EST": "111001006122", "Educacion_": 0 }, "geometry": { "type": "Point", "coordinates": [ -74.101350000052619, 4.622370000107795 ] } },
{ "type": "Feature", "properties": { "NOMBRE_EST": "COLEGIO SILVERIA ESPINOSA DE RENDON (IED)", "GENERO": 5, "COD_LOCA": "16", "CLASE_TIPO": 1, "FECHA": "2025-03-31T00:00:00", "OPreescola": 0, "OPrimaria": 0, "OSecundari": 560, "OMedia": 292, "OTotal": 852, "Aceleracio": 0, "DANE12_EST": "111001011045", "Educacion_": 0 }, "geometry": { "type": "Point", "coordinates": [ -74.112390000247032, 4.629909999734234 ] } },
{ "type": "Feature", "properties": { "NOMBRE_EST": "COLEGIO SILVERIA ESPINOSA DE RENDON (IED)", "GENERO": 5, "COD_LOCA": "16", "CLASE_TIPO": 1, "FECHA": "2025-03-31T00:00:00", "OPreescola": 237, "OPrimaria": 571, "OSecundari": 0, "OMedia": 0, "OTotal": 808, "Aceleracio": 0, "DANE12_EST": "111001011045", "Educacion_": 0 }, "geometry": { "type": "Point", "coordinates": [ -74.121580000063872, 4.624010000058321 ] } },
{ "type": "Feature", "properties": { "NOMBRE_EST": "COLEGIO SILVERIA ESPINOSA DE RENDON (IED)", "GENERO": 5, "COD_LOCA": "16", "CLASE_TIPO": 1, "FECHA": "2025-03-31T00:00:00", "OPreescola": 95, "OPrimaria": 306, "OSecundari": 0, "OMedia": 0, "OTotal": 401, "Aceleracio": 0, "DANE12_EST": "111001011045", "Educacion_": 0 }, "geometry": { "type": "Point", "coordinates": [ -74.117009999820652, 4.627010000013136 ] } },
{ "type": "Feature", "properties": { "NOMBRE_EST": "COLEGIO ANDRES BELLO (IED)", "GENERO": 5, "COD_LOCA": "16", "CLASE_TIPO": 1, "FECHA": "2025-03-31T00:00:00", "OPreescola": 0, "OPrimaria": 317, "OSecundari": 560, "OMedia": 320, "OTotal": 1397, "Aceleracio": 0, "DANE12_EST": "111001011274", "Educacion_": 200 }, "geometry": { "type": "Point", "coordinates": [ -74.130309999573157, 4.599349999993909 ] } },
{ "type": "Feature", "properties": { "NOMBRE_EST": "COLEGIO ANDRES BELLO (IED)", "GENERO": 5, "COD_LOCA": "16", "CLASE_TIPO": 1, "FECHA": "2025-03-31T00:00:00", "OPreescola": 128, "OPrimaria": 189, "OSecundari": 0, "OMedia": 0, "OTotal": 317, "Aceleracio": 0, "DANE12_EST": "111001011274", "Educacion_": 0 }, "geometry": { "type": "Point", "coordinates": [ -74.130309999573157, 4.599349999993909 ] } },
{ "type": "Feature", "properties": { "NOMBRE_EST": "COLEGIO EL JAZMIN (IED)", "GENERO": 5, "COD_LOCA": "16", "CLASE_TIPO": 1, "FECHA": "2025-03-31T00:00:00", "OPreescola": 86, "OPrimaria": 334, "OSecundari": 510, "OMedia": 240, "OTotal": 1170, "Aceleracio": 0, "DANE12_EST": "111001012530", "Educacion_": 0 }, "geometry": { "type": "Point", "coordinates": [ -74.114940000233332, 4.610129999592143 ] } },
{ "type": "Feature", "properties": { "NOMBRE_EST": "COLEGIO EL JAZMIN (IED)", "GENERO": 5, "COD_LOCA": "16", "CLASE_TIPO": 1, "FECHA": "2025-03-31T00:00:00", "OPreescola": 173, "OPrimaria": 479, "OSecundari": 0, "OMedia": 0, "OTotal": 652, "Aceleracio": 0, "DANE12_EST": "111001012530", "Educacion_": 0 }, "geometry": { "type": "Point", "coordinates": [ -74.109290000439799, 4.61552999971947 ] } },
{ "type": "Feature", "properties": { "NOMBRE_EST": "COLEGIO ESPAÑA (IED)", "GENERO": 5, "COD_LOCA": "16", "CLASE_TIPO": 1, "FECHA": "2025-03-31T00:00:00", "OPreescola": 0, "OPrimaria": 0, "OSecundari": 180, "OMedia": 80, "OTotal": 410, "Aceleracio": 150, "DANE12_EST": "111001012556", "Educacion_": 0 }, "geometry": { "type": "Point", "coordinates": [ -74.093029999723825, 4.62181000019443 ] } },
{ "type": "Feature", "properties": { "NOMBRE_EST": "COLEGIO ESPAÑA (IED)", "GENERO": 5, "COD_LOCA": "16", "CLASE_TIPO": 1, "FECHA": "2025-03-31T00:00:00", "OPreescola": 69, "OPrimaria": 250, "OSecundari": 0, "OMedia": 0, "OTotal": 319, "Aceleracio": 0, "DANE12_EST": "111001012556", "Educacion_": 0 }, "geometry": { "type": "Point", "coordinates": [ -74.089539999929272, 4.62255999989789 ] } },
{ "type": "Feature", "properties": { "NOMBRE_EST": "COLEGIO TECNICO BENJAMIN HERRERA (IED)", "GENERO": 5, "COD_LOCA": "16", "CLASE_TIPO": 1, "FECHA": "2025-03-31T00:00:00", "OPreescola": 0, "OPrimaria": 0, "OSecundari": 829, "OMedia": 345, "OTotal": 1174, "Aceleracio": 0, "DANE12_EST": "111001012963", "Educacion_": 0 }, "geometry": { "type": "Point", "coordinates": [ -74.123889999850675, 4.60339999974953 ] } },
{ "type": "Feature", "properties": { "NOMBRE_EST": "COLEGIO TECNICO BENJAMIN HERRERA (IED)", "GENERO": 5, "COD_LOCA": "16", "CLASE_TIPO": 1, "FECHA": "2025-03-31T00:00:00", "OPreescola": 0, "OPrimaria": 490, "OSecundari": 0, "OMedia": 0, "OTotal": 490, "Aceleracio": 0, "DANE12_EST": "111001012963", "Educacion_": 0 }, "geometry": { "type": "Point", "coordinates": [ -74.127080000069583, 4.601959999630756 ] } },
{ "type": "Feature", "properties": { "NOMBRE_EST": "COLEGIO TECNICO BENJAMIN HERRERA (IED)", "GENERO": 5, "COD_LOCA": "16", "CLASE_TIPO": 1, "FECHA": "2025-03-31T00:00:00", "OPreescola": 50, "OPrimaria": 195, "OSecundari": 0, "OMedia": 0, "OTotal": 245, "Aceleracio": 0, "DANE12_EST": "111001012963", "Educacion_": 0 }, "geometry": { "type": "Point", "coordinates": [ -74.121390000093058, 4.60140999979278 ] } },
{ "type": "Feature", "properties": { "NOMBRE_EST": "COLEGIO JOSE JOAQUIN CASAS (IED)", "GENERO": 5, "COD_LOCA": "16", "CLASE_TIPO": 1, "FECHA": "2025-03-31T00:00:00", "OPreescola": 80, "OPrimaria": 120, "OSecundari": 110, "OMedia": 0, "OTotal": 310, "Aceleracio": 0, "DANE12_EST": "111001014729", "Educacion_": 0 }, "geometry": { "type": "Point", "coordinates": [ -74.108810000040776, 4.632059999619869 ] } },
{ "type": "Feature", "properties": { "NOMBRE_EST": "COLEGIO JOSE JOAQUIN CASAS (IED)", "GENERO": 5, "COD_LOCA": "16", "CLASE_TIPO": 1, "FECHA": "2025-03-31T00:00:00", "OPreescola": 0, "OPrimaria": 135, "OSecundari": 35, "OMedia": 60, "OTotal": 230, "Aceleracio": 0, "DANE12_EST": "111001014729", "Educacion_": 0 }, "geometry": { "type": "Point", "coordinates": [ -74.108359999778983, 4.632580000147385 ] } },
{ "type": "Feature", "properties": { "NOMBRE_EST": "COLEGIO ANTONIO JOSE DE SUCRE (IED)", "GENERO": 5, "COD_LOCA": "16", "CLASE_TIPO": 1, "FECHA": "2025-03-31T00:00:00", "OPreescola": 47, "OPrimaria": 226, "OSecundari": 188, "OMedia": 60, "OTotal": 521, "Aceleracio": 0, "DANE12_EST": "111001014745", "Educacion_": 0 }, "geometry": { "type": "Point", "coordinates": [ -74.118189999828402, 4.633480000328883 ] } },
{ "type": "Feature", "properties": { "NOMBRE_EST": "COLEGIO MARCO ANTONIO CARREÑO SILVA (IED)", "GENERO": 5, "COD_LOCA": "16", "CLASE_TIPO": 1, "FECHA": "2025-03-31T00:00:00", "OPreescola": 0, "OPrimaria": 0, "OSecundari": 480, "OMedia": 160, "OTotal": 640, "Aceleracio": 0, "DANE12_EST": "111001014826", "Educacion_": 0 }, "geometry": { "type": "Point", "coordinates": [ -74.112780000234366, 4.597870000241787 ] } },
{ "type": "Feature", "properties": { "NOMBRE_EST": "COLEGIO MARCO ANTONIO CARREÑO SILVA (IED)", "GENERO": 5, "COD_LOCA": "16", "CLASE_TIPO": 1, "FECHA": "2025-03-31T00:00:00", "OPreescola": 0, "OPrimaria": 455, "OSecundari": 0, "OMedia": 0, "OTotal": 455, "Aceleracio": 0, "DANE12_EST": "111001014826", "Educacion_": 0 }, "geometry": { "type": "Point", "coordinates": [ -74.109260000302584, 4.601789999791332 ] } },
{ "type": "Feature", "properties": { "NOMBRE_EST": "COLEGIO MARCO ANTONIO CARREÑO SILVA (IED)", "GENERO": 5, "COD_LOCA": "16", "CLASE_TIPO": 1, "FECHA": "2025-03-31T00:00:00", "OPreescola": 227, "OPrimaria": 140, "OSecundari": 0, "OMedia": 0, "OTotal": 367, "Aceleracio": 0, "DANE12_EST": "111001014826", "Educacion_": 0 }, "geometry": { "type": "Point", "coordinates": [ -74.107100000303589, 4.602739999795571 ] } },
{ "type": "Feature", "properties": { "NOMBRE_EST": "COLEGIO LUIS VARGAS TEJADA (IED)", "GENERO": 5, "COD_LOCA": "16", "CLASE_TIPO": 1, "FECHA": "2025-03-31T00:00:00", "OPreescola": 0, "OPrimaria": 54, "OSecundari": 320, "OMedia": 160, "OTotal": 534, "Aceleracio": 0, "DANE12_EST": "111001014869", "Educacion_": 0 }, "geometry": { "type": "Point", "coordinates": [ -74.125829999741612, 4.609540000063547 ] } },
{ "type": "Feature", "properties": { "NOMBRE_EST": "COLEGIO LUIS VARGAS TEJADA (IED)", "GENERO": 5, "COD_LOCA": "16", "CLASE_TIPO": 1, "FECHA": "2025-03-31T00:00:00", "OPreescola": 50, "OPrimaria": 216, "OSecundari": 0, "OMedia": 0, "OTotal": 266, "Aceleracio": 0, "DANE12_EST": "111001014869", "Educacion_": 0 }, "geometry": { "type": "Point", "coordinates": [ -74.12753000033139, 4.608629999982036 ] } },
{ "type": "Feature", "properties": { "NOMBRE_EST": "COLEGIO JULIO GARAVITO ARMERO (IED)", "GENERO": 5, "COD_LOCA": "16", "CLASE_TIPO": 1, "FECHA": "2025-03-31T00:00:00", "OPreescola": 233, "OPrimaria": 511, "OSecundari": 0, "OMedia": 0, "OTotal": 744, "Aceleracio": 0, "DANE12_EST": "111001014885", "Educacion_": 0 }, "geometry": { "type": "Point", "coordinates": [ -74.134230000436332, 4.599620000276439 ] } },
{ "type": "Feature", "properties": { "NOMBRE_EST": "COLEGIO JULIO GARAVITO ARMERO (IED)", "GENERO": 5, "COD_LOCA": "16", "CLASE_TIPO": 1, "FECHA": "2025-03-31T00:00:00", "OPreescola": 0, "OPrimaria": 0, "OSecundari": 280, "OMedia": 0, "OTotal": 280, "Aceleracio": 0, "DANE12_EST": "111001014885", "Educacion_": 0 }, "geometry": { "type": "Point", "coordinates": [ -74.130699999560505, 4.599750000342822 ] } },
{ "type": "Feature", "properties": { "NOMBRE_EST": "COLEGIO JULIO GARAVITO ARMERO (IED)", "GENERO": 5, "COD_LOCA": "16", "CLASE_TIPO": 1, "FECHA": "2025-03-31T00:00:00", "OPreescola": 0, "OPrimaria": 0, "OSecundari": 540, "OMedia": 480, "OTotal": 1020, "Aceleracio": 0, "DANE12_EST": "111001014885", "Educacion_": 0 }, "geometry": { "type": "Point", "coordinates": [ -74.129480000268074, 4.601999999797758 ] } },
{ "type": "Feature", "properties": { "NOMBRE_EST": "COLEGIO SORRENTO (IED)", "GENERO": 5, "COD_LOCA": "16", "CLASE_TIPO": 1, "FECHA": "2025-03-31T00:00:00", "OPreescola": 50, "OPrimaria": 0, "OSecundari": 962, "OMedia": 327, "OTotal": 1339, "Aceleracio": 0, "DANE12_EST": "111001020168", "Educacion_": 0 }, "geometry": { "type": "Point", "coordinates": [ -74.113279999826574, 4.622989999847426 ] } },
{ "type": "Feature", "properties": { "NOMBRE_EST": "COLEGIO SORRENTO (IED)", "GENERO": 5, "COD_LOCA": "16", "CLASE_TIPO": 1, "FECHA": "2025-03-31T00:00:00", "OPreescola": 120, "OPrimaria": 980, "OSecundari": 0, "OMedia": 0, "OTotal": 1100, "Aceleracio": 0, "DANE12_EST": "111001020168", "Educacion_": 0 }, "geometry": { "type": "Point", "coordinates": [ -74.113330000055285, 4.619729999968524 ] } },
{ "type": "Feature", "properties": { "NOMBRE_EST": "COLEGIO JOSE MANUEL RESTREPO (IED)", "GENERO": 5, "COD_LOCA": "16", "CLASE_TIPO": 1, "FECHA": "2025-03-31T00:00:00", "OPreescola": 148, "OPrimaria": 504, "OSecundari": 378, "OMedia": 148, "OTotal": 1178, "Aceleracio": 0, "DANE12_EST": "111001045535", "Educacion_": 0 }, "geometry": { "type": "Point", "coordinates": [ -74.122719999888645, 4.617730000265026 ] } },
{ "type": "Feature", "properties": { "NOMBRE_EST": "COLEGIO LUIS CARLOS GALAN SARMIENTO (IED)", "GENERO": 5, "COD_LOCA": "16", "CLASE_TIPO": 1, "FECHA": "2025-03-31T00:00:00", "OPreescola": 0, "OPrimaria": 35, "OSecundari": 632, "OMedia": 220, "OTotal": 887, "Aceleracio": 0, "DANE12_EST": "111001065056", "Educacion_": 0 }, "geometry": { "type": "Point", "coordinates": [ -74.119169999819619, 4.611460000298865 ] } },
{ "type": "Feature", "properties": { "NOMBRE_EST": "COLEGIO LUIS CARLOS GALAN SARMIENTO (IED)", "GENERO": 5, "COD_LOCA": "16", "CLASE_TIPO": 1, "FECHA": "2025-03-31T00:00:00", "OPreescola": 50, "OPrimaria": 490, "OSecundari": 0, "OMedia": 0, "OTotal": 540, "Aceleracio": 0, "DANE12_EST": "111001065056", "Educacion_": 0 }, "geometry": { "type": "Point", "coordinates": [ -74.117829999978298, 4.612079999723532 ] } },
{ "type": "Feature", "properties": { "NOMBRE_EST": "COLEGIO INTEGRADA LA CANDELARIA (IED)", "GENERO": 5, "COD_LOCA": "17", "CLASE_TIPO": 1, "FECHA": "2025-03-31T00:00:00", "OPreescola": 0, "OPrimaria": 346, "OSecundari": 537, "OMedia": 267, "OTotal": 1745, "Aceleracio": 195, "DANE12_EST": "111001013323", "Educacion_": 400 }, "geometry": { "type": "Point", "coordinates": [ -74.069269999735042, 4.598240000244243 ] } },
{ "type": "Feature", "properties": { "NOMBRE_EST": "COLEGIO INTEGRADA LA CANDELARIA (IED)", "GENERO": 5, "COD_LOCA": "17", "CLASE_TIPO": 1, "FECHA": "2025-03-31T00:00:00", "OPreescola": 122, "OPrimaria": 207, "OSecundari": 0, "OMedia": 0, "OTotal": 329, "Aceleracio": 0, "DANE12_EST": "111001013323", "Educacion_": 0 }, "geometry": { "type": "Point", "coordinates": [ -74.068000000213914, 4.60151000028335 ] } },
{ "type": "Feature", "properties": { "NOMBRE_EST": "COLEGIO ESCUELA NACIONAL DE COMERCIO (IED)", "GENERO": 5, "COD_LOCA": "17", "CLASE_TIPO": 1, "FECHA": "2025-03-31T00:00:00", "OPreescola": 100, "OPrimaria": 666, "OSecundari": 408, "OMedia": 160, "OTotal": 1334, "Aceleracio": 0, "DANE12_EST": "111001013374", "Educacion_": 0 }, "geometry": { "type": "Point", "coordinates": [ -74.06999000033359, 4.592920000078177 ] } },
{ "type": "Feature", "properties": { "NOMBRE_EST": "COLEGIO RESTREPO MILLAN (IED)", "GENERO": 5, "COD_LOCA": "18", "CLASE_TIPO": 1, "FECHA": "2025-03-31T00:00:00", "OPreescola": 0, "OPrimaria": 0, "OSecundari": 567, "OMedia": 421, "OTotal": 1366, "Aceleracio": 0, "DANE12_EST": "111001010928", "Educacion_": 378 }, "geometry": { "type": "Point", "coordinates": [ -74.120790000043442, 4.579319999896426 ] } },
{ "type": "Feature", "properties": { "NOMBRE_EST": "COLEGIO RESTREPO MILLAN (IED)", "GENERO": 5, "COD_LOCA": "18", "CLASE_TIPO": 1, "FECHA": "2025-03-31T00:00:00", "OPreescola": 100, "OPrimaria": 264, "OSecundari": 0, "OMedia": 0, "OTotal": 364, "Aceleracio": 0, "DANE12_EST": "111001010928", "Educacion_": 0 }, "geometry": { "type": "Point", "coordinates": [ -74.123380000212748, 4.583169999819495 ] } },
{ "type": "Feature", "properties": { "NOMBRE_EST": "COLEGIO RESTREPO MILLAN (IED)", "GENERO": 5, "COD_LOCA": "18", "CLASE_TIPO": 1, "FECHA": "2025-03-31T00:00:00", "OPreescola": 100, "OPrimaria": 285, "OSecundari": 0, "OMedia": 0, "OTotal": 385, "Aceleracio": 0, "DANE12_EST": "111001010928", "Educacion_": 0 }, "geometry": { "type": "Point", "coordinates": [ -74.119250000185559, 4.575789999564259 ] } },
{ "type": "Feature", "properties": { "NOMBRE_EST": "COLEGIO RESTREPO MILLAN (IED)", "GENERO": 5, "COD_LOCA": "18", "CLASE_TIPO": 1, "FECHA": "2025-03-31T00:00:00", "OPreescola": 0, "OPrimaria": 0, "OSecundari": 0, "OMedia": 0, "OTotal": 408, "Aceleracio": 408, "DANE12_EST": "111001010928", "Educacion_": 0 }, "geometry": { "type": "Point", "coordinates": [ -74.120670000392835, 4.581360000442033 ] } },
{ "type": "Feature", "properties": { "NOMBRE_EST": "COLEGIO REINO DE HOLANDA (IED)", "GENERO": 5, "COD_LOCA": "18", "CLASE_TIPO": 1, "FECHA": "2025-03-31T00:00:00", "OPreescola": 0, "OPrimaria": 0, "OSecundari": 683, "OMedia": 225, "OTotal": 1058, "Aceleracio": 0, "DANE12_EST": "111001011029", "Educacion_": 150 }, "geometry": { "type": "Point", "coordinates": [ -74.115789999629911, 4.566900000191818 ] } },
{ "type": "Feature", "properties": { "NOMBRE_EST": "COLEGIO REINO DE HOLANDA (IED)", "GENERO": 5, "COD_LOCA": "18", "CLASE_TIPO": 1, "FECHA": "2025-03-31T00:00:00", "OPreescola": 0, "OPrimaria": 565, "OSecundari": 0, "OMedia": 0, "OTotal": 565, "Aceleracio": 0, "DANE12_EST": "111001011029", "Educacion_": 0 }, "geometry": { "type": "Point", "coordinates": [ -74.116310000211897, 4.567449999729483 ] } },
{ "type": "Feature", "properties": { "NOMBRE_EST": "COLEGIO REINO DE HOLANDA (IED)", "GENERO": 5, "COD_LOCA": "18", "CLASE_TIPO": 1, "FECHA": "2025-03-31T00:00:00", "OPreescola": 185, "OPrimaria": 169, "OSecundari": 0, "OMedia": 0, "OTotal": 354, "Aceleracio": 0, "DANE12_EST": "111001011029", "Educacion_": 0 }, "geometry": { "type": "Point", "coordinates": [ -74.121580000063872, 4.568719999915874 ] } },
{ "type": "Feature", "properties": { "NOMBRE_EST": "COLEGIO LICEO FEMENINO DE CUNDINAMARCA MERCEDES NARIÑO (IED)", "GENERO": 1, "COD_LOCA": "18", "CLASE_TIPO": 1, "FECHA": "2025-03-31T00:00:00", "OPreescola": 394, "OPrimaria": 1297, "OSecundari": 1252, "OMedia": 530, "OTotal": 4327, "Aceleracio": 201, "DANE12_EST": "111001011819", "Educacion_": 653 }, "geometry": { "type": "Point", "coordinates": [ -74.103839999764475, 4.580809999946104 ] } },
{ "type": "Feature", "properties": { "NOMBRE_EST": "COLEGIO BRAVO PAEZ (IED)", "GENERO": 5, "COD_LOCA": "18", "CLASE_TIPO": 1, "FECHA": "2025-03-31T00:00:00", "OPreescola": 145, "OPrimaria": 480, "OSecundari": 578, "OMedia": 320, "OTotal": 1724, "Aceleracio": 201, "DANE12_EST": "111001012611", "Educacion_": 0 }, "geometry": { "type": "Point", "coordinates": [ -74.119009999986062, 4.579830000130596 ] } },
{ "type": "Feature", "properties": { "NOMBRE_EST": "COLEGIO QUIROGA ALIANZA (IED)", "GENERO": 5, "COD_LOCA": "18", "CLASE_TIPO": 1, "FECHA": "2025-03-31T00:00:00", "OPreescola": 124, "OPrimaria": 500, "OSecundari": 497, "OMedia": 174, "OTotal": 1345, "Aceleracio": 50, "DANE12_EST": "111001012815", "Educacion_": 0 }, "geometry": { "type": "Point", "coordinates": [ -74.117290000203127, 4.579700000017633 ] } },
{ "type": "Feature", "properties": { "NOMBRE_EST": "COLEGIO RAFAEL DELGADO SALGUERO (IED)", "GENERO": 5, "COD_LOCA": "18", "CLASE_TIPO": 1, "FECHA": "2025-03-31T00:00:00", "OPreescola": 0, "OPrimaria": 90, "OSecundari": 309, "OMedia": 120, "OTotal": 519, "Aceleracio": 0, "DANE12_EST": "111001012971", "Educacion_": 0 }, "geometry": { "type": "Point", "coordinates": [ -74.120369999918864, 4.584760000057176 ] } },
{ "type": "Feature", "properties": { "NOMBRE_EST": "COLEGIO RAFAEL DELGADO SALGUERO (IED)", "GENERO": 5, "COD_LOCA": "18", "CLASE_TIPO": 1, "FECHA": "2025-03-31T00:00:00", "OPreescola": 40, "OPrimaria": 152, "OSecundari": 0, "OMedia": 0, "OTotal": 192, "Aceleracio": 0, "DANE12_EST": "111001012971", "Educacion_": 0 }, "geometry": { "type": "Point", "coordinates": [ -74.127829999907036, 4.585859999919348 ] } },
{ "type": "Feature", "properties": { "NOMBRE_EST": "COLEGIO RAFAEL DELGADO SALGUERO (IED)", "GENERO": 5, "COD_LOCA": "18", "CLASE_TIPO": 1, "FECHA": "2025-03-31T00:00:00", "OPreescola": 135, "OPrimaria": 180, "OSecundari": 0, "OMedia": 0, "OTotal": 315, "Aceleracio": 0, "DANE12_EST": "111001012971", "Educacion_": 0 }, "geometry": { "type": "Point", "coordinates": [ -74.119329999653203, 4.584009999912808 ] } },
{ "type": "Feature", "properties": { "NOMBRE_EST": "COLEGIO SAN AGUSTIN (IED)", "GENERO": 5, "COD_LOCA": "18", "CLASE_TIPO": 1, "FECHA": "2025-03-31T00:00:00", "OPreescola": 273, "OPrimaria": 1050, "OSecundari": 1080, "OMedia": 353, "OTotal": 2774, "Aceleracio": 18, "DANE12_EST": "111001013811", "Educacion_": 0 }, "geometry": { "type": "Point", "coordinates": [ -74.114029999664012, 4.547479999800265 ] } },
{ "type": "Feature", "properties": { "NOMBRE_EST": "COLEGIO REPUBLICA FEDERAL DE ALEMANIA (IED)", "GENERO": 5, "COD_LOCA": "18", "CLASE_TIPO": 1, "FECHA": "2025-03-31T00:00:00", "OPreescola": 75, "OPrimaria": 245, "OSecundari": 189, "OMedia": 63, "OTotal": 572, "Aceleracio": 0, "DANE12_EST": "111001014028", "Educacion_": 0 }, "geometry": { "type": "Point", "coordinates": [ -74.125320000103684, 4.578670000422871 ] } },
{ "type": "Feature", "properties": { "NOMBRE_EST": "COLEGIO MANUEL DEL SOCORRO RODRIGUEZ (IED)", "GENERO": 5, "COD_LOCA": "18", "CLASE_TIPO": 1, "FECHA": "2025-03-31T00:00:00", "OPreescola": 166, "OPrimaria": 394, "OSecundari": 587, "OMedia": 268, "OTotal": 1415, "Aceleracio": 0, "DANE12_EST": "111001014591", "Educacion_": 0 }, "geometry": { "type": "Point", "coordinates": [ -74.126039999803908, 4.577640000240733 ] } },
{ "type": "Feature", "properties": { "NOMBRE_EST": "COLEGIO MANUEL DEL SOCORRO RODRIGUEZ (IED)", "GENERO": 5, "COD_LOCA": "18", "CLASE_TIPO": 1, "FECHA": "2025-03-31T00:00:00", "OPreescola": 75, "OPrimaria": 350, "OSecundari": 0, "OMedia": 0, "OTotal": 425, "Aceleracio": 0, "DANE12_EST": "111001014591", "Educacion_": 0 }, "geometry": { "type": "Point", "coordinates": [ -74.128060000060813, 4.583049999725572 ] } },
{ "type": "Feature", "properties": { "NOMBRE_EST": "COLEGIO EL LIBERTADOR (IED)", "GENERO": 5, "COD_LOCA": "18", "CLASE_TIPO": 1, "FECHA": "2025-03-31T00:00:00", "OPreescola": 0, "OPrimaria": 0, "OSecundari": 530, "OMedia": 250, "OTotal": 780, "Aceleracio": 0, "DANE12_EST": "111001014664", "Educacion_": 0 }, "geometry": { "type": "Point", "coordinates": [ -74.116270000028948, 4.584300000312681 ] } },
{ "type": "Feature", "properties": { "NOMBRE_EST": "COLEGIO EL LIBERTADOR (IED)", "GENERO": 5, "COD_LOCA": "18", "CLASE_TIPO": 1, "FECHA": "2025-03-31T00:00:00", "OPreescola": 140, "OPrimaria": 525, "OSecundari": 0, "OMedia": 0, "OTotal": 665, "Aceleracio": 0, "DANE12_EST": "111001014664", "Educacion_": 0 }, "geometry": { "type": "Point", "coordinates": [ -74.117660000098979, 4.588260000169285 ] } },
{ "type": "Feature", "properties": { "NOMBRE_EST": "COLEGIO EL LIBERTADOR (IED)", "GENERO": 5, "COD_LOCA": "18", "CLASE_TIPO": 1, "FECHA": "2025-03-31T00:00:00", "OPreescola": 90, "OPrimaria": 302, "OSecundari": 0, "OMedia": 0, "OTotal": 392, "Aceleracio": 0, "DANE12_EST": "111001014664", "Educacion_": 0 }, "geometry": { "type": "Point", "coordinates": [ -74.113190000313196, 4.586550000156889 ] } },
{ "type": "Feature", "properties": { "NOMBRE_EST": "COLEGIO CLEMENCIA HOLGUIN DE URDANETA (IED)", "GENERO": 5, "COD_LOCA": "18", "CLASE_TIPO": 1, "FECHA": "2025-03-31T00:00:00", "OPreescola": 155, "OPrimaria": 346, "OSecundari": 286, "OMedia": 136, "OTotal": 923, "Aceleracio": 0, "DANE12_EST": "111001014958", "Educacion_": 0 }, "geometry": { "type": "Point", "coordinates": [ -74.110539999869445, 4.579150000036033 ] } },
{ "type": "Feature", "properties": { "NOMBRE_EST": "COLEGIO ALEJANDRO OBREGON (IED)", "GENERO": 5, "COD_LOCA": "18", "CLASE_TIPO": 1, "FECHA": "2025-03-31T00:00:00", "OPreescola": 109, "OPrimaria": 669, "OSecundari": 680, "OMedia": 240, "OTotal": 1698, "Aceleracio": 0, "DANE12_EST": "111001015172", "Educacion_": 0 }, "geometry": { "type": "Point", "coordinates": [ -74.108870000315235, 4.576520000368427 ] } },
{ "type": "Feature", "properties": { "NOMBRE_EST": "COLEGIO ANTONIO BARAYA (IED)", "GENERO": 5, "COD_LOCA": "18", "CLASE_TIPO": 1, "FECHA": "2025-03-31T00:00:00", "OPreescola": 101, "OPrimaria": 321, "OSecundari": 462, "OMedia": 186, "OTotal": 1070, "Aceleracio": 0, "DANE12_EST": "111001015733", "Educacion_": 0 }, "geometry": { "type": "Point", "coordinates": [ -74.109250000256822, 4.583720000290637 ] } },
{ "type": "Feature", "properties": { "NOMBRE_EST": "COLEGIO ANTONIO BARAYA (IED)", "GENERO": 5, "COD_LOCA": "18", "CLASE_TIPO": 1, "FECHA": "2025-03-31T00:00:00", "OPreescola": 127, "OPrimaria": 210, "OSecundari": 0, "OMedia": 0, "OTotal": 337, "Aceleracio": 0, "DANE12_EST": "111001015733", "Educacion_": 0 }, "geometry": { "type": "Point", "coordinates": [ -74.109260000302584, 4.586059999875121 ] } },
{ "type": "Feature", "properties": { "NOMBRE_EST": "COLEGIO ALEXANDER FLEMING (IED)", "GENERO": 5, "COD_LOCA": "18", "CLASE_TIPO": 1, "FECHA": "2025-03-31T00:00:00", "OPreescola": 185, "OPrimaria": 0, "OSecundari": 420, "OMedia": 188, "OTotal": 793, "Aceleracio": 0, "DANE12_EST": "111001018058", "Educacion_": 0 }, "geometry": { "type": "Point", "coordinates": [ -74.120749999860465, 4.571960000261798 ] } },
{ "type": "Feature", "properties": { "NOMBRE_EST": "COLEGIO ALEXANDER FLEMING (IED)", "GENERO": 5, "COD_LOCA": "18", "CLASE_TIPO": 1, "FECHA": "2025-03-31T00:00:00", "OPreescola": 300, "OPrimaria": 671, "OSecundari": 0, "OMedia": 0, "OTotal": 971, "Aceleracio": 0, "DANE12_EST": "111001018058", "Educacion_": 0 }, "geometry": { "type": "Point", "coordinates": [ -74.120030000160241, 4.571349999571954 ] } },
{ "type": "Feature", "properties": { "NOMBRE_EST": "COLEGIO ALEXANDER FLEMING (IED)", "GENERO": 5, "COD_LOCA": "18", "CLASE_TIPO": 1, "FECHA": "2025-03-31T00:00:00", "OPreescola": 50, "OPrimaria": 150, "OSecundari": 0, "OMedia": 0, "OTotal": 200, "Aceleracio": 0, "DANE12_EST": "111001018058", "Educacion_": 0 }, "geometry": { "type": "Point", "coordinates": [ -74.124239999655046, 4.565080000327236 ] } },
{ "type": "Feature", "properties": { "NOMBRE_EST": "COLEGIO MISAEL PASTRANA BORRERO (IED)", "GENERO": 5, "COD_LOCA": "18", "CLASE_TIPO": 1, "FECHA": "2025-03-31T00:00:00", "OPreescola": 152, "OPrimaria": 570, "OSecundari": 428, "OMedia": 118, "OTotal": 1486, "Aceleracio": 0, "DANE12_EST": "111001020095", "Educacion_": 218 }, "geometry": { "type": "Point", "coordinates": [ -74.108339999687487, 4.564669999715695 ] } },
{ "type": "Feature", "properties": { "NOMBRE_EST": "COLEGIO GUSTAVO RESTREPO (IED)", "GENERO": 5, "COD_LOCA": "18", "CLASE_TIPO": 1, "FECHA": "2025-03-31T00:00:00", "OPreescola": 0, "OPrimaria": 0, "OSecundari": 560, "OMedia": 223, "OTotal": 783, "Aceleracio": 0, "DANE12_EST": "111001027332", "Educacion_": 0 }, "geometry": { "type": "Point", "coordinates": [ -74.108189999899679, 4.578989999603798 ] } },
{ "type": "Feature", "properties": { "NOMBRE_EST": "COLEGIO GUSTAVO RESTREPO (IED)", "GENERO": 5, "COD_LOCA": "18", "CLASE_TIPO": 1, "FECHA": "2025-03-31T00:00:00", "OPreescola": 150, "OPrimaria": 880, "OSecundari": 0, "OMedia": 0, "OTotal": 1030, "Aceleracio": 0, "DANE12_EST": "111001027332", "Educacion_": 0 }, "geometry": { "type": "Point", "coordinates": [ -74.102580000289095, 4.577310000068734 ] } },
{ "type": "Feature", "properties": { "NOMBRE_EST": "COLEGIO GUSTAVO RESTREPO (IED)", "GENERO": 5, "COD_LOCA": "15", "CLASE_TIPO": 1, "FECHA": "2025-03-31T00:00:00", "OPreescola": 0, "OPrimaria": 0, "OSecundari": 372, "OMedia": 0, "OTotal": 372, "Aceleracio": 0, "DANE12_EST": "111001027332", "Educacion_": 0 }, "geometry": { "type": "Point", "coordinates": [ -74.096949999688704, 4.583799999982031 ] } },
{ "type": "Feature", "properties": { "NOMBRE_EST": "COLEGIO ALFREDO IRIARTE (IED)", "GENERO": 5, "COD_LOCA": "18", "CLASE_TIPO": 1, "FECHA": "2025-03-31T00:00:00", "OPreescola": 38, "OPrimaria": 636, "OSecundari": 675, "OMedia": 260, "OTotal": 1609, "Aceleracio": 0, "DANE12_EST": "111001027383", "Educacion_": 0 }, "geometry": { "type": "Point", "coordinates": [ -74.112079999727328, 4.558100000416657 ] } },
{ "type": "Feature", "properties": { "NOMBRE_EST": "COLEGIO ALFREDO IRIARTE (IED)", "GENERO": 5, "COD_LOCA": "18", "CLASE_TIPO": 1, "FECHA": "2025-03-31T00:00:00", "OPreescola": 115, "OPrimaria": 305, "OSecundari": 0, "OMedia": 0, "OTotal": 420, "Aceleracio": 0, "DANE12_EST": "111001027383", "Educacion_": 0 }, "geometry": { "type": "Point", "coordinates": [ -74.116259999983185, 4.55965999975782 ] } },
{ "type": "Feature", "properties": { "NOMBRE_EST": "COLEGIO ALFREDO IRIARTE (IED)", "GENERO": 5, "COD_LOCA": "18", "CLASE_TIPO": 1, "FECHA": "2025-03-31T00:00:00", "OPreescola": 70, "OPrimaria": 166, "OSecundari": 0, "OMedia": 0, "OTotal": 236, "Aceleracio": 0, "DANE12_EST": "111001027383", "Educacion_": 0 }, "geometry": { "type": "Point", "coordinates": [ -74.120820000180672, 4.561900000281019 ] } },
{ "type": "Feature", "properties": { "NOMBRE_EST": "COLEGIO PALERMO SUR (CED)", "GENERO": 5, "COD_LOCA": "18", "CLASE_TIPO": 1, "FECHA": "2025-03-31T00:00:00", "OPreescola": 293, "OPrimaria": 1200, "OSecundari": 0, "OMedia": 0, "OTotal": 1493, "Aceleracio": 0, "DANE12_EST": "111001028380", "Educacion_": 0 }, "geometry": { "type": "Point", "coordinates": [ -74.109739999803281, 4.543150000024864 ] } },
{ "type": "Feature", "properties": { "NOMBRE_EST": "COLEGIO ENRIQUE OLAYA HERRERA (IED)", "GENERO": 5, "COD_LOCA": "18", "CLASE_TIPO": 1, "FECHA": "2025-03-31T00:00:00", "OPreescola": 502, "OPrimaria": 1541, "OSecundari": 1668, "OMedia": 830, "OTotal": 4541, "Aceleracio": 0, "DANE12_EST": "111001030015", "Educacion_": 0 }, "geometry": { "type": "Point", "coordinates": [ -74.101340000006886, 4.568509999976802 ] } },
{ "type": "Feature", "properties": { "NOMBRE_EST": "COLEGIO REPUBLICA EE.UU. DE AMERICA (IED)", "GENERO": 5, "COD_LOCA": "18", "CLASE_TIPO": 1, "FECHA": "2025-03-31T00:00:00", "OPreescola": 113, "OPrimaria": 272, "OSecundari": 200, "OMedia": 72, "OTotal": 657, "Aceleracio": 0, "DANE12_EST": "111001032395", "Educacion_": 0 }, "geometry": { "type": "Point", "coordinates": [ -74.10529000010898, 4.584290000022965 ] } },
{ "type": "Feature", "properties": { "NOMBRE_EST": "COLEGIO CLEMENCIA DE CAYCEDO (IED)", "GENERO": 5, "COD_LOCA": "18", "CLASE_TIPO": 1, "FECHA": "2025-03-31T00:00:00", "OPreescola": 70, "OPrimaria": 297, "OSecundari": 294, "OMedia": 105, "OTotal": 906, "Aceleracio": 0, "DANE12_EST": "111001034134", "Educacion_": 140 }, "geometry": { "type": "Point", "coordinates": [ -74.114740000216813, 4.580680000011272 ] } },
{ "type": "Feature", "properties": { "NOMBRE_EST": "COLEGIO JOSE MARTI (IED)", "GENERO": 5, "COD_LOCA": "18", "CLASE_TIPO": 1, "FECHA": "2025-03-31T00:00:00", "OPreescola": 93, "OPrimaria": 0, "OSecundari": 420, "OMedia": 140, "OTotal": 653, "Aceleracio": 0, "DANE12_EST": "111001036765", "Educacion_": 0 }, "geometry": { "type": "Point", "coordinates": [ -74.110070000414481, 4.573009999660377 ] } },
{ "type": "Feature", "properties": { "NOMBRE_EST": "COLEGIO JOSE MARTI (IED)", "GENERO": 5, "COD_LOCA": "18", "CLASE_TIPO": 1, "FECHA": "2025-03-31T00:00:00", "OPreescola": 100, "OPrimaria": 318, "OSecundari": 0, "OMedia": 0, "OTotal": 418, "Aceleracio": 0, "DANE12_EST": "111001036765", "Educacion_": 0 }, "geometry": { "type": "Point", "coordinates": [ -74.112859999701996, 4.574379999657194 ] } },
{ "type": "Feature", "properties": { "NOMBRE_EST": "COLEGIO JOSE MARTI (IED)", "GENERO": 5, "COD_LOCA": "18", "CLASE_TIPO": 1, "FECHA": "2025-03-31T00:00:00", "OPreescola": 125, "OPrimaria": 560, "OSecundari": 0, "OMedia": 0, "OTotal": 685, "Aceleracio": 0, "DANE12_EST": "111001036765", "Educacion_": 0 }, "geometry": { "type": "Point", "coordinates": [ -74.116090000103881, 4.571559999574447 ] } },
{ "type": "Feature", "properties": { "NOMBRE_EST": "COLEGIO JOSE MARTI (IED)", "GENERO": 5, "COD_LOCA": "18", "CLASE_TIPO": 1, "FECHA": "2025-03-31T00:00:00", "OPreescola": 45, "OPrimaria": 245, "OSecundari": 0, "OMedia": 0, "OTotal": 290, "Aceleracio": 0, "DANE12_EST": "111001036765", "Educacion_": 0 }, "geometry": { "type": "Point", "coordinates": [ -74.109430000181902, 4.568189999695523 ] } },
{ "type": "Feature", "properties": { "NOMBRE_EST": "COLEGIO JOSE MARTI (IED)", "GENERO": 5, "COD_LOCA": "18", "CLASE_TIPO": 1, "FECHA": "2025-03-31T00:00:00", "OPreescola": 0, "OPrimaria": 0, "OSecundari": 0, "OMedia": 0, "OTotal": 150, "Aceleracio": 150, "DANE12_EST": "111001036765", "Educacion_": 0 }, "geometry": { "type": "Point", "coordinates": [ -74.116029999829436, 4.57441000004611 ] } },
{ "type": "Feature", "properties": { "NOMBRE_EST": "COLEGIO DIANA TURBAY (IED)", "GENERO": 5, "COD_LOCA": "18", "CLASE_TIPO": 1, "FECHA": "2025-03-31T00:00:00", "OPreescola": 363, "OPrimaria": 384, "OSecundari": 457, "OMedia": 196, "OTotal": 1630, "Aceleracio": 50, "DANE12_EST": "111001041611", "Educacion_": 180 }, "geometry": { "type": "Point", "coordinates": [ -74.110099999653386, 4.547550000044092 ] } },
{ "type": "Feature", "properties": { "NOMBRE_EST": "COLEGIO DIANA TURBAY (IED)", "GENERO": 5, "COD_LOCA": "18", "CLASE_TIPO": 1, "FECHA": "2025-03-31T00:00:00", "OPreescola": 0, "OPrimaria": 229, "OSecundari": 0, "OMedia": 0, "OTotal": 229, "Aceleracio": 0, "DANE12_EST": "111001041611", "Educacion_": 0 }, "geometry": { "type": "Point", "coordinates": [ -74.107660000170242, 4.545370000131657 ] } },
{ "type": "Feature", "properties": { "NOMBRE_EST": "COLEGIO MARRUECOS Y MOLINOS (IED)", "GENERO": 5, "COD_LOCA": "18", "CLASE_TIPO": 1, "FECHA": "2025-03-31T00:00:00", "OPreescola": 268, "OPrimaria": 1051, "OSecundari": 1358, "OMedia": 560, "OTotal": 3839, "Aceleracio": 0, "DANE12_EST": "111001076376", "Educacion_": 602 }, "geometry": { "type": "Point", "coordinates": [ -74.117959999674639, 4.55526000033972 ] } },
{ "type": "Feature", "properties": { "NOMBRE_EST": "COLEGIO LA PAZ (IED)", "GENERO": 5, "COD_LOCA": "18", "CLASE_TIPO": 1, "FECHA": "2025-03-31T00:00:00", "OPreescola": 120, "OPrimaria": 212, "OSecundari": 0, "OMedia": 0, "OTotal": 332, "Aceleracio": 0, "DANE12_EST": "111001078930", "Educacion_": 0 }, "geometry": { "type": "Point", "coordinates": [ -74.116759999575393, 4.543580000288952 ] } },
{ "type": "Feature", "properties": { "NOMBRE_EST": "COLEGIO LA PAZ (IED)", "GENERO": 5, "COD_LOCA": "18", "CLASE_TIPO": 1, "FECHA": "2025-03-31T00:00:00", "OPreescola": 0, "OPrimaria": 315, "OSecundari": 455, "OMedia": 70, "OTotal": 955, "Aceleracio": 115, "DANE12_EST": "111001078930", "Educacion_": 0 }, "geometry": { "type": "Point", "coordinates": [ -74.113370000238248, 4.544560000328182 ] } },
{ "type": "Feature", "properties": { "NOMBRE_EST": "COLEGIO SANTA LUCIA (IED)", "GENERO": 5, "COD_LOCA": "18", "CLASE_TIPO": 2, "FECHA": "2025-03-31T00:00:00", "OPreescola": 50, "OPrimaria": 369, "OSecundari": 459, "OMedia": 232, "OTotal": 1110, "Aceleracio": 0, "DANE12_EST": "111001098965", "Educacion_": 0 }, "geometry": { "type": "Point", "coordinates": [ -74.117300000248875, 4.573969999887161 ] } },
{ "type": "Feature", "properties": { "NOMBRE_EST": "COLEGIO COLOMBIA VIVA (IED)", "GENERO": 5, "COD_LOCA": "18", "CLASE_TIPO": 1, "FECHA": "2025-03-31T00:00:00", "OPreescola": 235, "OPrimaria": 660, "OSecundari": 620, "OMedia": 221, "OTotal": 1736, "Aceleracio": 0, "DANE12_EST": "111001102091", "Educacion_": 0 }, "geometry": { "type": "Point", "coordinates": [ -74.107660000170242, 4.553500000376072 ] } },
{ "type": "Feature", "properties": { "NOMBRE_EST": "COLEGIO MARIA CANO (IED)", "GENERO": 5, "COD_LOCA": "18", "CLASE_TIPO": 1, "FECHA": "2025-03-31T00:00:00", "OPreescola": 206, "OPrimaria": 630, "OSecundari": 720, "OMedia": 234, "OTotal": 1790, "Aceleracio": 0, "DANE12_EST": "111001107794", "Educacion_": 0 }, "geometry": { "type": "Point", "coordinates": [ -74.115480000008517, 4.559260000272605 ] } },
{ "type": "Feature", "properties": { "NOMBRE_EST": "COLEGIO REPUBLICA DE MEXICO (IED)", "GENERO": 5, "COD_LOCA": "19", "CLASE_TIPO": 1, "FECHA": "2025-03-31T00:00:00", "OPreescola": 150, "OPrimaria": 700, "OSecundari": 840, "OMedia": 440, "OTotal": 2557, "Aceleracio": 427, "DANE12_EST": "111001014486", "Educacion_": 0 }, "geometry": { "type": "Point", "coordinates": [ -74.136489999994438, 4.555249999644878 ] } },
{ "type": "Feature", "properties": { "NOMBRE_EST": "COLEGIO RAFAEL URIBE URIBE (IED)", "GENERO": 5, "COD_LOCA": "19", "CLASE_TIPO": 1, "FECHA": "2025-03-31T00:00:00", "OPreescola": 107, "OPrimaria": 697, "OSecundari": 640, "OMedia": 320, "OTotal": 1764, "Aceleracio": 0, "DANE12_EST": "111001014524", "Educacion_": 0 }, "geometry": { "type": "Point", "coordinates": [ -74.1483000001178, 4.547209999563557 ] } },
{ "type": "Feature", "properties": { "NOMBRE_EST": "COLEGIO ISMAEL PERDOMO (IED)", "GENERO": 5, "COD_LOCA": "19", "CLASE_TIPO": 1, "FECHA": "2025-03-31T00:00:00", "OPreescola": 218, "OPrimaria": 918, "OSecundari": 846, "OMedia": 344, "OTotal": 2640, "Aceleracio": 0, "DANE12_EST": "111001020320", "Educacion_": 314 }, "geometry": { "type": "Point", "coordinates": [ -74.165109999756353, 4.587260000224556 ] } },
{ "type": "Feature", "properties": { "NOMBRE_EST": "COLEGIO LEON DE GREIFF (IED)", "GENERO": 5, "COD_LOCA": "19", "CLASE_TIPO": 1, "FECHA": "2025-03-31T00:00:00", "OPreescola": 340, "OPrimaria": 770, "OSecundari": 529, "OMedia": 210, "OTotal": 2169, "Aceleracio": 0, "DANE12_EST": "111001027251", "Educacion_": 320 }, "geometry": { "type": "Point", "coordinates": [ -74.138480000114114, 4.551040000121741 ] } },
{ "type": "Feature", "properties": { "NOMBRE_EST": "COLEGIO CIUDAD DE MONTREAL (IED)", "GENERO": 5, "COD_LOCA": "19", "CLASE_TIPO": 1, "FECHA": "2025-03-31T00:00:00", "OPreescola": 116, "OPrimaria": 409, "OSecundari": 309, "OMedia": 74, "OTotal": 908, "Aceleracio": 0, "DANE12_EST": "111001028266", "Educacion_": 0 }, "geometry": { "type": "Point", "coordinates": [ -74.138130000309758, 4.553389999619739 ] } },
{ "type": "Feature", "properties": { "NOMBRE_EST": "COLEGIO SANTA BARBARA (IED)", "GENERO": 5, "COD_LOCA": "19", "CLASE_TIPO": 1, "FECHA": "2025-03-31T00:00:00", "OPreescola": 70, "OPrimaria": 131, "OSecundari": 384, "OMedia": 129, "OTotal": 714, "Aceleracio": 0, "DANE12_EST": "111001030821", "Educacion_": 0 }, "geometry": { "type": "Point", "coordinates": [ -74.142919999762668, 4.552610000286659 ] } },
{ "type": "Feature", "properties": { "NOMBRE_EST": "COLEGIO SANTA BARBARA (IED)", "GENERO": 5, "COD_LOCA": "19", "CLASE_TIPO": 1, "FECHA": "2025-03-31T00:00:00", "OPreescola": 125, "OPrimaria": 445, "OSecundari": 0, "OMedia": 0, "OTotal": 570, "Aceleracio": 0, "DANE12_EST": "111001030821", "Educacion_": 0 }, "geometry": { "type": "Point", "coordinates": [ -74.147819999718777, 4.555220000245927 ] } },
{ "type": "Feature", "properties": { "NOMBRE_EST": "COLEGIO UNION EUROPEA (IED)", "GENERO": 5, "COD_LOCA": "19", "CLASE_TIPO": 1, "FECHA": "2025-03-31T00:00:00", "OPreescola": 175, "OPrimaria": 735, "OSecundari": 800, "OMedia": 320, "OTotal": 2030, "Aceleracio": 0, "DANE12_EST": "111001030830", "Educacion_": 0 }, "geometry": { "type": "Point", "coordinates": [ -74.141620000104311, 4.555840000106704 ] } },
{ "type": "Feature", "properties": { "NOMBRE_EST": "COLEGIO UNION EUROPEA (IED)", "GENERO": 5, "COD_LOCA": "19", "CLASE_TIPO": 1, "FECHA": "2025-03-31T00:00:00", "OPreescola": 100, "OPrimaria": 280, "OSecundari": 0, "OMedia": 0, "OTotal": 380, "Aceleracio": 0, "DANE12_EST": "111001030830", "Educacion_": 0 }, "geometry": { "type": "Point", "coordinates": [ -74.137059999906839, 4.550139999806237 ] } },
{ "type": "Feature", "properties": { "NOMBRE_EST": "COLEGIO ARBORIZADORA BAJA (IED)", "GENERO": 5, "COD_LOCA": "19", "CLASE_TIPO": 1, "FECHA": "2025-03-31T00:00:00", "OPreescola": 142, "OPrimaria": 912, "OSecundari": 923, "OMedia": 352, "OTotal": 2404, "Aceleracio": 75, "DANE12_EST": "111001030848", "Educacion_": 0 }, "geometry": { "type": "Point", "coordinates": [ -74.152529999704072, 4.574849999934714 ] } },
{ "type": "Feature", "properties": { "NOMBRE_EST": "COLEGIO EL TESORO DE LA CUMBRE (IED)", "GENERO": 5, "COD_LOCA": "19", "CLASE_TIPO": 1, "FECHA": "2025-03-31T00:00:00", "OPreescola": 48, "OPrimaria": 222, "OSecundari": 0, "OMedia": 0, "OTotal": 430, "Aceleracio": 160, "DANE12_EST": "111001033928", "Educacion_": 0 }, "geometry": { "type": "Point", "coordinates": [ -74.149039999909505, 4.538909999563521 ] } },
{ "type": "Feature", "properties": { "NOMBRE_EST": "COLEGIO EL TESORO DE LA CUMBRE (IED)", "GENERO": 5, "COD_LOCA": "19", "CLASE_TIPO": 1, "FECHA": "2025-03-31T00:00:00", "OPreescola": 125, "OPrimaria": 0, "OSecundari": 0, "OMedia": 0, "OTotal": 125, "Aceleracio": 0, "DANE12_EST": "111001033928", "Educacion_": 0 }, "geometry": { "type": "Point", "coordinates": [ -74.136449999811475, 4.560269999640997 ] } },
{ "type": "Feature", "properties": { "NOMBRE_EST": "COLEGIO EL TESORO DE LA CUMBRE (IED)", "GENERO": 5, "COD_LOCA": "19", "CLASE_TIPO": 1, "FECHA": "2025-03-31T00:00:00", "OPreescola": 100, "OPrimaria": 700, "OSecundari": 700, "OMedia": 247, "OTotal": 1747, "Aceleracio": 0, "DANE12_EST": "111001033928", "Educacion_": 0 }, "geometry": { "type": "Point", "coordinates": [ -74.149260000017534, 4.534969999963321 ] } },
{ "type": "Feature", "properties": { "NOMBRE_EST": "COLEGIO NICOLAS GOMEZ DAVILA (IED)", "GENERO": 5, "COD_LOCA": "19", "CLASE_TIPO": 1, "FECHA": "2025-03-31T00:00:00", "OPreescola": 172, "OPrimaria": 642, "OSecundari": 1040, "OMedia": 405, "OTotal": 2259, "Aceleracio": 0, "DANE12_EST": "111001034240", "Educacion_": 0 }, "geometry": { "type": "Point", "coordinates": [ -74.149120000275431, 4.563600000379921 ] } },
{ "type": "Feature", "properties": { "NOMBRE_EST": "COLEGIO NICOLAS GOMEZ DAVILA (IED)", "GENERO": 5, "COD_LOCA": "19", "CLASE_TIPO": 1, "FECHA": "2025-03-31T00:00:00", "OPreescola": 100, "OPrimaria": 423, "OSecundari": 0, "OMedia": 0, "OTotal": 523, "Aceleracio": 0, "DANE12_EST": "111001034240", "Educacion_": 0 }, "geometry": { "type": "Point", "coordinates": [ -74.156709999959944, 4.565240000283945 ] } },
{ "type": "Feature", "properties": { "NOMBRE_EST": "COLEGIO COMPARTIR RECUERDO (IED)", "GENERO": 5, "COD_LOCA": "19", "CLASE_TIPO": 1, "FECHA": "2025-03-31T00:00:00", "OPreescola": 210, "OPrimaria": 581, "OSecundari": 426, "OMedia": 150, "OTotal": 1367, "Aceleracio": 0, "DANE12_EST": "111001034754", "Educacion_": 0 }, "geometry": { "type": "Point", "coordinates": [ -74.145620000435144, 4.549090000105656 ] } },
{ "type": "Feature", "properties": { "NOMBRE_EST": "COLEGIO COMPARTIR RECUERDO (IED)", "GENERO": 5, "COD_LOCA": "19", "CLASE_TIPO": 1, "FECHA": "2025-03-31T00:00:00", "OPreescola": 150, "OPrimaria": 354, "OSecundari": 0, "OMedia": 0, "OTotal": 504, "Aceleracio": 0, "DANE12_EST": "111001034754", "Educacion_": 0 }, "geometry": { "type": "Point", "coordinates": [ -74.143620000269721, 4.553210000055335 ] } },
{ "type": "Feature", "properties": { "NOMBRE_EST": "COLEGIO ACACIA II (IED)", "GENERO": 5, "COD_LOCA": "19", "CLASE_TIPO": 1, "FECHA": "2025-03-31T00:00:00", "OPreescola": 292, "OPrimaria": 661, "OSecundari": 959, "OMedia": 480, "OTotal": 2392, "Aceleracio": 0, "DANE12_EST": "111001035572", "Educacion_": 0 }, "geometry": { "type": "Point", "coordinates": [ -74.142349999850268, 4.560689999802598 ] } },
{ "type": "Feature", "properties": { "NOMBRE_EST": "COLEGIO ACACIA II (IED)", "GENERO": 5, "COD_LOCA": "19", "CLASE_TIPO": 1, "FECHA": "2025-03-31T00:00:00", "OPreescola": 150, "OPrimaria": 420, "OSecundari": 0, "OMedia": 0, "OTotal": 570, "Aceleracio": 0, "DANE12_EST": "111001035572", "Educacion_": 0 }, "geometry": { "type": "Point", "coordinates": [ -74.144249999558269, 4.559349999750832 ] } },
{ "type": "Feature", "properties": { "NOMBRE_EST": "COLEGIO JOSE JAIME ROJAS (IED)", "GENERO": 5, "COD_LOCA": "19", "CLASE_TIPO": 1, "FECHA": "2025-03-31T00:00:00", "OPreescola": 218, "OPrimaria": 528, "OSecundari": 425, "OMedia": 160, "OTotal": 1331, "Aceleracio": 0, "DANE12_EST": "111001036561", "Educacion_": 0 }, "geometry": { "type": "Point", "coordinates": [ -74.150949999663226, 4.540019999832281 ] } },
{ "type": "Feature", "properties": { "NOMBRE_EST": "COLEGIO RODRIGO LARA BONILLA (IED)", "GENERO": 5, "COD_LOCA": "19", "CLASE_TIPO": 1, "FECHA": "2025-03-31T00:00:00", "OPreescola": 55, "OPrimaria": 771, "OSecundari": 1041, "OMedia": 384, "OTotal": 2798, "Aceleracio": 0, "DANE12_EST": "111001036781", "Educacion_": 547 }, "geometry": { "type": "Point", "coordinates": [ -74.154079999607674, 4.573300000041749 ] } },
{ "type": "Feature", "properties": { "NOMBRE_EST": "COLEGIO RODRIGO LARA BONILLA (IED)", "GENERO": 5, "COD_LOCA": "19", "CLASE_TIPO": 1, "FECHA": "2025-03-31T00:00:00", "OPreescola": 260, "OPrimaria": 561, "OSecundari": 0, "OMedia": 0, "OTotal": 821, "Aceleracio": 0, "DANE12_EST": "111001036781", "Educacion_": 0 }, "geometry": { "type": "Point", "coordinates": [ -74.134719999982806, 4.555080000347806 ] } },
{ "type": "Feature", "properties": { "NOMBRE_EST": "COLEGIO RODRIGO LARA BONILLA (IED)", "GENERO": 5, "COD_LOCA": "19", "CLASE_TIPO": 1, "FECHA": "2025-03-31T00:00:00", "OPreescola": 182, "OPrimaria": 0, "OSecundari": 0, "OMedia": 0, "OTotal": 182, "Aceleracio": 0, "DANE12_EST": "111001036781", "Educacion_": 0 }, "geometry": { "type": "Point", "coordinates": [ -74.15503000036, 4.578319999979601 ] } },
{ "type": "Feature", "properties": { "NOMBRE_EST": "COLEGIO TECNICO CEDID GUILLERMO CANO ISAZA (IED)", "GENERO": 5, "COD_LOCA": "19", "CLASE_TIPO": 1, "FECHA": "2025-03-31T00:00:00", "OPreescola": 150, "OPrimaria": 1050, "OSecundari": 960, "OMedia": 416, "OTotal": 3204, "Aceleracio": 0, "DANE12_EST": "111001044385", "Educacion_": 628 }, "geometry": { "type": "Point", "coordinates": [ -74.13543999968303, 4.557519999786561 ] } },
{ "type": "Feature", "properties": { "NOMBRE_EST": "COLEGIO EL PARAISO DE MANUELA BELTRAN (IED)", "GENERO": 5, "COD_LOCA": "19", "CLASE_TIPO": 1, "FECHA": "2025-03-31T00:00:00", "OPreescola": 244, "OPrimaria": 525, "OSecundari": 417, "OMedia": 142, "OTotal": 1328, "Aceleracio": 0, "DANE12_EST": "111001045730", "Educacion_": 0 }, "geometry": { "type": "Point", "coordinates": [ -74.158120000121485, 4.572410000320396 ] } },
{ "type": "Feature", "properties": { "NOMBRE_EST": "COLEGIO EL PARAISO DE MANUELA BELTRAN (IED)", "GENERO": 5, "COD_LOCA": "19", "CLASE_TIPO": 1, "FECHA": "2025-03-31T00:00:00", "OPreescola": 182, "OPrimaria": 492, "OSecundari": 324, "OMedia": 115, "OTotal": 1163, "Aceleracio": 50, "DANE12_EST": "111001045730", "Educacion_": 0 }, "geometry": { "type": "Point", "coordinates": [ -74.161250000065934, 4.571570000042104 ] } },
{ "type": "Feature", "properties": { "NOMBRE_EST": "COLEGIO VILLAMAR (IED)", "GENERO": 5, "COD_LOCA": "19", "CLASE_TIPO": 1, "FECHA": "2025-03-31T00:00:00", "OPreescola": 0, "OPrimaria": 157, "OSecundari": 211, "OMedia": 0, "OTotal": 368, "Aceleracio": 0, "DANE12_EST": "111001046663", "Educacion_": 0 }, "geometry": { "type": "Point", "coordinates": [ -74.15268000039022, 4.553470000008638 ] } },
{ "type": "Feature", "properties": { "NOMBRE_EST": "COLEGIO VILLAMAR (IED)", "GENERO": 5, "COD_LOCA": "19", "CLASE_TIPO": 1, "FECHA": "2025-03-31T00:00:00", "OPreescola": 112, "OPrimaria": 123, "OSecundari": 0, "OMedia": 0, "OTotal": 235, "Aceleracio": 0, "DANE12_EST": "111001046663", "Educacion_": 0 }, "geometry": { "type": "Point", "coordinates": [ -74.15034999961361, 4.557819999923889 ] } },
{ "type": "Feature", "properties": { "NOMBRE_EST": "COLEGIO LA ARABIA (IED)", "GENERO": 5, "COD_LOCA": "19", "CLASE_TIPO": 1, "FECHA": "2025-03-31T00:00:00", "OPreescola": 195, "OPrimaria": 525, "OSecundari": 350, "OMedia": 0, "OTotal": 1145, "Aceleracio": 75, "DANE12_EST": "111001047457", "Educacion_": 0 }, "geometry": { "type": "Point", "coordinates": [ -74.147239999760629, 4.533819999605075 ] } },
{ "type": "Feature", "properties": { "NOMBRE_EST": "COLEGIO ARBORIZADORA ALTA (IED)", "GENERO": 5, "COD_LOCA": "19", "CLASE_TIPO": 1, "FECHA": "2025-03-31T00:00:00", "OPreescola": 41, "OPrimaria": 840, "OSecundari": 961, "OMedia": 360, "OTotal": 2253, "Aceleracio": 51, "DANE12_EST": "111001047571", "Educacion_": 0 }, "geometry": { "type": "Point", "coordinates": [ -74.157340000146817, 4.569089999786788 ] } },
{ "type": "Feature", "properties": { "NOMBRE_EST": "COLEGIO ARBORIZADORA ALTA (IED)", "GENERO": 5, "COD_LOCA": "19", "CLASE_TIPO": 1, "FECHA": "2025-03-31T00:00:00", "OPreescola": 350, "OPrimaria": 210, "OSecundari": 0, "OMedia": 0, "OTotal": 560, "Aceleracio": 0, "DANE12_EST": "111001047571", "Educacion_": 0 }, "geometry": { "type": "Point", "coordinates": [ -74.162270000240127, 4.568990000130935 ] } },
{ "type": "Feature", "properties": { "NOMBRE_EST": "COLEGIO PARAISO MIRADOR (IED)", "GENERO": 5, "COD_LOCA": "19", "CLASE_TIPO": 1, "FECHA": "2025-03-31T00:00:00", "OPreescola": 188, "OPrimaria": 0, "OSecundari": 0, "OMedia": 0, "OTotal": 188, "Aceleracio": 0, "DANE12_EST": "111001047678", "Educacion_": 0 }, "geometry": { "type": "Point", "coordinates": [ -74.16223000005715, 4.55117000005443 ] } },
{ "type": "Feature", "properties": { "NOMBRE_EST": "COLEGIO PARAISO MIRADOR (IED)", "GENERO": 5, "COD_LOCA": "19", "CLASE_TIPO": 1, "FECHA": "2025-03-31T00:00:00", "OPreescola": 0, "OPrimaria": 1058, "OSecundari": 0, "OMedia": 0, "OTotal": 1158, "Aceleracio": 100, "DANE12_EST": "111001047678", "Educacion_": 0 }, "geometry": { "type": "Point", "coordinates": [ -74.15908000002122, 4.549559999922129 ] } },
{ "type": "Feature", "properties": { "NOMBRE_EST": "COLEGIO PARAISO MIRADOR (IED)", "GENERO": 5, "COD_LOCA": "19", "CLASE_TIPO": 1, "FECHA": "2025-03-31T00:00:00", "OPreescola": 0, "OPrimaria": 0, "OSecundari": 779, "OMedia": 296, "OTotal": 2362, "Aceleracio": 0, "DANE12_EST": "111001047678", "Educacion_": 1287 }, "geometry": { "type": "Point", "coordinates": [ -74.159110000158435, 4.552209999565938 ] } },
{ "type": "Feature", "properties": { "NOMBRE_EST": "COLEGIO MARIA MERCEDES CARRANZA (IED)", "GENERO": 5, "COD_LOCA": "19", "CLASE_TIPO": 1, "FECHA": "2025-03-31T00:00:00", "OPreescola": 237, "OPrimaria": 1194, "OSecundari": 1201, "OMedia": 516, "OTotal": 3148, "Aceleracio": 0, "DANE12_EST": "111001075329", "Educacion_": 0 }, "geometry": { "type": "Point", "coordinates": [ -74.163779999960767, 4.586450000254604 ] } },
{ "type": "Feature", "properties": { "NOMBRE_EST": "COLEGIO ESTRELLA DEL SUR (IED)", "GENERO": 5, "COD_LOCA": "19", "CLASE_TIPO": 1, "FECHA": "2025-03-31T00:00:00", "OPreescola": 160, "OPrimaria": 180, "OSecundari": 0, "OMedia": 0, "OTotal": 340, "Aceleracio": 0, "DANE12_EST": "111001075663", "Educacion_": 0 }, "geometry": { "type": "Point", "coordinates": [ -74.142420000170475, 4.544900000268112 ] } },
{ "type": "Feature", "properties": { "NOMBRE_EST": "COLEGIO ESTRELLA DEL SUR (IED)", "GENERO": 5, "COD_LOCA": "19", "CLASE_TIPO": 1, "FECHA": "2025-03-31T00:00:00", "OPreescola": 0, "OPrimaria": 350, "OSecundari": 200, "OMedia": 0, "OTotal": 675, "Aceleracio": 125, "DANE12_EST": "111001075663", "Educacion_": 0 }, "geometry": { "type": "Point", "coordinates": [ -74.144400000244389, 4.542259999684132 ] } },
{ "type": "Feature", "properties": { "NOMBRE_EST": "COLEGIO ESTRELLA DEL SUR (IED)", "GENERO": 5, "COD_LOCA": "19", "CLASE_TIPO": 1, "FECHA": "2025-03-31T00:00:00", "OPreescola": 230, "OPrimaria": 455, "OSecundari": 0, "OMedia": 0, "OTotal": 685, "Aceleracio": 0, "DANE12_EST": "111001075663", "Educacion_": 0 }, "geometry": { "type": "Point", "coordinates": [ -74.142610000141261, 4.543130000089624 ] } },
{ "type": "Feature", "properties": { "NOMBRE_EST": "COLEGIO ESTRELLA DEL SUR (IED)", "GENERO": 5, "COD_LOCA": "19", "CLASE_TIPO": 1, "FECHA": "2025-03-31T00:00:00", "OPreescola": 0, "OPrimaria": 0, "OSecundari": 520, "OMedia": 240, "OTotal": 760, "Aceleracio": 0, "DANE12_EST": "111001075663", "Educacion_": 0 }, "geometry": { "type": "Point", "coordinates": [ -74.145299999869678, 4.544289999892938 ] } },
{ "type": "Feature", "properties": { "NOMBRE_EST": "COLEGIO SOTAVENTO (IED)", "GENERO": 5, "COD_LOCA": "19", "CLASE_TIPO": 1, "FECHA": "2025-03-31T00:00:00", "OPreescola": 50, "OPrimaria": 526, "OSecundari": 313, "OMedia": 81, "OTotal": 970, "Aceleracio": 0, "DANE12_EST": "111001075752", "Educacion_": 0 }, "geometry": { "type": "Point", "coordinates": [ -74.137459999939921, 4.544570000276036 ] } },
{ "type": "Feature", "properties": { "NOMBRE_EST": "COLEGIO SAN FRANCISCO (IED)", "GENERO": 5, "COD_LOCA": "19", "CLASE_TIPO": 1, "FECHA": "2025-03-31T00:00:00", "OPreescola": 535, "OPrimaria": 315, "OSecundari": 1266, "OMedia": 475, "OTotal": 2641, "Aceleracio": 50, "DANE12_EST": "111001076937", "Educacion_": 0 }, "geometry": { "type": "Point", "coordinates": [ -74.146819999636065, 4.566020000233531 ] } },
{ "type": "Feature", "properties": { "NOMBRE_EST": "COLEGIO SAN FRANCISCO (IED)", "GENERO": 5, "COD_LOCA": "19", "CLASE_TIPO": 1, "FECHA": "2025-03-31T00:00:00", "OPreescola": 0, "OPrimaria": 841, "OSecundari": 0, "OMedia": 0, "OTotal": 841, "Aceleracio": 0, "DANE12_EST": "111001076937", "Educacion_": 0 }, "geometry": { "type": "Point", "coordinates": [ -74.148989999680779, 4.562970000359731 ] } },
{ "type": "Feature", "properties": { "NOMBRE_EST": "COLEGIO SAN FRANCISCO (IED)", "GENERO": 5, "COD_LOCA": "19", "CLASE_TIPO": 1, "FECHA": "2025-03-31T00:00:00", "OPreescola": 0, "OPrimaria": 239, "OSecundari": 0, "OMedia": 0, "OTotal": 331, "Aceleracio": 92, "DANE12_EST": "111001076937", "Educacion_": 0 }, "geometry": { "type": "Point", "coordinates": [ -74.149569999638928, 4.561810000226809 ] } },
{ "type": "Feature", "properties": { "NOMBRE_EST": "COLEGIO CONFEDERACION BRISAS DEL DIAMANTE (IED)", "GENERO": 5, "COD_LOCA": "19", "CLASE_TIPO": 1, "FECHA": "2025-03-31T00:00:00", "OPreescola": 85, "OPrimaria": 0, "OSecundari": 836, "OMedia": 266, "OTotal": 1312, "Aceleracio": 125, "DANE12_EST": "111001086584", "Educacion_": 0 }, "geometry": { "type": "Point", "coordinates": [ -74.147809999673044, 4.547610000375622 ] } },
{ "type": "Feature", "properties": { "NOMBRE_EST": "COLEGIO CONFEDERACION BRISAS DEL DIAMANTE (IED)", "GENERO": 5, "COD_LOCA": "19", "CLASE_TIPO": 1, "FECHA": "2025-03-31T00:00:00", "OPreescola": 140, "OPrimaria": 600, "OSecundari": 0, "OMedia": 0, "OTotal": 740, "Aceleracio": 0, "DANE12_EST": "111001086584", "Educacion_": 0 }, "geometry": { "type": "Point", "coordinates": [ -74.152969999920117, 4.550260000032721 ] } },
{ "type": "Feature", "properties": { "NOMBRE_EST": "COLEGIO CONFEDERACION BRISAS DEL DIAMANTE (IED)", "GENERO": 5, "COD_LOCA": "19", "CLASE_TIPO": 1, "FECHA": "2025-03-31T00:00:00", "OPreescola": 90, "OPrimaria": 420, "OSecundari": 0, "OMedia": 0, "OTotal": 510, "Aceleracio": 0, "DANE12_EST": "111001086584", "Educacion_": 0 }, "geometry": { "type": "Point", "coordinates": [ -74.153899999682622, 4.566859999850807 ] } },
{ "type": "Feature", "properties": { "NOMBRE_EST": "COLEGIO EL MINUTO DE BUENOS AIRES (IED)", "GENERO": 5, "COD_LOCA": "19", "CLASE_TIPO": 1, "FECHA": "2025-03-31T00:00:00", "OPreescola": 210, "OPrimaria": 300, "OSecundari": 0, "OMedia": 0, "OTotal": 510, "Aceleracio": 0, "DANE12_EST": "111001086762", "Educacion_": 0 }, "geometry": { "type": "Point", "coordinates": [ -74.139789999818206, 4.539389999768242 ] } },
{ "type": "Feature", "properties": { "NOMBRE_EST": "COLEGIO EL MINUTO DE BUENOS AIRES (IED)", "GENERO": 5, "COD_LOCA": "19", "CLASE_TIPO": 1, "FECHA": "2025-03-31T00:00:00", "OPreescola": 0, "OPrimaria": 120, "OSecundari": 440, "OMedia": 160, "OTotal": 720, "Aceleracio": 0, "DANE12_EST": "111001086762", "Educacion_": 0 }, "geometry": { "type": "Point", "coordinates": [ -74.142159999879482, 4.537089999656269 ] } },
{ "type": "Feature", "properties": { "NOMBRE_EST": "COLEGIO CEDID CIUDAD BOLIVAR (IED)", "GENERO": 5, "COD_LOCA": "19", "CLASE_TIPO": 1, "FECHA": "2025-03-31T00:00:00", "OPreescola": 498, "OPrimaria": 175, "OSecundari": 1591, "OMedia": 545, "OTotal": 3660, "Aceleracio": 0, "DANE12_EST": "111001086801", "Educacion_": 851 }, "geometry": { "type": "Point", "coordinates": [ -74.164709999723286, 4.577979999743227 ] } },
{ "type": "Feature", "properties": { "NOMBRE_EST": "COLEGIO CEDID CIUDAD BOLIVAR (IED)", "GENERO": 5, "COD_LOCA": "19", "CLASE_TIPO": 1, "FECHA": "2025-03-31T00:00:00", "OPreescola": 100, "OPrimaria": 708, "OSecundari": 0, "OMedia": 0, "OTotal": 808, "Aceleracio": 0, "DANE12_EST": "111001086801", "Educacion_": 0 }, "geometry": { "type": "Point", "coordinates": [ -74.16550999978945, 4.572020000345642 ] } },
{ "type": "Feature", "properties": { "NOMBRE_EST": "COLEGIO CEDID CIUDAD BOLIVAR (IED)", "GENERO": 5, "COD_LOCA": "19", "CLASE_TIPO": 1, "FECHA": "2025-03-31T00:00:00", "OPreescola": 41, "OPrimaria": 457, "OSecundari": 0, "OMedia": 0, "OTotal": 498, "Aceleracio": 0, "DANE12_EST": "111001086801", "Educacion_": 0 }, "geometry": { "type": "Point", "coordinates": [ -74.168750000237068, 4.581030000195232 ] } },
{ "type": "Feature", "properties": { "NOMBRE_EST": "COLEGIO CEDID CIUDAD BOLIVAR (IED)", "GENERO": 5, "COD_LOCA": "19", "CLASE_TIPO": 1, "FECHA": "2025-03-31T00:00:00", "OPreescola": 32, "OPrimaria": 279, "OSecundari": 0, "OMedia": 0, "OTotal": 311, "Aceleracio": 0, "DANE12_EST": "111001086801", "Educacion_": 0 }, "geometry": { "type": "Point", "coordinates": [ -74.163430000156396, 4.575630000171719 ] } },
{ "type": "Feature", "properties": { "NOMBRE_EST": "COLEGIO SIERRA MORENA (IED)", "GENERO": 5, "COD_LOCA": "19", "CLASE_TIPO": 1, "FECHA": "2025-03-31T00:00:00", "OPreescola": 225, "OPrimaria": 700, "OSecundari": 1413, "OMedia": 479, "OTotal": 3400, "Aceleracio": 0, "DANE12_EST": "111001086835", "Educacion_": 583 }, "geometry": { "type": "Point", "coordinates": [ -74.169580000440462, 4.57486000035644 ] } },
{ "type": "Feature", "properties": { "NOMBRE_EST": "COLEGIO SIERRA MORENA (IED)", "GENERO": 5, "COD_LOCA": "19", "CLASE_TIPO": 1, "FECHA": "2025-03-31T00:00:00", "OPreescola": 100, "OPrimaria": 700, "OSecundari": 0, "OMedia": 0, "OTotal": 840, "Aceleracio": 40, "DANE12_EST": "111001086835", "Educacion_": 0 }, "geometry": { "type": "Point", "coordinates": [ -74.18137999961975, 4.589259999608807 ] } },
{ "type": "Feature", "properties": { "NOMBRE_EST": "COLEGIO SIERRA MORENA (IED)", "GENERO": 5, "COD_LOCA": "19", "CLASE_TIPO": 1, "FECHA": "2025-03-31T00:00:00", "OPreescola": 100, "OPrimaria": 630, "OSecundari": 0, "OMedia": 0, "OTotal": 730, "Aceleracio": 0, "DANE12_EST": "111001086835", "Educacion_": 0 }, "geometry": { "type": "Point", "coordinates": [ -74.16956000034898, 4.570679999962747 ] } },
{ "type": "Feature", "properties": { "NOMBRE_EST": "COLEGIO SIERRA MORENA (IED)", "GENERO": 5, "COD_LOCA": "19", "CLASE_TIPO": 1, "FECHA": "2025-03-31T00:00:00", "OPreescola": 80, "OPrimaria": 361, "OSecundari": 0, "OMedia": 0, "OTotal": 481, "Aceleracio": 40, "DANE12_EST": "111001086835", "Educacion_": 0 }, "geometry": { "type": "Point", "coordinates": [ -74.170080000032655, 4.571610000120329 ] } },
{ "type": "Feature", "properties": { "NOMBRE_EST": "COLEGIO LA ESTANCIA - SAN ISIDRO LABRADOR (IED)", "GENERO": 5, "COD_LOCA": "19", "CLASE_TIPO": 1, "FECHA": "2025-03-31T00:00:00", "OPreescola": 60, "OPrimaria": 606, "OSecundari": 847, "OMedia": 370, "OTotal": 2011, "Aceleracio": 0, "DANE12_EST": "111001092410", "Educacion_": 128 }, "geometry": { "type": "Point", "coordinates": [ -74.176089999676321, 4.59269999991003 ] } },
{ "type": "Feature", "properties": { "NOMBRE_EST": "COLEGIO LA ESTANCIA - SAN ISIDRO LABRADOR (IED)", "GENERO": 5, "COD_LOCA": "19", "CLASE_TIPO": 1, "FECHA": "2025-03-31T00:00:00", "OPreescola": 150, "OPrimaria": 340, "OSecundari": 0, "OMedia": 0, "OTotal": 490, "Aceleracio": 0, "DANE12_EST": "111001092410", "Educacion_": 0 }, "geometry": { "type": "Point", "coordinates": [ -74.181920000293232, 4.591729999580485 ] } },
{ "type": "Feature", "properties": { "NOMBRE_EST": "COLEGIO CIUDAD BOLIVAR - ARGENTINA (IED)", "GENERO": 5, "COD_LOCA": "19", "CLASE_TIPO": 1, "FECHA": "2025-03-31T00:00:00", "OPreescola": 120, "OPrimaria": 770, "OSecundari": 680, "OMedia": 280, "OTotal": 1850, "Aceleracio": 0, "DANE12_EST": "111001096555", "Educacion_": 0 }, "geometry": { "type": "Point", "coordinates": [ -74.164949999922783, 4.578289999754557 ] } },
{ "type": "Feature", "properties": { "NOMBRE_EST": "COLEGIO CIUDAD BOLIVAR - ARGENTINA (IED)", "GENERO": 5, "COD_LOCA": "19", "CLASE_TIPO": 1, "FECHA": "2025-03-31T00:00:00", "OPreescola": 50, "OPrimaria": 360, "OSecundari": 0, "OMedia": 0, "OTotal": 410, "Aceleracio": 0, "DANE12_EST": "111001096555", "Educacion_": 0 }, "geometry": { "type": "Point", "coordinates": [ -74.162199999919935, 4.573320000032845 ] } },
{ "type": "Feature", "properties": { "NOMBRE_EST": "COLEGIO LA JOYA (IED)", "GENERO": 5, "COD_LOCA": "19", "CLASE_TIPO": 1, "FECHA": "2025-03-31T00:00:00", "OPreescola": 103, "OPrimaria": 350, "OSecundari": 360, "OMedia": 160, "OTotal": 973, "Aceleracio": 0, "DANE12_EST": "111001098973", "Educacion_": 0 }, "geometry": { "type": "Point", "coordinates": [ -74.145600000343634, 4.536739999561404 ] } },
{ "type": "Feature", "properties": { "NOMBRE_EST": "COLEGIO BUENAVISTA (IED)", "GENERO": 5, "COD_LOCA": "19", "CLASE_TIPO": 2, "FECHA": "2025-03-31T00:00:00", "OPreescola": 92, "OPrimaria": 502, "OSecundari": 427, "OMedia": 175, "OTotal": 1196, "Aceleracio": 0, "DANE12_EST": "111001100013", "Educacion_": 0 }, "geometry": { "type": "Point", "coordinates": [ -74.139330000409004, 4.540380000133628 ] } },
{ "type": "Feature", "properties": { "NOMBRE_EST": "COLEGIO GIMNASIO SABIO CALDAS (IED)", "GENERO": 5, "COD_LOCA": "19", "CLASE_TIPO": 2, "FECHA": "2025-03-31T00:00:00", "OPreescola": 75, "OPrimaria": 437, "OSecundari": 353, "OMedia": 143, "OTotal": 1008, "Aceleracio": 0, "DANE12_EST": "111001100021", "Educacion_": 0 }, "geometry": { "type": "Point", "coordinates": [ -74.163749999823537, 4.567940000215935 ] } },
{ "type": "Feature", "properties": { "NOMBRE_EST": "COLEGIO JOSE MARIA VARGAS VILA (IED)", "GENERO": 5, "COD_LOCA": "19", "CLASE_TIPO": 1, "FECHA": "2025-03-31T00:00:00", "OPreescola": 332, "OPrimaria": 1365, "OSecundari": 960, "OMedia": 440, "OTotal": 3272, "Aceleracio": 175, "DANE12_EST": "111001107115", "Educacion_": 0 }, "geometry": { "type": "Point", "coordinates": [ -74.161300000294659, 4.542340000413691 ] } },
{ "type": "Feature", "properties": { "NOMBRE_EST": "COLEGIO CUNDINAMARCA (IED)", "GENERO": 5, "COD_LOCA": "19", "CLASE_TIPO": 1, "FECHA": "2025-03-31T00:00:00", "OPreescola": 443, "OPrimaria": 1231, "OSecundari": 1281, "OMedia": 565, "OTotal": 3565, "Aceleracio": 45, "DANE12_EST": "111001107816", "Educacion_": 0 }, "geometry": { "type": "Point", "coordinates": [ -74.1382900001433, 4.561979999722767 ] } },
{ "type": "Feature", "properties": { "NOMBRE_EST": "COLEGIO ANTONIO GARCIA (IED)", "GENERO": 5, "COD_LOCA": "19", "CLASE_TIPO": 1, "FECHA": "2025-03-31T00:00:00", "OPreescola": 367, "OPrimaria": 1066, "OSecundari": 664, "OMedia": 403, "OTotal": 2655, "Aceleracio": 155, "DANE12_EST": "111001107859", "Educacion_": 0 }, "geometry": { "type": "Point", "coordinates": [ -74.139169999677108, 4.544349999600397 ] } },
{ "type": "Feature", "properties": { "NOMBRE_EST": "COLEGIO FANNY MIKEY (IED)", "GENERO": 5, "COD_LOCA": "19", "CLASE_TIPO": 1, "FECHA": "2025-03-31T00:00:00", "OPreescola": 243, "OPrimaria": 805, "OSecundari": 800, "OMedia": 240, "OTotal": 2088, "Aceleracio": 0, "DANE12_EST": "111001109304", "Educacion_": 0 }, "geometry": { "type": "Point", "coordinates": [ -74.152899999599938, 4.54950999963234 ] } },
{ "type": "Feature", "properties": { "NOMBRE_EST": "COLEGIO EL ENSUEÑO (IED)", "GENERO": 5, "COD_LOCA": "19", "CLASE_TIPO": 2, "FECHA": "2025-03-31T00:00:00", "OPreescola": 152, "OPrimaria": 416, "OSecundari": 334, "OMedia": 139, "OTotal": 1041, "Aceleracio": 0, "DANE12_EST": "111001800414", "Educacion_": 0 }, "geometry": { "type": "Point", "coordinates": [ -74.158960000370598, 4.583859999968531 ] } },
{ "type": "Feature", "properties": { "NOMBRE_EST": "COLEGIO ROGELIO SALMONA (IED)", "GENERO": 5, "COD_LOCA": "19", "CLASE_TIPO": 2, "FECHA": "2025-03-31T00:00:00", "OPreescola": 232, "OPrimaria": 648, "OSecundari": 477, "OMedia": 224, "OTotal": 1581, "Aceleracio": 0, "DANE12_EST": "111001800422", "Educacion_": 0 }, "geometry": { "type": "Point", "coordinates": [ -74.154980000131275, 4.587309999673012 ] } },
{ "type": "Feature", "properties": { "NOMBRE_EST": "COLEGIO ANGELA RESTREPO MORENO (IED)", "GENERO": 5, "COD_LOCA": "19", "CLASE_TIPO": 2, "FECHA": "2025-03-31T00:00:00", "OPreescola": 190, "OPrimaria": 417, "OSecundari": 331, "OMedia": 137, "OTotal": 1075, "Aceleracio": 0, "DANE12_EST": "111001800571", "Educacion_": 0 }, "geometry": { "type": "Point", "coordinates": [ -74.164279999552974, 4.582600000089387 ] } },
{ "type": "Feature", "properties": { "NOMBRE_EST": "COLEGIO EL NOGAL (IED)", "GENERO": 5, "COD_LOCA": "19", "CLASE_TIPO": 2, "FECHA": "2025-03-31T00:00:00", "OPreescola": 236, "OPrimaria": 419, "OSecundari": 325, "OMedia": 130, "OTotal": 1110, "Aceleracio": 0, "DANE12_EST": "111001800635", "Educacion_": 0 }, "geometry": { "type": "Point", "coordinates": [ -74.164600000118426, 4.576450000262257 ] } },
{ "type": "Feature", "properties": { "NOMBRE_EST": "COLEGIO MARIA CURREA MANRIQUE (IED)", "GENERO": 5, "COD_LOCA": "19", "CLASE_TIPO": 1, "FECHA": "2025-03-31T00:00:00", "OPreescola": 240, "OPrimaria": 600, "OSecundari": 561, "OMedia": 80, "OTotal": 1481, "Aceleracio": 0, "DANE12_EST": "111001801276", "Educacion_": 0 }, "geometry": { "type": "Point", "coordinates": [ -74.153099999616458, 4.581499999686705 ] } },
{ "type": "Feature", "properties": { "NOMBRE_EST": "COLEGIO AGUDELO RESTREPO (IED)", "GENERO": 5, "COD_LOCA": "19", "CLASE_TIPO": 1, "FECHA": "2025-03-31T00:00:00", "OPreescola": 146, "OPrimaria": 400, "OSecundari": 320, "OMedia": 160, "OTotal": 1051, "Aceleracio": 25, "DANE12_EST": "111001801314", "Educacion_": 0 }, "geometry": { "type": "Point", "coordinates": [ -74.162589999907254, 4.586429999735222 ] } },
{ "type": "Feature", "properties": { "NOMBRE_EST": "COLEGIO RURAL PASQUILLA (IED)", "GENERO": 5, "COD_LOCA": "19", "CLASE_TIPO": 1, "FECHA": "2025-03-31T00:00:00", "OPreescola": 42, "OPrimaria": 238, "OSecundari": 500, "OMedia": 138, "OTotal": 918, "Aceleracio": 0, "DANE12_EST": "211850001121", "Educacion_": 0 }, "geometry": { "type": "Point", "coordinates": [ -74.156740000097187, 4.444669999806203 ] } },
{ "type": "Feature", "properties": { "NOMBRE_EST": "COLEGIO RURAL PASQUILLA (IED)", "GENERO": 5, "COD_LOCA": "19", "CLASE_TIPO": 1, "FECHA": "2025-03-31T00:00:00", "OPreescola": 13, "OPrimaria": 56, "OSecundari": 0, "OMedia": 0, "OTotal": 69, "Aceleracio": 0, "DANE12_EST": "211850001121", "Educacion_": 0 }, "geometry": { "type": "Point", "coordinates": [ -74.152169999853953, 4.40702999978809 ] } },
{ "type": "Feature", "properties": { "NOMBRE_EST": "COLEGIO RURAL PASQUILLA (IED)", "GENERO": 5, "COD_LOCA": "19", "CLASE_TIPO": 1, "FECHA": "2025-03-31T00:00:00", "OPreescola": 7, "OPrimaria": 59, "OSecundari": 0, "OMedia": 0, "OTotal": 66, "Aceleracio": 0, "DANE12_EST": "211850001121", "Educacion_": 0 }, "geometry": { "type": "Point", "coordinates": [ -74.153190000028147, 4.428260000306083 ] } },
{ "type": "Feature", "properties": { "NOMBRE_EST": "COLEGIO RURAL QUIBA ALTA (IED)", "GENERO": 5, "COD_LOCA": "19", "CLASE_TIPO": 1, "FECHA": "2025-03-31T00:00:00", "OPreescola": 0, "OPrimaria": 0, "OSecundari": 435, "OMedia": 169, "OTotal": 604, "Aceleracio": 0, "DANE12_EST": "211850001171", "Educacion_": 0 }, "geometry": { "type": "Point", "coordinates": [ -74.164759999951983, 4.513810000423129 ] } },
{ "type": "Feature", "properties": { "NOMBRE_EST": "COLEGIO RURAL QUIBA ALTA (IED)", "GENERO": 5, "COD_LOCA": "19", "CLASE_TIPO": 1, "FECHA": "2025-03-31T00:00:00", "OPreescola": 302, "OPrimaria": 508, "OSecundari": 0, "OMedia": 0, "OTotal": 810, "Aceleracio": 0, "DANE12_EST": "211850001171", "Educacion_": 0 }, "geometry": { "type": "Point", "coordinates": [ -74.165970000096976, 4.527790000303938 ] } },
{ "type": "Feature", "properties": { "NOMBRE_EST": "COLEGIO MOCHUELO ALTO (CED)", "GENERO": 5, "COD_LOCA": "19", "CLASE_TIPO": 1, "FECHA": "2025-03-31T00:00:00", "OPreescola": 46, "OPrimaria": 295, "OSecundari": 0, "OMedia": 0, "OTotal": 380, "Aceleracio": 39, "DANE12_EST": "211850001180", "Educacion_": 0 }, "geometry": { "type": "Point", "coordinates": [ -74.148219999751845, 4.488760000109642 ] } },
{ "type": "Feature", "properties": { "NOMBRE_EST": "COLEGIO RURAL JOSE CELESTINO MUTIS (IED)", "GENERO": 5, "COD_LOCA": "19", "CLASE_TIPO": 1, "FECHA": "2025-03-31T00:00:00", "OPreescola": 313, "OPrimaria": 700, "OSecundari": 560, "OMedia": 280, "OTotal": 1853, "Aceleracio": 0, "DANE12_EST": "211850001317", "Educacion_": 0 }, "geometry": { "type": "Point", "coordinates": [ -74.151999999974649, 4.511000000305871 ] } },
{ "type": "Feature", "properties": { "NOMBRE_EST": "COLEGIO CANADA (IED)", "GENERO": 5, "COD_LOCA": "19", "CLASE_TIPO": 1, "FECHA": "2025-03-31T00:00:00", "OPreescola": 50, "OPrimaria": 349, "OSecundari": 280, "OMedia": 130, "OTotal": 809, "Aceleracio": 0, "DANE12_EST": "311001075034", "Educacion_": 0 }, "geometry": { "type": "Point", "coordinates": [ -74.154600000189689, 4.541210000143878 ] } },
{ "type": "Feature", "properties": { "NOMBRE_EST": "COLEGIO CAMPESTRE JAIME GARZON (IED)", "GENERO": 5, "COD_LOCA": "20", "CLASE_TIPO": 1, "FECHA": "2025-03-31T00:00:00", "OPreescola": 45, "OPrimaria": 100, "OSecundari": 100, "OMedia": 56, "OTotal": 366, "Aceleracio": 10, "DANE12_EST": "211001076346", "Educacion_": 55 }, "geometry": { "type": "Point", "coordinates": [ -74.171510000285679, 4.170969999896093 ] } },
{ "type": "Feature", "properties": { "NOMBRE_EST": "COLEGIO CAMPESTRE JAIME GARZON (IED)", "GENERO": 5, "COD_LOCA": "20", "CLASE_TIPO": 1, "FECHA": "2025-03-31T00:00:00", "OPreescola": 25, "OPrimaria": 40, "OSecundari": 0, "OMedia": 0, "OTotal": 65, "Aceleracio": 0, "DANE12_EST": "211001076346", "Educacion_": 0 }, "geometry": { "type": "Point", "coordinates": [ -74.139039999980767, 4.193530000259335 ] } },
{ "type": "Feature", "properties": { "NOMBRE_EST": "COLEGIO CAMPESTRE JAIME GARZON (IED)", "GENERO": 5, "COD_LOCA": "20", "CLASE_TIPO": 1, "FECHA": "2025-03-31T00:00:00", "OPreescola": 9, "OPrimaria": 20, "OSecundari": 0, "OMedia": 0, "OTotal": 29, "Aceleracio": 0, "DANE12_EST": "211001076346", "Educacion_": 0 }, "geometry": { "type": "Point", "coordinates": [ -74.156269999743898, 4.195879999802072 ] } },
{ "type": "Feature", "properties": { "NOMBRE_EST": "COLEGIO CAMPESTRE JAIME GARZON (IED)", "GENERO": 5, "COD_LOCA": "20", "CLASE_TIPO": 1, "FECHA": "2025-03-31T00:00:00", "OPreescola": 11, "OPrimaria": 20, "OSecundari": 0, "OMedia": 0, "OTotal": 31, "Aceleracio": 0, "DANE12_EST": "211001076346", "Educacion_": 0 }, "geometry": { "type": "Point", "coordinates": [ -74.143000000128609, 4.240000000056165 ] } },
{ "type": "Feature", "properties": { "NOMBRE_EST": "COLEGIO CAMPESTRE JAIME GARZON (IED)", "GENERO": 5, "COD_LOCA": "20", "CLASE_TIPO": 1, "FECHA": "2025-03-31T00:00:00", "OPreescola": 9, "OPrimaria": 20, "OSecundari": 0, "OMedia": 0, "OTotal": 29, "Aceleracio": 0, "DANE12_EST": "211001076346", "Educacion_": 0 }, "geometry": { "type": "Point", "coordinates": [ -74.129250000114311, 4.191600000217631 ] } },
{ "type": "Feature", "properties": { "NOMBRE_EST": "COLEGIO CAMPESTRE JAIME GARZON (IED)", "GENERO": 5, "COD_LOCA": "20", "CLASE_TIPO": 1, "FECHA": "2025-03-31T00:00:00", "OPreescola": 0, "OPrimaria": 15, "OSecundari": 45, "OMedia": 0, "OTotal": 103, "Aceleracio": 0, "DANE12_EST": "211001076346", "Educacion_": 43 }, "geometry": { "type": "Point", "coordinates": [ -74.145740000085723, 4.218170000267873 ] } },
{ "type": "Feature", "properties": { "NOMBRE_EST": "COLEGIO CAMPESTRE JAIME GARZON (IED)", "GENERO": 5, "COD_LOCA": "20", "CLASE_TIPO": 1, "FECHA": "2025-03-31T00:00:00", "OPreescola": 9, "OPrimaria": 20, "OSecundari": 0, "OMedia": 0, "OTotal": 29, "Aceleracio": 0, "DANE12_EST": "211001076346", "Educacion_": 0 }, "geometry": { "type": "Point", "coordinates": [ -74.187659999600157, 4.192639999810971 ] } },
{ "type": "Feature", "properties": { "NOMBRE_EST": "COLEGIO CAMPESTRE JAIME GARZON (IED)", "GENERO": 5, "COD_LOCA": "20", "CLASE_TIPO": 1, "FECHA": "2025-03-31T00:00:00", "OPreescola": 9, "OPrimaria": 25, "OSecundari": 0, "OMedia": 0, "OTotal": 34, "Aceleracio": 0, "DANE12_EST": "211001076346", "Educacion_": 0 }, "geometry": { "type": "Point", "coordinates": [ -74.180819999753098, 4.147400000028166 ] } },
{ "type": "Feature", "properties": { "NOMBRE_EST": "COLEGIO CAMPESTRE JAIME GARZON (IED)", "GENERO": 5, "COD_LOCA": "20", "CLASE_TIPO": 1, "FECHA": "2025-03-31T00:00:00", "OPreescola": 9, "OPrimaria": 25, "OSecundari": 0, "OMedia": 0, "OTotal": 34, "Aceleracio": 0, "DANE12_EST": "211001076346", "Educacion_": 0 }, "geometry": { "type": "Point", "coordinates": [ -74.147439999777163, 4.161230000083251 ] } },
{ "type": "Feature", "properties": { "NOMBRE_EST": "COLEGIO GIMNASIO DEL CAMPO JUAN DE LA CRUZ VARELA (IED)", "GENERO": 5, "COD_LOCA": "20", "CLASE_TIPO": 1, "FECHA": "2025-03-31T00:00:00", "OPreescola": 44, "OPrimaria": 93, "OSecundari": 169, "OMedia": 95, "OTotal": 460, "Aceleracio": 24, "DANE12_EST": "211850001473", "Educacion_": 35 }, "geometry": { "type": "Point", "coordinates": [ -74.363699999966229, 3.985619999865933 ] } },
{ "type": "Feature", "properties": { "NOMBRE_EST": "COLEGIO GIMNASIO DEL CAMPO JUAN DE LA CRUZ VARELA (IED)", "GENERO": 5, "COD_LOCA": "20", "CLASE_TIPO": 1, "FECHA": "2025-03-31T00:00:00", "OPreescola": 15, "OPrimaria": 48, "OSecundari": 80, "OMedia": 42, "OTotal": 185, "Aceleracio": 0, "DANE12_EST": "211850001473", "Educacion_": 0 }, "geometry": { "type": "Point", "coordinates": [ -74.335999999921086, 3.955000000402094 ] } },
{ "type": "Feature", "properties": { "NOMBRE_EST": "COLEGIO GIMNASIO DEL CAMPO JUAN DE LA CRUZ VARELA (IED)", "GENERO": 5, "COD_LOCA": "20", "CLASE_TIPO": 1, "FECHA": "2025-03-31T00:00:00", "OPreescola": 12, "OPrimaria": 17, "OSecundari": 0, "OMedia": 0, "OTotal": 29, "Aceleracio": 0, "DANE12_EST": "211850001473", "Educacion_": 0 }, "geometry": { "type": "Point", "coordinates": [ -74.350000000180643, 3.982999999644151 ] } },
{ "type": "Feature", "properties": { "NOMBRE_EST": "COLEGIO GIMNASIO DEL CAMPO JUAN DE LA CRUZ VARELA (IED)", "GENERO": 5, "COD_LOCA": "20", "CLASE_TIPO": 1, "FECHA": "2025-03-31T00:00:00", "OPreescola": 8, "OPrimaria": 16, "OSecundari": 0, "OMedia": 0, "OTotal": 24, "Aceleracio": 0, "DANE12_EST": "211850001473", "Educacion_": 0 }, "geometry": { "type": "Point", "coordinates": [ -74.326689999555342, 3.983769999832911 ] } },
{ "type": "Feature", "properties": { "NOMBRE_EST": "COLEGIO GIMNASIO DEL CAMPO JUAN DE LA CRUZ VARELA (IED)", "GENERO": 5, "COD_LOCA": "20", "CLASE_TIPO": 1, "FECHA": "2025-03-31T00:00:00", "OPreescola": 10, "OPrimaria": 32, "OSecundari": 0, "OMedia": 0, "OTotal": 42, "Aceleracio": 0, "DANE12_EST": "211850001473", "Educacion_": 0 }, "geometry": { "type": "Point", "coordinates": [ -74.358670000313808, 3.890759999657103 ] } },
{ "type": "Feature", "properties": { "NOMBRE_EST": "COLEGIO GIMNASIO DEL CAMPO JUAN DE LA CRUZ VARELA (IED)", "GENERO": 5, "COD_LOCA": "20", "CLASE_TIPO": 1, "FECHA": "2025-03-31T00:00:00", "OPreescola": 4, "OPrimaria": 19, "OSecundari": 0, "OMedia": 0, "OTotal": 23, "Aceleracio": 0, "DANE12_EST": "211850001473", "Educacion_": 0 }, "geometry": { "type": "Point", "coordinates": [ -74.349770000026879, 3.928229999598382 ] } },
{ "type": "Feature", "properties": { "NOMBRE_EST": "COLEGIO GIMNASIO DEL CAMPO JUAN DE LA CRUZ VARELA (IED)", "GENERO": 5, "COD_LOCA": "20", "CLASE_TIPO": 1, "FECHA": "2025-03-31T00:00:00", "OPreescola": 7, "OPrimaria": 20, "OSecundari": 0, "OMedia": 0, "OTotal": 27, "Aceleracio": 0, "DANE12_EST": "211850001473", "Educacion_": 0 }, "geometry": { "type": "Point", "coordinates": [ -74.393349999948086, 3.829530000061534 ] } },
{ "type": "Feature", "properties": { "NOMBRE_EST": "COLEGIO GIMNASIO DEL CAMPO JUAN DE LA CRUZ VARELA (IED)", "GENERO": 5, "COD_LOCA": "20", "CLASE_TIPO": 1, "FECHA": "2025-03-31T00:00:00", "OPreescola": 7, "OPrimaria": 16, "OSecundari": 0, "OMedia": 0, "OTotal": 23, "Aceleracio": 0, "DANE12_EST": "211850001473", "Educacion_": 0 }, "geometry": { "type": "Point", "coordinates": [ -74.305580000010309, 4.00076000000171 ] } },
{ "type": "Feature", "properties": { "NOMBRE_EST": "COLEGIO GIMNASIO DEL CAMPO JUAN DE LA CRUZ VARELA (IED)", "GENERO": 5, "COD_LOCA": "20", "CLASE_TIPO": 1, "FECHA": "2025-03-31T00:00:00", "OPreescola": 12, "OPrimaria": 46, "OSecundari": 57, "OMedia": 25, "OTotal": 148, "Aceleracio": 8, "DANE12_EST": "211850001473", "Educacion_": 0 }, "geometry": { "type": "Point", "coordinates": [ -74.300439999854689, 4.03028999977949 ] } },
{ "type": "Feature", "properties": { "NOMBRE_EST": "COLEGIO GIMNASIO DEL CAMPO JUAN DE LA CRUZ VARELA (IED)", "GENERO": 5, "COD_LOCA": "20", "CLASE_TIPO": 1, "FECHA": "2025-03-31T00:00:00", "OPreescola": 12, "OPrimaria": 29, "OSecundari": 0, "OMedia": 0, "OTotal": 41, "Aceleracio": 0, "DANE12_EST": "211850001473", "Educacion_": 0 }, "geometry": { "type": "Point", "coordinates": [ -74.313999999898215, 4.029000000071994 ] } },
{ "type": "Feature", "properties": { "NOMBRE_EST": "COLEGIO GIMNASIO DEL CAMPO JUAN DE LA CRUZ VARELA (IED)", "GENERO": 5, "COD_LOCA": "20", "CLASE_TIPO": 1, "FECHA": "2025-03-31T00:00:00", "OPreescola": 3, "OPrimaria": 6, "OSecundari": 0, "OMedia": 0, "OTotal": 9, "Aceleracio": 0, "DANE12_EST": "211850001473", "Educacion_": 0 }, "geometry": { "type": "Point", "coordinates": [ -74.326290000420585, 4.056890000102494 ] } },
{ "type": "Feature", "properties": { "NOMBRE_EST": "COLEGIO GIMNASIO DEL CAMPO JUAN DE LA CRUZ VARELA (IED)", "GENERO": 5, "COD_LOCA": "20", "CLASE_TIPO": 1, "FECHA": "2025-03-31T00:00:00", "OPreescola": 4, "OPrimaria": 9, "OSecundari": 0, "OMedia": 0, "OTotal": 13, "Aceleracio": 0, "DANE12_EST": "211850001473", "Educacion_": 0 }, "geometry": { "type": "Point", "coordinates": [ -74.328929999920277, 4.094179999902499 ] } },
{ "type": "Feature", "properties": { "NOMBRE_EST": "COLEGIO GIMNASIO DEL CAMPO JUAN DE LA CRUZ VARELA (IED)", "GENERO": 5, "COD_LOCA": "20", "CLASE_TIPO": 1, "FECHA": "2025-03-31T00:00:00", "OPreescola": 4, "OPrimaria": 7, "OSecundari": 0, "OMedia": 0, "OTotal": 11, "Aceleracio": 0, "DANE12_EST": "211850001473", "Educacion_": 0 }, "geometry": { "type": "Point", "coordinates": [ -74.34372000020025, 4.008720000336332 ] } },
{ "type": "Feature", "properties": { "NOMBRE_EST": "COLEGIO GIMNASIO DEL CAMPO JUAN DE LA CRUZ VARELA (IED)", "GENERO": 5, "COD_LOCA": "20", "CLASE_TIPO": 1, "FECHA": "2025-03-31T00:00:00", "OPreescola": 2, "OPrimaria": 8, "OSecundari": 0, "OMedia": 0, "OTotal": 10, "Aceleracio": 0, "DANE12_EST": "211850001473", "Educacion_": 0 }, "geometry": { "type": "Point", "coordinates": [ -74.350840000429784, 4.031630000288773 ] } }
]
}
